solid OpenSCAD_Model
  facet normal -1 0 0
    outer loop
      vertex -0.04 -0.0375 -0.004
      vertex -0.04 0.0374998 0.00399942
      vertex -0.04 0.0374998 -0.004
    endloop
  endfacet
  facet normal -1 -0 0
    outer loop
      vertex -0.04 0.0374998 0.00399942
      vertex -0.04 -0.0375 -0.004
      vertex -0.04 -0.0375 0.00399942
    endloop
  endfacet
  facet normal -0 0 1
    outer loop
      vertex 0.00282761 0.0196709 0.00399942
      vertex 0.0229997 0.0017313 0.00399942
      vertex 0.00346371 0.0204996 0.00399942
    endloop
  endfacet
  facet normal 0 0 1
    outer loop
      vertex 0.0219993 -5.72205e-07 0.00399942
      vertex 0.0038633 -0.0214649 0.00399942
      vertex 0.00399967 -0.0225006 0.00399942
    endloop
  endfacet
  facet normal -0 0 1
    outer loop
      vertex 0.00199982 0.0190357 0.00399942
      vertex 0.0229997 0.0017313 0.00399942
      vertex 0.00282761 0.0196709 0.00399942
    endloop
  endfacet
  facet normal 0 0 1
    outer loop
      vertex 0.0219993 -5.72205e-07 0.00399942
      vertex 0.00346371 -0.0205008 0.00399942
      vertex 0.0038633 -0.0214649 0.00399942
    endloop
  endfacet
  facet normal 0 0 1
    outer loop
      vertex 0.0229997 0.0017313 0.00399942
      vertex 0.00199982 0.0190357 0.00399942
      vertex 0.0219993 -5.72205e-07 0.00399942
    endloop
  endfacet
  facet normal 0 0 1
    outer loop
      vertex 0.0219993 -5.72205e-07 0.00399942
      vertex 0.00282761 -0.019672 0.00399942
      vertex 0.00346371 -0.0205008 0.00399942
    endloop
  endfacet
  facet normal -0 0 1
    outer loop
      vertex 0.0010347 0.0186361 0.00399942
      vertex 0.0219993 -5.72205e-07 0.00399942
      vertex 0.00199982 0.0190357 0.00399942
    endloop
  endfacet
  facet normal 0 0 1
    outer loop
      vertex 0.0219993 -5.72205e-07 0.00399942
      vertex 0.00199982 -0.0190359 0.00399942
      vertex 0.00282761 -0.019672 0.00399942
    endloop
  endfacet
  facet normal 0 0 1
    outer loop
      vertex 0.0010347 -0.0186363 0.00399942
      vertex 0.0219993 -5.72205e-07 0.00399942
      vertex 0.0010347 0.0186361 0.00399942
    endloop
  endfacet
  facet normal 0 0 1
    outer loop
      vertex 0.0219993 -5.72205e-07 0.00399942
      vertex 0.0010347 -0.0186363 0.00399942
      vertex 0.00199982 -0.0190359 0.00399942
    endloop
  endfacet
  facet normal -0 0 1
    outer loop
      vertex -3.8147e-08 0.0184998 0.00399942
      vertex 0.0010347 -0.0186363 0.00399942
      vertex 0.0010347 0.0186361 0.00399942
    endloop
  endfacet
  facet normal 0 0 1
    outer loop
      vertex -3.8147e-08 0.0184998 0.00399942
      vertex -3.8147e-08 -0.0185009 0.00399942
      vertex 0.0010347 -0.0186363 0.00399942
    endloop
  endfacet
  facet normal 0 0 1
    outer loop
      vertex -0.00103573 0.0186361 0.00399942
      vertex -3.8147e-08 -0.0185009 0.00399942
      vertex -3.8147e-08 0.0184998 0.00399942
    endloop
  endfacet
  facet normal 0 0 1
    outer loop
      vertex -0.00103573 0.0186361 0.00399942
      vertex -0.00103573 -0.0186363 0.00399942
      vertex -3.8147e-08 -0.0185009 0.00399942
    endloop
  endfacet
  facet normal 0 0 1
    outer loop
      vertex -0.0220004 -5.72205e-07 0.00399942
      vertex -0.00103573 0.0186361 0.00399942
      vertex -0.00200085 0.0190357 0.00399942
    endloop
  endfacet
  facet normal 0 0 1
    outer loop
      vertex -0.00103573 0.0186361 0.00399942
      vertex -0.0220004 -5.72205e-07 0.00399942
      vertex -0.00103573 -0.0186363 0.00399942
    endloop
  endfacet
  facet normal 0 0 1
    outer loop
      vertex -0.0230008 0.0017313 0.00399942
      vertex -0.00200085 0.0190357 0.00399942
      vertex -0.00282864 0.0196709 0.00399942
    endloop
  endfacet
  facet normal 0 0 1
    outer loop
      vertex -0.00103573 -0.0186363 0.00399942
      vertex -0.0220004 -5.72205e-07 0.00399942
      vertex -0.00200085 -0.0190359 0.00399942
    endloop
  endfacet
  facet normal 0 0 1
    outer loop
      vertex -0.0230008 0.0017313 0.00399942
      vertex -0.00282864 0.0196709 0.00399942
      vertex -0.00346474 0.0204996 0.00399942
    endloop
  endfacet
  facet normal -0 0 1
    outer loop
      vertex -0.0230008 -0.00173244 0.00399942
      vertex -0.00200085 -0.0190359 0.00399942
      vertex -0.0220004 -5.72205e-07 0.00399942
    endloop
  endfacet
  facet normal 0 0 1
    outer loop
      vertex -0.0230008 0.0017313 0.00399942
      vertex -0.00346474 0.0204996 0.00399942
      vertex -0.00386433 0.0214638 0.00399942
    endloop
  endfacet
  facet normal 0 0 1
    outer loop
      vertex -0.00200085 -0.0190359 0.00399942
      vertex -0.0230008 -0.00173244 0.00399942
      vertex -0.00282864 -0.019672 0.00399942
    endloop
  endfacet
  facet normal 0 0 1
    outer loop
      vertex -0.0230008 0.0017313 0.00399942
      vertex -0.00386433 0.0214638 0.00399942
      vertex -0.0040007 0.0224995 0.00399942
    endloop
  endfacet
  facet normal 0 0 1
    outer loop
      vertex -0.00282864 -0.019672 0.00399942
      vertex -0.0230008 -0.00173244 0.00399942
      vertex -0.00346474 -0.0205008 0.00399942
    endloop
  endfacet
  facet normal 0 0 1
    outer loop
      vertex 0.0399999 0.0374998 0.00399942
      vertex 0.026 -5.72205e-07 0.00399942
      vertex 0.0399999 -0.0375 0.00399942
    endloop
  endfacet
  facet normal 0 0 1
    outer loop
      vertex 0.0399999 0.0374998 0.00399942
      vertex 0.0249996 0.0017313 0.00399942
      vertex 0.026 -5.72205e-07 0.00399942
    endloop
  endfacet
  facet normal -0 0 1
    outer loop
      vertex 0.00399967 0.0224995 0.00399942
      vertex 0.0249996 0.0017313 0.00399942
      vertex 0.0399999 0.0374998 0.00399942
    endloop
  endfacet
  facet normal 0 0 1
    outer loop
      vertex 0.0249996 0.0017313 0.00399942
      vertex 0.00399967 0.0224995 0.00399942
      vertex 0.0229997 0.0017313 0.00399942
    endloop
  endfacet
  facet normal -0 0 1
    outer loop
      vertex 0.0038633 0.0214638 0.00399942
      vertex 0.0229997 0.0017313 0.00399942
      vertex 0.00399967 0.0224995 0.00399942
    endloop
  endfacet
  facet normal 0 0 1
    outer loop
      vertex 0.0399999 0.0374998 0.00399942
      vertex 0.0038633 0.0235352 0.00399942
      vertex 0.00399967 0.0224995 0.00399942
    endloop
  endfacet
  facet normal 0 0 1
    outer loop
      vertex 0.0399999 0.0374998 0.00399942
      vertex 0.00346371 0.0244993 0.00399942
      vertex 0.0038633 0.0235352 0.00399942
    endloop
  endfacet
  facet normal 0 0 1
    outer loop
      vertex 0.0399999 0.0374998 0.00399942
      vertex 0.00282761 0.0253281 0.00399942
      vertex 0.00346371 0.0244993 0.00399942
    endloop
  endfacet
  facet normal 0 0 1
    outer loop
      vertex 0.0399999 0.0374998 0.00399942
      vertex 0.00199982 0.0259632 0.00399942
      vertex 0.00282761 0.0253281 0.00399942
    endloop
  endfacet
  facet normal 0 0 1
    outer loop
      vertex 0.0399999 0.0374998 0.00399942
      vertex 0.0010347 0.0263628 0.00399942
      vertex 0.00199982 0.0259632 0.00399942
    endloop
  endfacet
  facet normal 0 0 1
    outer loop
      vertex 0.0399999 0.0374998 0.00399942
      vertex -3.8147e-08 0.0264992 0.00399942
      vertex 0.0010347 0.0263628 0.00399942
    endloop
  endfacet
  facet normal -0 0 1
    outer loop
      vertex -0.04 0.0374998 0.00399942
      vertex -3.8147e-08 0.0264992 0.00399942
      vertex 0.0399999 0.0374998 0.00399942
    endloop
  endfacet
  facet normal 0 0 1
    outer loop
      vertex -0.0240002 -0.0255066 0.00399942
      vertex -0.00346474 -0.0205008 0.00399942
      vertex -0.0230008 -0.00173244 0.00399942
    endloop
  endfacet
  facet normal 0 0 1
    outer loop
      vertex -0.04 0.0374998 0.00399942
      vertex -0.0040007 0.0224995 0.00399942
      vertex -0.00386433 0.0235352 0.00399942
    endloop
  endfacet
  facet normal 0 0 1
    outer loop
      vertex -0.00346474 -0.0205008 0.00399942
      vertex -0.0240002 -0.0255066 0.00399942
      vertex -0.00386433 -0.0214649 0.00399942
    endloop
  endfacet
  facet normal 0 0 1
    outer loop
      vertex -0.04 0.0374998 0.00399942
      vertex -0.00386433 0.0235352 0.00399942
      vertex -0.00346474 0.0244993 0.00399942
    endloop
  endfacet
  facet normal 0 0 1
    outer loop
      vertex -0.00200085 0.0190357 0.00399942
      vertex -0.0230008 0.0017313 0.00399942
      vertex -0.0220004 -5.72205e-07 0.00399942
    endloop
  endfacet
  facet normal 0 0 1
    outer loop
      vertex -0.04 0.0374998 0.00399942
      vertex -0.00346474 0.0244993 0.00399942
      vertex -0.00282864 0.0253281 0.00399942
    endloop
  endfacet
  facet normal 0 0 1
    outer loop
      vertex -0.0040007 0.0224995 0.00399942
      vertex -0.0250006 0.0017313 0.00399942
      vertex -0.0230008 0.0017313 0.00399942
    endloop
  endfacet
  facet normal 0 0 1
    outer loop
      vertex -0.0250006 0.0017313 0.00399942
      vertex -0.04 0.0374998 0.00399942
      vertex -0.0260001 -5.72205e-07 0.00399942
    endloop
  endfacet
  facet normal 0 0 1
    outer loop
      vertex -0.0040007 0.0224995 0.00399942
      vertex -0.04 0.0374998 0.00399942
      vertex -0.0250006 0.0017313 0.00399942
    endloop
  endfacet
  facet normal 0 0 1
    outer loop
      vertex -0.00200085 0.0259632 0.00399942
      vertex -0.04 0.0374998 0.00399942
      vertex -0.00282864 0.0253281 0.00399942
    endloop
  endfacet
  facet normal 0 0 1
    outer loop
      vertex -0.00103573 0.0263628 0.00399942
      vertex -0.04 0.0374998 0.00399942
      vertex -0.00200085 0.0259632 0.00399942
    endloop
  endfacet
  facet normal 0 0 1
    outer loop
      vertex -3.8147e-08 0.0264992 0.00399942
      vertex -0.04 0.0374998 0.00399942
      vertex -0.00103573 0.0263628 0.00399942
    endloop
  endfacet
  facet normal -0 0 1
    outer loop
      vertex 0.0249996 -0.00173244 0.00399942
      vertex 0.0399999 -0.0375 0.00399942
      vertex 0.026 -5.72205e-07 0.00399942
    endloop
  endfacet
  facet normal 0 0 1
    outer loop
      vertex 0.00399967 -0.0225006 0.00399942
      vertex 0.0249996 -0.00173244 0.00399942
      vertex 0.0229997 -0.00173244 0.00399942
    endloop
  endfacet
  facet normal 0 0 1
    outer loop
      vertex 0.00399967 -0.0225006 0.00399942
      vertex 0.0229997 -0.00173244 0.00399942
      vertex 0.0219993 -5.72205e-07 0.00399942
    endloop
  endfacet
  facet normal -0 0 1
    outer loop
      vertex 0.00346371 0.0204996 0.00399942
      vertex 0.0229997 0.0017313 0.00399942
      vertex 0.0038633 0.0214638 0.00399942
    endloop
  endfacet
  facet normal 0 0 1
    outer loop
      vertex 0.0249996 -0.00173244 0.00399942
      vertex 0.00399967 -0.0225006 0.00399942
      vertex 0.0399999 -0.0375 0.00399942
    endloop
  endfacet
  facet normal -0 0 1
    outer loop
      vertex 0.0038633 -0.0235353 0.00399942
      vertex 0.0399999 -0.0375 0.00399942
      vertex 0.00399967 -0.0225006 0.00399942
    endloop
  endfacet
  facet normal -0 0 1
    outer loop
      vertex 0.00346371 -0.0245005 0.00399942
      vertex 0.0399999 -0.0375 0.00399942
      vertex 0.0038633 -0.0235353 0.00399942
    endloop
  endfacet
  facet normal -0 0 1
    outer loop
      vertex 0.00282761 -0.0253292 0.00399942
      vertex 0.0399999 -0.0375 0.00399942
      vertex 0.00346371 -0.0245005 0.00399942
    endloop
  endfacet
  facet normal -0 0 1
    outer loop
      vertex 0.00199982 -0.0259644 0.00399942
      vertex 0.0399999 -0.0375 0.00399942
      vertex 0.00282761 -0.0253292 0.00399942
    endloop
  endfacet
  facet normal 0 0 1
    outer loop
      vertex -0.0120068 -0.0375 0.00399942
      vertex 0.00199982 -0.0259644 0.00399942
      vertex 0.0010347 -0.0263639 0.00399942
    endloop
  endfacet
  facet normal 0 0 1
    outer loop
      vertex -0.0120068 -0.0375 0.00399942
      vertex 0.0010347 -0.0263639 0.00399942
      vertex -3.8147e-08 -0.0265003 0.00399942
    endloop
  endfacet
  facet normal 0 0 1
    outer loop
      vertex -0.0120068 -0.0375 0.00399942
      vertex -3.8147e-08 -0.0265003 0.00399942
      vertex -0.00103573 -0.0263639 0.00399942
    endloop
  endfacet
  facet normal 0 0 1
    outer loop
      vertex 0.00199982 -0.0259644 0.00399942
      vertex -0.0120068 -0.0375 0.00399942
      vertex 0.0399999 -0.0375 0.00399942
    endloop
  endfacet
  facet normal 0 0 1
    outer loop
      vertex -0.00200085 -0.0259644 0.00399942
      vertex -0.0120068 -0.0375 0.00399942
      vertex -0.00103573 -0.0263639 0.00399942
    endloop
  endfacet
  facet normal 0 0 1
    outer loop
      vertex -0.00282864 -0.0253292 0.00399942
      vertex -0.0120068 -0.0375 0.00399942
      vertex -0.00200085 -0.0259644 0.00399942
    endloop
  endfacet
  facet normal 0 0 1
    outer loop
      vertex -0.00346474 -0.0245005 0.00399942
      vertex -0.0120068 -0.0375 0.00399942
      vertex -0.00282864 -0.0253292 0.00399942
    endloop
  endfacet
  facet normal 0 0 1
    outer loop
      vertex -0.00386433 -0.0235353 0.00399942
      vertex -0.0120068 -0.0375 0.00399942
      vertex -0.00346474 -0.0245005 0.00399942
    endloop
  endfacet
  facet normal 0 0 1
    outer loop
      vertex -0.0120068 -0.0375 0.00399942
      vertex -0.00386433 -0.0235353 0.00399942
      vertex -0.0040007 -0.0225006 0.00399942
    endloop
  endfacet
  facet normal 0 0 1
    outer loop
      vertex -0.00386433 -0.0214649 0.00399942
      vertex -0.0240002 -0.0255066 0.00399942
      vertex -0.0040007 -0.0225006 0.00399942
    endloop
  endfacet
  facet normal 0 0 1
    outer loop
      vertex -0.0040007 -0.0225006 0.00399942
      vertex -0.0240002 -0.0255066 0.00399942
      vertex -0.0120068 -0.0375 0.00399942
    endloop
  endfacet
  facet normal -0 0 1
    outer loop
      vertex -0.0250006 -0.00173244 0.00399942
      vertex -0.0240002 -0.0255066 0.00399942
      vertex -0.0230008 -0.00173244 0.00399942
    endloop
  endfacet
  facet normal 0 0 1
    outer loop
      vertex -0.04 -0.0375 0.00399942
      vertex -0.0240002 -0.0255066 0.00399942
      vertex -0.0250006 -0.00173244 0.00399942
    endloop
  endfacet
  facet normal 0 0 1
    outer loop
      vertex -0.04 -0.0375 0.00399942
      vertex -0.0250006 -0.00173244 0.00399942
      vertex -0.0260001 -5.72205e-07 0.00399942
    endloop
  endfacet
  facet normal 0 0 1
    outer loop
      vertex -0.04 -0.0375 0.00399942
      vertex -0.0260001 -5.72205e-07 0.00399942
      vertex -0.04 0.0374998 0.00399942
    endloop
  endfacet
  facet normal 0 0 1
    outer loop
      vertex -0.0240002 -0.0255066 0.00399942
      vertex -0.04 -0.0375 0.00399942
      vertex -0.0240002 -0.0375 0.00399942
    endloop
  endfacet
  facet normal 1 -0 0
    outer loop
      vertex 0.0399999 -0.0375 0.00399942
      vertex 0.0399999 0.0374998 -0.004
      vertex 0.0399999 0.0374998 0.00399942
    endloop
  endfacet
  facet normal 1 0 0
    outer loop
      vertex 0.0399999 0.0374998 -0.004
      vertex 0.0399999 -0.0375 0.00399942
      vertex 0.0399999 -0.0375 -0.004
    endloop
  endfacet
  facet normal 0 0 -1
    outer loop
      vertex 0.0399999 -0.0375 -0.004
      vertex 0.00346371 -0.0205008 -0.004
      vertex 0.0399999 0.0374998 -0.004
    endloop
  endfacet
  facet normal 0 0 -1
    outer loop
      vertex 0.0399999 0.0374998 -0.004
      vertex 0.0038633 0.0214638 -0.004
      vertex 0.00399967 0.0224995 -0.004
    endloop
  endfacet
  facet normal 0 0 -1
    outer loop
      vertex 0.00346371 0.0204996 -0.004
      vertex 0.0399999 0.0374998 -0.004
      vertex 0.00346371 -0.0205008 -0.004
    endloop
  endfacet
  facet normal 0 0 -1
    outer loop
      vertex 0.0399999 0.0374998 -0.004
      vertex 0.00346371 0.0204996 -0.004
      vertex 0.0038633 0.0214638 -0.004
    endloop
  endfacet
  facet normal 0 0 -1
    outer loop
      vertex 0.00282761 -0.019672 -0.004
      vertex 0.00346371 0.0204996 -0.004
      vertex 0.00346371 -0.0205008 -0.004
    endloop
  endfacet
  facet normal 0 0 -1
    outer loop
      vertex 0.00282761 -0.019672 -0.004
      vertex 0.00282761 0.0196709 -0.004
      vertex 0.00346371 0.0204996 -0.004
    endloop
  endfacet
  facet normal 0 0 -1
    outer loop
      vertex 0.00199982 -0.0190359 -0.004
      vertex 0.00282761 0.0196709 -0.004
      vertex 0.00282761 -0.019672 -0.004
    endloop
  endfacet
  facet normal 0 0 -1
    outer loop
      vertex 0.00199982 -0.0190359 -0.004
      vertex 0.00199982 0.0190357 -0.004
      vertex 0.00282761 0.0196709 -0.004
    endloop
  endfacet
  facet normal 0 0 -1
    outer loop
      vertex 0.0010347 -0.0186363 -0.004
      vertex 0.00199982 0.0190357 -0.004
      vertex 0.00199982 -0.0190359 -0.004
    endloop
  endfacet
  facet normal 0 0 -1
    outer loop
      vertex 0.0010347 -0.0186363 -0.004
      vertex 0.0010347 0.0186361 -0.004
      vertex 0.00199982 0.0190357 -0.004
    endloop
  endfacet
  facet normal 0 0 -1
    outer loop
      vertex -3.8147e-08 -0.0185009 -0.004
      vertex 0.0010347 0.0186361 -0.004
      vertex 0.0010347 -0.0186363 -0.004
    endloop
  endfacet
  facet normal 0 0 -1
    outer loop
      vertex -3.8147e-08 -0.0185009 -0.004
      vertex -3.8147e-08 0.0184998 -0.004
      vertex 0.0010347 0.0186361 -0.004
    endloop
  endfacet
  facet normal 0 0 -1
    outer loop
      vertex -0.00103573 -0.0186363 -0.004
      vertex -3.8147e-08 0.0184998 -0.004
      vertex -3.8147e-08 -0.0185009 -0.004
    endloop
  endfacet
  facet normal 0 0 -1
    outer loop
      vertex -0.00103573 -0.0186363 -0.004
      vertex -0.00103573 0.0186361 -0.004
      vertex -3.8147e-08 0.0184998 -0.004
    endloop
  endfacet
  facet normal 0 0 -1
    outer loop
      vertex -0.00200085 -0.0190359 -0.004
      vertex -0.00103573 0.0186361 -0.004
      vertex -0.00103573 -0.0186363 -0.004
    endloop
  endfacet
  facet normal 0 0 -1
    outer loop
      vertex -0.00200085 -0.0190359 -0.004
      vertex -0.00200085 0.0190357 -0.004
      vertex -0.00103573 0.0186361 -0.004
    endloop
  endfacet
  facet normal 0 0 -1
    outer loop
      vertex -0.00282864 -0.019672 -0.004
      vertex -0.00200085 0.0190357 -0.004
      vertex -0.00200085 -0.0190359 -0.004
    endloop
  endfacet
  facet normal 0 0 -1
    outer loop
      vertex -0.00282864 -0.019672 -0.004
      vertex -0.00282864 0.0196709 -0.004
      vertex -0.00200085 0.0190357 -0.004
    endloop
  endfacet
  facet normal 0 0 -1
    outer loop
      vertex -0.00346474 -0.0205008 -0.004
      vertex -0.00282864 0.0196709 -0.004
      vertex -0.00282864 -0.019672 -0.004
    endloop
  endfacet
  facet normal 0 0 -1
    outer loop
      vertex -0.00346474 -0.0205008 -0.004
      vertex -0.00346474 0.0204996 -0.004
      vertex -0.00282864 0.0196709 -0.004
    endloop
  endfacet
  facet normal 0 0 -1
    outer loop
      vertex -0.04 -0.0375 -0.004
      vertex -0.00346474 -0.0205008 -0.004
      vertex -0.00386433 -0.0214649 -0.004
    endloop
  endfacet
  facet normal -0 0 -1
    outer loop
      vertex -0.00346474 -0.0205008 -0.004
      vertex -0.04 -0.0375 -0.004
      vertex -0.00346474 0.0204996 -0.004
    endloop
  endfacet
  facet normal 0 0 -1
    outer loop
      vertex -0.04 -0.0375 -0.004
      vertex -0.00386433 -0.0214649 -0.004
      vertex -0.0040007 -0.0225006 -0.004
    endloop
  endfacet
  facet normal 0 0 -1
    outer loop
      vertex -0.04 0.0374998 -0.004
      vertex -0.00346474 0.0204996 -0.004
      vertex -0.04 -0.0375 -0.004
    endloop
  endfacet
  facet normal 0 0 -1
    outer loop
      vertex 0.0038633 -0.0214649 -0.004
      vertex 0.0399999 -0.0375 -0.004
      vertex 0.00399967 -0.0225006 -0.004
    endloop
  endfacet
  facet normal 0 0 -1
    outer loop
      vertex 0.0399999 -0.0375 -0.004
      vertex 0.0038633 -0.0235353 -0.004
      vertex 0.00399967 -0.0225006 -0.004
    endloop
  endfacet
  facet normal 0 0 -1
    outer loop
      vertex 0.0399999 -0.0375 -0.004
      vertex 0.00346371 -0.0245005 -0.004
      vertex 0.0038633 -0.0235353 -0.004
    endloop
  endfacet
  facet normal 0 0 -1
    outer loop
      vertex 0.0399999 -0.0375 -0.004
      vertex 0.00282761 -0.0253292 -0.004
      vertex 0.00346371 -0.0245005 -0.004
    endloop
  endfacet
  facet normal 0 0 -1
    outer loop
      vertex 0.0399999 -0.0375 -0.004
      vertex 0.00199982 -0.0259644 -0.004
      vertex 0.00282761 -0.0253292 -0.004
    endloop
  endfacet
  facet normal 0 0 -1
    outer loop
      vertex 0.0399999 -0.0375 -0.004
      vertex 0.0010347 -0.0263639 -0.004
      vertex 0.00199982 -0.0259644 -0.004
    endloop
  endfacet
  facet normal 0 0 -1
    outer loop
      vertex 0.0399999 -0.0375 -0.004
      vertex -3.8147e-08 -0.0265003 -0.004
      vertex 0.0010347 -0.0263639 -0.004
    endloop
  endfacet
  facet normal 0 0 -1
    outer loop
      vertex -0.04 -0.0375 -0.004
      vertex -3.8147e-08 -0.0265003 -0.004
      vertex 0.0399999 -0.0375 -0.004
    endloop
  endfacet
  facet normal 0 0 -1
    outer loop
      vertex -0.00346474 0.0204996 -0.004
      vertex -0.04 0.0374998 -0.004
      vertex -0.00386433 0.0214638 -0.004
    endloop
  endfacet
  facet normal -0 0 -1
    outer loop
      vertex -0.00386433 -0.0235353 -0.004
      vertex -0.04 -0.0375 -0.004
      vertex -0.0040007 -0.0225006 -0.004
    endloop
  endfacet
  facet normal -0 0 -1
    outer loop
      vertex -0.00346474 -0.0245005 -0.004
      vertex -0.04 -0.0375 -0.004
      vertex -0.00386433 -0.0235353 -0.004
    endloop
  endfacet
  facet normal -0 0 -1
    outer loop
      vertex -0.00282864 -0.0253292 -0.004
      vertex -0.04 -0.0375 -0.004
      vertex -0.00346474 -0.0245005 -0.004
    endloop
  endfacet
  facet normal -0 0 -1
    outer loop
      vertex -0.00200085 -0.0259644 -0.004
      vertex -0.04 -0.0375 -0.004
      vertex -0.00282864 -0.0253292 -0.004
    endloop
  endfacet
  facet normal -0 0 -1
    outer loop
      vertex -0.00103573 -0.0263639 -0.004
      vertex -0.04 -0.0375 -0.004
      vertex -0.00200085 -0.0259644 -0.004
    endloop
  endfacet
  facet normal -0 0 -1
    outer loop
      vertex -3.8147e-08 -0.0265003 -0.004
      vertex -0.04 -0.0375 -0.004
      vertex -0.00103573 -0.0263639 -0.004
    endloop
  endfacet
  facet normal 0 0 -1
    outer loop
      vertex 0.00346371 -0.0205008 -0.004
      vertex 0.0399999 -0.0375 -0.004
      vertex 0.0038633 -0.0214649 -0.004
    endloop
  endfacet
  facet normal 0 0 -1
    outer loop
      vertex 0.0038633 0.0235352 -0.004
      vertex 0.0399999 0.0374998 -0.004
      vertex 0.00399967 0.0224995 -0.004
    endloop
  endfacet
  facet normal 0 0 -1
    outer loop
      vertex 0.00346371 0.0244993 -0.004
      vertex 0.0399999 0.0374998 -0.004
      vertex 0.0038633 0.0235352 -0.004
    endloop
  endfacet
  facet normal 0 0 -1
    outer loop
      vertex 0.00282761 0.0253281 -0.004
      vertex 0.0399999 0.0374998 -0.004
      vertex 0.00346371 0.0244993 -0.004
    endloop
  endfacet
  facet normal 0 0 -1
    outer loop
      vertex 0.00199982 0.0259632 -0.004
      vertex 0.0399999 0.0374998 -0.004
      vertex 0.00282761 0.0253281 -0.004
    endloop
  endfacet
  facet normal 0 0 -1
    outer loop
      vertex 0.0010347 0.0263628 -0.004
      vertex 0.0399999 0.0374998 -0.004
      vertex 0.00199982 0.0259632 -0.004
    endloop
  endfacet
  facet normal 0 0 -1
    outer loop
      vertex -3.8147e-08 0.0264992 -0.004
      vertex 0.0399999 0.0374998 -0.004
      vertex 0.0010347 0.0263628 -0.004
    endloop
  endfacet
  facet normal 0 0 -1
    outer loop
      vertex -0.04 0.0374998 -0.004
      vertex -3.8147e-08 0.0264992 -0.004
      vertex -0.00103573 0.0263628 -0.004
    endloop
  endfacet
  facet normal 0 0 -1
    outer loop
      vertex -0.00386433 0.0214638 -0.004
      vertex -0.04 0.0374998 -0.004
      vertex -0.0040007 0.0224995 -0.004
    endloop
  endfacet
  facet normal 0 0 -1
    outer loop
      vertex -0.0040007 0.0224995 -0.004
      vertex -0.04 0.0374998 -0.004
      vertex -0.00386433 0.0235352 -0.004
    endloop
  endfacet
  facet normal 0 0 -1
    outer loop
      vertex -3.8147e-08 0.0264992 -0.004
      vertex -0.04 0.0374998 -0.004
      vertex 0.0399999 0.0374998 -0.004
    endloop
  endfacet
  facet normal 0 0 -1
    outer loop
      vertex -0.00200085 0.0259632 -0.004
      vertex -0.04 0.0374998 -0.004
      vertex -0.00103573 0.0263628 -0.004
    endloop
  endfacet
  facet normal 0 0 -1
    outer loop
      vertex -0.00282864 0.0253281 -0.004
      vertex -0.04 0.0374998 -0.004
      vertex -0.00200085 0.0259632 -0.004
    endloop
  endfacet
  facet normal 0 0 -1
    outer loop
      vertex -0.00346474 0.0244993 -0.004
      vertex -0.04 0.0374998 -0.004
      vertex -0.00282864 0.0253281 -0.004
    endloop
  endfacet
  facet normal 0 0 -1
    outer loop
      vertex -0.00386433 0.0235352 -0.004
      vertex -0.04 0.0374998 -0.004
      vertex -0.00346474 0.0244993 -0.004
    endloop
  endfacet
  facet normal 0 -1 0
    outer loop
      vertex -0.04 -0.0375 -0.004
      vertex -0.0240002 -0.0375 0.00399942
      vertex -0.04 -0.0375 0.00399942
    endloop
  endfacet
  facet normal 0 -1 -0
    outer loop
      vertex -0.0240002 -0.0375 0.00399942
      vertex -0.04 -0.0375 -0.004
      vertex -0.0120068 -0.0375 0.00399942
    endloop
  endfacet
  facet normal 0 -1 0
    outer loop
      vertex 0.0399999 -0.0375 -0.004
      vertex -0.0120068 -0.0375 0.00399942
      vertex -0.04 -0.0375 -0.004
    endloop
  endfacet
  facet normal 0 -1 0
    outer loop
      vertex -0.0120068 -0.0375 0.00399942
      vertex 0.0399999 -0.0375 -0.004
      vertex 0.0399999 -0.0375 0.00399942
    endloop
  endfacet
  facet normal 0 -1 0
    outer loop
      vertex -0.0240002 -0.0375 0.00399942
      vertex -0.0120068 -0.0375 0.004
      vertex -0.0240002 -0.0375 0.004
    endloop
  endfacet
  facet normal 0 -1 -0
    outer loop
      vertex -0.0120068 -0.0375 0.004
      vertex -0.0240002 -0.0375 0.00399942
      vertex -0.0120068 -0.0375 0.00399942
    endloop
  endfacet
  facet normal 0 -1 0
    outer loop
      vertex -0.04 -0.0375 0.0789998
      vertex -3.8147e-08 -0.0375 0.0679992
      vertex 0.0399999 -0.0375 0.0789998
    endloop
  endfacet
  facet normal 0 -1 0
    outer loop
      vertex -0.04 -0.0375 0.0789998
      vertex -0.00103573 -0.0375 0.0678628
      vertex -3.8147e-08 -0.0375 0.0679992
    endloop
  endfacet
  facet normal 0 -1 0
    outer loop
      vertex -0.04 -0.0375 0.0789998
      vertex -0.00200085 -0.0375 0.0674632
      vertex -0.00103573 -0.0375 0.0678628
    endloop
  endfacet
  facet normal 0 -1 0
    outer loop
      vertex -0.04 -0.0375 0.0789998
      vertex -0.00282864 -0.0375 0.0668281
      vertex -0.00200085 -0.0375 0.0674632
    endloop
  endfacet
  facet normal 0 -1 0
    outer loop
      vertex -0.04 -0.0375 0.0789998
      vertex -0.00346474 -0.0375 0.0659993
      vertex -0.00282864 -0.0375 0.0668281
    endloop
  endfacet
  facet normal 0 -1 0
    outer loop
      vertex -0.04 -0.0375 0.0789998
      vertex -0.00386433 -0.0375 0.0650352
      vertex -0.00346474 -0.0375 0.0659993
    endloop
  endfacet
  facet normal 0 -1 0
    outer loop
      vertex -0.04 -0.0375 0.0789998
      vertex -0.0040007 -0.0375 0.0639995
      vertex -0.00386433 -0.0375 0.0650352
    endloop
  endfacet
  facet normal 0 -1 0
    outer loop
      vertex -0.04 -0.0375 0.0789998
      vertex -0.00386433 -0.0375 0.0629638
      vertex -0.0040007 -0.0375 0.0639995
    endloop
  endfacet
  facet normal 0 -1 0
    outer loop
      vertex -0.04 -0.0375 0.0789998
      vertex -0.00346474 -0.0375 0.0619996
      vertex -0.00386433 -0.0375 0.0629638
    endloop
  endfacet
  facet normal 0 -1 0
    outer loop
      vertex -0.00346474 -0.0375 0.0209992
      vertex -0.00346474 -0.0375 0.0619996
      vertex -0.04 -0.0375 0.0789998
    endloop
  endfacet
  facet normal 0 -1 0
    outer loop
      vertex -0.00346474 -0.0375 0.0619996
      vertex -0.00346474 -0.0375 0.0209992
      vertex -0.00282864 -0.0375 0.0611709
    endloop
  endfacet
  facet normal 0 -1 0
    outer loop
      vertex -0.00103573 -0.0375 0.0601361
      vertex -3.8147e-08 -0.0375 0.0229991
      vertex -3.8147e-08 -0.0375 0.0599998
    endloop
  endfacet
  facet normal 0 -1 0
    outer loop
      vertex -0.00103573 -0.0375 0.0228637
      vertex -0.00103573 -0.0375 0.0601361
      vertex -0.00200085 -0.0375 0.0605357
    endloop
  endfacet
  facet normal -0 -1 0
    outer loop
      vertex -0.00282864 -0.0375 0.021828
      vertex -0.00282864 -0.0375 0.0611709
      vertex -0.00346474 -0.0375 0.0209992
    endloop
  endfacet
  facet normal 0 -1 0
    outer loop
      vertex -0.00103573 -0.0375 0.0601361
      vertex -0.00103573 -0.0375 0.0228637
      vertex -3.8147e-08 -0.0375 0.0229991
    endloop
  endfacet
  facet normal 0 -1 0
    outer loop
      vertex -0.00200085 -0.0375 0.0605357
      vertex -0.00200085 -0.0375 0.0224641
      vertex -0.00103573 -0.0375 0.0228637
    endloop
  endfacet
  facet normal 0 -1 -0
    outer loop
      vertex -0.00200085 -0.0375 0.0605357
      vertex -0.00282864 -0.0375 0.021828
      vertex -0.00200085 -0.0375 0.0224641
    endloop
  endfacet
  facet normal 0 -1 0
    outer loop
      vertex -0.00282864 -0.0375 0.0611709
      vertex -0.00282864 -0.0375 0.021828
      vertex -0.00200085 -0.0375 0.0605357
    endloop
  endfacet
  facet normal 0 -1 0
    outer loop
      vertex -0.04 -0.0375 0.004
      vertex -0.00346474 -0.0375 0.0209992
      vertex -0.04 -0.0375 0.0789998
    endloop
  endfacet
  facet normal 0 -1 0
    outer loop
      vertex -0.0240002 -0.0375 0.004
      vertex -0.00346474 -0.0375 0.0209992
      vertex -0.04 -0.0375 0.004
    endloop
  endfacet
  facet normal 0 -1 0
    outer loop
      vertex -0.00346474 -0.0375 0.0209992
      vertex -0.0240002 -0.0375 0.004
      vertex -0.00386433 -0.0375 0.0200351
    endloop
  endfacet
  facet normal 0 -1 0
    outer loop
      vertex -0.00386433 -0.0375 0.0200351
      vertex -0.0240002 -0.0375 0.004
      vertex -0.0040007 -0.0375 0.0189994
    endloop
  endfacet
  facet normal 0 -1 -0
    outer loop
      vertex -0.00282864 -0.0375 0.0161708
      vertex -0.0120068 -0.0375 0.004
      vertex -0.00200085 -0.0375 0.0155356
    endloop
  endfacet
  facet normal 0 -1 -0
    outer loop
      vertex -0.00346474 -0.0375 0.0169995
      vertex -0.0120068 -0.0375 0.004
      vertex -0.00282864 -0.0375 0.0161708
    endloop
  endfacet
  facet normal 0 -1 -0
    outer loop
      vertex -0.00386433 -0.0375 0.0179647
      vertex -0.0120068 -0.0375 0.004
      vertex -0.00346474 -0.0375 0.0169995
    endloop
  endfacet
  facet normal 0 -1 -0
    outer loop
      vertex -0.0040007 -0.0375 0.0189994
      vertex -0.0120068 -0.0375 0.004
      vertex -0.00386433 -0.0375 0.0179647
    endloop
  endfacet
  facet normal 0 -1 0
    outer loop
      vertex -0.0120068 -0.0375 0.004
      vertex -0.0040007 -0.0375 0.0189994
      vertex -0.0240002 -0.0375 0.004
    endloop
  endfacet
  facet normal 0 -1 0
    outer loop
      vertex 0.0010347 -0.0375 0.0678628
      vertex 0.0399999 -0.0375 0.0789998
      vertex -3.8147e-08 -0.0375 0.0679992
    endloop
  endfacet
  facet normal 0 -1 0
    outer loop
      vertex 0.00199982 -0.0375 0.0674632
      vertex 0.0399999 -0.0375 0.0789998
      vertex 0.0010347 -0.0375 0.0678628
    endloop
  endfacet
  facet normal 0 -1 0
    outer loop
      vertex 0.00282761 -0.0375 0.0668281
      vertex 0.0399999 -0.0375 0.0789998
      vertex 0.00199982 -0.0375 0.0674632
    endloop
  endfacet
  facet normal 0 -1 0
    outer loop
      vertex 0.00346371 -0.0375 0.0659993
      vertex 0.0399999 -0.0375 0.0789998
      vertex 0.00282761 -0.0375 0.0668281
    endloop
  endfacet
  facet normal 0 -1 0
    outer loop
      vertex 0.0038633 -0.0375 0.0650352
      vertex 0.0399999 -0.0375 0.0789998
      vertex 0.00346371 -0.0375 0.0659993
    endloop
  endfacet
  facet normal 0 -1 0
    outer loop
      vertex 0.00399967 -0.0375 0.0639995
      vertex 0.0399999 -0.0375 0.0789998
      vertex 0.0038633 -0.0375 0.0650352
    endloop
  endfacet
  facet normal 0 -1 0
    outer loop
      vertex 0.0038633 -0.0375 0.0629638
      vertex 0.0399999 -0.0375 0.0789998
      vertex 0.00399967 -0.0375 0.0639995
    endloop
  endfacet
  facet normal 0 -1 0
    outer loop
      vertex 0.00346371 -0.0375 0.0619996
      vertex 0.0399999 -0.0375 0.0789998
      vertex 0.0038633 -0.0375 0.0629638
    endloop
  endfacet
  facet normal 0 -1 0
    outer loop
      vertex 0.00346371 -0.0375 0.0209992
      vertex 0.00346371 -0.0375 0.0619996
      vertex 0.00282761 -0.0375 0.0611709
    endloop
  endfacet
  facet normal 0 -1 0
    outer loop
      vertex 0.00282761 -0.0375 0.021828
      vertex 0.00282761 -0.0375 0.0611709
      vertex 0.00199982 -0.0375 0.0605357
    endloop
  endfacet
  facet normal 0 -1 0
    outer loop
      vertex -3.8147e-08 -0.0375 0.0229991
      vertex 0.0010347 -0.0375 0.0601361
      vertex -3.8147e-08 -0.0375 0.0599998
    endloop
  endfacet
  facet normal 0 -1 0
    outer loop
      vertex 0.0010347 -0.0375 0.0228637
      vertex 0.0010347 -0.0375 0.0601361
      vertex -3.8147e-08 -0.0375 0.0229991
    endloop
  endfacet
  facet normal 0 -1 0
    outer loop
      vertex 0.0010347 -0.0375 0.0601361
      vertex 0.0010347 -0.0375 0.0228637
      vertex 0.00199982 -0.0375 0.0605357
    endloop
  endfacet
  facet normal 0 -1 0
    outer loop
      vertex 0.00199982 -0.0375 0.0224641
      vertex 0.00199982 -0.0375 0.0605357
      vertex 0.0010347 -0.0375 0.0228637
    endloop
  endfacet
  facet normal 0 -1 0
    outer loop
      vertex 0.00282761 -0.0375 0.021828
      vertex 0.00199982 -0.0375 0.0605357
      vertex 0.00199982 -0.0375 0.0224641
    endloop
  endfacet
  facet normal 0 -1 0
    outer loop
      vertex 0.00282761 -0.0375 0.0611709
      vertex 0.00282761 -0.0375 0.021828
      vertex 0.00346371 -0.0375 0.0209992
    endloop
  endfacet
  facet normal 0 -1 0
    outer loop
      vertex 0.00346371 -0.0375 0.0619996
      vertex 0.00346371 -0.0375 0.0209992
      vertex 0.0399999 -0.0375 0.0789998
    endloop
  endfacet
  facet normal 0 -1 0
    outer loop
      vertex 0.0399999 -0.0375 0.004
      vertex 0.00346371 -0.0375 0.0209992
      vertex 0.0038633 -0.0375 0.0200351
    endloop
  endfacet
  facet normal 0 -1 0
    outer loop
      vertex 0.0399999 -0.0375 0.004
      vertex 0.0038633 -0.0375 0.0200351
      vertex 0.00399967 -0.0375 0.0189994
    endloop
  endfacet
  facet normal 0 -1 0
    outer loop
      vertex 0.0399999 -0.0375 0.004
      vertex 0.00399967 -0.0375 0.0189994
      vertex 0.0038633 -0.0375 0.0179647
    endloop
  endfacet
  facet normal 0 -1 0
    outer loop
      vertex 0.0399999 -0.0375 0.004
      vertex 0.0038633 -0.0375 0.0179647
      vertex 0.00346371 -0.0375 0.0169995
    endloop
  endfacet
  facet normal 0 -1 -0
    outer loop
      vertex -0.00200085 -0.0375 0.0155356
      vertex -0.0120068 -0.0375 0.004
      vertex -0.00103573 -0.0375 0.0151361
    endloop
  endfacet
  facet normal 0 -1 -0
    outer loop
      vertex -0.00103573 -0.0375 0.0151361
      vertex -0.0120068 -0.0375 0.004
      vertex -3.8147e-08 -0.0375 0.0149997
    endloop
  endfacet
  facet normal 0 -1 -0
    outer loop
      vertex -3.8147e-08 -0.0375 0.0149997
      vertex -0.0120068 -0.0375 0.004
      vertex 0.0010347 -0.0375 0.0151361
    endloop
  endfacet
  facet normal 0 -1 -0
    outer loop
      vertex 0.0010347 -0.0375 0.0151361
      vertex -0.0120068 -0.0375 0.004
      vertex 0.00199982 -0.0375 0.0155356
    endloop
  endfacet
  facet normal 0 -1 0
    outer loop
      vertex 0.0399999 -0.0375 0.004
      vertex 0.00199982 -0.0375 0.0155356
      vertex -0.0120068 -0.0375 0.004
    endloop
  endfacet
  facet normal 0 -1 0
    outer loop
      vertex 0.00346371 -0.0375 0.0209992
      vertex 0.0399999 -0.0375 0.004
      vertex 0.0399999 -0.0375 0.0789998
    endloop
  endfacet
  facet normal 0 -1 0
    outer loop
      vertex 0.00282761 -0.0375 0.0161708
      vertex 0.0399999 -0.0375 0.004
      vertex 0.00346371 -0.0375 0.0169995
    endloop
  endfacet
  facet normal 0 -1 0
    outer loop
      vertex 0.00199982 -0.0375 0.0155356
      vertex 0.0399999 -0.0375 0.004
      vertex 0.00282761 -0.0375 0.0161708
    endloop
  endfacet
  facet normal 0 1 -0
    outer loop
      vertex 0.0399999 0.0374998 -0.004
      vertex -0.04 0.0374998 0.00399942
      vertex 0.0399999 0.0374998 0.00399942
    endloop
  endfacet
  facet normal 0 1 0
    outer loop
      vertex -0.04 0.0374998 0.00399942
      vertex 0.0399999 0.0374998 -0.004
      vertex -0.04 0.0374998 -0.004
    endloop
  endfacet
  facet normal -0.991443 -0.130543 0
    outer loop
      vertex 0.00399967 -0.0225006 -0.004
      vertex 0.0038633 -0.0214649 0.00399942
      vertex 0.0038633 -0.0214649 -0.004
    endloop
  endfacet
  facet normal -0.991443 -0.130543 0
    outer loop
      vertex 0.0038633 -0.0214649 0.00399942
      vertex 0.00399967 -0.0225006 -0.004
      vertex 0.00399967 -0.0225006 0.00399942
    endloop
  endfacet
  facet normal 0.991443 -0.130543 0
    outer loop
      vertex -0.0040007 -0.0225006 0.00399942
      vertex -0.00386433 -0.0214649 -0.004
      vertex -0.00386433 -0.0214649 0.00399942
    endloop
  endfacet
  facet normal 0.991443 -0.130543 0
    outer loop
      vertex -0.00386433 -0.0214649 -0.004
      vertex -0.0040007 -0.0225006 0.00399942
      vertex -0.0040007 -0.0225006 -0.004
    endloop
  endfacet
  facet normal 0.129631 -0.991562 0
    outer loop
      vertex -0.00103573 -0.0186363 -0.004
      vertex -3.8147e-08 -0.0185009 0.00399942
      vertex -0.00103573 -0.0186363 0.00399942
    endloop
  endfacet
  facet normal 0.129631 -0.991562 0
    outer loop
      vertex -3.8147e-08 -0.0185009 0.00399942
      vertex -0.00103573 -0.0186363 -0.004
      vertex -3.8147e-08 -0.0185009 -0.004
    endloop
  endfacet
  facet normal -0.609313 -0.79293 0
    outer loop
      vertex 0.00199982 -0.0190359 -0.004
      vertex 0.00282761 -0.019672 0.00399942
      vertex 0.00199982 -0.0190359 0.00399942
    endloop
  endfacet
  facet normal -0.609313 -0.79293 -0
    outer loop
      vertex 0.00282761 -0.019672 0.00399942
      vertex 0.00199982 -0.0190359 -0.004
      vertex 0.00282761 -0.019672 -0.004
    endloop
  endfacet
  facet normal -0.923796 -0.382885 0
    outer loop
      vertex 0.0038633 -0.0214649 -0.004
      vertex 0.00346371 -0.0205008 0.00399942
      vertex 0.00346371 -0.0205008 -0.004
    endloop
  endfacet
  facet normal -0.923796 -0.382885 0
    outer loop
      vertex 0.00346371 -0.0205008 0.00399942
      vertex 0.0038633 -0.0214649 -0.004
      vertex 0.0038633 -0.0214649 0.00399942
    endloop
  endfacet
  facet normal -0.382548 -0.923936 0
    outer loop
      vertex 0.0010347 -0.0186363 -0.004
      vertex 0.00199982 -0.0190359 0.00399942
      vertex 0.0010347 -0.0186363 0.00399942
    endloop
  endfacet
  facet normal -0.382548 -0.923936 -0
    outer loop
      vertex 0.00199982 -0.0190359 0.00399942
      vertex 0.0010347 -0.0186363 -0.004
      vertex 0.00199982 -0.0190359 -0.004
    endloop
  endfacet
  facet normal 0.793289 -0.608845 0
    outer loop
      vertex -0.00346474 -0.0205008 0.00399942
      vertex -0.00282864 -0.019672 -0.004
      vertex -0.00282864 -0.019672 0.00399942
    endloop
  endfacet
  facet normal 0.793289 -0.608845 0
    outer loop
      vertex -0.00282864 -0.019672 -0.004
      vertex -0.00346474 -0.0205008 0.00399942
      vertex -0.00346474 -0.0205008 -0.004
    endloop
  endfacet
  facet normal 0.923796 -0.382885 0
    outer loop
      vertex -0.00386433 -0.0214649 0.00399942
      vertex -0.00346474 -0.0205008 -0.004
      vertex -0.00346474 -0.0205008 0.00399942
    endloop
  endfacet
  facet normal 0.923796 -0.382885 0
    outer loop
      vertex -0.00346474 -0.0205008 -0.004
      vertex -0.00386433 -0.0214649 0.00399942
      vertex -0.00386433 -0.0214649 -0.004
    endloop
  endfacet
  facet normal 0.382548 -0.923936 0
    outer loop
      vertex -0.00200085 -0.0190359 -0.004
      vertex -0.00103573 -0.0186363 0.00399942
      vertex -0.00200085 -0.0190359 0.00399942
    endloop
  endfacet
  facet normal 0.382548 -0.923936 0
    outer loop
      vertex -0.00103573 -0.0186363 0.00399942
      vertex -0.00200085 -0.0190359 -0.004
      vertex -0.00103573 -0.0186363 -0.004
    endloop
  endfacet
  facet normal -0.92395 0.382513 0
    outer loop
      vertex 0.00346371 -0.0245005 -0.004
      vertex 0.0038633 -0.0235353 0.00399942
      vertex 0.0038633 -0.0235353 -0.004
    endloop
  endfacet
  facet normal -0.92395 0.382513 0
    outer loop
      vertex 0.0038633 -0.0235353 0.00399942
      vertex 0.00346371 -0.0245005 -0.004
      vertex 0.00346371 -0.0245005 0.00399942
    endloop
  endfacet
  facet normal -0.793289 -0.608845 0
    outer loop
      vertex 0.00346371 -0.0205008 -0.004
      vertex 0.00282761 -0.019672 0.00399942
      vertex 0.00282761 -0.019672 -0.004
    endloop
  endfacet
  facet normal -0.793289 -0.608845 0
    outer loop
      vertex 0.00282761 -0.019672 0.00399942
      vertex 0.00346371 -0.0205008 -0.004
      vertex 0.00346371 -0.0205008 0.00399942
    endloop
  endfacet
  facet normal -0.129748 -0.991547 0
    outer loop
      vertex -3.8147e-08 -0.0185009 -0.004
      vertex 0.0010347 -0.0186363 0.00399942
      vertex -3.8147e-08 -0.0185009 0.00399942
    endloop
  endfacet
  facet normal -0.129748 -0.991547 -0
    outer loop
      vertex 0.0010347 -0.0186363 0.00399942
      vertex -3.8147e-08 -0.0185009 -0.004
      vertex 0.0010347 -0.0186363 -0.004
    endloop
  endfacet
  facet normal 0.609313 -0.79293 0
    outer loop
      vertex -0.00282864 -0.019672 -0.004
      vertex -0.00200085 -0.0190359 0.00399942
      vertex -0.00282864 -0.019672 0.00399942
    endloop
  endfacet
  facet normal 0.609313 -0.79293 0
    outer loop
      vertex -0.00200085 -0.0190359 0.00399942
      vertex -0.00282864 -0.019672 -0.004
      vertex -0.00200085 -0.0190359 -0.004
    endloop
  endfacet
  facet normal -0.991426 0.130667 0
    outer loop
      vertex 0.0038633 -0.0235353 -0.004
      vertex 0.00399967 -0.0225006 0.00399942
      vertex 0.00399967 -0.0225006 -0.004
    endloop
  endfacet
  facet normal -0.991426 0.130667 0
    outer loop
      vertex 0.00399967 -0.0225006 0.00399942
      vertex 0.0038633 -0.0235353 -0.004
      vertex 0.0038633 -0.0235353 0.00399942
    endloop
  endfacet
  facet normal -0.13069 0.991423 0
    outer loop
      vertex 0.0010347 -0.0263639 -0.004
      vertex -3.8147e-08 -0.0265003 0.00399942
      vertex 0.0010347 -0.0263639 0.00399942
    endloop
  endfacet
  facet normal -0.13069 0.991423 0
    outer loop
      vertex -3.8147e-08 -0.0265003 0.00399942
      vertex 0.0010347 -0.0263639 -0.004
      vertex -3.8147e-08 -0.0265003 -0.004
    endloop
  endfacet
  facet normal -0.60877 0.793347 0
    outer loop
      vertex 0.00282761 -0.0253292 -0.004
      vertex 0.00199982 -0.0259644 0.00399942
      vertex 0.00282761 -0.0253292 0.00399942
    endloop
  endfacet
  facet normal -0.60877 0.793347 0
    outer loop
      vertex 0.00199982 -0.0259644 0.00399942
      vertex 0.00282761 -0.0253292 -0.004
      vertex 0.00199982 -0.0259644 -0.004
    endloop
  endfacet
  facet normal 0.60877 0.793347 -0
    outer loop
      vertex -0.00200085 -0.0259644 -0.004
      vertex -0.00282864 -0.0253292 0.00399942
      vertex -0.00200085 -0.0259644 0.00399942
    endloop
  endfacet
  facet normal 0.60877 0.793347 0
    outer loop
      vertex -0.00282864 -0.0253292 0.00399942
      vertex -0.00200085 -0.0259644 -0.004
      vertex -0.00282864 -0.0253292 -0.004
    endloop
  endfacet
  facet normal 0.130572 0.991439 -0
    outer loop
      vertex -3.8147e-08 -0.0265003 -0.004
      vertex -0.00103573 -0.0263639 0.00399942
      vertex -3.8147e-08 -0.0265003 0.00399942
    endloop
  endfacet
  facet normal 0.130572 0.991439 0
    outer loop
      vertex -0.00103573 -0.0263639 0.00399942
      vertex -3.8147e-08 -0.0265003 -0.004
      vertex -0.00103573 -0.0263639 -0.004
    endloop
  endfacet
  facet normal 0.793253 0.608892 0
    outer loop
      vertex -0.00282864 -0.0253292 0.00399942
      vertex -0.00346474 -0.0245005 -0.004
      vertex -0.00346474 -0.0245005 0.00399942
    endloop
  endfacet
  facet normal 0.793253 0.608892 0
    outer loop
      vertex -0.00346474 -0.0245005 -0.004
      vertex -0.00282864 -0.0253292 0.00399942
      vertex -0.00282864 -0.0253292 -0.004
    endloop
  endfacet
  facet normal 0.991426 0.130667 0
    outer loop
      vertex -0.00386433 -0.0235353 0.00399942
      vertex -0.0040007 -0.0225006 -0.004
      vertex -0.0040007 -0.0225006 0.00399942
    endloop
  endfacet
  facet normal 0.991426 0.130667 0
    outer loop
      vertex -0.0040007 -0.0225006 -0.004
      vertex -0.00386433 -0.0235353 0.00399942
      vertex -0.00386433 -0.0235353 -0.004
    endloop
  endfacet
  facet normal -0.382466 0.923969 0
    outer loop
      vertex 0.00199982 -0.0259644 -0.004
      vertex 0.0010347 -0.0263639 0.00399942
      vertex 0.00199982 -0.0259644 0.00399942
    endloop
  endfacet
  facet normal -0.382466 0.923969 0
    outer loop
      vertex 0.0010347 -0.0263639 0.00399942
      vertex 0.00199982 -0.0259644 -0.004
      vertex 0.0010347 -0.0263639 -0.004
    endloop
  endfacet
  facet normal -0.793253 0.608892 0
    outer loop
      vertex 0.00282761 -0.0253292 -0.004
      vertex 0.00346371 -0.0245005 0.00399942
      vertex 0.00346371 -0.0245005 -0.004
    endloop
  endfacet
  facet normal -0.793253 0.608892 0
    outer loop
      vertex 0.00346371 -0.0245005 0.00399942
      vertex 0.00282761 -0.0253292 -0.004
      vertex 0.00282761 -0.0253292 0.00399942
    endloop
  endfacet
  facet normal 0.382466 0.923969 -0
    outer loop
      vertex -0.00103573 -0.0263639 -0.004
      vertex -0.00200085 -0.0259644 0.00399942
      vertex -0.00103573 -0.0263639 0.00399942
    endloop
  endfacet
  facet normal 0.382466 0.923969 0
    outer loop
      vertex -0.00200085 -0.0259644 0.00399942
      vertex -0.00103573 -0.0263639 -0.004
      vertex -0.00200085 -0.0259644 -0.004
    endloop
  endfacet
  facet normal 0.92395 0.382513 0
    outer loop
      vertex -0.00346474 -0.0245005 0.00399942
      vertex -0.00386433 -0.0235353 -0.004
      vertex -0.00386433 -0.0235353 0.00399942
    endloop
  endfacet
  facet normal 0.92395 0.382513 0
    outer loop
      vertex -0.00386433 -0.0235353 -0.004
      vertex -0.00346474 -0.0245005 0.00399942
      vertex -0.00346474 -0.0245005 -0.004
    endloop
  endfacet
  facet normal -0.991443 -0.130543 0
    outer loop
      vertex 0.00399967 0.0224995 -0.004
      vertex 0.0038633 0.0235352 0.00399942
      vertex 0.0038633 0.0235352 -0.004
    endloop
  endfacet
  facet normal -0.991443 -0.130543 0
    outer loop
      vertex 0.0038633 0.0235352 0.00399942
      vertex 0.00399967 0.0224995 -0.004
      vertex 0.00399967 0.0224995 0.00399942
    endloop
  endfacet
  facet normal 0.991443 -0.130543 0
    outer loop
      vertex -0.0040007 0.0224995 0.00399942
      vertex -0.00386433 0.0235352 -0.004
      vertex -0.00386433 0.0235352 0.00399942
    endloop
  endfacet
  facet normal 0.991443 -0.130543 0
    outer loop
      vertex -0.00386433 0.0235352 -0.004
      vertex -0.0040007 0.0224995 0.00399942
      vertex -0.0040007 0.0224995 -0.004
    endloop
  endfacet
  facet normal -0.382548 -0.923936 0
    outer loop
      vertex 0.0010347 0.0263628 -0.004
      vertex 0.00199982 0.0259632 0.00399942
      vertex 0.0010347 0.0263628 0.00399942
    endloop
  endfacet
  facet normal -0.382548 -0.923936 -0
    outer loop
      vertex 0.00199982 0.0259632 0.00399942
      vertex 0.0010347 0.0263628 -0.004
      vertex 0.00199982 0.0259632 -0.004
    endloop
  endfacet
  facet normal 0.130478 0.991451 -0
    outer loop
      vertex -3.8147e-08 0.0184998 -0.004
      vertex -0.00103573 0.0186361 0.00399942
      vertex -3.8147e-08 0.0184998 0.00399942
    endloop
  endfacet
  facet normal 0.130478 0.991451 0
    outer loop
      vertex -0.00103573 0.0186361 0.00399942
      vertex -3.8147e-08 0.0184998 -0.004
      vertex -0.00103573 0.0186361 -0.004
    endloop
  endfacet
  facet normal -0.923796 -0.382885 0
    outer loop
      vertex 0.0038633 0.0235352 -0.004
      vertex 0.00346371 0.0244993 0.00399942
      vertex 0.00346371 0.0244993 -0.004
    endloop
  endfacet
  facet normal -0.923796 -0.382885 0
    outer loop
      vertex 0.00346371 0.0244993 0.00399942
      vertex 0.0038633 0.0235352 -0.004
      vertex 0.0038633 0.0235352 0.00399942
    endloop
  endfacet
  facet normal 0.130572 -0.991439 0
    outer loop
      vertex -0.00103573 0.0263628 -0.004
      vertex -3.8147e-08 0.0264992 0.00399942
      vertex -0.00103573 0.0263628 0.00399942
    endloop
  endfacet
  facet normal 0.130572 -0.991439 0
    outer loop
      vertex -3.8147e-08 0.0264992 0.00399942
      vertex -0.00103573 0.0263628 -0.004
      vertex -3.8147e-08 0.0264992 -0.004
    endloop
  endfacet
  facet normal 0.382548 -0.923936 0
    outer loop
      vertex -0.00200085 0.0259632 -0.004
      vertex -0.00103573 0.0263628 0.00399942
      vertex -0.00200085 0.0259632 0.00399942
    endloop
  endfacet
  facet normal 0.382548 -0.923936 0
    outer loop
      vertex -0.00103573 0.0263628 0.00399942
      vertex -0.00200085 0.0259632 -0.004
      vertex -0.00103573 0.0263628 -0.004
    endloop
  endfacet
  facet normal -0.60877 0.793347 0
    outer loop
      vertex 0.00282761 0.0196709 -0.004
      vertex 0.00199982 0.0190357 0.00399942
      vertex 0.00282761 0.0196709 0.00399942
    endloop
  endfacet
  facet normal -0.60877 0.793347 0
    outer loop
      vertex 0.00199982 0.0190357 0.00399942
      vertex 0.00282761 0.0196709 -0.004
      vertex 0.00199982 0.0190357 -0.004
    endloop
  endfacet
  facet normal 0.991443 0.130543 0
    outer loop
      vertex -0.00386433 0.0214638 0.00399942
      vertex -0.0040007 0.0224995 -0.004
      vertex -0.0040007 0.0224995 0.00399942
    endloop
  endfacet
  facet normal 0.991443 0.130543 0
    outer loop
      vertex -0.0040007 0.0224995 -0.004
      vertex -0.00386433 0.0214638 0.00399942
      vertex -0.00386433 0.0214638 -0.004
    endloop
  endfacet
  facet normal -0.793289 -0.608845 0
    outer loop
      vertex 0.00346371 0.0244993 -0.004
      vertex 0.00282761 0.0253281 0.00399942
      vertex 0.00282761 0.0253281 -0.004
    endloop
  endfacet
  facet normal -0.793289 -0.608845 0
    outer loop
      vertex 0.00282761 0.0253281 0.00399942
      vertex 0.00346371 0.0244993 -0.004
      vertex 0.00346371 0.0244993 0.00399942
    endloop
  endfacet
  facet normal -0.60871 -0.793393 0
    outer loop
      vertex 0.00199982 0.0259632 -0.004
      vertex 0.00282761 0.0253281 0.00399942
      vertex 0.00199982 0.0259632 0.00399942
    endloop
  endfacet
  facet normal -0.60871 -0.793393 -0
    outer loop
      vertex 0.00282761 0.0253281 0.00399942
      vertex 0.00199982 0.0259632 -0.004
      vertex 0.00282761 0.0253281 -0.004
    endloop
  endfacet
  facet normal -0.13069 -0.991423 0
    outer loop
      vertex -3.8147e-08 0.0264992 -0.004
      vertex 0.0010347 0.0263628 0.00399942
      vertex -3.8147e-08 0.0264992 0.00399942
    endloop
  endfacet
  facet normal -0.13069 -0.991423 -0
    outer loop
      vertex 0.0010347 0.0263628 0.00399942
      vertex -3.8147e-08 0.0264992 -0.004
      vertex 0.0010347 0.0263628 -0.004
    endloop
  endfacet
  facet normal 0.923796 -0.382885 0
    outer loop
      vertex -0.00386433 0.0235352 0.00399942
      vertex -0.00346474 0.0244993 -0.004
      vertex -0.00346474 0.0244993 0.00399942
    endloop
  endfacet
  facet normal 0.923796 -0.382885 0
    outer loop
      vertex -0.00346474 0.0244993 -0.004
      vertex -0.00386433 0.0235352 0.00399942
      vertex -0.00386433 0.0235352 -0.004
    endloop
  endfacet
  facet normal 0.60871 -0.793393 0
    outer loop
      vertex -0.00282864 0.0253281 -0.004
      vertex -0.00200085 0.0259632 0.00399942
      vertex -0.00282864 0.0253281 0.00399942
    endloop
  endfacet
  facet normal 0.60871 -0.793393 0
    outer loop
      vertex -0.00200085 0.0259632 0.00399942
      vertex -0.00282864 0.0253281 -0.004
      vertex -0.00200085 0.0259632 -0.004
    endloop
  endfacet
  facet normal 0.793289 -0.608845 0
    outer loop
      vertex -0.00346474 0.0244993 0.00399942
      vertex -0.00282864 0.0253281 -0.004
      vertex -0.00282864 0.0253281 0.00399942
    endloop
  endfacet
  facet normal 0.793289 -0.608845 0
    outer loop
      vertex -0.00282864 0.0253281 -0.004
      vertex -0.00346474 0.0244993 0.00399942
      vertex -0.00346474 0.0244993 -0.004
    endloop
  endfacet
  facet normal -0.92381 0.382851 0
    outer loop
      vertex 0.00346371 0.0204996 -0.004
      vertex 0.0038633 0.0214638 0.00399942
      vertex 0.0038633 0.0214638 -0.004
    endloop
  endfacet
  facet normal -0.92381 0.382851 0
    outer loop
      vertex 0.0038633 0.0214638 0.00399942
      vertex 0.00346371 0.0204996 -0.004
      vertex 0.00346371 0.0204996 0.00399942
    endloop
  endfacet
  facet normal -0.130596 0.991436 0
    outer loop
      vertex 0.0010347 0.0186361 -0.004
      vertex -3.8147e-08 0.0184998 0.00399942
      vertex 0.0010347 0.0186361 0.00399942
    endloop
  endfacet
  facet normal -0.130596 0.991436 0
    outer loop
      vertex -3.8147e-08 0.0184998 0.00399942
      vertex 0.0010347 0.0186361 -0.004
      vertex -3.8147e-08 0.0184998 -0.004
    endloop
  endfacet
  facet normal -0.382548 0.923936 0
    outer loop
      vertex 0.00199982 0.0190357 -0.004
      vertex 0.0010347 0.0186361 0.00399942
      vertex 0.00199982 0.0190357 0.00399942
    endloop
  endfacet
  facet normal -0.382548 0.923936 0
    outer loop
      vertex 0.0010347 0.0186361 0.00399942
      vertex 0.00199982 0.0190357 -0.004
      vertex 0.0010347 0.0186361 -0.004
    endloop
  endfacet
  facet normal 0.60877 0.793347 -0
    outer loop
      vertex -0.00200085 0.0190357 -0.004
      vertex -0.00282864 0.0196709 0.00399942
      vertex -0.00200085 0.0190357 0.00399942
    endloop
  endfacet
  facet normal 0.60877 0.793347 0
    outer loop
      vertex -0.00282864 0.0196709 0.00399942
      vertex -0.00200085 0.0190357 -0.004
      vertex -0.00282864 0.0196709 -0.004
    endloop
  endfacet
  facet normal 0.92381 0.382851 0
    outer loop
      vertex -0.00346474 0.0204996 0.00399942
      vertex -0.00386433 0.0214638 -0.004
      vertex -0.00386433 0.0214638 0.00399942
    endloop
  endfacet
  facet normal 0.92381 0.382851 0
    outer loop
      vertex -0.00386433 0.0214638 -0.004
      vertex -0.00346474 0.0204996 0.00399942
      vertex -0.00346474 0.0204996 -0.004
    endloop
  endfacet
  facet normal 0.793253 0.608892 0
    outer loop
      vertex -0.00282864 0.0196709 0.00399942
      vertex -0.00346474 0.0204996 -0.004
      vertex -0.00346474 0.0204996 0.00399942
    endloop
  endfacet
  facet normal 0.793253 0.608892 0
    outer loop
      vertex -0.00346474 0.0204996 -0.004
      vertex -0.00282864 0.0196709 0.00399942
      vertex -0.00282864 0.0196709 -0.004
    endloop
  endfacet
  facet normal -0.991443 0.130543 0
    outer loop
      vertex 0.0038633 0.0214638 -0.004
      vertex 0.00399967 0.0224995 0.00399942
      vertex 0.00399967 0.0224995 -0.004
    endloop
  endfacet
  facet normal -0.991443 0.130543 0
    outer loop
      vertex 0.00399967 0.0224995 0.00399942
      vertex 0.0038633 0.0214638 -0.004
      vertex 0.0038633 0.0214638 0.00399942
    endloop
  endfacet
  facet normal -0.793253 0.608892 0
    outer loop
      vertex 0.00282761 0.0196709 -0.004
      vertex 0.00346371 0.0204996 0.00399942
      vertex 0.00346371 0.0204996 -0.004
    endloop
  endfacet
  facet normal -0.793253 0.608892 0
    outer loop
      vertex 0.00346371 0.0204996 0.00399942
      vertex 0.00282761 0.0196709 -0.004
      vertex 0.00282761 0.0196709 0.00399942
    endloop
  endfacet
  facet normal 0.382548 0.923936 -0
    outer loop
      vertex -0.00103573 0.0186361 -0.004
      vertex -0.00200085 0.0190357 0.00399942
      vertex -0.00103573 0.0186361 0.00399942
    endloop
  endfacet
  facet normal 0.382548 0.923936 0
    outer loop
      vertex -0.00200085 0.0190357 0.00399942
      vertex -0.00103573 0.0186361 -0.004
      vertex -0.00200085 0.0190357 -0.004
    endloop
  endfacet
  facet normal -1 0 0
    outer loop
      vertex -0.04 -0.0375 0.004
      vertex -0.04 -0.0295006 0.0789998
      vertex -0.04 -0.0295006 0.004
    endloop
  endfacet
  facet normal -1 -0 0
    outer loop
      vertex -0.04 -0.0295006 0.0789998
      vertex -0.04 -0.0375 0.004
      vertex -0.04 -0.0375 0.0789998
    endloop
  endfacet
  facet normal -0 0 1
    outer loop
      vertex -0.04 -0.0295006 0.0789998
      vertex 0.0399999 -0.0375 0.0789998
      vertex 0.0399999 -0.0295006 0.0789998
    endloop
  endfacet
  facet normal 0 0 1
    outer loop
      vertex 0.0399999 -0.0375 0.0789998
      vertex -0.04 -0.0295006 0.0789998
      vertex -0.04 -0.0375 0.0789998
    endloop
  endfacet
  facet normal 1 -0 0
    outer loop
      vertex 0.0399999 -0.0375 0.0789998
      vertex 0.0399999 -0.0295006 0.004
      vertex 0.0399999 -0.0295006 0.0789998
    endloop
  endfacet
  facet normal 1 0 0
    outer loop
      vertex 0.0399999 -0.0295006 0.004
      vertex 0.0399999 -0.0375 0.0789998
      vertex 0.0399999 -0.0375 0.004
    endloop
  endfacet
  facet normal 0 0 -1
    outer loop
      vertex -0.04 -0.0375 0.004
      vertex -0.0240002 -0.0295006 0.004
      vertex -0.0240002 -0.0375 0.004
    endloop
  endfacet
  facet normal -0 0 -1
    outer loop
      vertex -0.0240002 -0.0295006 0.004
      vertex -0.04 -0.0375 0.004
      vertex -0.04 -0.0295006 0.004
    endloop
  endfacet
  facet normal 0 0 -1
    outer loop
      vertex -0.0120068 -0.0375 0.004
      vertex 0.0399999 -0.0295006 0.004
      vertex 0.0399999 -0.0375 0.004
    endloop
  endfacet
  facet normal -0 0 -1
    outer loop
      vertex 0.0399999 -0.0295006 0.004
      vertex -0.0120068 -0.0375 0.004
      vertex -0.0200062 -0.0295006 0.004
    endloop
  endfacet
  facet normal 0 1 0
    outer loop
      vertex -0.0240002 -0.0295006 0.0397679
      vertex -0.0240002 -0.0295006 0.004
      vertex -0.0250006 -0.0295006 0.0397679
    endloop
  endfacet
  facet normal 0 1 0
    outer loop
      vertex 0.0399999 -0.0295006 0.0789998
      vertex -3.8147e-08 -0.0295006 0.0679992
      vertex -0.04 -0.0295006 0.0789998
    endloop
  endfacet
  facet normal 0 1 0
    outer loop
      vertex 0.0399999 -0.0295006 0.0789998
      vertex 0.0010347 -0.0295006 0.0678628
      vertex -3.8147e-08 -0.0295006 0.0679992
    endloop
  endfacet
  facet normal 0 1 0
    outer loop
      vertex 0.0399999 -0.0295006 0.0789998
      vertex 0.00199982 -0.0295006 0.0674632
      vertex 0.0010347 -0.0295006 0.0678628
    endloop
  endfacet
  facet normal 0 1 0
    outer loop
      vertex 0.0399999 -0.0295006 0.0789998
      vertex 0.00282761 -0.0295006 0.0668281
      vertex 0.00199982 -0.0295006 0.0674632
    endloop
  endfacet
  facet normal 0 1 0
    outer loop
      vertex 0.0399999 -0.0295006 0.0789998
      vertex 0.00346371 -0.0295006 0.0659993
      vertex 0.00282761 -0.0295006 0.0668281
    endloop
  endfacet
  facet normal 0 1 0
    outer loop
      vertex 0.0399999 -0.0295006 0.0789998
      vertex 0.0038633 -0.0295006 0.0650352
      vertex 0.00346371 -0.0295006 0.0659993
    endloop
  endfacet
  facet normal 0 1 0
    outer loop
      vertex 0.0399999 -0.0295006 0.0789998
      vertex 0.00399967 -0.0295006 0.0639995
      vertex 0.0038633 -0.0295006 0.0650352
    endloop
  endfacet
  facet normal 0 1 -0
    outer loop
      vertex 0.0249996 -0.0295006 0.0432317
      vertex 0.00399967 -0.0295006 0.0639995
      vertex 0.0399999 -0.0295006 0.0789998
    endloop
  endfacet
  facet normal 0 1 -0
    outer loop
      vertex 0.0229997 -0.0295006 0.0432317
      vertex 0.00399967 -0.0295006 0.0639995
      vertex 0.0249996 -0.0295006 0.0432317
    endloop
  endfacet
  facet normal 0 1 0
    outer loop
      vertex 0.00399967 -0.0295006 0.0639995
      vertex 0.0229997 -0.0295006 0.0432317
      vertex 0.0038633 -0.0295006 0.0629638
    endloop
  endfacet
  facet normal 0 1 0
    outer loop
      vertex 0.00346371 -0.0295006 0.0619996
      vertex 0.0229997 -0.0295006 0.0432317
      vertex 0.00282761 -0.0295006 0.0611709
    endloop
  endfacet
  facet normal 0 1 0
    outer loop
      vertex -3.8147e-08 -0.0295006 0.0229991
      vertex -3.8147e-08 -0.0295006 0.0599998
      vertex 0.0010347 -0.0295006 0.0601361
    endloop
  endfacet
  facet normal 0 1 -0
    outer loop
      vertex 0.0219993 -0.0295006 0.0414998
      vertex 0.00199982 -0.0295006 0.0605357
      vertex 0.0229997 -0.0295006 0.0432317
    endloop
  endfacet
  facet normal 0 1 0
    outer loop
      vertex 0.00282761 -0.0295006 0.0611709
      vertex 0.0229997 -0.0295006 0.0432317
      vertex 0.00199982 -0.0295006 0.0605357
    endloop
  endfacet
  facet normal 0 1 0
    outer loop
      vertex 0.0038633 -0.0295006 0.0629638
      vertex 0.0229997 -0.0295006 0.0432317
      vertex 0.00346371 -0.0295006 0.0619996
    endloop
  endfacet
  facet normal 0 1 0
    outer loop
      vertex 0.0399999 -0.0295006 0.0789998
      vertex 0.026 -0.0295006 0.0414998
      vertex 0.0249996 -0.0295006 0.0432317
    endloop
  endfacet
  facet normal 0 1 0
    outer loop
      vertex 0.00399967 -0.0295006 0.0189994
      vertex 0.0229997 -0.0295006 0.0397679
      vertex 0.0249996 -0.0295006 0.0397679
    endloop
  endfacet
  facet normal 0 1 0
    outer loop
      vertex 0.0229997 -0.0295006 0.0397679
      vertex 0.0010347 -0.0295006 0.0228637
      vertex -3.8147e-08 -0.0295006 0.0229991
    endloop
  endfacet
  facet normal 0 1 0
    outer loop
      vertex 0.0229997 -0.0295006 0.0397679
      vertex 0.00199982 -0.0295006 0.0224641
      vertex 0.0010347 -0.0295006 0.0228637
    endloop
  endfacet
  facet normal 0 1 0
    outer loop
      vertex 0.0229997 -0.0295006 0.0397679
      vertex 0.00282761 -0.0295006 0.021828
      vertex 0.00199982 -0.0295006 0.0224641
    endloop
  endfacet
  facet normal 0 1 0
    outer loop
      vertex 0.0229997 -0.0295006 0.0397679
      vertex 0.00346371 -0.0295006 0.0209992
      vertex 0.00282761 -0.0295006 0.021828
    endloop
  endfacet
  facet normal 0 1 0
    outer loop
      vertex 0.0229997 -0.0295006 0.0397679
      vertex 0.0038633 -0.0295006 0.0200351
      vertex 0.00346371 -0.0295006 0.0209992
    endloop
  endfacet
  facet normal 0 1 0
    outer loop
      vertex 0.0229997 -0.0295006 0.0397679
      vertex 0.00399967 -0.0295006 0.0189994
      vertex 0.0038633 -0.0295006 0.0200351
    endloop
  endfacet
  facet normal 0 1 0
    outer loop
      vertex 0.0399999 -0.0295006 0.004
      vertex 0.00399967 -0.0295006 0.0189994
      vertex 0.0249996 -0.0295006 0.0397679
    endloop
  endfacet
  facet normal 0 1 0
    outer loop
      vertex 0.00399967 -0.0295006 0.0189994
      vertex 0.0399999 -0.0295006 0.004
      vertex 0.0038633 -0.0295006 0.0179647
    endloop
  endfacet
  facet normal 0 1 0
    outer loop
      vertex 0.0038633 -0.0295006 0.0179647
      vertex 0.0399999 -0.0295006 0.004
      vertex 0.00346371 -0.0295006 0.0169995
    endloop
  endfacet
  facet normal 0 1 0
    outer loop
      vertex -0.0200062 -0.0295006 0.004
      vertex 0.0010347 -0.0295006 0.0151361
      vertex 0.0399999 -0.0295006 0.004
    endloop
  endfacet
  facet normal 0 1 0
    outer loop
      vertex 0.00199982 -0.0295006 0.0155356
      vertex 0.0399999 -0.0295006 0.004
      vertex 0.0010347 -0.0295006 0.0151361
    endloop
  endfacet
  facet normal 0 1 0
    outer loop
      vertex 0.00282761 -0.0295006 0.0161708
      vertex 0.0399999 -0.0295006 0.004
      vertex 0.00199982 -0.0295006 0.0155356
    endloop
  endfacet
  facet normal 0 1 0
    outer loop
      vertex 0.00346371 -0.0295006 0.0169995
      vertex 0.0399999 -0.0295006 0.004
      vertex 0.00282761 -0.0295006 0.0161708
    endloop
  endfacet
  facet normal 0 1 0
    outer loop
      vertex 0.026 -0.0295006 0.0414998
      vertex 0.0399999 -0.0295006 0.004
      vertex 0.0249996 -0.0295006 0.0397679
    endloop
  endfacet
  facet normal 0 1 -0
    outer loop
      vertex 0.0399999 -0.0295006 0.004
      vertex 0.026 -0.0295006 0.0414998
      vertex 0.0399999 -0.0295006 0.0789998
    endloop
  endfacet
  facet normal 0 1 -0
    outer loop
      vertex -0.00103573 -0.0295006 0.0678628
      vertex -0.04 -0.0295006 0.0789998
      vertex -3.8147e-08 -0.0295006 0.0679992
    endloop
  endfacet
  facet normal 0 1 -0
    outer loop
      vertex -0.00200085 -0.0295006 0.0674632
      vertex -0.04 -0.0295006 0.0789998
      vertex -0.00103573 -0.0295006 0.0678628
    endloop
  endfacet
  facet normal 0 1 -0
    outer loop
      vertex -0.00282864 -0.0295006 0.0668281
      vertex -0.04 -0.0295006 0.0789998
      vertex -0.00200085 -0.0295006 0.0674632
    endloop
  endfacet
  facet normal 0 1 -0
    outer loop
      vertex -0.00346474 -0.0295006 0.0659993
      vertex -0.04 -0.0295006 0.0789998
      vertex -0.00282864 -0.0295006 0.0668281
    endloop
  endfacet
  facet normal 0 1 -0
    outer loop
      vertex -0.00386433 -0.0295006 0.0650352
      vertex -0.04 -0.0295006 0.0789998
      vertex -0.00346474 -0.0295006 0.0659993
    endloop
  endfacet
  facet normal 0 1 0
    outer loop
      vertex -0.0200062 -0.0295006 0.0519998
      vertex -0.00386433 -0.0295006 0.0650352
      vertex -0.0040007 -0.0295006 0.0639995
    endloop
  endfacet
  facet normal 0 1 0
    outer loop
      vertex -0.0200062 -0.0295006 0.0519998
      vertex -0.0040007 -0.0295006 0.0639995
      vertex -0.00386433 -0.0295006 0.0629638
    endloop
  endfacet
  facet normal 0 1 0
    outer loop
      vertex -0.0200062 -0.0295006 0.0519998
      vertex -0.00386433 -0.0295006 0.0629638
      vertex -0.00346474 -0.0295006 0.0619996
    endloop
  endfacet
  facet normal 0 1 0
    outer loop
      vertex -0.0200062 -0.0295006 0.0519998
      vertex -0.00346474 -0.0295006 0.0619996
      vertex -0.00282864 -0.0295006 0.0611709
    endloop
  endfacet
  facet normal 0 1 0
    outer loop
      vertex -0.0200062 -0.0295006 0.0519998
      vertex -0.00282864 -0.0295006 0.0611709
      vertex -0.00200085 -0.0295006 0.0605357
    endloop
  endfacet
  facet normal 0 1 0
    outer loop
      vertex -0.0200062 -0.0295006 0.0519998
      vertex -0.00103573 -0.0295006 0.0601361
      vertex -3.8147e-08 -0.0295006 0.0599998
    endloop
  endfacet
  facet normal 0 1 0
    outer loop
      vertex -0.0200062 -0.0295006 0.0519998
      vertex -0.00200085 -0.0295006 0.0605357
      vertex -0.00103573 -0.0295006 0.0601361
    endloop
  endfacet
  facet normal 0 1 0
    outer loop
      vertex -0.0240002 -0.0295006 0.0519998
      vertex -0.00386433 -0.0295006 0.0650352
      vertex -0.0200062 -0.0295006 0.0519998
    endloop
  endfacet
  facet normal 0 1 0
    outer loop
      vertex -0.00386433 -0.0295006 0.0650352
      vertex -0.0240002 -0.0295006 0.0519998
      vertex -0.04 -0.0295006 0.0789998
    endloop
  endfacet
  facet normal 0 1 0
    outer loop
      vertex -0.0250006 -0.0295006 0.0432317
      vertex -0.0240002 -0.0295006 0.0519998
      vertex -0.0240002 -0.0295006 0.0432317
    endloop
  endfacet
  facet normal 0 1 0
    outer loop
      vertex -0.0260001 -0.0295006 0.0414998
      vertex -0.0240002 -0.0295006 0.0519998
      vertex -0.0250006 -0.0295006 0.0432317
    endloop
  endfacet
  facet normal 0 1 0
    outer loop
      vertex -0.0240002 -0.0295006 0.0519998
      vertex -0.0260001 -0.0295006 0.0414998
      vertex -0.04 -0.0295006 0.0789998
    endloop
  endfacet
  facet normal 0 1 0
    outer loop
      vertex -0.04 -0.0295006 0.004
      vertex -0.0250006 -0.0295006 0.0397679
      vertex -0.0240002 -0.0295006 0.004
    endloop
  endfacet
  facet normal 0 1 0
    outer loop
      vertex -0.0250006 -0.0295006 0.0397679
      vertex -0.04 -0.0295006 0.004
      vertex -0.0260001 -0.0295006 0.0414998
    endloop
  endfacet
  facet normal 0 1 0
    outer loop
      vertex -0.0260001 -0.0295006 0.0414998
      vertex -0.04 -0.0295006 0.004
      vertex -0.04 -0.0295006 0.0789998
    endloop
  endfacet
  facet normal 0 1 0
    outer loop
      vertex 0.00199982 -0.0295006 0.0605357
      vertex 0.0219993 -0.0295006 0.0414998
      vertex 0.0010347 -0.0295006 0.0601361
    endloop
  endfacet
  facet normal 0 1 0
    outer loop
      vertex -3.8147e-08 -0.0295006 0.0229991
      vertex 0.0010347 -0.0295006 0.0601361
      vertex 0.0219993 -0.0295006 0.0414998
    endloop
  endfacet
  facet normal 0 1 0
    outer loop
      vertex -3.8147e-08 -0.0295006 0.0229991
      vertex 0.0219993 -0.0295006 0.0414998
      vertex 0.0229997 -0.0295006 0.0397679
    endloop
  endfacet
  facet normal 0 1 0
    outer loop
      vertex -3.8147e-08 -0.0295006 0.0599998
      vertex -3.8147e-08 -0.0295006 0.0229991
      vertex -0.00103573 -0.0295006 0.0228637
    endloop
  endfacet
  facet normal 0 1 0
    outer loop
      vertex -3.8147e-08 -0.0295006 0.0599998
      vertex -0.00103573 -0.0295006 0.0228637
      vertex -0.0200062 -0.0295006 0.0519998
    endloop
  endfacet
  facet normal 0 1 -0
    outer loop
      vertex -0.00200085 -0.0295006 0.0224641
      vertex -0.0200062 -0.0295006 0.0519998
      vertex -0.00103573 -0.0295006 0.0228637
    endloop
  endfacet
  facet normal 0 1 -0
    outer loop
      vertex -0.00282864 -0.0295006 0.021828
      vertex -0.0200062 -0.0295006 0.0519998
      vertex -0.00200085 -0.0295006 0.0224641
    endloop
  endfacet
  facet normal 0 1 -0
    outer loop
      vertex -0.00346474 -0.0295006 0.0209992
      vertex -0.0200062 -0.0295006 0.0519998
      vertex -0.00282864 -0.0295006 0.021828
    endloop
  endfacet
  facet normal 0 1 -0
    outer loop
      vertex -0.00386433 -0.0295006 0.0200351
      vertex -0.0200062 -0.0295006 0.0519998
      vertex -0.00346474 -0.0295006 0.0209992
    endloop
  endfacet
  facet normal 0 1 0
    outer loop
      vertex -0.0200062 -0.0295006 0.004
      vertex -0.00386433 -0.0295006 0.0200351
      vertex -0.0040007 -0.0295006 0.0189994
    endloop
  endfacet
  facet normal 0 1 0
    outer loop
      vertex -0.0200062 -0.0295006 0.004
      vertex -0.0040007 -0.0295006 0.0189994
      vertex -0.00386433 -0.0295006 0.0179647
    endloop
  endfacet
  facet normal 0 1 0
    outer loop
      vertex -0.0200062 -0.0295006 0.004
      vertex -0.00386433 -0.0295006 0.0179647
      vertex -0.00346474 -0.0295006 0.0169995
    endloop
  endfacet
  facet normal 0 1 0
    outer loop
      vertex 0.0010347 -0.0295006 0.0151361
      vertex -0.0200062 -0.0295006 0.004
      vertex -3.8147e-08 -0.0295006 0.0149997
    endloop
  endfacet
  facet normal 0 1 0
    outer loop
      vertex -0.00386433 -0.0295006 0.0200351
      vertex -0.0200062 -0.0295006 0.004
      vertex -0.0200062 -0.0295006 0.0519998
    endloop
  endfacet
  facet normal 0 1 0
    outer loop
      vertex -0.00282864 -0.0295006 0.0161708
      vertex -0.0200062 -0.0295006 0.004
      vertex -0.00346474 -0.0295006 0.0169995
    endloop
  endfacet
  facet normal 0 1 0
    outer loop
      vertex -0.00200085 -0.0295006 0.0155356
      vertex -0.0200062 -0.0295006 0.004
      vertex -0.00282864 -0.0295006 0.0161708
    endloop
  endfacet
  facet normal 0 1 0
    outer loop
      vertex -0.00103573 -0.0295006 0.0151361
      vertex -0.0200062 -0.0295006 0.004
      vertex -0.00200085 -0.0295006 0.0155356
    endloop
  endfacet
  facet normal 0 1 0
    outer loop
      vertex -3.8147e-08 -0.0295006 0.0149997
      vertex -0.0200062 -0.0295006 0.004
      vertex -0.00103573 -0.0295006 0.0151361
    endloop
  endfacet
  facet normal -0.382466 0 0.923969
    outer loop
      vertex 0.0010347 -0.0295006 0.0151361
      vertex 0.00199982 -0.0375 0.0155356
      vertex 0.00199982 -0.0295006 0.0155356
    endloop
  endfacet
  facet normal -0.382466 0 0.923969
    outer loop
      vertex 0.00199982 -0.0375 0.0155356
      vertex 0.0010347 -0.0295006 0.0151361
      vertex 0.0010347 -0.0375 0.0151361
    endloop
  endfacet
  facet normal 0.991443 0 -0.130543
    outer loop
      vertex -0.00386433 -0.0375 0.0200351
      vertex -0.0040007 -0.0295006 0.0189994
      vertex -0.00386433 -0.0295006 0.0200351
    endloop
  endfacet
  facet normal 0.991443 0 -0.130543
    outer loop
      vertex -0.0040007 -0.0295006 0.0189994
      vertex -0.00386433 -0.0375 0.0200351
      vertex -0.0040007 -0.0375 0.0189994
    endloop
  endfacet
  facet normal -0.991443 0 -0.130543
    outer loop
      vertex 0.00399967 -0.0375 0.0189994
      vertex 0.0038633 -0.0295006 0.0200351
      vertex 0.00399967 -0.0295006 0.0189994
    endloop
  endfacet
  facet normal -0.991443 -0 -0.130543
    outer loop
      vertex 0.0038633 -0.0295006 0.0200351
      vertex 0.00399967 -0.0375 0.0189994
      vertex 0.0038633 -0.0375 0.0200351
    endloop
  endfacet
  facet normal 0.129631 0 -0.991562
    outer loop
      vertex -0.00103573 -0.0375 0.0228637
      vertex -3.8147e-08 -0.0295006 0.0229991
      vertex -3.8147e-08 -0.0375 0.0229991
    endloop
  endfacet
  facet normal 0.129631 0 -0.991562
    outer loop
      vertex -3.8147e-08 -0.0295006 0.0229991
      vertex -0.00103573 -0.0375 0.0228637
      vertex -0.00103573 -0.0295006 0.0228637
    endloop
  endfacet
  facet normal -0.92395 0 0.382513
    outer loop
      vertex 0.00346371 -0.0375 0.0169995
      vertex 0.0038633 -0.0295006 0.0179647
      vertex 0.00346371 -0.0295006 0.0169995
    endloop
  endfacet
  facet normal -0.92395 0 0.382513
    outer loop
      vertex 0.0038633 -0.0295006 0.0179647
      vertex 0.00346371 -0.0375 0.0169995
      vertex 0.0038633 -0.0375 0.0179647
    endloop
  endfacet
  facet normal 0.130572 0 0.991439
    outer loop
      vertex -0.00103573 -0.0295006 0.0151361
      vertex -3.8147e-08 -0.0375 0.0149997
      vertex -3.8147e-08 -0.0295006 0.0149997
    endloop
  endfacet
  facet normal 0.130572 0 0.991439
    outer loop
      vertex -3.8147e-08 -0.0375 0.0149997
      vertex -0.00103573 -0.0295006 0.0151361
      vertex -0.00103573 -0.0375 0.0151361
    endloop
  endfacet
  facet normal 0.382466 0 0.923969
    outer loop
      vertex -0.00200085 -0.0295006 0.0155356
      vertex -0.00103573 -0.0375 0.0151361
      vertex -0.00103573 -0.0295006 0.0151361
    endloop
  endfacet
  facet normal 0.382466 0 0.923969
    outer loop
      vertex -0.00103573 -0.0375 0.0151361
      vertex -0.00200085 -0.0295006 0.0155356
      vertex -0.00200085 -0.0375 0.0155356
    endloop
  endfacet
  facet normal 0.991426 -0 0.130667
    outer loop
      vertex -0.0040007 -0.0375 0.0189994
      vertex -0.00386433 -0.0295006 0.0179647
      vertex -0.0040007 -0.0295006 0.0189994
    endloop
  endfacet
  facet normal 0.991426 0 0.130667
    outer loop
      vertex -0.00386433 -0.0295006 0.0179647
      vertex -0.0040007 -0.0375 0.0189994
      vertex -0.00386433 -0.0375 0.0179647
    endloop
  endfacet
  facet normal -0.382548 0 -0.923936
    outer loop
      vertex 0.0010347 -0.0375 0.0228637
      vertex 0.00199982 -0.0295006 0.0224641
      vertex 0.00199982 -0.0375 0.0224641
    endloop
  endfacet
  facet normal -0.382548 0 -0.923936
    outer loop
      vertex 0.00199982 -0.0295006 0.0224641
      vertex 0.0010347 -0.0375 0.0228637
      vertex 0.0010347 -0.0295006 0.0228637
    endloop
  endfacet
  facet normal -0.923796 0 -0.382885
    outer loop
      vertex 0.0038633 -0.0375 0.0200351
      vertex 0.00346371 -0.0295006 0.0209992
      vertex 0.0038633 -0.0295006 0.0200351
    endloop
  endfacet
  facet normal -0.923796 -0 -0.382885
    outer loop
      vertex 0.00346371 -0.0295006 0.0209992
      vertex 0.0038633 -0.0375 0.0200351
      vertex 0.00346371 -0.0375 0.0209992
    endloop
  endfacet
  facet normal 0.923796 0 -0.382885
    outer loop
      vertex -0.00346474 -0.0375 0.0209992
      vertex -0.00386433 -0.0295006 0.0200351
      vertex -0.00346474 -0.0295006 0.0209992
    endloop
  endfacet
  facet normal 0.923796 0 -0.382885
    outer loop
      vertex -0.00386433 -0.0295006 0.0200351
      vertex -0.00346474 -0.0375 0.0209992
      vertex -0.00386433 -0.0375 0.0200351
    endloop
  endfacet
  facet normal 0.382548 0 -0.923936
    outer loop
      vertex -0.00200085 -0.0375 0.0224641
      vertex -0.00103573 -0.0295006 0.0228637
      vertex -0.00103573 -0.0375 0.0228637
    endloop
  endfacet
  facet normal 0.382548 0 -0.923936
    outer loop
      vertex -0.00103573 -0.0295006 0.0228637
      vertex -0.00200085 -0.0375 0.0224641
      vertex -0.00200085 -0.0295006 0.0224641
    endloop
  endfacet
  facet normal -0.793253 0 0.608892
    outer loop
      vertex 0.00282761 -0.0375 0.0161708
      vertex 0.00346371 -0.0295006 0.0169995
      vertex 0.00282761 -0.0295006 0.0161708
    endloop
  endfacet
  facet normal -0.793253 0 0.608892
    outer loop
      vertex 0.00346371 -0.0295006 0.0169995
      vertex 0.00282761 -0.0375 0.0161708
      vertex 0.00346371 -0.0375 0.0169995
    endloop
  endfacet
  facet normal -0.60877 0 0.793347
    outer loop
      vertex 0.00199982 -0.0295006 0.0155356
      vertex 0.00282761 -0.0375 0.0161708
      vertex 0.00282761 -0.0295006 0.0161708
    endloop
  endfacet
  facet normal -0.60877 0 0.793347
    outer loop
      vertex 0.00282761 -0.0375 0.0161708
      vertex 0.00199982 -0.0295006 0.0155356
      vertex 0.00199982 -0.0375 0.0155356
    endloop
  endfacet
  facet normal -0.13069 0 0.991423
    outer loop
      vertex -3.8147e-08 -0.0295006 0.0149997
      vertex 0.0010347 -0.0375 0.0151361
      vertex 0.0010347 -0.0295006 0.0151361
    endloop
  endfacet
  facet normal -0.13069 0 0.991423
    outer loop
      vertex 0.0010347 -0.0375 0.0151361
      vertex -3.8147e-08 -0.0295006 0.0149997
      vertex -3.8147e-08 -0.0375 0.0149997
    endloop
  endfacet
  facet normal 0.92395 -0 0.382513
    outer loop
      vertex -0.00386433 -0.0375 0.0179647
      vertex -0.00346474 -0.0295006 0.0169995
      vertex -0.00386433 -0.0295006 0.0179647
    endloop
  endfacet
  facet normal 0.92395 0 0.382513
    outer loop
      vertex -0.00346474 -0.0295006 0.0169995
      vertex -0.00386433 -0.0375 0.0179647
      vertex -0.00346474 -0.0375 0.0169995
    endloop
  endfacet
  facet normal 0.60877 0 0.793347
    outer loop
      vertex -0.00282864 -0.0295006 0.0161708
      vertex -0.00200085 -0.0375 0.0155356
      vertex -0.00200085 -0.0295006 0.0155356
    endloop
  endfacet
  facet normal 0.60877 0 0.793347
    outer loop
      vertex -0.00200085 -0.0375 0.0155356
      vertex -0.00282864 -0.0295006 0.0161708
      vertex -0.00282864 -0.0375 0.0161708
    endloop
  endfacet
  facet normal 0.793253 -0 0.608892
    outer loop
      vertex -0.00346474 -0.0375 0.0169995
      vertex -0.00282864 -0.0295006 0.0161708
      vertex -0.00346474 -0.0295006 0.0169995
    endloop
  endfacet
  facet normal 0.793253 0 0.608892
    outer loop
      vertex -0.00282864 -0.0295006 0.0161708
      vertex -0.00346474 -0.0375 0.0169995
      vertex -0.00282864 -0.0375 0.0161708
    endloop
  endfacet
  facet normal -0.991426 0 0.130667
    outer loop
      vertex 0.0038633 -0.0375 0.0179647
      vertex 0.00399967 -0.0295006 0.0189994
      vertex 0.0038633 -0.0295006 0.0179647
    endloop
  endfacet
  facet normal -0.991426 0 0.130667
    outer loop
      vertex 0.00399967 -0.0295006 0.0189994
      vertex 0.0038633 -0.0375 0.0179647
      vertex 0.00399967 -0.0375 0.0189994
    endloop
  endfacet
  facet normal -0.609313 0 -0.79293
    outer loop
      vertex 0.00199982 -0.0375 0.0224641
      vertex 0.00282761 -0.0295006 0.021828
      vertex 0.00282761 -0.0375 0.021828
    endloop
  endfacet
  facet normal -0.609313 0 -0.79293
    outer loop
      vertex 0.00282761 -0.0295006 0.021828
      vertex 0.00199982 -0.0375 0.0224641
      vertex 0.00199982 -0.0295006 0.0224641
    endloop
  endfacet
  facet normal -0.129748 0 -0.991547
    outer loop
      vertex -3.8147e-08 -0.0375 0.0229991
      vertex 0.0010347 -0.0295006 0.0228637
      vertex 0.0010347 -0.0375 0.0228637
    endloop
  endfacet
  facet normal -0.129748 0 -0.991547
    outer loop
      vertex 0.0010347 -0.0295006 0.0228637
      vertex -3.8147e-08 -0.0375 0.0229991
      vertex -3.8147e-08 -0.0295006 0.0229991
    endloop
  endfacet
  facet normal 0.793289 0 -0.608845
    outer loop
      vertex -0.00282864 -0.0375 0.021828
      vertex -0.00346474 -0.0295006 0.0209992
      vertex -0.00282864 -0.0295006 0.021828
    endloop
  endfacet
  facet normal 0.793289 0 -0.608845
    outer loop
      vertex -0.00346474 -0.0295006 0.0209992
      vertex -0.00282864 -0.0375 0.021828
      vertex -0.00346474 -0.0375 0.0209992
    endloop
  endfacet
  facet normal -0.793289 0 -0.608845
    outer loop
      vertex 0.00346371 -0.0375 0.0209992
      vertex 0.00282761 -0.0295006 0.021828
      vertex 0.00346371 -0.0295006 0.0209992
    endloop
  endfacet
  facet normal -0.793289 -0 -0.608845
    outer loop
      vertex 0.00282761 -0.0295006 0.021828
      vertex 0.00346371 -0.0375 0.0209992
      vertex 0.00282761 -0.0375 0.021828
    endloop
  endfacet
  facet normal 0.609313 0 -0.79293
    outer loop
      vertex -0.00282864 -0.0375 0.021828
      vertex -0.00200085 -0.0295006 0.0224641
      vertex -0.00200085 -0.0375 0.0224641
    endloop
  endfacet
  facet normal 0.609313 0 -0.79293
    outer loop
      vertex -0.00200085 -0.0295006 0.0224641
      vertex -0.00282864 -0.0375 0.021828
      vertex -0.00282864 -0.0295006 0.021828
    endloop
  endfacet
  facet normal -0.991443 0 0.130543
    outer loop
      vertex 0.0038633 -0.0375 0.0629638
      vertex 0.00399967 -0.0295006 0.0639995
      vertex 0.0038633 -0.0295006 0.0629638
    endloop
  endfacet
  facet normal -0.991443 0 0.130543
    outer loop
      vertex 0.00399967 -0.0295006 0.0639995
      vertex 0.0038633 -0.0375 0.0629638
      vertex 0.00399967 -0.0375 0.0639995
    endloop
  endfacet
  facet normal 0.991443 -0 0.130543
    outer loop
      vertex -0.0040007 -0.0375 0.0639995
      vertex -0.00386433 -0.0295006 0.0629638
      vertex -0.0040007 -0.0295006 0.0639995
    endloop
  endfacet
  facet normal 0.991443 0 0.130543
    outer loop
      vertex -0.00386433 -0.0295006 0.0629638
      vertex -0.0040007 -0.0375 0.0639995
      vertex -0.00386433 -0.0375 0.0629638
    endloop
  endfacet
  facet normal 0.130478 0 0.991451
    outer loop
      vertex -0.00103573 -0.0295006 0.0601361
      vertex -3.8147e-08 -0.0375 0.0599998
      vertex -3.8147e-08 -0.0295006 0.0599998
    endloop
  endfacet
  facet normal 0.130478 0 0.991451
    outer loop
      vertex -3.8147e-08 -0.0375 0.0599998
      vertex -0.00103573 -0.0295006 0.0601361
      vertex -0.00103573 -0.0375 0.0601361
    endloop
  endfacet
  facet normal 0.793289 0 -0.608845
    outer loop
      vertex -0.00282864 -0.0375 0.0668281
      vertex -0.00346474 -0.0295006 0.0659993
      vertex -0.00282864 -0.0295006 0.0668281
    endloop
  endfacet
  facet normal 0.793289 0 -0.608845
    outer loop
      vertex -0.00346474 -0.0295006 0.0659993
      vertex -0.00282864 -0.0375 0.0668281
      vertex -0.00346474 -0.0375 0.0659993
    endloop
  endfacet
  facet normal -0.60877 0 0.793347
    outer loop
      vertex 0.00199982 -0.0295006 0.0605357
      vertex 0.00282761 -0.0375 0.0611709
      vertex 0.00282761 -0.0295006 0.0611709
    endloop
  endfacet
  facet normal -0.60877 0 0.793347
    outer loop
      vertex 0.00282761 -0.0375 0.0611709
      vertex 0.00199982 -0.0295006 0.0605357
      vertex 0.00199982 -0.0375 0.0605357
    endloop
  endfacet
  facet normal -0.92381 0 0.382851
    outer loop
      vertex 0.00346371 -0.0375 0.0619996
      vertex 0.0038633 -0.0295006 0.0629638
      vertex 0.00346371 -0.0295006 0.0619996
    endloop
  endfacet
  facet normal -0.92381 0 0.382851
    outer loop
      vertex 0.0038633 -0.0295006 0.0629638
      vertex 0.00346371 -0.0375 0.0619996
      vertex 0.0038633 -0.0375 0.0629638
    endloop
  endfacet
  facet normal 0.793253 -0 0.608892
    outer loop
      vertex -0.00346474 -0.0375 0.0619996
      vertex -0.00282864 -0.0295006 0.0611709
      vertex -0.00346474 -0.0295006 0.0619996
    endloop
  endfacet
  facet normal 0.793253 0 0.608892
    outer loop
      vertex -0.00282864 -0.0295006 0.0611709
      vertex -0.00346474 -0.0375 0.0619996
      vertex -0.00282864 -0.0375 0.0611709
    endloop
  endfacet
  facet normal 0.92381 -0 0.382851
    outer loop
      vertex -0.00386433 -0.0375 0.0629638
      vertex -0.00346474 -0.0295006 0.0619996
      vertex -0.00386433 -0.0295006 0.0629638
    endloop
  endfacet
  facet normal 0.92381 0 0.382851
    outer loop
      vertex -0.00346474 -0.0295006 0.0619996
      vertex -0.00386433 -0.0375 0.0629638
      vertex -0.00346474 -0.0375 0.0619996
    endloop
  endfacet
  facet normal 0.382548 0 0.923936
    outer loop
      vertex -0.00200085 -0.0295006 0.0605357
      vertex -0.00103573 -0.0375 0.0601361
      vertex -0.00103573 -0.0295006 0.0601361
    endloop
  endfacet
  facet normal 0.382548 0 0.923936
    outer loop
      vertex -0.00103573 -0.0375 0.0601361
      vertex -0.00200085 -0.0295006 0.0605357
      vertex -0.00200085 -0.0375 0.0605357
    endloop
  endfacet
  facet normal -0.793289 0 -0.608845
    outer loop
      vertex 0.00346371 -0.0375 0.0659993
      vertex 0.00282761 -0.0295006 0.0668281
      vertex 0.00346371 -0.0295006 0.0659993
    endloop
  endfacet
  facet normal -0.793289 -0 -0.608845
    outer loop
      vertex 0.00282761 -0.0295006 0.0668281
      vertex 0.00346371 -0.0375 0.0659993
      vertex 0.00282761 -0.0375 0.0668281
    endloop
  endfacet
  facet normal -0.923796 0 -0.382885
    outer loop
      vertex 0.0038633 -0.0375 0.0650352
      vertex 0.00346371 -0.0295006 0.0659993
      vertex 0.0038633 -0.0295006 0.0650352
    endloop
  endfacet
  facet normal -0.923796 -0 -0.382885
    outer loop
      vertex 0.00346371 -0.0295006 0.0659993
      vertex 0.0038633 -0.0375 0.0650352
      vertex 0.00346371 -0.0375 0.0659993
    endloop
  endfacet
  facet normal 0.991443 0 -0.130543
    outer loop
      vertex -0.00386433 -0.0375 0.0650352
      vertex -0.0040007 -0.0295006 0.0639995
      vertex -0.00386433 -0.0295006 0.0650352
    endloop
  endfacet
  facet normal 0.991443 0 -0.130543
    outer loop
      vertex -0.0040007 -0.0295006 0.0639995
      vertex -0.00386433 -0.0375 0.0650352
      vertex -0.0040007 -0.0375 0.0639995
    endloop
  endfacet
  facet normal -0.793253 0 0.608892
    outer loop
      vertex 0.00282761 -0.0375 0.0611709
      vertex 0.00346371 -0.0295006 0.0619996
      vertex 0.00282761 -0.0295006 0.0611709
    endloop
  endfacet
  facet normal -0.793253 0 0.608892
    outer loop
      vertex 0.00346371 -0.0295006 0.0619996
      vertex 0.00282761 -0.0375 0.0611709
      vertex 0.00346371 -0.0375 0.0619996
    endloop
  endfacet
  facet normal -0.130596 0 0.991436
    outer loop
      vertex -3.8147e-08 -0.0295006 0.0599998
      vertex 0.0010347 -0.0375 0.0601361
      vertex 0.0010347 -0.0295006 0.0601361
    endloop
  endfacet
  facet normal -0.130596 0 0.991436
    outer loop
      vertex 0.0010347 -0.0375 0.0601361
      vertex -3.8147e-08 -0.0295006 0.0599998
      vertex -3.8147e-08 -0.0375 0.0599998
    endloop
  endfacet
  facet normal -0.382548 0 0.923936
    outer loop
      vertex 0.0010347 -0.0295006 0.0601361
      vertex 0.00199982 -0.0375 0.0605357
      vertex 0.00199982 -0.0295006 0.0605357
    endloop
  endfacet
  facet normal -0.382548 0 0.923936
    outer loop
      vertex 0.00199982 -0.0375 0.0605357
      vertex 0.0010347 -0.0295006 0.0601361
      vertex 0.0010347 -0.0375 0.0601361
    endloop
  endfacet
  facet normal 0.60877 0 0.793347
    outer loop
      vertex -0.00282864 -0.0295006 0.0611709
      vertex -0.00200085 -0.0375 0.0605357
      vertex -0.00200085 -0.0295006 0.0605357
    endloop
  endfacet
  facet normal 0.60877 0 0.793347
    outer loop
      vertex -0.00200085 -0.0375 0.0605357
      vertex -0.00282864 -0.0295006 0.0611709
      vertex -0.00282864 -0.0375 0.0611709
    endloop
  endfacet
  facet normal -0.13069 0 -0.991423
    outer loop
      vertex -3.8147e-08 -0.0375 0.0679992
      vertex 0.0010347 -0.0295006 0.0678628
      vertex 0.0010347 -0.0375 0.0678628
    endloop
  endfacet
  facet normal -0.13069 0 -0.991423
    outer loop
      vertex 0.0010347 -0.0295006 0.0678628
      vertex -3.8147e-08 -0.0375 0.0679992
      vertex -3.8147e-08 -0.0295006 0.0679992
    endloop
  endfacet
  facet normal -0.60871 0 -0.793393
    outer loop
      vertex 0.00199982 -0.0375 0.0674632
      vertex 0.00282761 -0.0295006 0.0668281
      vertex 0.00282761 -0.0375 0.0668281
    endloop
  endfacet
  facet normal -0.60871 0 -0.793393
    outer loop
      vertex 0.00282761 -0.0295006 0.0668281
      vertex 0.00199982 -0.0375 0.0674632
      vertex 0.00199982 -0.0295006 0.0674632
    endloop
  endfacet
  facet normal 0.60871 0 -0.793393
    outer loop
      vertex -0.00282864 -0.0375 0.0668281
      vertex -0.00200085 -0.0295006 0.0674632
      vertex -0.00200085 -0.0375 0.0674632
    endloop
  endfacet
  facet normal 0.60871 0 -0.793393
    outer loop
      vertex -0.00200085 -0.0295006 0.0674632
      vertex -0.00282864 -0.0375 0.0668281
      vertex -0.00282864 -0.0295006 0.0668281
    endloop
  endfacet
  facet normal 0.130572 0 -0.991439
    outer loop
      vertex -0.00103573 -0.0375 0.0678628
      vertex -3.8147e-08 -0.0295006 0.0679992
      vertex -3.8147e-08 -0.0375 0.0679992
    endloop
  endfacet
  facet normal 0.130572 0 -0.991439
    outer loop
      vertex -3.8147e-08 -0.0295006 0.0679992
      vertex -0.00103573 -0.0375 0.0678628
      vertex -0.00103573 -0.0295006 0.0678628
    endloop
  endfacet
  facet normal 0.923796 0 -0.382885
    outer loop
      vertex -0.00346474 -0.0375 0.0659993
      vertex -0.00386433 -0.0295006 0.0650352
      vertex -0.00346474 -0.0295006 0.0659993
    endloop
  endfacet
  facet normal 0.923796 0 -0.382885
    outer loop
      vertex -0.00386433 -0.0295006 0.0650352
      vertex -0.00346474 -0.0375 0.0659993
      vertex -0.00386433 -0.0375 0.0650352
    endloop
  endfacet
  facet normal -0.991443 0 -0.130543
    outer loop
      vertex 0.00399967 -0.0375 0.0639995
      vertex 0.0038633 -0.0295006 0.0650352
      vertex 0.00399967 -0.0295006 0.0639995
    endloop
  endfacet
  facet normal -0.991443 -0 -0.130543
    outer loop
      vertex 0.0038633 -0.0295006 0.0650352
      vertex 0.00399967 -0.0375 0.0639995
      vertex 0.0038633 -0.0375 0.0650352
    endloop
  endfacet
  facet normal -0.382548 0 -0.923936
    outer loop
      vertex 0.0010347 -0.0375 0.0678628
      vertex 0.00199982 -0.0295006 0.0674632
      vertex 0.00199982 -0.0375 0.0674632
    endloop
  endfacet
  facet normal -0.382548 0 -0.923936
    outer loop
      vertex 0.00199982 -0.0295006 0.0674632
      vertex 0.0010347 -0.0375 0.0678628
      vertex 0.0010347 -0.0295006 0.0678628
    endloop
  endfacet
  facet normal 0.382548 0 -0.923936
    outer loop
      vertex -0.00200085 -0.0375 0.0674632
      vertex -0.00103573 -0.0295006 0.0678628
      vertex -0.00103573 -0.0375 0.0678628
    endloop
  endfacet
  facet normal 0.382548 0 -0.923936
    outer loop
      vertex -0.00103573 -0.0295006 0.0678628
      vertex -0.00200085 -0.0375 0.0674632
      vertex -0.00200085 -0.0295006 0.0674632
    endloop
  endfacet
  facet normal 0.865916 0.500189 0
    outer loop
      vertex -0.0220004 -5.72205e-07 0.00499982
      vertex -0.0230008 0.0017313 0.00399942
      vertex -0.0230008 0.0017313 0.00499982
    endloop
  endfacet
  facet normal 0.865916 0.500189 0
    outer loop
      vertex -0.0230008 0.0017313 0.00399942
      vertex -0.0220004 -5.72205e-07 0.00499982
      vertex -0.0220004 -5.72205e-07 0.00399942
    endloop
  endfacet
  facet normal 0 1 -0
    outer loop
      vertex -0.0230008 0.0017313 0.00399942
      vertex -0.0250006 0.0017313 0.00499982
      vertex -0.0230008 0.0017313 0.00499982
    endloop
  endfacet
  facet normal 0 1 0
    outer loop
      vertex -0.0250006 0.0017313 0.00499982
      vertex -0.0230008 0.0017313 0.00399942
      vertex -0.0250006 0.0017313 0.00399942
    endloop
  endfacet
  facet normal 0 -1 0
    outer loop
      vertex -0.0250006 -0.00173244 0.00399942
      vertex -0.0230008 -0.00173244 0.00499982
      vertex -0.0250006 -0.00173244 0.00499982
    endloop
  endfacet
  facet normal 0 -1 -0
    outer loop
      vertex -0.0230008 -0.00173244 0.00499982
      vertex -0.0250006 -0.00173244 0.00399942
      vertex -0.0230008 -0.00173244 0.00399942
    endloop
  endfacet
  facet normal 0 0 1
    outer loop
      vertex -0.0230008 0.0017313 0.00499982
      vertex -0.0230008 -0.00173244 0.00499982
      vertex -0.0220004 -5.72205e-07 0.00499982
    endloop
  endfacet
  facet normal -0 0 1
    outer loop
      vertex -0.0250006 0.0017313 0.00499982
      vertex -0.0230008 -0.00173244 0.00499982
      vertex -0.0230008 0.0017313 0.00499982
    endloop
  endfacet
  facet normal 0 0 1
    outer loop
      vertex -0.0250006 0.0017313 0.00499982
      vertex -0.0250006 -0.00173244 0.00499982
      vertex -0.0230008 -0.00173244 0.00499982
    endloop
  endfacet
  facet normal 0 -0 1
    outer loop
      vertex -0.0250006 -0.00173244 0.00499982
      vertex -0.0250006 0.0017313 0.00499982
      vertex -0.0260001 -5.72205e-07 0.00499982
    endloop
  endfacet
  facet normal -0.866111 0.499851 0
    outer loop
      vertex -0.0260001 -5.72205e-07 0.00399942
      vertex -0.0250006 0.0017313 0.00499982
      vertex -0.0250006 0.0017313 0.00399942
    endloop
  endfacet
  facet normal -0.866111 0.499851 0
    outer loop
      vertex -0.0250006 0.0017313 0.00499982
      vertex -0.0260001 -5.72205e-07 0.00399942
      vertex -0.0260001 -5.72205e-07 0.00499982
    endloop
  endfacet
  facet normal -0.866111 -0.499852 0
    outer loop
      vertex -0.0250006 -0.00173244 0.00399942
      vertex -0.0260001 -5.72205e-07 0.00499982
      vertex -0.0260001 -5.72205e-07 0.00399942
    endloop
  endfacet
  facet normal -0.866111 -0.499852 0
    outer loop
      vertex -0.0260001 -5.72205e-07 0.00499982
      vertex -0.0250006 -0.00173244 0.00399942
      vertex -0.0250006 -0.00173244 0.00499982
    endloop
  endfacet
  facet normal 0.865916 -0.50019 0
    outer loop
      vertex -0.0230008 -0.00173244 0.00499982
      vertex -0.0220004 -5.72205e-07 0.00399942
      vertex -0.0220004 -5.72205e-07 0.00499982
    endloop
  endfacet
  facet normal 0.865916 -0.50019 0
    outer loop
      vertex -0.0220004 -5.72205e-07 0.00399942
      vertex -0.0230008 -0.00173244 0.00499982
      vertex -0.0230008 -0.00173244 0.00399942
    endloop
  endfacet
  facet normal -0.866115 0 0.499845
    outer loop
      vertex -0.0260001 -0.0295006 0.0414998
      vertex -0.0250006 -0.0285002 0.0432317
      vertex -0.0260001 -0.0285002 0.0414998
    endloop
  endfacet
  facet normal -0.866115 0 0.499845
    outer loop
      vertex -0.0250006 -0.0285002 0.0432317
      vertex -0.0260001 -0.0295006 0.0414998
      vertex -0.0250006 -0.0295006 0.0432317
    endloop
  endfacet
  facet normal 0 0 -1
    outer loop
      vertex -0.0250006 -0.0295006 0.0397679
      vertex -0.0240002 -0.0285002 0.0397679
      vertex -0.0240002 -0.0295006 0.0397679
    endloop
  endfacet
  facet normal -0 0 -1
    outer loop
      vertex -0.0240002 -0.0285002 0.0397679
      vertex -0.0250006 -0.0295006 0.0397679
      vertex -0.0250006 -0.0285002 0.0397679
    endloop
  endfacet
  facet normal 0 1 0
    outer loop
      vertex -0.0240002 -0.0285002 0.0432317
      vertex -0.0260001 -0.0285002 0.0414998
      vertex -0.0250006 -0.0285002 0.0432317
    endloop
  endfacet
  facet normal 0 1 -0
    outer loop
      vertex -0.0240002 -0.0285002 0.0397679
      vertex -0.0260001 -0.0285002 0.0414998
      vertex -0.0240002 -0.0285002 0.0432317
    endloop
  endfacet
  facet normal 0 1 0
    outer loop
      vertex -0.0260001 -0.0285002 0.0414998
      vertex -0.0240002 -0.0285002 0.0397679
      vertex -0.0250006 -0.0285002 0.0397679
    endloop
  endfacet
  facet normal -0.866115 0 -0.499845
    outer loop
      vertex -0.0250006 -0.0295006 0.0397679
      vertex -0.0260001 -0.0285002 0.0414998
      vertex -0.0250006 -0.0285002 0.0397679
    endloop
  endfacet
  facet normal -0.866115 -0 -0.499845
    outer loop
      vertex -0.0260001 -0.0285002 0.0414998
      vertex -0.0250006 -0.0295006 0.0397679
      vertex -0.0260001 -0.0295006 0.0414998
    endloop
  endfacet
  facet normal -0 0 1
    outer loop
      vertex -0.0250006 -0.0285002 0.0432317
      vertex -0.0240002 -0.0295006 0.0432317
      vertex -0.0240002 -0.0285002 0.0432317
    endloop
  endfacet
  facet normal 0 0 1
    outer loop
      vertex -0.0240002 -0.0295006 0.0432317
      vertex -0.0250006 -0.0285002 0.0432317
      vertex -0.0250006 -0.0295006 0.0432317
    endloop
  endfacet
  facet normal 0.865916 0.500189 0
    outer loop
      vertex 0.026 -5.72205e-07 0.00499982
      vertex 0.0249996 0.0017313 0.00399942
      vertex 0.0249996 0.0017313 0.00499982
    endloop
  endfacet
  facet normal 0.865916 0.500189 0
    outer loop
      vertex 0.0249996 0.0017313 0.00399942
      vertex 0.026 -5.72205e-07 0.00499982
      vertex 0.026 -5.72205e-07 0.00399942
    endloop
  endfacet
  facet normal -0.865916 0.500189 0
    outer loop
      vertex 0.0219993 -5.72205e-07 0.00399942
      vertex 0.0229997 0.0017313 0.00499982
      vertex 0.0229997 0.0017313 0.00399942
    endloop
  endfacet
  facet normal -0.865916 0.500189 0
    outer loop
      vertex 0.0229997 0.0017313 0.00499982
      vertex 0.0219993 -5.72205e-07 0.00399942
      vertex 0.0219993 -5.72205e-07 0.00499982
    endloop
  endfacet
  facet normal 0 1 -0
    outer loop
      vertex 0.0249996 0.0017313 0.00399942
      vertex 0.0229997 0.0017313 0.00499982
      vertex 0.0249996 0.0017313 0.00499982
    endloop
  endfacet
  facet normal 0 1 0
    outer loop
      vertex 0.0229997 0.0017313 0.00499982
      vertex 0.0249996 0.0017313 0.00399942
      vertex 0.0229997 0.0017313 0.00399942
    endloop
  endfacet
  facet normal 0 0 1
    outer loop
      vertex 0.0249996 0.0017313 0.00499982
      vertex 0.0249996 -0.00173244 0.00499982
      vertex 0.026 -5.72205e-07 0.00499982
    endloop
  endfacet
  facet normal -0 0 1
    outer loop
      vertex 0.0229997 0.0017313 0.00499982
      vertex 0.0249996 -0.00173244 0.00499982
      vertex 0.0249996 0.0017313 0.00499982
    endloop
  endfacet
  facet normal 0 0 1
    outer loop
      vertex 0.0229997 0.0017313 0.00499982
      vertex 0.0229997 -0.00173244 0.00499982
      vertex 0.0249996 -0.00173244 0.00499982
    endloop
  endfacet
  facet normal 0 -0 1
    outer loop
      vertex 0.0229997 -0.00173244 0.00499982
      vertex 0.0229997 0.0017313 0.00499982
      vertex 0.0219993 -5.72205e-07 0.00499982
    endloop
  endfacet
  facet normal -0.865916 -0.50019 0
    outer loop
      vertex 0.0229997 -0.00173244 0.00399942
      vertex 0.0219993 -5.72205e-07 0.00499982
      vertex 0.0219993 -5.72205e-07 0.00399942
    endloop
  endfacet
  facet normal -0.865916 -0.50019 0
    outer loop
      vertex 0.0219993 -5.72205e-07 0.00499982
      vertex 0.0229997 -0.00173244 0.00399942
      vertex 0.0229997 -0.00173244 0.00499982
    endloop
  endfacet
  facet normal 0 -1 0
    outer loop
      vertex 0.0229997 -0.00173244 0.00399942
      vertex 0.0249996 -0.00173244 0.00499982
      vertex 0.0229997 -0.00173244 0.00499982
    endloop
  endfacet
  facet normal 0 -1 -0
    outer loop
      vertex 0.0249996 -0.00173244 0.00499982
      vertex 0.0229997 -0.00173244 0.00399942
      vertex 0.0249996 -0.00173244 0.00399942
    endloop
  endfacet
  facet normal 0.865916 -0.50019 0
    outer loop
      vertex 0.0249996 -0.00173244 0.00499982
      vertex 0.026 -5.72205e-07 0.00399942
      vertex 0.026 -5.72205e-07 0.00499982
    endloop
  endfacet
  facet normal 0.865916 -0.50019 0
    outer loop
      vertex 0.026 -5.72205e-07 0.00399942
      vertex 0.0249996 -0.00173244 0.00499982
      vertex 0.0249996 -0.00173244 0.00399942
    endloop
  endfacet
  facet normal 0.86592 0 -0.500183
    outer loop
      vertex 0.026 -0.0295006 0.0414998
      vertex 0.0249996 -0.0285002 0.0397679
      vertex 0.026 -0.0285002 0.0414998
    endloop
  endfacet
  facet normal 0.86592 0 -0.500183
    outer loop
      vertex 0.0249996 -0.0285002 0.0397679
      vertex 0.026 -0.0295006 0.0414998
      vertex 0.0249996 -0.0295006 0.0397679
    endloop
  endfacet
  facet normal -0.86592 0 -0.500183
    outer loop
      vertex 0.0229997 -0.0295006 0.0397679
      vertex 0.0219993 -0.0285002 0.0414998
      vertex 0.0229997 -0.0285002 0.0397679
    endloop
  endfacet
  facet normal -0.86592 -0 -0.500183
    outer loop
      vertex 0.0219993 -0.0285002 0.0414998
      vertex 0.0229997 -0.0295006 0.0397679
      vertex 0.0219993 -0.0295006 0.0414998
    endloop
  endfacet
  facet normal 0 0 -1
    outer loop
      vertex 0.0229997 -0.0295006 0.0397679
      vertex 0.0249996 -0.0285002 0.0397679
      vertex 0.0249996 -0.0295006 0.0397679
    endloop
  endfacet
  facet normal -0 0 -1
    outer loop
      vertex 0.0249996 -0.0285002 0.0397679
      vertex 0.0229997 -0.0295006 0.0397679
      vertex 0.0229997 -0.0285002 0.0397679
    endloop
  endfacet
  facet normal -0.86592 0 0.500183
    outer loop
      vertex 0.0219993 -0.0295006 0.0414998
      vertex 0.0229997 -0.0285002 0.0432317
      vertex 0.0219993 -0.0285002 0.0414998
    endloop
  endfacet
  facet normal -0.86592 0 0.500183
    outer loop
      vertex 0.0229997 -0.0285002 0.0432317
      vertex 0.0219993 -0.0295006 0.0414998
      vertex 0.0229997 -0.0295006 0.0432317
    endloop
  endfacet
  facet normal 0 1 0
    outer loop
      vertex 0.026 -0.0285002 0.0414998
      vertex 0.0229997 -0.0285002 0.0432317
      vertex 0.0249996 -0.0285002 0.0432317
    endloop
  endfacet
  facet normal 0 1 0
    outer loop
      vertex 0.026 -0.0285002 0.0414998
      vertex 0.0219993 -0.0285002 0.0414998
      vertex 0.0229997 -0.0285002 0.0432317
    endloop
  endfacet
  facet normal 0 1 -0
    outer loop
      vertex 0.0249996 -0.0285002 0.0397679
      vertex 0.0219993 -0.0285002 0.0414998
      vertex 0.026 -0.0285002 0.0414998
    endloop
  endfacet
  facet normal 0 1 0
    outer loop
      vertex 0.0219993 -0.0285002 0.0414998
      vertex 0.0249996 -0.0285002 0.0397679
      vertex 0.0229997 -0.0285002 0.0397679
    endloop
  endfacet
  facet normal 0.86592 -0 0.500183
    outer loop
      vertex 0.0249996 -0.0295006 0.0432317
      vertex 0.026 -0.0285002 0.0414998
      vertex 0.0249996 -0.0285002 0.0432317
    endloop
  endfacet
  facet normal 0.86592 0 0.500183
    outer loop
      vertex 0.026 -0.0285002 0.0414998
      vertex 0.0249996 -0.0295006 0.0432317
      vertex 0.026 -0.0295006 0.0414998
    endloop
  endfacet
  facet normal -0 0 1
    outer loop
      vertex 0.0229997 -0.0285002 0.0432317
      vertex 0.0249996 -0.0295006 0.0432317
      vertex 0.0249996 -0.0285002 0.0432317
    endloop
  endfacet
  facet normal 0 0 1
    outer loop
      vertex 0.0249996 -0.0295006 0.0432317
      vertex 0.0229997 -0.0285002 0.0432317
      vertex 0.0229997 -0.0295006 0.0432317
    endloop
  endfacet
  facet normal 0.707107 0.707107 0
    outer loop
      vertex -0.0200062 -0.0295006 0.0519998
      vertex -0.0240002 -0.0255066 0.00399942
      vertex -0.0240002 -0.0255066 0.0519998
    endloop
  endfacet
  facet normal 0.707107 0.707107 -0
    outer loop
      vertex -0.0200062 -0.0295006 0.004
      vertex -0.0240002 -0.0255066 0.00399942
      vertex -0.0200062 -0.0295006 0.0519998
    endloop
  endfacet
  facet normal 0.707107 0.707107 -0
    outer loop
      vertex -0.0120068 -0.0375 0.00399942
      vertex -0.0200062 -0.0295006 0.004
      vertex -0.0120068 -0.0375 0.004
    endloop
  endfacet
  facet normal 0.707107 0.707107 -3.44409e-12
    outer loop
      vertex -0.0200062 -0.0295006 0.004
      vertex -0.0120068 -0.0375 0.00399942
      vertex -0.0240002 -0.0255066 0.00399942
    endloop
  endfacet
  facet normal 0 0 1
    outer loop
      vertex -0.0240002 -0.0255066 0.0519998
      vertex -0.0240002 -0.0295006 0.0519998
      vertex -0.0200062 -0.0295006 0.0519998
    endloop
  endfacet
  facet normal -1 0 0
    outer loop
      vertex -0.0240002 -0.0255066 0.00399942
      vertex -0.0240002 -0.0285002 0.0397679
      vertex -0.0240002 -0.0255066 0.0519998
    endloop
  endfacet
  facet normal -1 0 0
    outer loop
      vertex -0.0240002 -0.0255066 0.00399942
      vertex -0.0240002 -0.0295006 0.004
      vertex -0.0240002 -0.0285002 0.0397679
    endloop
  endfacet
  facet normal -1 0 0
    outer loop
      vertex -0.0240002 -0.0375 0.00399942
      vertex -0.0240002 -0.0295006 0.004
      vertex -0.0240002 -0.0255066 0.00399942
    endloop
  endfacet
  facet normal -1 -0 0
    outer loop
      vertex -0.0240002 -0.0295006 0.004
      vertex -0.0240002 -0.0375 0.00399942
      vertex -0.0240002 -0.0375 0.004
    endloop
  endfacet
  facet normal -1 0 0
    outer loop
      vertex -0.0240002 -0.0285002 0.0432317
      vertex -0.0240002 -0.0255066 0.0519998
      vertex -0.0240002 -0.0285002 0.0397679
    endloop
  endfacet
  facet normal -1 0 0
    outer loop
      vertex -0.0240002 -0.0295006 0.0519998
      vertex -0.0240002 -0.0285002 0.0432317
      vertex -0.0240002 -0.0295006 0.0432317
    endloop
  endfacet
  facet normal -1 0 0
    outer loop
      vertex -0.0240002 -0.0285002 0.0432317
      vertex -0.0240002 -0.0295006 0.0519998
      vertex -0.0240002 -0.0255066 0.0519998
    endloop
  endfacet
  facet normal -1 -0 0
    outer loop
      vertex -0.0240002 -0.0285002 0.0397679
      vertex -0.0240002 -0.0295006 0.004
      vertex -0.0240002 -0.0295006 0.0397679
    endloop
  endfacet
endsolid OpenSCAD_Model
