solid OpenSCAD_Model
  facet normal -0 0.0979121 0.995195
    outer loop
      vertex -0.06 -0.0204398 0.0298459
      vertex 0.0599999 -0.022 0.0299994
      vertex 0.0599999 -0.0204398 0.0298459
    endloop
  endfacet
  facet normal 0 0.0979121 0.995195
    outer loop
      vertex 0.0599999 -0.022 0.0299994
      vertex -0.06 -0.0204398 0.0298459
      vertex -0.06 -0.022 0.0299994
    endloop
  endfacet
  facet normal 0 0.995195 0.0979121
    outer loop
      vertex -0.0599995 -0.0140006 0.022
      vertex -0.06 -0.0141541 0.0235602
      vertex -0.0599995 -0.0141541 0.0235602
    endloop
  endfacet
  facet normal 0 0.995195 0.0979121
    outer loop
      vertex -0.06 -0.0141541 0.0235602
      vertex -0.0599995 -0.0140006 0.022
      vertex -0.06 -0.0140006 0.022
    endloop
  endfacet
  facet normal 0 0.995195 0.0979121
    outer loop
      vertex 0.0599999 -0.0140006 0.022
      vertex 0.0599995 -0.0141541 0.0235602
      vertex 0.0599999 -0.0141541 0.0235602
    endloop
  endfacet
  facet normal 0 0.995195 0.0979121
    outer loop
      vertex 0.0599995 -0.0141541 0.0235602
      vertex 0.0599999 -0.0140006 0.022
      vertex 0.0599995 -0.0140006 0.022
    endloop
  endfacet
  facet normal 0 0.773024 0.634376
    outer loop
      vertex -0.0599995 -0.0153491 0.0264441
      vertex -0.06 -0.0163438 0.0276562
      vertex -0.0599995 -0.0163438 0.0276562
    endloop
  endfacet
  facet normal 0 0.773024 0.634376
    outer loop
      vertex -0.06 -0.0163438 0.0276562
      vertex -0.0599995 -0.0153491 0.0264441
      vertex -0.06 -0.0153491 0.0264441
    endloop
  endfacet
  facet normal 0 0.773024 0.634376
    outer loop
      vertex 0.0599999 -0.0153491 0.0264441
      vertex 0.0599995 -0.0163438 0.0276562
      vertex 0.0599999 -0.0163438 0.0276562
    endloop
  endfacet
  facet normal 0 0.773024 0.634376
    outer loop
      vertex 0.0599995 -0.0163438 0.0276562
      vertex 0.0599999 -0.0153491 0.0264441
      vertex 0.0599995 -0.0153491 0.0264441
    endloop
  endfacet
  facet normal 0 0.957021 0.29002
    outer loop
      vertex -0.0599995 -0.0141541 0.0235602
      vertex -0.06 -0.014609 0.0250613
      vertex -0.0599995 -0.014609 0.0250613
    endloop
  endfacet
  facet normal 0 0.957021 0.29002
    outer loop
      vertex -0.06 -0.014609 0.0250613
      vertex -0.0599995 -0.0141541 0.0235602
      vertex -0.06 -0.0141541 0.0235602
    endloop
  endfacet
  facet normal 0 0.957021 0.29002
    outer loop
      vertex 0.0599999 -0.0141541 0.0235602
      vertex 0.0599995 -0.014609 0.0250613
      vertex 0.0599999 -0.014609 0.0250613
    endloop
  endfacet
  facet normal 0 0.957021 0.29002
    outer loop
      vertex 0.0599995 -0.014609 0.0250613
      vertex 0.0599999 -0.0141541 0.0235602
      vertex 0.0599995 -0.0141541 0.0235602
    endloop
  endfacet
  facet normal -0 0.471882 0.881662
    outer loop
      vertex 0.0499408 -0.0175559 0.0286509
      vertex 0.0599999 -0.0189387 0.029391
      vertex 0.0599999 -0.0175559 0.0286509
    endloop
  endfacet
  facet normal 7.94293e-06 0.471927 0.881638
    outer loop
      vertex 0.0497675 -0.017767 0.0287639
      vertex 0.0599999 -0.0189387 0.029391
      vertex 0.0499408 -0.0175559 0.0286509
    endloop
  endfacet
  facet normal 1.33531e-06 0.471882 0.881662
    outer loop
      vertex 0.0493889 -0.0180779 0.0289303
      vertex 0.0599999 -0.0189387 0.029391
      vertex 0.0497675 -0.017767 0.0287639
    endloop
  endfacet
  facet normal -1.55391e-06 0.471854 0.881677
    outer loop
      vertex 0.0489559 -0.0183096 0.0290543
      vertex 0.0599999 -0.0189387 0.029391
      vertex 0.0493889 -0.0180779 0.0289303
    endloop
  endfacet
  facet normal -1.58341e-05 0.471659 0.881781
    outer loop
      vertex 0.0484877 -0.0184517 0.0291303
      vertex 0.0599999 -0.0189387 0.029391
      vertex 0.0489559 -0.0183096 0.0290543
    endloop
  endfacet
  facet normal 3.56235e-05 0.472605 0.881275
    outer loop
      vertex 0.0479994 -0.0184994 0.0291559
      vertex 0.0599999 -0.0189387 0.029391
      vertex 0.0484877 -0.0184517 0.0291303
    endloop
  endfacet
  facet normal -0 0.471932 0.881635
    outer loop
      vertex 0.00194048 -0.0175559 0.0286509
      vertex 0.0462322 -0.017767 0.0287639
      vertex 0.0460589 -0.0175559 0.0286509
    endloop
  endfacet
  facet normal -0 0.471932 0.881635
    outer loop
      vertex 0.00176716 -0.017767 0.0287639
      vertex 0.0462322 -0.017767 0.0287639
      vertex 0.00194048 -0.0175559 0.0286509
    endloop
  endfacet
  facet normal 0 0.471883 0.881661
    outer loop
      vertex 0.0462322 -0.017767 0.0287639
      vertex 0.00176716 -0.017767 0.0287639
      vertex 0.0466108 -0.0180779 0.0289303
    endloop
  endfacet
  facet normal -0 0.471883 0.881661
    outer loop
      vertex 0.00138855 -0.0180779 0.0289303
      vertex 0.0466108 -0.0180779 0.0289303
      vertex 0.00176716 -0.017767 0.0287639
    endloop
  endfacet
  facet normal 0 0.471852 0.881678
    outer loop
      vertex 0.0466108 -0.0180779 0.0289303
      vertex 0.00138855 -0.0180779 0.0289303
      vertex 0.0470428 -0.0183096 0.0290543
    endloop
  endfacet
  facet normal -0 0.471852 0.881678
    outer loop
      vertex 0.000956535 -0.0183096 0.0290543
      vertex 0.0470428 -0.0183096 0.0290543
      vertex 0.00138855 -0.0180779 0.0289303
    endloop
  endfacet
  facet normal 0 0.471619 0.881803
    outer loop
      vertex 0.0470428 -0.0183096 0.0290543
      vertex 0.000956535 -0.0183096 0.0290543
      vertex 0.0475121 -0.0184517 0.0291303
    endloop
  endfacet
  facet normal -0 0.471619 0.881803
    outer loop
      vertex 0.000487328 -0.0184517 0.0291303
      vertex 0.0475121 -0.0184517 0.0291303
      vertex 0.000956535 -0.0183096 0.0290543
    endloop
  endfacet
  facet normal 0 0.472888 0.881123
    outer loop
      vertex 0.0475121 -0.0184517 0.0291303
      vertex 0.000487328 -0.0184517 0.0291303
      vertex 0.0479994 -0.0184994 0.0291559
    endloop
  endfacet
  facet normal -0 0.472888 0.881123
    outer loop
      vertex 0 -0.0184994 0.0291559
      vertex 0.0479994 -0.0184994 0.0291559
      vertex 0.000487328 -0.0184517 0.0291303
    endloop
  endfacet
  facet normal 0 0.471848 0.88168
    outer loop
      vertex 0.0479994 -0.0184994 0.0291559
      vertex 0 -0.0184994 0.0291559
      vertex 0.0599999 -0.0189387 0.029391
    endloop
  endfacet
  facet normal -0 0.471932 0.881635
    outer loop
      vertex -0.0460589 -0.0175559 0.0286509
      vertex -0.00176716 -0.017767 0.0287639
      vertex -0.00194048 -0.0175559 0.0286509
    endloop
  endfacet
  facet normal -0 0.471932 0.881635
    outer loop
      vertex -0.0462322 -0.017767 0.0287639
      vertex -0.00176716 -0.017767 0.0287639
      vertex -0.0460589 -0.0175559 0.0286509
    endloop
  endfacet
  facet normal 0 0.471883 0.881661
    outer loop
      vertex -0.00176716 -0.017767 0.0287639
      vertex -0.0462322 -0.017767 0.0287639
      vertex -0.00138855 -0.0180779 0.0289303
    endloop
  endfacet
  facet normal -0 0.471883 0.881661
    outer loop
      vertex -0.0466108 -0.0180779 0.0289303
      vertex -0.00138855 -0.0180779 0.0289303
      vertex -0.0462322 -0.017767 0.0287639
    endloop
  endfacet
  facet normal 0 0.471852 0.881678
    outer loop
      vertex -0.00138855 -0.0180779 0.0289303
      vertex -0.0466108 -0.0180779 0.0289303
      vertex -0.000956535 -0.0183096 0.0290543
    endloop
  endfacet
  facet normal -0 0.471852 0.881678
    outer loop
      vertex -0.0470428 -0.0183096 0.0290543
      vertex -0.000956535 -0.0183096 0.0290543
      vertex -0.0466108 -0.0180779 0.0289303
    endloop
  endfacet
  facet normal 0 0.471619 0.881803
    outer loop
      vertex -0.000956535 -0.0183096 0.0290543
      vertex -0.0470428 -0.0183096 0.0290543
      vertex -0.000487328 -0.0184517 0.0291303
    endloop
  endfacet
  facet normal -0 0.471619 0.881803
    outer loop
      vertex -0.0475121 -0.0184517 0.0291303
      vertex -0.000487328 -0.0184517 0.0291303
      vertex -0.0470428 -0.0183096 0.0290543
    endloop
  endfacet
  facet normal 0 0.472888 0.881123
    outer loop
      vertex -0.000487328 -0.0184517 0.0291303
      vertex -0.0475121 -0.0184517 0.0291303
      vertex 0 -0.0184994 0.0291559
    endloop
  endfacet
  facet normal -0 0.472888 0.881123
    outer loop
      vertex -0.0479994 -0.0184994 0.0291559
      vertex 0 -0.0184994 0.0291559
      vertex -0.0475121 -0.0184517 0.0291303
    endloop
  endfacet
  facet normal 0 0.471848 0.88168
    outer loop
      vertex -0.06 -0.0189387 0.029391
      vertex 0 -0.0184994 0.0291559
      vertex -0.0479994 -0.0184994 0.0291559
    endloop
  endfacet
  facet normal 0 0.471882 0.881662
    outer loop
      vertex -0.06 -0.0189387 0.029391
      vertex -0.0499408 -0.0175559 0.0286509
      vertex -0.06 -0.0175559 0.0286509
    endloop
  endfacet
  facet normal -7.94286e-06 0.471927 0.881638
    outer loop
      vertex -0.0499408 -0.0175559 0.0286509
      vertex -0.06 -0.0189387 0.029391
      vertex -0.0497675 -0.017767 0.0287639
    endloop
  endfacet
  facet normal -1.3353e-06 0.471882 0.881662
    outer loop
      vertex -0.0497675 -0.017767 0.0287639
      vertex -0.06 -0.0189387 0.029391
      vertex -0.0493889 -0.0180779 0.0289303
    endloop
  endfacet
  facet normal 1.55389e-06 0.471854 0.881677
    outer loop
      vertex -0.0493889 -0.0180779 0.0289303
      vertex -0.06 -0.0189387 0.029391
      vertex -0.0489559 -0.0183096 0.0290543
    endloop
  endfacet
  facet normal 1.5834e-05 0.471659 0.881781
    outer loop
      vertex -0.0489559 -0.0183096 0.0290543
      vertex -0.06 -0.0189387 0.029391
      vertex -0.0484877 -0.0184517 0.0291303
    endloop
  endfacet
  facet normal 0 0.471848 0.88168
    outer loop
      vertex 0 -0.0184994 0.0291559
      vertex -0.06 -0.0189387 0.029391
      vertex 0.0599999 -0.0189387 0.029391
    endloop
  endfacet
  facet normal -3.56233e-05 0.472605 0.881275
    outer loop
      vertex -0.0484877 -0.0184517 0.0291303
      vertex -0.06 -0.0189387 0.029391
      vertex -0.0479994 -0.0184994 0.0291559
    endloop
  endfacet
  facet normal 0 0.634484 0.772936
    outer loop
      vertex -0.0599995 -0.0163438 0.0276562
      vertex -0.06 -0.0163438 0.0276562
      vertex -0.0599995 -0.0167625 0.0279999
    endloop
  endfacet
  facet normal 0 0.63432 0.773071
    outer loop
      vertex -0.06 -0.0175559 0.0286509
      vertex -0.0503679 -0.0167625 0.0279999
      vertex -0.0599995 -0.0167625 0.0279999
    endloop
  endfacet
  facet normal 5.33377e-06 0.634281 0.773103
    outer loop
      vertex -0.0503679 -0.0167625 0.0279999
      vertex -0.06 -0.0175559 0.0286509
      vertex -0.0503092 -0.0169563 0.0281589
    endloop
  endfacet
  facet normal -2.53818e-06 0.634357 0.77304
    outer loop
      vertex -0.0503092 -0.0169563 0.0281589
      vertex -0.06 -0.0175559 0.0286509
      vertex -0.0500784 -0.0173883 0.0285134
    endloop
  endfacet
  facet normal 0 0.634267 0.773114
    outer loop
      vertex -0.0500784 -0.0173883 0.0285134
      vertex -0.06 -0.0175559 0.0286509
      vertex -0.0499408 -0.0175559 0.0286509
    endloop
  endfacet
  facet normal -0.148686 0.627325 0.764432
    outer loop
      vertex -0.06 -0.0175559 0.0286509
      vertex -0.0599995 -0.0167625 0.0279999
      vertex -0.06 -0.0163438 0.0276562
    endloop
  endfacet
  facet normal 0 0.634484 0.772936
    outer loop
      vertex 0.0599995 -0.0167625 0.0279999
      vertex 0.0599999 -0.0163438 0.0276562
      vertex 0.0599995 -0.0163438 0.0276562
    endloop
  endfacet
  facet normal 0.184713 0.62346 0.759723
    outer loop
      vertex 0.0599999 -0.0163438 0.0276562
      vertex 0.0599995 -0.0167625 0.0279999
      vertex 0.0599999 -0.0175559 0.0286509
    endloop
  endfacet
  facet normal -0 0.63432 0.773071
    outer loop
      vertex 0.0503679 -0.0167625 0.0279999
      vertex 0.0599999 -0.0175559 0.0286509
      vertex 0.0599995 -0.0167625 0.0279999
    endloop
  endfacet
  facet normal -5.33382e-06 0.634281 0.773103
    outer loop
      vertex 0.0503092 -0.0169563 0.0281589
      vertex 0.0599999 -0.0175559 0.0286509
      vertex 0.0503679 -0.0167625 0.0279999
    endloop
  endfacet
  facet normal 2.53821e-06 0.634357 0.77304
    outer loop
      vertex 0.0500784 -0.0173883 0.0285134
      vertex 0.0599999 -0.0175559 0.0286509
      vertex 0.0503092 -0.0169563 0.0281589
    endloop
  endfacet
  facet normal 0 0.634267 0.773114
    outer loop
      vertex 0.0599999 -0.0175559 0.0286509
      vertex 0.0500784 -0.0173883 0.0285134
      vertex 0.0499408 -0.0175559 0.0286509
    endloop
  endfacet
  facet normal -0 0.63428 0.773103
    outer loop
      vertex -0.0456309 -0.0167625 0.0279999
      vertex -0.00230885 -0.0169563 0.0281589
      vertex -0.00236794 -0.0167625 0.0279999
    endloop
  endfacet
  facet normal -0 0.63428 0.773103
    outer loop
      vertex -0.0456896 -0.0169563 0.0281589
      vertex -0.00230885 -0.0169563 0.0281589
      vertex -0.0456309 -0.0167625 0.0279999
    endloop
  endfacet
  facet normal 0 0.634358 0.77304
    outer loop
      vertex -0.00230885 -0.0169563 0.0281589
      vertex -0.0456896 -0.0169563 0.0281589
      vertex -0.00207806 -0.0173883 0.0285134
    endloop
  endfacet
  facet normal -0 0.634358 0.77304
    outer loop
      vertex -0.0459213 -0.0173883 0.0285134
      vertex -0.00207806 -0.0173883 0.0285134
      vertex -0.0456896 -0.0169563 0.0281589
    endloop
  endfacet
  facet normal 0 0.634267 0.773114
    outer loop
      vertex -0.00207806 -0.0173883 0.0285134
      vertex -0.0459213 -0.0173883 0.0285134
      vertex -0.00194048 -0.0175559 0.0286509
    endloop
  endfacet
  facet normal 0 0.634267 0.773114
    outer loop
      vertex -0.00194048 -0.0175559 0.0286509
      vertex -0.0459213 -0.0173883 0.0285134
      vertex -0.0460589 -0.0175559 0.0286509
    endloop
  endfacet
  facet normal -0 0.63428 0.773103
    outer loop
      vertex 0.00236794 -0.0167625 0.0279999
      vertex 0.0456896 -0.0169563 0.0281589
      vertex 0.0456309 -0.0167625 0.0279999
    endloop
  endfacet
  facet normal -0 0.63428 0.773103
    outer loop
      vertex 0.00230885 -0.0169563 0.0281589
      vertex 0.0456896 -0.0169563 0.0281589
      vertex 0.00236794 -0.0167625 0.0279999
    endloop
  endfacet
  facet normal 0 0.634358 0.77304
    outer loop
      vertex 0.0456896 -0.0169563 0.0281589
      vertex 0.00230885 -0.0169563 0.0281589
      vertex 0.0459213 -0.0173883 0.0285134
    endloop
  endfacet
  facet normal -0 0.634358 0.77304
    outer loop
      vertex 0.00207806 -0.0173883 0.0285134
      vertex 0.0459213 -0.0173883 0.0285134
      vertex 0.00230885 -0.0169563 0.0281589
    endloop
  endfacet
  facet normal 0 0.634267 0.773114
    outer loop
      vertex 0.0459213 -0.0173883 0.0285134
      vertex 0.00207806 -0.0173883 0.0285134
      vertex 0.0460589 -0.0175559 0.0286509
    endloop
  endfacet
  facet normal 0 0.634267 0.773114
    outer loop
      vertex 0.0460589 -0.0175559 0.0286509
      vertex 0.00207806 -0.0173883 0.0285134
      vertex 0.00194048 -0.0175559 0.0286509
    endloop
  endfacet
  facet normal -0 0.29002 0.957021
    outer loop
      vertex -0.06 -0.0189387 0.029391
      vertex 0.0599999 -0.0204398 0.0298459
      vertex 0.0599999 -0.0189387 0.029391
    endloop
  endfacet
  facet normal 0 0.29002 0.957021
    outer loop
      vertex 0.0599999 -0.0204398 0.0298459
      vertex -0.06 -0.0189387 0.029391
      vertex -0.06 -0.0204398 0.0298459
    endloop
  endfacet
  facet normal 0 0.881662 0.471882
    outer loop
      vertex -0.0599995 -0.014609 0.0250613
      vertex -0.06 -0.0153491 0.0264441
      vertex -0.0599995 -0.0153491 0.0264441
    endloop
  endfacet
  facet normal 0 0.881662 0.471882
    outer loop
      vertex -0.06 -0.0153491 0.0264441
      vertex -0.0599995 -0.014609 0.0250613
      vertex -0.06 -0.014609 0.0250613
    endloop
  endfacet
  facet normal 0 0.881662 0.471882
    outer loop
      vertex 0.0599999 -0.014609 0.0250613
      vertex 0.0599995 -0.0153491 0.0264441
      vertex 0.0599999 -0.0153491 0.0264441
    endloop
  endfacet
  facet normal 0 0.881662 0.471882
    outer loop
      vertex 0.0599995 -0.0153491 0.0264441
      vertex 0.0599999 -0.014609 0.0250613
      vertex 0.0599995 -0.014609 0.0250613
    endloop
  endfacet
  facet normal 1 0 0
    outer loop
      vertex 0.0599999 -0.022 0.022
      vertex 0.0599999 -0.0141541 0.0235602
      vertex 0.0599999 -0.014609 0.0250613
    endloop
  endfacet
  facet normal 1 0 0
    outer loop
      vertex 0.0599999 -0.022 0.022
      vertex 0.0599999 -0.014609 0.0250613
      vertex 0.0599999 -0.0153491 0.0264441
    endloop
  endfacet
  facet normal 1 0 0
    outer loop
      vertex 0.0599999 -0.022 0.022
      vertex 0.0599999 -0.0153491 0.0264441
      vertex 0.0599999 -0.0163438 0.0276562
    endloop
  endfacet
  facet normal 1 0 0
    outer loop
      vertex 0.0599999 -0.022 0.022
      vertex 0.0599999 -0.0163438 0.0276562
      vertex 0.0599999 -0.0175559 0.0286509
    endloop
  endfacet
  facet normal 1 0 0
    outer loop
      vertex 0.0599999 -0.022 0.022
      vertex 0.0599999 -0.0175559 0.0286509
      vertex 0.0599999 -0.0189387 0.029391
    endloop
  endfacet
  facet normal 1 0 0
    outer loop
      vertex 0.0599999 -0.022 0.022
      vertex 0.0599999 -0.0189387 0.029391
      vertex 0.0599999 -0.0204398 0.0298459
    endloop
  endfacet
  facet normal 1 0 0
    outer loop
      vertex 0.0599999 -0.022 0.022
      vertex 0.0599999 -0.0204398 0.0298459
      vertex 0.0599999 -0.022 0.0299994
    endloop
  endfacet
  facet normal 1 0 0
    outer loop
      vertex 0.0599999 -0.0141541 0.0235602
      vertex 0.0599999 -0.022 0.022
      vertex 0.0599999 -0.0140006 0.022
    endloop
  endfacet
  facet normal -1 0 0
    outer loop
      vertex -0.06 -0.022 0.022
      vertex -0.06 -0.0141541 0.0235602
      vertex -0.06 -0.0140006 0.022
    endloop
  endfacet
  facet normal -1 -0 0
    outer loop
      vertex -0.06 -0.0141541 0.0235602
      vertex -0.06 -0.022 0.022
      vertex -0.06 -0.014609 0.0250613
    endloop
  endfacet
  facet normal -1 -0 0
    outer loop
      vertex -0.06 -0.014609 0.0250613
      vertex -0.06 -0.022 0.022
      vertex -0.06 -0.0153491 0.0264441
    endloop
  endfacet
  facet normal -1 -0 0
    outer loop
      vertex -0.06 -0.0153491 0.0264441
      vertex -0.06 -0.022 0.022
      vertex -0.06 -0.0163438 0.0276562
    endloop
  endfacet
  facet normal -1 -0 0
    outer loop
      vertex -0.06 -0.0163438 0.0276562
      vertex -0.06 -0.022 0.022
      vertex -0.06 -0.0175559 0.0286509
    endloop
  endfacet
  facet normal -1 -0 0
    outer loop
      vertex -0.06 -0.0175559 0.0286509
      vertex -0.06 -0.022 0.022
      vertex -0.06 -0.0189387 0.029391
    endloop
  endfacet
  facet normal -1 -0 0
    outer loop
      vertex -0.06 -0.0189387 0.029391
      vertex -0.06 -0.022 0.022
      vertex -0.06 -0.0204398 0.0298459
    endloop
  endfacet
  facet normal -1 -0 0
    outer loop
      vertex -0.06 -0.0204398 0.0298459
      vertex -0.06 -0.022 0.022
      vertex -0.06 -0.022 0.0299994
    endloop
  endfacet
  facet normal 0 0 -1
    outer loop
      vertex -0.06 -0.022 0.022
      vertex -0.0599995 -0.0140006 0.022
      vertex -0.0599995 -0.022 0.022
    endloop
  endfacet
  facet normal -0 0 -1
    outer loop
      vertex -0.0599995 -0.0140006 0.022
      vertex -0.06 -0.022 0.022
      vertex -0.06 -0.0140006 0.022
    endloop
  endfacet
  facet normal 0 0 -1
    outer loop
      vertex 0.0599995 -0.022 0.022
      vertex 0.0599999 -0.0140006 0.022
      vertex 0.0599999 -0.022 0.022
    endloop
  endfacet
  facet normal -0 0 -1
    outer loop
      vertex 0.0599999 -0.0140006 0.022
      vertex 0.0599995 -0.022 0.022
      vertex 0.0599995 -0.0140006 0.022
    endloop
  endfacet
  facet normal 0 -1 0
    outer loop
      vertex -0.06 -0.022 0.0299994
      vertex -0.0599995 -0.022 0.0279999
      vertex 0.0599999 -0.022 0.0299994
    endloop
  endfacet
  facet normal 0 -1 0
    outer loop
      vertex -0.06 -0.022 0.022
      vertex -0.0599995 -0.022 0.0279999
      vertex -0.06 -0.022 0.0299994
    endloop
  endfacet
  facet normal 0 -1 -0
    outer loop
      vertex -0.0599995 -0.022 0.0279999
      vertex -0.06 -0.022 0.022
      vertex -0.0599995 -0.022 0.022
    endloop
  endfacet
  facet normal 0 -1 0
    outer loop
      vertex 0.0599995 -0.022 0.0279999
      vertex 0.0599999 -0.022 0.0299994
      vertex -0.0599995 -0.022 0.0279999
    endloop
  endfacet
  facet normal 0 -1 0
    outer loop
      vertex 0.0599999 -0.022 0.022
      vertex 0.0599995 -0.022 0.0279999
      vertex 0.0599995 -0.022 0.022
    endloop
  endfacet
  facet normal 0 -1 0
    outer loop
      vertex 0.0599995 -0.022 0.0279999
      vertex 0.0599999 -0.022 0.022
      vertex 0.0599999 -0.022 0.0299994
    endloop
  endfacet
  facet normal -1 0 0
    outer loop
      vertex -0.0599995 -0.0279999 -0.0279999
      vertex -0.0599995 -0.0219994 0.0219994
      vertex -0.0599995 -0.0219994 -0.0279999
    endloop
  endfacet
  facet normal -1 -0 0
    outer loop
      vertex -0.0599995 -0.0219994 0.0219994
      vertex -0.0599995 -0.0279999 -0.0279999
      vertex -0.0599995 -0.022 0.022
    endloop
  endfacet
  facet normal -1 0 0
    outer loop
      vertex -0.0599995 -0.0279999 0.0279999
      vertex -0.0599995 -0.022 0.022
      vertex -0.0599995 -0.0279999 -0.0279999
    endloop
  endfacet
  facet normal -1 0 0
    outer loop
      vertex -0.0599995 -0.022 0.022
      vertex -0.0599995 -0.0279999 0.0279999
      vertex -0.0599995 -0.022 0.0279999
    endloop
  endfacet
  facet normal -1 0 0
    outer loop
      vertex -0.0599995 0.0279999 0.0219994
      vertex -0.0599995 -0.0140006 0.022
      vertex -0.0599995 0.0279999 0.0279999
    endloop
  endfacet
  facet normal -1 0 0
    outer loop
      vertex -0.0599995 -0.0219994 0.0219994
      vertex -0.0599995 -0.0140006 0.022
      vertex -0.0599995 0.0279999 0.0219994
    endloop
  endfacet
  facet normal -1 -0 0
    outer loop
      vertex -0.0599995 -0.0140006 0.022
      vertex -0.0599995 -0.0219994 0.0219994
      vertex -0.0599995 -0.022 0.022
    endloop
  endfacet
  facet normal -1 0 0
    outer loop
      vertex -0.0599995 -0.0141541 0.0235602
      vertex -0.0599995 0.0279999 0.0279999
      vertex -0.0599995 -0.0140006 0.022
    endloop
  endfacet
  facet normal -1 0 0
    outer loop
      vertex -0.0599995 -0.014609 0.0250613
      vertex -0.0599995 0.0279999 0.0279999
      vertex -0.0599995 -0.0141541 0.0235602
    endloop
  endfacet
  facet normal -1 0 0
    outer loop
      vertex -0.0599995 -0.0153491 0.0264441
      vertex -0.0599995 0.0279999 0.0279999
      vertex -0.0599995 -0.014609 0.0250613
    endloop
  endfacet
  facet normal -1 0 0
    outer loop
      vertex -0.0599995 -0.0163438 0.0276562
      vertex -0.0599995 0.0279999 0.0279999
      vertex -0.0599995 -0.0153491 0.0264441
    endloop
  endfacet
  facet normal -1 -0 0
    outer loop
      vertex -0.0599995 0.0279999 0.0279999
      vertex -0.0599995 -0.0163438 0.0276562
      vertex -0.0599995 -0.0167625 0.0279999
    endloop
  endfacet
  facet normal -0 0 1
    outer loop
      vertex -0.0599995 -0.022 0.0279999
      vertex 0.0599995 -0.0279999 0.0279999
      vertex 0.0599995 -0.022 0.0279999
    endloop
  endfacet
  facet normal 0 0 1
    outer loop
      vertex 0.0599995 -0.0279999 0.0279999
      vertex -0.0599995 -0.022 0.0279999
      vertex -0.0599995 -0.0279999 0.0279999
    endloop
  endfacet
  facet normal -0 0 1
    outer loop
      vertex 0.0493889 -0.0139208 0.0279999
      vertex 0.0599995 -0.0167625 0.0279999
      vertex 0.0599995 0.0279999 0.0279999
    endloop
  endfacet
  facet normal 0 0 1
    outer loop
      vertex 0.0599995 -0.0167625 0.0279999
      vertex 0.0504513 -0.0155115 0.0279999
      vertex 0.0504999 -0.0159998 0.0279999
    endloop
  endfacet
  facet normal 0 0 1
    outer loop
      vertex 0.0599995 -0.0167625 0.0279999
      vertex 0.0503092 -0.0150433 0.0279999
      vertex 0.0504513 -0.0155115 0.0279999
    endloop
  endfacet
  facet normal 0 0 1
    outer loop
      vertex 0.0599995 -0.0167625 0.0279999
      vertex 0.0500784 -0.0146103 0.0279999
      vertex 0.0503092 -0.0150433 0.0279999
    endloop
  endfacet
  facet normal 0 0 1
    outer loop
      vertex 0.0599995 -0.0167625 0.0279999
      vertex 0.0497675 -0.0142317 0.0279999
      vertex 0.0500784 -0.0146103 0.0279999
    endloop
  endfacet
  facet normal 0 0 1
    outer loop
      vertex 0.0599995 -0.0167625 0.0279999
      vertex 0.0493889 -0.0139208 0.0279999
      vertex 0.0497675 -0.0142317 0.0279999
    endloop
  endfacet
  facet normal 0 0 1
    outer loop
      vertex 0.0599995 0.0279999 0.0279999
      vertex 0.0489559 -0.01369 0.0279999
      vertex 0.0493889 -0.0139208 0.0279999
    endloop
  endfacet
  facet normal 0 0 1
    outer loop
      vertex 0.0599995 0.0279999 0.0279999
      vertex 0.0484877 -0.0135479 0.0279999
      vertex 0.0489559 -0.01369 0.0279999
    endloop
  endfacet
  facet normal 0 0 1
    outer loop
      vertex 0.0599995 0.0279999 0.0279999
      vertex 0.0479994 -0.0134993 0.0279999
      vertex 0.0484877 -0.0135479 0.0279999
    endloop
  endfacet
  facet normal 0 0 1
    outer loop
      vertex 0.0599995 0.0279999 0.0279999
      vertex 0.0475121 -0.0135479 0.0279999
      vertex 0.0479994 -0.0134993 0.0279999
    endloop
  endfacet
  facet normal 0 0 1
    outer loop
      vertex 0.0599995 0.0279999 0.0279999
      vertex 0.0470428 -0.01369 0.0279999
      vertex 0.0475121 -0.0135479 0.0279999
    endloop
  endfacet
  facet normal 0 0 1
    outer loop
      vertex 0.0599995 0.0279999 0.0279999
      vertex 0.0466108 -0.0139208 0.0279999
      vertex 0.0470428 -0.01369 0.0279999
    endloop
  endfacet
  facet normal 0 0 1
    outer loop
      vertex 0.00138855 -0.0139208 0.0279999
      vertex 0.0466108 -0.0139208 0.0279999
      vertex 0.0599995 0.0279999 0.0279999
    endloop
  endfacet
  facet normal 0 0 1
    outer loop
      vertex 0.0466108 -0.0139208 0.0279999
      vertex 0.00138855 -0.0139208 0.0279999
      vertex 0.0462322 -0.0142317 0.0279999
    endloop
  endfacet
  facet normal 0 -0 1
    outer loop
      vertex 0.00176716 -0.0142317 0.0279999
      vertex 0.0462322 -0.0142317 0.0279999
      vertex 0.00138855 -0.0139208 0.0279999
    endloop
  endfacet
  facet normal 0 0 1
    outer loop
      vertex 0.0455475 -0.0155115 0.0279999
      vertex 0.00249958 -0.0159998 0.0279999
      vertex 0.0454998 -0.0159998 0.0279999
    endloop
  endfacet
  facet normal 0 0 1
    outer loop
      vertex 0.0024519 -0.0155115 0.0279999
      vertex 0.0455475 -0.0155115 0.0279999
      vertex 0.0456896 -0.0150433 0.0279999
    endloop
  endfacet
  facet normal 0 0 1
    outer loop
      vertex 0.0462322 -0.0142317 0.0279999
      vertex 0.00176716 -0.0142317 0.0279999
      vertex 0.0459213 -0.0146103 0.0279999
    endloop
  endfacet
  facet normal 0 0 1
    outer loop
      vertex 0.0455475 -0.0155115 0.0279999
      vertex 0.0024519 -0.0155115 0.0279999
      vertex 0.00249958 -0.0159998 0.0279999
    endloop
  endfacet
  facet normal 0 0 1
    outer loop
      vertex 0.0456896 -0.0150433 0.0279999
      vertex 0.00230885 -0.0150433 0.0279999
      vertex 0.0024519 -0.0155115 0.0279999
    endloop
  endfacet
  facet normal 0 0 1
    outer loop
      vertex 0.0456896 -0.0150433 0.0279999
      vertex 0.00207806 -0.0146103 0.0279999
      vertex 0.00230885 -0.0150433 0.0279999
    endloop
  endfacet
  facet normal 0 0 1
    outer loop
      vertex 0.0459213 -0.0146103 0.0279999
      vertex 0.00207806 -0.0146103 0.0279999
      vertex 0.0456896 -0.0150433 0.0279999
    endloop
  endfacet
  facet normal 0 -0 1
    outer loop
      vertex 0.00207806 -0.0146103 0.0279999
      vertex 0.0459213 -0.0146103 0.0279999
      vertex 0.00176716 -0.0142317 0.0279999
    endloop
  endfacet
  facet normal 0 0 1
    outer loop
      vertex 0.0599995 0.0279999 0.0279999
      vertex 0.000956535 -0.01369 0.0279999
      vertex 0.00138855 -0.0139208 0.0279999
    endloop
  endfacet
  facet normal 0 0 1
    outer loop
      vertex 0.0599995 0.0279999 0.0279999
      vertex 0.000487328 -0.0135479 0.0279999
      vertex 0.000956535 -0.01369 0.0279999
    endloop
  endfacet
  facet normal 0 0 1
    outer loop
      vertex 0.0599995 0.0279999 0.0279999
      vertex 0 -0.0134993 0.0279999
      vertex 0.000487328 -0.0135479 0.0279999
    endloop
  endfacet
  facet normal -0 0 1
    outer loop
      vertex -0.0599995 0.0279999 0.0279999
      vertex 0 -0.0134993 0.0279999
      vertex 0.0599995 0.0279999 0.0279999
    endloop
  endfacet
  facet normal 0 0 1
    outer loop
      vertex 0 -0.0134993 0.0279999
      vertex -0.0599995 0.0279999 0.0279999
      vertex -0.000487328 -0.0135479 0.0279999
    endloop
  endfacet
  facet normal 0 0 1
    outer loop
      vertex -0.000487328 -0.0135479 0.0279999
      vertex -0.0599995 0.0279999 0.0279999
      vertex -0.000956535 -0.01369 0.0279999
    endloop
  endfacet
  facet normal 0 0 1
    outer loop
      vertex -0.0024519 -0.0155115 0.0279999
      vertex -0.0454998 -0.0159998 0.0279999
      vertex -0.00249958 -0.0159998 0.0279999
    endloop
  endfacet
  facet normal 0 0 1
    outer loop
      vertex -0.0455475 -0.0155115 0.0279999
      vertex -0.0024519 -0.0155115 0.0279999
      vertex -0.00230885 -0.0150433 0.0279999
    endloop
  endfacet
  facet normal 0 0 1
    outer loop
      vertex -0.0456896 -0.0150433 0.0279999
      vertex -0.00230885 -0.0150433 0.0279999
      vertex -0.00207806 -0.0146103 0.0279999
    endloop
  endfacet
  facet normal 0 0 1
    outer loop
      vertex -0.0459213 -0.0146103 0.0279999
      vertex -0.00207806 -0.0146103 0.0279999
      vertex -0.00176716 -0.0142317 0.0279999
    endloop
  endfacet
  facet normal 0 0 1
    outer loop
      vertex -0.0462322 -0.0142317 0.0279999
      vertex -0.00176716 -0.0142317 0.0279999
      vertex -0.00138855 -0.0139208 0.0279999
    endloop
  endfacet
  facet normal 0 0 1
    outer loop
      vertex -0.000956535 -0.01369 0.0279999
      vertex -0.0599995 0.0279999 0.0279999
      vertex -0.00138855 -0.0139208 0.0279999
    endloop
  endfacet
  facet normal 0 0 1
    outer loop
      vertex -0.0024519 -0.0155115 0.0279999
      vertex -0.0455475 -0.0155115 0.0279999
      vertex -0.0454998 -0.0159998 0.0279999
    endloop
  endfacet
  facet normal 0 0 1
    outer loop
      vertex -0.00230885 -0.0150433 0.0279999
      vertex -0.0456896 -0.0150433 0.0279999
      vertex -0.0455475 -0.0155115 0.0279999
    endloop
  endfacet
  facet normal 0 0 1
    outer loop
      vertex -0.00207806 -0.0146103 0.0279999
      vertex -0.0459213 -0.0146103 0.0279999
      vertex -0.0456896 -0.0150433 0.0279999
    endloop
  endfacet
  facet normal 0 0 1
    outer loop
      vertex -0.00176716 -0.0142317 0.0279999
      vertex -0.0462322 -0.0142317 0.0279999
      vertex -0.0459213 -0.0146103 0.0279999
    endloop
  endfacet
  facet normal 0 -0 1
    outer loop
      vertex -0.0466108 -0.0139208 0.0279999
      vertex -0.00138855 -0.0139208 0.0279999
      vertex -0.0599995 0.0279999 0.0279999
    endloop
  endfacet
  facet normal 0 0 1
    outer loop
      vertex -0.00138855 -0.0139208 0.0279999
      vertex -0.0466108 -0.0139208 0.0279999
      vertex -0.0462322 -0.0142317 0.0279999
    endloop
  endfacet
  facet normal 0 0 1
    outer loop
      vertex -0.0466108 -0.0139208 0.0279999
      vertex -0.0599995 0.0279999 0.0279999
      vertex -0.0470428 -0.01369 0.0279999
    endloop
  endfacet
  facet normal 0 0 1
    outer loop
      vertex -0.0470428 -0.01369 0.0279999
      vertex -0.0599995 0.0279999 0.0279999
      vertex -0.0475121 -0.0135479 0.0279999
    endloop
  endfacet
  facet normal 0 0 1
    outer loop
      vertex -0.0475121 -0.0135479 0.0279999
      vertex -0.0599995 0.0279999 0.0279999
      vertex -0.0479994 -0.0134993 0.0279999
    endloop
  endfacet
  facet normal 0 0 1
    outer loop
      vertex -0.0479994 -0.0134993 0.0279999
      vertex -0.0599995 0.0279999 0.0279999
      vertex -0.0484877 -0.0135479 0.0279999
    endloop
  endfacet
  facet normal 0 0 1
    outer loop
      vertex -0.0503092 -0.0150433 0.0279999
      vertex -0.0599995 -0.0167625 0.0279999
      vertex -0.0504513 -0.0155115 0.0279999
    endloop
  endfacet
  facet normal 0 0 1
    outer loop
      vertex -0.0500784 -0.0146103 0.0279999
      vertex -0.0599995 -0.0167625 0.0279999
      vertex -0.0503092 -0.0150433 0.0279999
    endloop
  endfacet
  facet normal 0 0 1
    outer loop
      vertex -0.0497675 -0.0142317 0.0279999
      vertex -0.0599995 -0.0167625 0.0279999
      vertex -0.0500784 -0.0146103 0.0279999
    endloop
  endfacet
  facet normal 0 0 1
    outer loop
      vertex -0.0493889 -0.0139208 0.0279999
      vertex -0.0599995 -0.0167625 0.0279999
      vertex -0.0497675 -0.0142317 0.0279999
    endloop
  endfacet
  facet normal 0 0 1
    outer loop
      vertex -0.0599995 -0.0167625 0.0279999
      vertex -0.0493889 -0.0139208 0.0279999
      vertex -0.0599995 0.0279999 0.0279999
    endloop
  endfacet
  facet normal 0 0 1
    outer loop
      vertex -0.0489559 -0.01369 0.0279999
      vertex -0.0599995 0.0279999 0.0279999
      vertex -0.0493889 -0.0139208 0.0279999
    endloop
  endfacet
  facet normal 0 0 1
    outer loop
      vertex -0.0484877 -0.0135479 0.0279999
      vertex -0.0599995 0.0279999 0.0279999
      vertex -0.0489559 -0.01369 0.0279999
    endloop
  endfacet
  facet normal -0 0 1
    outer loop
      vertex 0.0504513 -0.0164871 0.0279999
      vertex 0.0599995 -0.0167625 0.0279999
      vertex 0.0504999 -0.0159998 0.0279999
    endloop
  endfacet
  facet normal 0 0 1
    outer loop
      vertex 0.0599995 -0.0167625 0.0279999
      vertex 0.0504513 -0.0164871 0.0279999
      vertex 0.0503679 -0.0167625 0.0279999
    endloop
  endfacet
  facet normal -0 0 1
    outer loop
      vertex 0.00249958 -0.0159998 0.0279999
      vertex 0.0455475 -0.0164871 0.0279999
      vertex 0.0454998 -0.0159998 0.0279999
    endloop
  endfacet
  facet normal 0 0 1
    outer loop
      vertex 0.0024519 -0.0164871 0.0279999
      vertex 0.0455475 -0.0164871 0.0279999
      vertex 0.00249958 -0.0159998 0.0279999
    endloop
  endfacet
  facet normal 0 0 1
    outer loop
      vertex 0.0455475 -0.0164871 0.0279999
      vertex 0.0024519 -0.0164871 0.0279999
      vertex 0.0456309 -0.0167625 0.0279999
    endloop
  endfacet
  facet normal 0 0 1
    outer loop
      vertex 0.0456309 -0.0167625 0.0279999
      vertex 0.0024519 -0.0164871 0.0279999
      vertex 0.00236794 -0.0167625 0.0279999
    endloop
  endfacet
  facet normal -0 0 1
    outer loop
      vertex -0.0454998 -0.0159998 0.0279999
      vertex -0.0024519 -0.0164871 0.0279999
      vertex -0.00249958 -0.0159998 0.0279999
    endloop
  endfacet
  facet normal 0 0 1
    outer loop
      vertex -0.0455475 -0.0164871 0.0279999
      vertex -0.0024519 -0.0164871 0.0279999
      vertex -0.0454998 -0.0159998 0.0279999
    endloop
  endfacet
  facet normal 0 0 1
    outer loop
      vertex -0.0024519 -0.0164871 0.0279999
      vertex -0.0455475 -0.0164871 0.0279999
      vertex -0.00236794 -0.0167625 0.0279999
    endloop
  endfacet
  facet normal 0 0 1
    outer loop
      vertex -0.00236794 -0.0167625 0.0279999
      vertex -0.0455475 -0.0164871 0.0279999
      vertex -0.0456309 -0.0167625 0.0279999
    endloop
  endfacet
  facet normal 0 0 1
    outer loop
      vertex -0.0504513 -0.0155115 0.0279999
      vertex -0.0599995 -0.0167625 0.0279999
      vertex -0.0504999 -0.0159998 0.0279999
    endloop
  endfacet
  facet normal 0 0 1
    outer loop
      vertex -0.0504513 -0.0164871 0.0279999
      vertex -0.0599995 -0.0167625 0.0279999
      vertex -0.0503679 -0.0167625 0.0279999
    endloop
  endfacet
  facet normal 0 0 1
    outer loop
      vertex -0.0504999 -0.0159998 0.0279999
      vertex -0.0599995 -0.0167625 0.0279999
      vertex -0.0504513 -0.0164871 0.0279999
    endloop
  endfacet
  facet normal 1 0 0
    outer loop
      vertex 0.0599995 -0.022 0.0279999
      vertex 0.0599995 -0.0279999 0.0279999
      vertex 0.0599995 -0.022 0.022
    endloop
  endfacet
  facet normal 1 0 0
    outer loop
      vertex 0.0599995 0.0279999 0.0279999
      vertex 0.0599995 -0.0140006 0.022
      vertex 0.0599995 0.0279999 0.0219994
    endloop
  endfacet
  facet normal 1 0 0
    outer loop
      vertex 0.0599995 0.0279999 0.0279999
      vertex 0.0599995 -0.0141541 0.0235602
      vertex 0.0599995 -0.0140006 0.022
    endloop
  endfacet
  facet normal 1 0 0
    outer loop
      vertex 0.0599995 0.0279999 0.0279999
      vertex 0.0599995 -0.014609 0.0250613
      vertex 0.0599995 -0.0141541 0.0235602
    endloop
  endfacet
  facet normal 1 0 0
    outer loop
      vertex 0.0599995 0.0279999 0.0279999
      vertex 0.0599995 -0.0153491 0.0264441
      vertex 0.0599995 -0.014609 0.0250613
    endloop
  endfacet
  facet normal 1 0 0
    outer loop
      vertex 0.0599995 0.0279999 0.0279999
      vertex 0.0599995 -0.0163438 0.0276562
      vertex 0.0599995 -0.0153491 0.0264441
    endloop
  endfacet
  facet normal 1 0 -0
    outer loop
      vertex 0.0599995 -0.0163438 0.0276562
      vertex 0.0599995 0.0279999 0.0279999
      vertex 0.0599995 -0.0167625 0.0279999
    endloop
  endfacet
  facet normal 1 0 0
    outer loop
      vertex 0.0599995 -0.0140006 0.022
      vertex 0.0599995 -0.0219994 0.0219994
      vertex 0.0599995 0.0279999 0.0219994
    endloop
  endfacet
  facet normal 1 -0 0
    outer loop
      vertex 0.0599995 -0.022 0.022
      vertex 0.0599995 -0.0219994 0.0219994
      vertex 0.0599995 -0.0140006 0.022
    endloop
  endfacet
  facet normal 1 0 0
    outer loop
      vertex 0.0599995 -0.0279999 -0.0279999
      vertex 0.0599995 -0.0219994 0.0219994
      vertex 0.0599995 -0.022 0.022
    endloop
  endfacet
  facet normal 1 0 0
    outer loop
      vertex 0.0599995 -0.0279999 -0.0279999
      vertex 0.0599995 -0.022 0.022
      vertex 0.0599995 -0.0279999 0.0279999
    endloop
  endfacet
  facet normal 1 0 0
    outer loop
      vertex 0.0599995 -0.0219994 0.0219994
      vertex 0.0599995 -0.0279999 -0.0279999
      vertex 0.0599995 -0.0219994 -0.0279999
    endloop
  endfacet
  facet normal 0 1 -0
    outer loop
      vertex -0.000956535 -0.0219994 -0.01369
      vertex -0.0599995 -0.0219994 0.0219994
      vertex -0.000487328 -0.0219994 -0.0135479
    endloop
  endfacet
  facet normal 0 1 0
    outer loop
      vertex -0.0599995 -0.0219994 0.0219994
      vertex -0.0475121 -0.0219994 -0.0135479
      vertex -0.0479994 -0.0219994 -0.0134993
    endloop
  endfacet
  facet normal 0 1 -0
    outer loop
      vertex -0.00138855 -0.0219994 -0.0139208
      vertex -0.0599995 -0.0219994 0.0219994
      vertex -0.000956535 -0.0219994 -0.01369
    endloop
  endfacet
  facet normal 0 1 0
    outer loop
      vertex -0.0599995 -0.0219994 0.0219994
      vertex -0.0470428 -0.0219994 -0.01369
      vertex -0.0475121 -0.0219994 -0.0135479
    endloop
  endfacet
  facet normal 0 1 -0
    outer loop
      vertex -0.0466108 -0.0219994 -0.0139208
      vertex -0.0599995 -0.0219994 0.0219994
      vertex -0.00138855 -0.0219994 -0.0139208
    endloop
  endfacet
  facet normal 0 1 0
    outer loop
      vertex -0.0599995 -0.0219994 0.0219994
      vertex -0.0466108 -0.0219994 -0.0139208
      vertex -0.0470428 -0.0219994 -0.01369
    endloop
  endfacet
  facet normal 0 1 -0
    outer loop
      vertex -0.00176716 -0.0219994 -0.0142317
      vertex -0.0466108 -0.0219994 -0.0139208
      vertex -0.00138855 -0.0219994 -0.0139208
    endloop
  endfacet
  facet normal 0 1 0
    outer loop
      vertex -0.00176716 -0.0219994 -0.0142317
      vertex -0.0462322 -0.0219994 -0.0142317
      vertex -0.0466108 -0.0219994 -0.0139208
    endloop
  endfacet
  facet normal 0 1 -0
    outer loop
      vertex -0.00207806 -0.0219994 -0.0146103
      vertex -0.0462322 -0.0219994 -0.0142317
      vertex -0.00176716 -0.0219994 -0.0142317
    endloop
  endfacet
  facet normal 0 1 0
    outer loop
      vertex -0.00207806 -0.0219994 -0.0146103
      vertex -0.0459213 -0.0219994 -0.0146103
      vertex -0.0462322 -0.0219994 -0.0142317
    endloop
  endfacet
  facet normal 0 1 -0
    outer loop
      vertex -0.00230885 -0.0219994 -0.0150433
      vertex -0.0459213 -0.0219994 -0.0146103
      vertex -0.00207806 -0.0219994 -0.0146103
    endloop
  endfacet
  facet normal 0 1 0
    outer loop
      vertex -0.00230885 -0.0219994 -0.0150433
      vertex -0.0456896 -0.0219994 -0.0150433
      vertex -0.0459213 -0.0219994 -0.0146103
    endloop
  endfacet
  facet normal 0 1 -0
    outer loop
      vertex -0.0024519 -0.0219994 -0.0155115
      vertex -0.0456896 -0.0219994 -0.0150433
      vertex -0.00230885 -0.0219994 -0.0150433
    endloop
  endfacet
  facet normal 0 1 0
    outer loop
      vertex -0.0024519 -0.0219994 -0.0155115
      vertex -0.0455475 -0.0219994 -0.0155115
      vertex -0.0456896 -0.0219994 -0.0150433
    endloop
  endfacet
  facet normal 0 1 -0
    outer loop
      vertex -0.00249958 -0.0219994 -0.0159998
      vertex -0.0455475 -0.0219994 -0.0155115
      vertex -0.0024519 -0.0219994 -0.0155115
    endloop
  endfacet
  facet normal 0 1 0
    outer loop
      vertex -0.00249958 -0.0219994 -0.0159998
      vertex -0.0454998 -0.0219994 -0.0159998
      vertex -0.0455475 -0.0219994 -0.0155115
    endloop
  endfacet
  facet normal 0 1 0
    outer loop
      vertex -0.0024519 -0.0219994 -0.0164871
      vertex -0.0454998 -0.0219994 -0.0159998
      vertex -0.00249958 -0.0219994 -0.0159998
    endloop
  endfacet
  facet normal 0 1 0
    outer loop
      vertex -0.0024519 -0.0219994 -0.0164871
      vertex -0.0455475 -0.0219994 -0.0164871
      vertex -0.0454998 -0.0219994 -0.0159998
    endloop
  endfacet
  facet normal 0 1 0
    outer loop
      vertex -0.00230885 -0.0219994 -0.0169563
      vertex -0.0455475 -0.0219994 -0.0164871
      vertex -0.0024519 -0.0219994 -0.0164871
    endloop
  endfacet
  facet normal 0 1 0
    outer loop
      vertex -0.00230885 -0.0219994 -0.0169563
      vertex -0.0456896 -0.0219994 -0.0169563
      vertex -0.0455475 -0.0219994 -0.0164871
    endloop
  endfacet
  facet normal 0 1 0
    outer loop
      vertex -0.00207806 -0.0219994 -0.0173883
      vertex -0.0456896 -0.0219994 -0.0169563
      vertex -0.00230885 -0.0219994 -0.0169563
    endloop
  endfacet
  facet normal 0 1 0
    outer loop
      vertex -0.00207806 -0.0219994 -0.0173883
      vertex -0.0459213 -0.0219994 -0.0173883
      vertex -0.0456896 -0.0219994 -0.0169563
    endloop
  endfacet
  facet normal 0 1 0
    outer loop
      vertex -0.00176716 -0.0219994 -0.017767
      vertex -0.0459213 -0.0219994 -0.0173883
      vertex -0.00207806 -0.0219994 -0.0173883
    endloop
  endfacet
  facet normal 0 1 0
    outer loop
      vertex -0.00176716 -0.0219994 -0.017767
      vertex -0.0462322 -0.0219994 -0.017767
      vertex -0.0459213 -0.0219994 -0.0173883
    endloop
  endfacet
  facet normal 0 1 0
    outer loop
      vertex -0.00138855 -0.0219994 -0.0180779
      vertex -0.0462322 -0.0219994 -0.017767
      vertex -0.00176716 -0.0219994 -0.017767
    endloop
  endfacet
  facet normal 0 1 0
    outer loop
      vertex -0.00138855 -0.0219994 -0.0180779
      vertex -0.0466108 -0.0219994 -0.0180779
      vertex -0.0462322 -0.0219994 -0.017767
    endloop
  endfacet
  facet normal 0 1 0
    outer loop
      vertex -0.000956535 -0.0219994 -0.0183096
      vertex -0.0466108 -0.0219994 -0.0180779
      vertex -0.00138855 -0.0219994 -0.0180779
    endloop
  endfacet
  facet normal 0 1 0
    outer loop
      vertex -0.000956535 -0.0219994 -0.0183096
      vertex -0.0470428 -0.0219994 -0.0183096
      vertex -0.0466108 -0.0219994 -0.0180779
    endloop
  endfacet
  facet normal 0 1 0
    outer loop
      vertex -0.0599995 -0.0219994 -0.0279999
      vertex -0.000956535 -0.0219994 -0.0183096
      vertex -0.000487328 -0.0219994 -0.0184517
    endloop
  endfacet
  facet normal 0 1 0
    outer loop
      vertex -0.000956535 -0.0219994 -0.0183096
      vertex -0.0599995 -0.0219994 -0.0279999
      vertex -0.0470428 -0.0219994 -0.0183096
    endloop
  endfacet
  facet normal 0 1 0
    outer loop
      vertex -0.0599995 -0.0219994 -0.0279999
      vertex -0.000487328 -0.0219994 -0.0184517
      vertex 0 -0.0219994 -0.0184994
    endloop
  endfacet
  facet normal 0 1 0
    outer loop
      vertex -0.0470428 -0.0219994 -0.0183096
      vertex -0.0599995 -0.0219994 -0.0279999
      vertex -0.0475121 -0.0219994 -0.0184517
    endloop
  endfacet
  facet normal 0 1 0
    outer loop
      vertex 0.0470428 -0.0219994 -0.01369
      vertex 0.0599995 -0.0219994 0.0219994
      vertex 0.0475121 -0.0219994 -0.0135479
    endloop
  endfacet
  facet normal 0 1 0
    outer loop
      vertex 0.0599995 -0.0219994 0.0219994
      vertex 0.000487328 -0.0219994 -0.0135479
      vertex 0 -0.0219994 -0.0134993
    endloop
  endfacet
  facet normal 0 1 0
    outer loop
      vertex 0.0466108 -0.0219994 -0.0139208
      vertex 0.0599995 -0.0219994 0.0219994
      vertex 0.0470428 -0.0219994 -0.01369
    endloop
  endfacet
  facet normal 0 1 0
    outer loop
      vertex 0.0599995 -0.0219994 0.0219994
      vertex 0.000956535 -0.0219994 -0.01369
      vertex 0.000487328 -0.0219994 -0.0135479
    endloop
  endfacet
  facet normal 0 1 0
    outer loop
      vertex 0.00138855 -0.0219994 -0.0139208
      vertex 0.0599995 -0.0219994 0.0219994
      vertex 0.0466108 -0.0219994 -0.0139208
    endloop
  endfacet
  facet normal 0 1 0
    outer loop
      vertex 0.0599995 -0.0219994 0.0219994
      vertex 0.00138855 -0.0219994 -0.0139208
      vertex 0.000956535 -0.0219994 -0.01369
    endloop
  endfacet
  facet normal 0 1 -0
    outer loop
      vertex 0.0462322 -0.0219994 -0.0142317
      vertex 0.00138855 -0.0219994 -0.0139208
      vertex 0.0466108 -0.0219994 -0.0139208
    endloop
  endfacet
  facet normal 0 1 0
    outer loop
      vertex 0.0462322 -0.0219994 -0.0142317
      vertex 0.00176716 -0.0219994 -0.0142317
      vertex 0.00138855 -0.0219994 -0.0139208
    endloop
  endfacet
  facet normal 0 1 -0
    outer loop
      vertex 0.0459213 -0.0219994 -0.0146103
      vertex 0.00176716 -0.0219994 -0.0142317
      vertex 0.0462322 -0.0219994 -0.0142317
    endloop
  endfacet
  facet normal 0 1 0
    outer loop
      vertex 0.0459213 -0.0219994 -0.0146103
      vertex 0.00207806 -0.0219994 -0.0146103
      vertex 0.00176716 -0.0219994 -0.0142317
    endloop
  endfacet
  facet normal 0 1 -0
    outer loop
      vertex 0.0456896 -0.0219994 -0.0150433
      vertex 0.00207806 -0.0219994 -0.0146103
      vertex 0.0459213 -0.0219994 -0.0146103
    endloop
  endfacet
  facet normal 0 1 0
    outer loop
      vertex 0.0456896 -0.0219994 -0.0150433
      vertex 0.00230885 -0.0219994 -0.0150433
      vertex 0.00207806 -0.0219994 -0.0146103
    endloop
  endfacet
  facet normal 0 1 -0
    outer loop
      vertex 0.0455475 -0.0219994 -0.0155115
      vertex 0.00230885 -0.0219994 -0.0150433
      vertex 0.0456896 -0.0219994 -0.0150433
    endloop
  endfacet
  facet normal 0 1 0
    outer loop
      vertex 0.0455475 -0.0219994 -0.0155115
      vertex 0.0024519 -0.0219994 -0.0155115
      vertex 0.00230885 -0.0219994 -0.0150433
    endloop
  endfacet
  facet normal 0 1 -0
    outer loop
      vertex 0.0454998 -0.0219994 -0.0159998
      vertex 0.0024519 -0.0219994 -0.0155115
      vertex 0.0455475 -0.0219994 -0.0155115
    endloop
  endfacet
  facet normal 0 1 0
    outer loop
      vertex 0.0454998 -0.0219994 -0.0159998
      vertex 0.00249958 -0.0219994 -0.0159998
      vertex 0.0024519 -0.0219994 -0.0155115
    endloop
  endfacet
  facet normal 0 1 0
    outer loop
      vertex 0.0455475 -0.0219994 -0.0164871
      vertex 0.00249958 -0.0219994 -0.0159998
      vertex 0.0454998 -0.0219994 -0.0159998
    endloop
  endfacet
  facet normal 0 1 0
    outer loop
      vertex 0.0455475 -0.0219994 -0.0164871
      vertex 0.0024519 -0.0219994 -0.0164871
      vertex 0.00249958 -0.0219994 -0.0159998
    endloop
  endfacet
  facet normal 0 1 0
    outer loop
      vertex 0.0456896 -0.0219994 -0.0169563
      vertex 0.0024519 -0.0219994 -0.0164871
      vertex 0.0455475 -0.0219994 -0.0164871
    endloop
  endfacet
  facet normal 0 1 0
    outer loop
      vertex 0.0456896 -0.0219994 -0.0169563
      vertex 0.00230885 -0.0219994 -0.0169563
      vertex 0.0024519 -0.0219994 -0.0164871
    endloop
  endfacet
  facet normal 0 1 0
    outer loop
      vertex 0.0459213 -0.0219994 -0.0173883
      vertex 0.00230885 -0.0219994 -0.0169563
      vertex 0.0456896 -0.0219994 -0.0169563
    endloop
  endfacet
  facet normal 0 1 0
    outer loop
      vertex 0.0459213 -0.0219994 -0.0173883
      vertex 0.00207806 -0.0219994 -0.0173883
      vertex 0.00230885 -0.0219994 -0.0169563
    endloop
  endfacet
  facet normal 0 1 0
    outer loop
      vertex 0.0462322 -0.0219994 -0.017767
      vertex 0.00207806 -0.0219994 -0.0173883
      vertex 0.0459213 -0.0219994 -0.0173883
    endloop
  endfacet
  facet normal 0 1 0
    outer loop
      vertex 0.0462322 -0.0219994 -0.017767
      vertex 0.00176716 -0.0219994 -0.017767
      vertex 0.00207806 -0.0219994 -0.0173883
    endloop
  endfacet
  facet normal 0 1 0
    outer loop
      vertex 0.0466108 -0.0219994 -0.0180779
      vertex 0.00176716 -0.0219994 -0.017767
      vertex 0.0462322 -0.0219994 -0.017767
    endloop
  endfacet
  facet normal 0 1 0
    outer loop
      vertex 0.0466108 -0.0219994 -0.0180779
      vertex 0.00138855 -0.0219994 -0.0180779
      vertex 0.00176716 -0.0219994 -0.017767
    endloop
  endfacet
  facet normal 0 1 0
    outer loop
      vertex 0.0470428 -0.0219994 -0.0183096
      vertex 0.00138855 -0.0219994 -0.0180779
      vertex 0.0466108 -0.0219994 -0.0180779
    endloop
  endfacet
  facet normal 0 1 0
    outer loop
      vertex 0.0470428 -0.0219994 -0.0183096
      vertex 0.000956535 -0.0219994 -0.0183096
      vertex 0.00138855 -0.0219994 -0.0180779
    endloop
  endfacet
  facet normal 0 1 0
    outer loop
      vertex 0.0599995 -0.0219994 -0.0279999
      vertex 0.0470428 -0.0219994 -0.0183096
      vertex 0.0475121 -0.0219994 -0.0184517
    endloop
  endfacet
  facet normal 0 1 0
    outer loop
      vertex 0.0470428 -0.0219994 -0.0183096
      vertex 0.0599995 -0.0219994 -0.0279999
      vertex 0.000956535 -0.0219994 -0.0183096
    endloop
  endfacet
  facet normal 0 1 0
    outer loop
      vertex 0.0599995 -0.0219994 -0.0279999
      vertex 0.0475121 -0.0219994 -0.0184517
      vertex 0.0479994 -0.0219994 -0.0184994
    endloop
  endfacet
  facet normal 0 1 0
    outer loop
      vertex 0.000956535 -0.0219994 -0.0183096
      vertex 0.0599995 -0.0219994 -0.0279999
      vertex 0.000487328 -0.0219994 -0.0184517
    endloop
  endfacet
  facet normal 0 1 0
    outer loop
      vertex 0.0475121 -0.0219994 -0.0135479
      vertex 0.0599995 -0.0219994 0.0219994
      vertex 0.0479994 -0.0219994 -0.0134993
    endloop
  endfacet
  facet normal 0 1 0
    outer loop
      vertex 0.0599995 -0.0219994 0.0219994
      vertex 0.0484877 -0.0219994 -0.0135479
      vertex 0.0479994 -0.0219994 -0.0134993
    endloop
  endfacet
  facet normal 0 1 0
    outer loop
      vertex 0.0599995 -0.0219994 0.0219994
      vertex 0.0489559 -0.0219994 -0.01369
      vertex 0.0484877 -0.0219994 -0.0135479
    endloop
  endfacet
  facet normal 0 1 0
    outer loop
      vertex 0.0599995 -0.0219994 0.0219994
      vertex 0.0493889 -0.0219994 -0.0139208
      vertex 0.0489559 -0.0219994 -0.01369
    endloop
  endfacet
  facet normal 0 1 0
    outer loop
      vertex 0.0599995 -0.0219994 0.0219994
      vertex 0.0497675 -0.0219994 -0.0142317
      vertex 0.0493889 -0.0219994 -0.0139208
    endloop
  endfacet
  facet normal 0 1 0
    outer loop
      vertex 0.0599995 -0.0219994 0.0219994
      vertex 0.0500784 -0.0219994 -0.0146103
      vertex 0.0497675 -0.0219994 -0.0142317
    endloop
  endfacet
  facet normal 0 1 0
    outer loop
      vertex 0.0599995 -0.0219994 0.0219994
      vertex 0.0503092 -0.0219994 -0.0150433
      vertex 0.0500784 -0.0219994 -0.0146103
    endloop
  endfacet
  facet normal 0 1 -0
    outer loop
      vertex 0.0599995 -0.0219994 -0.0279999
      vertex 0.0503092 -0.0219994 -0.0150433
      vertex 0.0599995 -0.0219994 0.0219994
    endloop
  endfacet
  facet normal 0 1 0
    outer loop
      vertex 0.0503092 -0.0219994 -0.0150433
      vertex 0.0599995 -0.0219994 -0.0279999
      vertex 0.0504513 -0.0219994 -0.0155115
    endloop
  endfacet
  facet normal 0 1 0
    outer loop
      vertex 0.0504513 -0.0219994 -0.0155115
      vertex 0.0599995 -0.0219994 -0.0279999
      vertex 0.0504999 -0.0219994 -0.0159998
    endloop
  endfacet
  facet normal 0 1 0
    outer loop
      vertex 0.000487328 -0.0219994 -0.0184517
      vertex 0.0599995 -0.0219994 -0.0279999
      vertex 0 -0.0219994 -0.0184994
    endloop
  endfacet
  facet normal 0 1 0
    outer loop
      vertex -0.0599995 -0.0219994 -0.0279999
      vertex 0 -0.0219994 -0.0184994
      vertex 0.0599995 -0.0219994 -0.0279999
    endloop
  endfacet
  facet normal 0 1 0
    outer loop
      vertex 0.0484877 -0.0219994 -0.0184517
      vertex 0.0599995 -0.0219994 -0.0279999
      vertex 0.0479994 -0.0219994 -0.0184994
    endloop
  endfacet
  facet normal 0 1 0
    outer loop
      vertex 0.0489559 -0.0219994 -0.0183096
      vertex 0.0599995 -0.0219994 -0.0279999
      vertex 0.0484877 -0.0219994 -0.0184517
    endloop
  endfacet
  facet normal 0 1 0
    outer loop
      vertex 0.0493889 -0.0219994 -0.0180779
      vertex 0.0599995 -0.0219994 -0.0279999
      vertex 0.0489559 -0.0219994 -0.0183096
    endloop
  endfacet
  facet normal 0 1 0
    outer loop
      vertex 0.0497675 -0.0219994 -0.017767
      vertex 0.0599995 -0.0219994 -0.0279999
      vertex 0.0493889 -0.0219994 -0.0180779
    endloop
  endfacet
  facet normal 0 1 0
    outer loop
      vertex 0.0500784 -0.0219994 -0.0173883
      vertex 0.0599995 -0.0219994 -0.0279999
      vertex 0.0497675 -0.0219994 -0.017767
    endloop
  endfacet
  facet normal 0 1 0
    outer loop
      vertex 0.0503092 -0.0219994 -0.0169563
      vertex 0.0599995 -0.0219994 -0.0279999
      vertex 0.0500784 -0.0219994 -0.0173883
    endloop
  endfacet
  facet normal 0 1 0
    outer loop
      vertex 0.0504513 -0.0219994 -0.0164871
      vertex 0.0599995 -0.0219994 -0.0279999
      vertex 0.0503092 -0.0219994 -0.0169563
    endloop
  endfacet
  facet normal 0 1 0
    outer loop
      vertex 0.0504999 -0.0219994 -0.0159998
      vertex 0.0599995 -0.0219994 -0.0279999
      vertex 0.0504513 -0.0219994 -0.0164871
    endloop
  endfacet
  facet normal 0 1 0
    outer loop
      vertex 0.0599995 -0.0219994 0.0219994
      vertex 0 -0.0219994 -0.0134993
      vertex -0.0599995 -0.0219994 0.0219994
    endloop
  endfacet
  facet normal 0 1 -0
    outer loop
      vertex -0.000487328 -0.0219994 -0.0135479
      vertex -0.0599995 -0.0219994 0.0219994
      vertex 0 -0.0219994 -0.0134993
    endloop
  endfacet
  facet normal 0 1 -0
    outer loop
      vertex -0.0484877 -0.0219994 -0.0135479
      vertex -0.0599995 -0.0219994 0.0219994
      vertex -0.0479994 -0.0219994 -0.0134993
    endloop
  endfacet
  facet normal 0 1 -0
    outer loop
      vertex -0.0489559 -0.0219994 -0.01369
      vertex -0.0599995 -0.0219994 0.0219994
      vertex -0.0484877 -0.0219994 -0.0135479
    endloop
  endfacet
  facet normal 0 1 -0
    outer loop
      vertex -0.0493889 -0.0219994 -0.0139208
      vertex -0.0599995 -0.0219994 0.0219994
      vertex -0.0489559 -0.0219994 -0.01369
    endloop
  endfacet
  facet normal 0 1 -0
    outer loop
      vertex -0.0497675 -0.0219994 -0.0142317
      vertex -0.0599995 -0.0219994 0.0219994
      vertex -0.0493889 -0.0219994 -0.0139208
    endloop
  endfacet
  facet normal 0 1 -0
    outer loop
      vertex -0.0500784 -0.0219994 -0.0146103
      vertex -0.0599995 -0.0219994 0.0219994
      vertex -0.0497675 -0.0219994 -0.0142317
    endloop
  endfacet
  facet normal 0 1 -0
    outer loop
      vertex -0.0503092 -0.0219994 -0.0150433
      vertex -0.0599995 -0.0219994 0.0219994
      vertex -0.0500784 -0.0219994 -0.0146103
    endloop
  endfacet
  facet normal 0 1 0
    outer loop
      vertex -0.0599995 -0.0219994 -0.0279999
      vertex -0.0503092 -0.0219994 -0.0150433
      vertex -0.0504513 -0.0219994 -0.0155115
    endloop
  endfacet
  facet normal 0 1 0
    outer loop
      vertex -0.0599995 -0.0219994 -0.0279999
      vertex -0.0504513 -0.0219994 -0.0155115
      vertex -0.0504999 -0.0219994 -0.0159998
    endloop
  endfacet
  facet normal 0 1 0
    outer loop
      vertex -0.0599995 -0.0219994 -0.0279999
      vertex -0.0504999 -0.0219994 -0.0159998
      vertex -0.0504513 -0.0219994 -0.0164871
    endloop
  endfacet
  facet normal 0 1 0
    outer loop
      vertex -0.0503092 -0.0219994 -0.0150433
      vertex -0.0599995 -0.0219994 -0.0279999
      vertex -0.0599995 -0.0219994 0.0219994
    endloop
  endfacet
  facet normal 0 1 0
    outer loop
      vertex -0.0503092 -0.0219994 -0.0169563
      vertex -0.0599995 -0.0219994 -0.0279999
      vertex -0.0504513 -0.0219994 -0.0164871
    endloop
  endfacet
  facet normal 0 1 0
    outer loop
      vertex -0.0500784 -0.0219994 -0.0173883
      vertex -0.0599995 -0.0219994 -0.0279999
      vertex -0.0503092 -0.0219994 -0.0169563
    endloop
  endfacet
  facet normal 0 1 0
    outer loop
      vertex -0.0497675 -0.0219994 -0.017767
      vertex -0.0599995 -0.0219994 -0.0279999
      vertex -0.0500784 -0.0219994 -0.0173883
    endloop
  endfacet
  facet normal 0 1 0
    outer loop
      vertex -0.0493889 -0.0219994 -0.0180779
      vertex -0.0599995 -0.0219994 -0.0279999
      vertex -0.0497675 -0.0219994 -0.017767
    endloop
  endfacet
  facet normal 0 1 0
    outer loop
      vertex -0.0489559 -0.0219994 -0.0183096
      vertex -0.0599995 -0.0219994 -0.0279999
      vertex -0.0493889 -0.0219994 -0.0180779
    endloop
  endfacet
  facet normal 0 1 0
    outer loop
      vertex -0.0484877 -0.0219994 -0.0184517
      vertex -0.0599995 -0.0219994 -0.0279999
      vertex -0.0489559 -0.0219994 -0.0183096
    endloop
  endfacet
  facet normal 0 1 0
    outer loop
      vertex -0.0479994 -0.0219994 -0.0184994
      vertex -0.0599995 -0.0219994 -0.0279999
      vertex -0.0484877 -0.0219994 -0.0184517
    endloop
  endfacet
  facet normal 0 1 0
    outer loop
      vertex -0.0475121 -0.0219994 -0.0184517
      vertex -0.0599995 -0.0219994 -0.0279999
      vertex -0.0479994 -0.0219994 -0.0184994
    endloop
  endfacet
  facet normal 0 0 -1
    outer loop
      vertex -0.0599995 -0.0279999 -0.0279999
      vertex 0.0599995 -0.0219994 -0.0279999
      vertex 0.0599995 -0.0279999 -0.0279999
    endloop
  endfacet
  facet normal -0 0 -1
    outer loop
      vertex 0.0599995 -0.0219994 -0.0279999
      vertex -0.0599995 -0.0279999 -0.0279999
      vertex -0.0599995 -0.0219994 -0.0279999
    endloop
  endfacet
  facet normal 0 -1 0
    outer loop
      vertex 0.000956535 -0.0279999 -0.01369
      vertex 0.0599995 -0.0279999 0.0279999
      vertex 0.000487328 -0.0279999 -0.0135479
    endloop
  endfacet
  facet normal 0 -1 0
    outer loop
      vertex 0.0599995 -0.0279999 0.0279999
      vertex 0.0475121 -0.0279999 -0.0135479
      vertex 0.0479994 -0.0279999 -0.0134993
    endloop
  endfacet
  facet normal 0 -1 0
    outer loop
      vertex 0.00138855 -0.0279999 -0.0139208
      vertex 0.0599995 -0.0279999 0.0279999
      vertex 0.000956535 -0.0279999 -0.01369
    endloop
  endfacet
  facet normal 0 -1 0
    outer loop
      vertex 0.0599995 -0.0279999 0.0279999
      vertex 0.0470428 -0.0279999 -0.01369
      vertex 0.0475121 -0.0279999 -0.0135479
    endloop
  endfacet
  facet normal 0 -1 0
    outer loop
      vertex 0.0466108 -0.0279999 -0.0139208
      vertex 0.0599995 -0.0279999 0.0279999
      vertex 0.00138855 -0.0279999 -0.0139208
    endloop
  endfacet
  facet normal 0 -1 0
    outer loop
      vertex 0.0599995 -0.0279999 0.0279999
      vertex 0.0466108 -0.0279999 -0.0139208
      vertex 0.0470428 -0.0279999 -0.01369
    endloop
  endfacet
  facet normal 0 -1 0
    outer loop
      vertex 0.00176716 -0.0279999 -0.0142317
      vertex 0.0466108 -0.0279999 -0.0139208
      vertex 0.00138855 -0.0279999 -0.0139208
    endloop
  endfacet
  facet normal 0 -1 0
    outer loop
      vertex 0.00176716 -0.0279999 -0.0142317
      vertex 0.0462322 -0.0279999 -0.0142317
      vertex 0.0466108 -0.0279999 -0.0139208
    endloop
  endfacet
  facet normal 0 -1 0
    outer loop
      vertex 0.00207806 -0.0279999 -0.0146103
      vertex 0.0462322 -0.0279999 -0.0142317
      vertex 0.00176716 -0.0279999 -0.0142317
    endloop
  endfacet
  facet normal 0 -1 0
    outer loop
      vertex 0.00207806 -0.0279999 -0.0146103
      vertex 0.0459213 -0.0279999 -0.0146103
      vertex 0.0462322 -0.0279999 -0.0142317
    endloop
  endfacet
  facet normal 0 -1 0
    outer loop
      vertex 0.00230885 -0.0279999 -0.0150433
      vertex 0.0459213 -0.0279999 -0.0146103
      vertex 0.00207806 -0.0279999 -0.0146103
    endloop
  endfacet
  facet normal 0 -1 0
    outer loop
      vertex 0.00230885 -0.0279999 -0.0150433
      vertex 0.0456896 -0.0279999 -0.0150433
      vertex 0.0459213 -0.0279999 -0.0146103
    endloop
  endfacet
  facet normal 0 -1 0
    outer loop
      vertex 0.0024519 -0.0279999 -0.0155115
      vertex 0.0456896 -0.0279999 -0.0150433
      vertex 0.00230885 -0.0279999 -0.0150433
    endloop
  endfacet
  facet normal 0 -1 0
    outer loop
      vertex 0.0024519 -0.0279999 -0.0155115
      vertex 0.0455475 -0.0279999 -0.0155115
      vertex 0.0456896 -0.0279999 -0.0150433
    endloop
  endfacet
  facet normal 0 -1 0
    outer loop
      vertex 0.00249958 -0.0279999 -0.0159998
      vertex 0.0455475 -0.0279999 -0.0155115
      vertex 0.0024519 -0.0279999 -0.0155115
    endloop
  endfacet
  facet normal 0 -1 0
    outer loop
      vertex 0.00249958 -0.0279999 -0.0159998
      vertex 0.0454998 -0.0279999 -0.0159998
      vertex 0.0455475 -0.0279999 -0.0155115
    endloop
  endfacet
  facet normal 0 -1 0
    outer loop
      vertex 0.0024519 -0.0279999 -0.0164871
      vertex 0.0454998 -0.0279999 -0.0159998
      vertex 0.00249958 -0.0279999 -0.0159998
    endloop
  endfacet
  facet normal 0 -1 0
    outer loop
      vertex 0.0024519 -0.0279999 -0.0164871
      vertex 0.0455475 -0.0279999 -0.0164871
      vertex 0.0454998 -0.0279999 -0.0159998
    endloop
  endfacet
  facet normal 0 -1 0
    outer loop
      vertex 0.00230885 -0.0279999 -0.0169563
      vertex 0.0455475 -0.0279999 -0.0164871
      vertex 0.0024519 -0.0279999 -0.0164871
    endloop
  endfacet
  facet normal 0 -1 0
    outer loop
      vertex 0.00230885 -0.0279999 -0.0169563
      vertex 0.0456896 -0.0279999 -0.0169563
      vertex 0.0455475 -0.0279999 -0.0164871
    endloop
  endfacet
  facet normal 0 -1 0
    outer loop
      vertex 0.00207806 -0.0279999 -0.0173883
      vertex 0.0456896 -0.0279999 -0.0169563
      vertex 0.00230885 -0.0279999 -0.0169563
    endloop
  endfacet
  facet normal 0 -1 0
    outer loop
      vertex 0.00207806 -0.0279999 -0.0173883
      vertex 0.0459213 -0.0279999 -0.0173883
      vertex 0.0456896 -0.0279999 -0.0169563
    endloop
  endfacet
  facet normal 0 -1 0
    outer loop
      vertex 0.00176716 -0.0279999 -0.017767
      vertex 0.0459213 -0.0279999 -0.0173883
      vertex 0.00207806 -0.0279999 -0.0173883
    endloop
  endfacet
  facet normal 0 -1 0
    outer loop
      vertex 0.00176716 -0.0279999 -0.017767
      vertex 0.0462322 -0.0279999 -0.017767
      vertex 0.0459213 -0.0279999 -0.0173883
    endloop
  endfacet
  facet normal 0 -1 0
    outer loop
      vertex 0.00138855 -0.0279999 -0.0180779
      vertex 0.0462322 -0.0279999 -0.017767
      vertex 0.00176716 -0.0279999 -0.017767
    endloop
  endfacet
  facet normal 0 -1 0
    outer loop
      vertex 0.00138855 -0.0279999 -0.0180779
      vertex 0.0466108 -0.0279999 -0.0180779
      vertex 0.0462322 -0.0279999 -0.017767
    endloop
  endfacet
  facet normal 0 -1 0
    outer loop
      vertex 0.000956535 -0.0279999 -0.0183096
      vertex 0.0466108 -0.0279999 -0.0180779
      vertex 0.00138855 -0.0279999 -0.0180779
    endloop
  endfacet
  facet normal 0 -1 0
    outer loop
      vertex 0.000956535 -0.0279999 -0.0183096
      vertex 0.0470428 -0.0279999 -0.0183096
      vertex 0.0466108 -0.0279999 -0.0180779
    endloop
  endfacet
  facet normal 0 -1 0
    outer loop
      vertex 0.0599995 -0.0279999 -0.0279999
      vertex 0.000956535 -0.0279999 -0.0183096
      vertex 0.000487328 -0.0279999 -0.0184517
    endloop
  endfacet
  facet normal 0 -1 0
    outer loop
      vertex 0.000956535 -0.0279999 -0.0183096
      vertex 0.0599995 -0.0279999 -0.0279999
      vertex 0.0470428 -0.0279999 -0.0183096
    endloop
  endfacet
  facet normal 0 -1 0
    outer loop
      vertex 0.0599995 -0.0279999 -0.0279999
      vertex 0.000487328 -0.0279999 -0.0184517
      vertex 0 -0.0279999 -0.0184994
    endloop
  endfacet
  facet normal 0 -1 0
    outer loop
      vertex 0.0470428 -0.0279999 -0.0183096
      vertex 0.0599995 -0.0279999 -0.0279999
      vertex 0.0475121 -0.0279999 -0.0184517
    endloop
  endfacet
  facet normal 0 -1 0
    outer loop
      vertex -0.0470428 -0.0279999 -0.01369
      vertex -0.0599995 -0.0279999 0.0279999
      vertex -0.0475121 -0.0279999 -0.0135479
    endloop
  endfacet
  facet normal 0 -1 0
    outer loop
      vertex -0.0599995 -0.0279999 0.0279999
      vertex -0.000487328 -0.0279999 -0.0135479
      vertex 0 -0.0279999 -0.0134993
    endloop
  endfacet
  facet normal 0 -1 0
    outer loop
      vertex -0.0466108 -0.0279999 -0.0139208
      vertex -0.0599995 -0.0279999 0.0279999
      vertex -0.0470428 -0.0279999 -0.01369
    endloop
  endfacet
  facet normal 0 -1 0
    outer loop
      vertex -0.0599995 -0.0279999 0.0279999
      vertex -0.000956535 -0.0279999 -0.01369
      vertex -0.000487328 -0.0279999 -0.0135479
    endloop
  endfacet
  facet normal 0 -1 0
    outer loop
      vertex -0.00138855 -0.0279999 -0.0139208
      vertex -0.0599995 -0.0279999 0.0279999
      vertex -0.0466108 -0.0279999 -0.0139208
    endloop
  endfacet
  facet normal 0 -1 0
    outer loop
      vertex -0.0599995 -0.0279999 0.0279999
      vertex -0.00138855 -0.0279999 -0.0139208
      vertex -0.000956535 -0.0279999 -0.01369
    endloop
  endfacet
  facet normal 0 -1 0
    outer loop
      vertex -0.0462322 -0.0279999 -0.0142317
      vertex -0.00138855 -0.0279999 -0.0139208
      vertex -0.0466108 -0.0279999 -0.0139208
    endloop
  endfacet
  facet normal 0 -1 0
    outer loop
      vertex -0.0462322 -0.0279999 -0.0142317
      vertex -0.00176716 -0.0279999 -0.0142317
      vertex -0.00138855 -0.0279999 -0.0139208
    endloop
  endfacet
  facet normal 0 -1 0
    outer loop
      vertex -0.0459213 -0.0279999 -0.0146103
      vertex -0.00176716 -0.0279999 -0.0142317
      vertex -0.0462322 -0.0279999 -0.0142317
    endloop
  endfacet
  facet normal 0 -1 0
    outer loop
      vertex -0.0459213 -0.0279999 -0.0146103
      vertex -0.00207806 -0.0279999 -0.0146103
      vertex -0.00176716 -0.0279999 -0.0142317
    endloop
  endfacet
  facet normal 0 -1 0
    outer loop
      vertex -0.0456896 -0.0279999 -0.0150433
      vertex -0.00207806 -0.0279999 -0.0146103
      vertex -0.0459213 -0.0279999 -0.0146103
    endloop
  endfacet
  facet normal 0 -1 0
    outer loop
      vertex -0.0456896 -0.0279999 -0.0150433
      vertex -0.00230885 -0.0279999 -0.0150433
      vertex -0.00207806 -0.0279999 -0.0146103
    endloop
  endfacet
  facet normal 0 -1 0
    outer loop
      vertex -0.0455475 -0.0279999 -0.0155115
      vertex -0.00230885 -0.0279999 -0.0150433
      vertex -0.0456896 -0.0279999 -0.0150433
    endloop
  endfacet
  facet normal 0 -1 0
    outer loop
      vertex -0.0455475 -0.0279999 -0.0155115
      vertex -0.0024519 -0.0279999 -0.0155115
      vertex -0.00230885 -0.0279999 -0.0150433
    endloop
  endfacet
  facet normal 0 -1 0
    outer loop
      vertex -0.0454998 -0.0279999 -0.0159998
      vertex -0.0024519 -0.0279999 -0.0155115
      vertex -0.0455475 -0.0279999 -0.0155115
    endloop
  endfacet
  facet normal 0 -1 0
    outer loop
      vertex -0.0454998 -0.0279999 -0.0159998
      vertex -0.00249958 -0.0279999 -0.0159998
      vertex -0.0024519 -0.0279999 -0.0155115
    endloop
  endfacet
  facet normal 0 -1 0
    outer loop
      vertex -0.0455475 -0.0279999 -0.0164871
      vertex -0.00249958 -0.0279999 -0.0159998
      vertex -0.0454998 -0.0279999 -0.0159998
    endloop
  endfacet
  facet normal 0 -1 0
    outer loop
      vertex -0.0455475 -0.0279999 -0.0164871
      vertex -0.0024519 -0.0279999 -0.0164871
      vertex -0.00249958 -0.0279999 -0.0159998
    endloop
  endfacet
  facet normal 0 -1 0
    outer loop
      vertex -0.0456896 -0.0279999 -0.0169563
      vertex -0.0024519 -0.0279999 -0.0164871
      vertex -0.0455475 -0.0279999 -0.0164871
    endloop
  endfacet
  facet normal 0 -1 0
    outer loop
      vertex -0.0456896 -0.0279999 -0.0169563
      vertex -0.00230885 -0.0279999 -0.0169563
      vertex -0.0024519 -0.0279999 -0.0164871
    endloop
  endfacet
  facet normal 0 -1 0
    outer loop
      vertex -0.0459213 -0.0279999 -0.0173883
      vertex -0.00230885 -0.0279999 -0.0169563
      vertex -0.0456896 -0.0279999 -0.0169563
    endloop
  endfacet
  facet normal 0 -1 0
    outer loop
      vertex -0.0459213 -0.0279999 -0.0173883
      vertex -0.00207806 -0.0279999 -0.0173883
      vertex -0.00230885 -0.0279999 -0.0169563
    endloop
  endfacet
  facet normal 0 -1 0
    outer loop
      vertex -0.0462322 -0.0279999 -0.017767
      vertex -0.00207806 -0.0279999 -0.0173883
      vertex -0.0459213 -0.0279999 -0.0173883
    endloop
  endfacet
  facet normal 0 -1 0
    outer loop
      vertex -0.0462322 -0.0279999 -0.017767
      vertex -0.00176716 -0.0279999 -0.017767
      vertex -0.00207806 -0.0279999 -0.0173883
    endloop
  endfacet
  facet normal 0 -1 0
    outer loop
      vertex -0.0466108 -0.0279999 -0.0180779
      vertex -0.00176716 -0.0279999 -0.017767
      vertex -0.0462322 -0.0279999 -0.017767
    endloop
  endfacet
  facet normal 0 -1 0
    outer loop
      vertex -0.0466108 -0.0279999 -0.0180779
      vertex -0.00138855 -0.0279999 -0.0180779
      vertex -0.00176716 -0.0279999 -0.017767
    endloop
  endfacet
  facet normal 0 -1 0
    outer loop
      vertex -0.0470428 -0.0279999 -0.0183096
      vertex -0.00138855 -0.0279999 -0.0180779
      vertex -0.0466108 -0.0279999 -0.0180779
    endloop
  endfacet
  facet normal 0 -1 0
    outer loop
      vertex -0.0470428 -0.0279999 -0.0183096
      vertex -0.000956535 -0.0279999 -0.0183096
      vertex -0.00138855 -0.0279999 -0.0180779
    endloop
  endfacet
  facet normal 0 -1 0
    outer loop
      vertex -0.0599995 -0.0279999 -0.0279999
      vertex -0.0470428 -0.0279999 -0.0183096
      vertex -0.0475121 -0.0279999 -0.0184517
    endloop
  endfacet
  facet normal 0 -1 -0
    outer loop
      vertex -0.0470428 -0.0279999 -0.0183096
      vertex -0.0599995 -0.0279999 -0.0279999
      vertex -0.000956535 -0.0279999 -0.0183096
    endloop
  endfacet
  facet normal 0 -1 0
    outer loop
      vertex -0.0599995 -0.0279999 -0.0279999
      vertex -0.0475121 -0.0279999 -0.0184517
      vertex -0.0479994 -0.0279999 -0.0184994
    endloop
  endfacet
  facet normal 0 -1 -0
    outer loop
      vertex -0.000956535 -0.0279999 -0.0183096
      vertex -0.0599995 -0.0279999 -0.0279999
      vertex -0.000487328 -0.0279999 -0.0184517
    endloop
  endfacet
  facet normal 0 -1 0
    outer loop
      vertex -0.0475121 -0.0279999 -0.0135479
      vertex -0.0599995 -0.0279999 0.0279999
      vertex -0.0479994 -0.0279999 -0.0134993
    endloop
  endfacet
  facet normal 0 -1 0
    outer loop
      vertex -0.0599995 -0.0279999 0.0279999
      vertex -0.0484877 -0.0279999 -0.0135479
      vertex -0.0479994 -0.0279999 -0.0134993
    endloop
  endfacet
  facet normal 0 -1 0
    outer loop
      vertex -0.0599995 -0.0279999 0.0279999
      vertex -0.0489559 -0.0279999 -0.01369
      vertex -0.0484877 -0.0279999 -0.0135479
    endloop
  endfacet
  facet normal 0 -1 0
    outer loop
      vertex -0.0599995 -0.0279999 0.0279999
      vertex -0.0493889 -0.0279999 -0.0139208
      vertex -0.0489559 -0.0279999 -0.01369
    endloop
  endfacet
  facet normal 0 -1 0
    outer loop
      vertex -0.0599995 -0.0279999 0.0279999
      vertex -0.0497675 -0.0279999 -0.0142317
      vertex -0.0493889 -0.0279999 -0.0139208
    endloop
  endfacet
  facet normal 0 -1 0
    outer loop
      vertex -0.0599995 -0.0279999 0.0279999
      vertex -0.0500784 -0.0279999 -0.0146103
      vertex -0.0497675 -0.0279999 -0.0142317
    endloop
  endfacet
  facet normal 0 -1 0
    outer loop
      vertex -0.0599995 -0.0279999 0.0279999
      vertex -0.0503092 -0.0279999 -0.0150433
      vertex -0.0500784 -0.0279999 -0.0146103
    endloop
  endfacet
  facet normal 0 -1 0
    outer loop
      vertex -0.0599995 -0.0279999 -0.0279999
      vertex -0.0503092 -0.0279999 -0.0150433
      vertex -0.0599995 -0.0279999 0.0279999
    endloop
  endfacet
  facet normal 0 -1 0
    outer loop
      vertex -0.0503092 -0.0279999 -0.0150433
      vertex -0.0599995 -0.0279999 -0.0279999
      vertex -0.0504513 -0.0279999 -0.0155115
    endloop
  endfacet
  facet normal 0 -1 0
    outer loop
      vertex -0.0504513 -0.0279999 -0.0155115
      vertex -0.0599995 -0.0279999 -0.0279999
      vertex -0.0504999 -0.0279999 -0.0159998
    endloop
  endfacet
  facet normal 0 -1 -0
    outer loop
      vertex -0.000487328 -0.0279999 -0.0184517
      vertex -0.0599995 -0.0279999 -0.0279999
      vertex 0 -0.0279999 -0.0184994
    endloop
  endfacet
  facet normal 0 -1 0
    outer loop
      vertex 0.0599995 -0.0279999 -0.0279999
      vertex 0 -0.0279999 -0.0184994
      vertex -0.0599995 -0.0279999 -0.0279999
    endloop
  endfacet
  facet normal 0 -1 -0
    outer loop
      vertex -0.0484877 -0.0279999 -0.0184517
      vertex -0.0599995 -0.0279999 -0.0279999
      vertex -0.0479994 -0.0279999 -0.0184994
    endloop
  endfacet
  facet normal 0 -1 -0
    outer loop
      vertex -0.0489559 -0.0279999 -0.0183096
      vertex -0.0599995 -0.0279999 -0.0279999
      vertex -0.0484877 -0.0279999 -0.0184517
    endloop
  endfacet
  facet normal 0 -1 -0
    outer loop
      vertex -0.0493889 -0.0279999 -0.0180779
      vertex -0.0599995 -0.0279999 -0.0279999
      vertex -0.0489559 -0.0279999 -0.0183096
    endloop
  endfacet
  facet normal 0 -1 -0
    outer loop
      vertex -0.0497675 -0.0279999 -0.017767
      vertex -0.0599995 -0.0279999 -0.0279999
      vertex -0.0493889 -0.0279999 -0.0180779
    endloop
  endfacet
  facet normal 0 -1 -0
    outer loop
      vertex -0.0500784 -0.0279999 -0.0173883
      vertex -0.0599995 -0.0279999 -0.0279999
      vertex -0.0497675 -0.0279999 -0.017767
    endloop
  endfacet
  facet normal 0 -1 -0
    outer loop
      vertex -0.0503092 -0.0279999 -0.0169563
      vertex -0.0599995 -0.0279999 -0.0279999
      vertex -0.0500784 -0.0279999 -0.0173883
    endloop
  endfacet
  facet normal 0 -1 -0
    outer loop
      vertex -0.0504513 -0.0279999 -0.0164871
      vertex -0.0599995 -0.0279999 -0.0279999
      vertex -0.0503092 -0.0279999 -0.0169563
    endloop
  endfacet
  facet normal 0 -1 -0
    outer loop
      vertex -0.0504999 -0.0279999 -0.0159998
      vertex -0.0599995 -0.0279999 -0.0279999
      vertex -0.0504513 -0.0279999 -0.0164871
    endloop
  endfacet
  facet normal 0 -1 0
    outer loop
      vertex -0.0599995 -0.0279999 0.0279999
      vertex 0 -0.0279999 -0.0134993
      vertex 0.0599995 -0.0279999 0.0279999
    endloop
  endfacet
  facet normal 0 -1 0
    outer loop
      vertex 0.000487328 -0.0279999 -0.0135479
      vertex 0.0599995 -0.0279999 0.0279999
      vertex 0 -0.0279999 -0.0134993
    endloop
  endfacet
  facet normal 0 -1 0
    outer loop
      vertex 0.0484877 -0.0279999 -0.0135479
      vertex 0.0599995 -0.0279999 0.0279999
      vertex 0.0479994 -0.0279999 -0.0134993
    endloop
  endfacet
  facet normal 0 -1 0
    outer loop
      vertex 0.0489559 -0.0279999 -0.01369
      vertex 0.0599995 -0.0279999 0.0279999
      vertex 0.0484877 -0.0279999 -0.0135479
    endloop
  endfacet
  facet normal 0 -1 0
    outer loop
      vertex 0.0493889 -0.0279999 -0.0139208
      vertex 0.0599995 -0.0279999 0.0279999
      vertex 0.0489559 -0.0279999 -0.01369
    endloop
  endfacet
  facet normal 0 -1 0
    outer loop
      vertex 0.0497675 -0.0279999 -0.0142317
      vertex 0.0599995 -0.0279999 0.0279999
      vertex 0.0493889 -0.0279999 -0.0139208
    endloop
  endfacet
  facet normal 0 -1 0
    outer loop
      vertex 0.0500784 -0.0279999 -0.0146103
      vertex 0.0599995 -0.0279999 0.0279999
      vertex 0.0497675 -0.0279999 -0.0142317
    endloop
  endfacet
  facet normal 0 -1 0
    outer loop
      vertex 0.0503092 -0.0279999 -0.0150433
      vertex 0.0599995 -0.0279999 0.0279999
      vertex 0.0500784 -0.0279999 -0.0146103
    endloop
  endfacet
  facet normal 0 -1 0
    outer loop
      vertex 0.0599995 -0.0279999 -0.0279999
      vertex 0.0503092 -0.0279999 -0.0150433
      vertex 0.0504513 -0.0279999 -0.0155115
    endloop
  endfacet
  facet normal 0 -1 0
    outer loop
      vertex 0.0599995 -0.0279999 -0.0279999
      vertex 0.0504513 -0.0279999 -0.0155115
      vertex 0.0504999 -0.0279999 -0.0159998
    endloop
  endfacet
  facet normal 0 -1 0
    outer loop
      vertex 0.0599995 -0.0279999 -0.0279999
      vertex 0.0504999 -0.0279999 -0.0159998
      vertex 0.0504513 -0.0279999 -0.0164871
    endloop
  endfacet
  facet normal 0 -1 0
    outer loop
      vertex 0.0503092 -0.0279999 -0.0150433
      vertex 0.0599995 -0.0279999 -0.0279999
      vertex 0.0599995 -0.0279999 0.0279999
    endloop
  endfacet
  facet normal 0 -1 0
    outer loop
      vertex 0.0503092 -0.0279999 -0.0169563
      vertex 0.0599995 -0.0279999 -0.0279999
      vertex 0.0504513 -0.0279999 -0.0164871
    endloop
  endfacet
  facet normal 0 -1 0
    outer loop
      vertex 0.0500784 -0.0279999 -0.0173883
      vertex 0.0599995 -0.0279999 -0.0279999
      vertex 0.0503092 -0.0279999 -0.0169563
    endloop
  endfacet
  facet normal 0 -1 0
    outer loop
      vertex 0.0497675 -0.0279999 -0.017767
      vertex 0.0599995 -0.0279999 -0.0279999
      vertex 0.0500784 -0.0279999 -0.0173883
    endloop
  endfacet
  facet normal 0 -1 0
    outer loop
      vertex 0.0493889 -0.0279999 -0.0180779
      vertex 0.0599995 -0.0279999 -0.0279999
      vertex 0.0497675 -0.0279999 -0.017767
    endloop
  endfacet
  facet normal 0 -1 0
    outer loop
      vertex 0.0489559 -0.0279999 -0.0183096
      vertex 0.0599995 -0.0279999 -0.0279999
      vertex 0.0493889 -0.0279999 -0.0180779
    endloop
  endfacet
  facet normal 0 -1 0
    outer loop
      vertex 0.0484877 -0.0279999 -0.0184517
      vertex 0.0599995 -0.0279999 -0.0279999
      vertex 0.0489559 -0.0279999 -0.0183096
    endloop
  endfacet
  facet normal 0 -1 0
    outer loop
      vertex 0.0479994 -0.0279999 -0.0184994
      vertex 0.0599995 -0.0279999 -0.0279999
      vertex 0.0484877 -0.0279999 -0.0184517
    endloop
  endfacet
  facet normal 0 -1 0
    outer loop
      vertex 0.0475121 -0.0279999 -0.0184517
      vertex 0.0599995 -0.0279999 -0.0279999
      vertex 0.0479994 -0.0279999 -0.0184994
    endloop
  endfacet
  facet normal 0 1 -0
    outer loop
      vertex 0.0599995 0.0279999 0.0219994
      vertex -0.0599995 0.0279999 0.0279999
      vertex 0.0599995 0.0279999 0.0279999
    endloop
  endfacet
  facet normal 0 1 0
    outer loop
      vertex -0.0599995 0.0279999 0.0279999
      vertex 0.0599995 0.0279999 0.0219994
      vertex -0.0599995 0.0279999 0.0219994
    endloop
  endfacet
  facet normal 0 0 -1
    outer loop
      vertex 0.0504513 -0.0155115 0.0219994
      vertex 0.0599995 -0.0219994 0.0219994
      vertex 0.0504999 -0.0159998 0.0219994
    endloop
  endfacet
  facet normal 0 0 -1
    outer loop
      vertex 0.0599995 -0.0219994 0.0219994
      vertex 0.0504513 -0.0164871 0.0219994
      vertex 0.0504999 -0.0159998 0.0219994
    endloop
  endfacet
  facet normal 0 0 -1
    outer loop
      vertex 0.0599995 -0.0219994 0.0219994
      vertex 0.0503092 -0.0169563 0.0219994
      vertex 0.0504513 -0.0164871 0.0219994
    endloop
  endfacet
  facet normal 0 0 -1
    outer loop
      vertex 0.0599995 -0.0219994 0.0219994
      vertex 0.0500784 -0.0173883 0.0219994
      vertex 0.0503092 -0.0169563 0.0219994
    endloop
  endfacet
  facet normal 0 0 -1
    outer loop
      vertex 0.0599995 -0.0219994 0.0219994
      vertex 0.0497675 -0.017767 0.0219994
      vertex 0.0500784 -0.0173883 0.0219994
    endloop
  endfacet
  facet normal 0 0 -1
    outer loop
      vertex 0.0599995 -0.0219994 0.0219994
      vertex 0.0493889 -0.0180779 0.0219994
      vertex 0.0497675 -0.017767 0.0219994
    endloop
  endfacet
  facet normal 0 0 -1
    outer loop
      vertex 0.0599995 -0.0219994 0.0219994
      vertex 0.0489559 -0.0183096 0.0219994
      vertex 0.0493889 -0.0180779 0.0219994
    endloop
  endfacet
  facet normal 0 0 -1
    outer loop
      vertex 0.0599995 -0.0219994 0.0219994
      vertex 0.0484877 -0.0184517 0.0219994
      vertex 0.0489559 -0.0183096 0.0219994
    endloop
  endfacet
  facet normal 0 0 -1
    outer loop
      vertex 0.0599995 -0.0219994 0.0219994
      vertex 0.0479994 -0.0184994 0.0219994
      vertex 0.0484877 -0.0184517 0.0219994
    endloop
  endfacet
  facet normal 0 0 -1
    outer loop
      vertex 0.0599995 -0.0219994 0.0219994
      vertex 0.0475121 -0.0184517 0.0219994
      vertex 0.0479994 -0.0184994 0.0219994
    endloop
  endfacet
  facet normal 0 0 -1
    outer loop
      vertex 0.0455475 -0.0164871 0.0219994
      vertex 0.00249958 -0.0159998 0.0219994
      vertex 0.0454998 -0.0159998 0.0219994
    endloop
  endfacet
  facet normal 0 0 -1
    outer loop
      vertex 0.0024519 -0.0164871 0.0219994
      vertex 0.0455475 -0.0164871 0.0219994
      vertex 0.0456896 -0.0169563 0.0219994
    endloop
  endfacet
  facet normal 0 0 -1
    outer loop
      vertex 0.00230885 -0.0169563 0.0219994
      vertex 0.0456896 -0.0169563 0.0219994
      vertex 0.0459213 -0.0173883 0.0219994
    endloop
  endfacet
  facet normal 0 0 -1
    outer loop
      vertex 0.00207806 -0.0173883 0.0219994
      vertex 0.0459213 -0.0173883 0.0219994
      vertex 0.0462322 -0.017767 0.0219994
    endloop
  endfacet
  facet normal 0 0 -1
    outer loop
      vertex 0.00176716 -0.017767 0.0219994
      vertex 0.0462322 -0.017767 0.0219994
      vertex 0.0466108 -0.0180779 0.0219994
    endloop
  endfacet
  facet normal 0 0 -1
    outer loop
      vertex 0.00138855 -0.0180779 0.0219994
      vertex 0.0466108 -0.0180779 0.0219994
      vertex 0.0470428 -0.0183096 0.0219994
    endloop
  endfacet
  facet normal 0 0 -1
    outer loop
      vertex 0.000956535 -0.0183096 0.0219994
      vertex 0.0470428 -0.0183096 0.0219994
      vertex 0.0475121 -0.0184517 0.0219994
    endloop
  endfacet
  facet normal 0 0 -1
    outer loop
      vertex 0.000487328 -0.0184517 0.0219994
      vertex 0.0475121 -0.0184517 0.0219994
      vertex 0.0599995 -0.0219994 0.0219994
    endloop
  endfacet
  facet normal 0 0 -1
    outer loop
      vertex 0.0455475 -0.0164871 0.0219994
      vertex 0.0024519 -0.0164871 0.0219994
      vertex 0.00249958 -0.0159998 0.0219994
    endloop
  endfacet
  facet normal 0 0 -1
    outer loop
      vertex 0.0456896 -0.0169563 0.0219994
      vertex 0.00230885 -0.0169563 0.0219994
      vertex 0.0024519 -0.0164871 0.0219994
    endloop
  endfacet
  facet normal 0 0 -1
    outer loop
      vertex 0.0459213 -0.0173883 0.0219994
      vertex 0.00207806 -0.0173883 0.0219994
      vertex 0.00230885 -0.0169563 0.0219994
    endloop
  endfacet
  facet normal 0 0 -1
    outer loop
      vertex 0.0462322 -0.017767 0.0219994
      vertex 0.00176716 -0.017767 0.0219994
      vertex 0.00207806 -0.0173883 0.0219994
    endloop
  endfacet
  facet normal 0 0 -1
    outer loop
      vertex 0.0466108 -0.0180779 0.0219994
      vertex 0.00138855 -0.0180779 0.0219994
      vertex 0.00176716 -0.017767 0.0219994
    endloop
  endfacet
  facet normal 0 0 -1
    outer loop
      vertex 0.0470428 -0.0183096 0.0219994
      vertex 0.000956535 -0.0183096 0.0219994
      vertex 0.00138855 -0.0180779 0.0219994
    endloop
  endfacet
  facet normal 0 0 -1
    outer loop
      vertex 0.0475121 -0.0184517 0.0219994
      vertex 0.000487328 -0.0184517 0.0219994
      vertex 0.000956535 -0.0183096 0.0219994
    endloop
  endfacet
  facet normal 0 0 -1
    outer loop
      vertex 0.0599995 -0.0219994 0.0219994
      vertex 0 -0.0184994 0.0219994
      vertex 0.000487328 -0.0184517 0.0219994
    endloop
  endfacet
  facet normal 0 0 -1
    outer loop
      vertex -0.0024519 -0.0164871 0.0219994
      vertex -0.0454998 -0.0159998 0.0219994
      vertex -0.00249958 -0.0159998 0.0219994
    endloop
  endfacet
  facet normal 0 0 -1
    outer loop
      vertex -0.0455475 -0.0164871 0.0219994
      vertex -0.0024519 -0.0164871 0.0219994
      vertex -0.00230885 -0.0169563 0.0219994
    endloop
  endfacet
  facet normal 0 0 -1
    outer loop
      vertex -0.0456896 -0.0169563 0.0219994
      vertex -0.00230885 -0.0169563 0.0219994
      vertex -0.00207806 -0.0173883 0.0219994
    endloop
  endfacet
  facet normal 0 0 -1
    outer loop
      vertex -0.0459213 -0.0173883 0.0219994
      vertex -0.00207806 -0.0173883 0.0219994
      vertex -0.00176716 -0.017767 0.0219994
    endloop
  endfacet
  facet normal 0 0 -1
    outer loop
      vertex -0.0462322 -0.017767 0.0219994
      vertex -0.00176716 -0.017767 0.0219994
      vertex -0.00138855 -0.0180779 0.0219994
    endloop
  endfacet
  facet normal 0 0 -1
    outer loop
      vertex -0.0466108 -0.0180779 0.0219994
      vertex -0.00138855 -0.0180779 0.0219994
      vertex -0.000956535 -0.0183096 0.0219994
    endloop
  endfacet
  facet normal 0 0 -1
    outer loop
      vertex -0.0470428 -0.0183096 0.0219994
      vertex -0.000956535 -0.0183096 0.0219994
      vertex -0.000487328 -0.0184517 0.0219994
    endloop
  endfacet
  facet normal 0 0 -1
    outer loop
      vertex -0.0599995 -0.0219994 0.0219994
      vertex -0.000487328 -0.0184517 0.0219994
      vertex 0 -0.0184994 0.0219994
    endloop
  endfacet
  facet normal 0 0 -1
    outer loop
      vertex -0.0599995 -0.0219994 0.0219994
      vertex 0 -0.0184994 0.0219994
      vertex 0.0599995 -0.0219994 0.0219994
    endloop
  endfacet
  facet normal 0 0 -1
    outer loop
      vertex -0.0024519 -0.0164871 0.0219994
      vertex -0.0455475 -0.0164871 0.0219994
      vertex -0.0454998 -0.0159998 0.0219994
    endloop
  endfacet
  facet normal 0 0 -1
    outer loop
      vertex -0.00230885 -0.0169563 0.0219994
      vertex -0.0456896 -0.0169563 0.0219994
      vertex -0.0455475 -0.0164871 0.0219994
    endloop
  endfacet
  facet normal 0 0 -1
    outer loop
      vertex -0.00207806 -0.0173883 0.0219994
      vertex -0.0459213 -0.0173883 0.0219994
      vertex -0.0456896 -0.0169563 0.0219994
    endloop
  endfacet
  facet normal 0 0 -1
    outer loop
      vertex -0.00176716 -0.017767 0.0219994
      vertex -0.0462322 -0.017767 0.0219994
      vertex -0.0459213 -0.0173883 0.0219994
    endloop
  endfacet
  facet normal 0 0 -1
    outer loop
      vertex -0.00138855 -0.0180779 0.0219994
      vertex -0.0466108 -0.0180779 0.0219994
      vertex -0.0462322 -0.017767 0.0219994
    endloop
  endfacet
  facet normal 0 0 -1
    outer loop
      vertex -0.000956535 -0.0183096 0.0219994
      vertex -0.0470428 -0.0183096 0.0219994
      vertex -0.0466108 -0.0180779 0.0219994
    endloop
  endfacet
  facet normal 0 0 -1
    outer loop
      vertex -0.000487328 -0.0184517 0.0219994
      vertex -0.0475121 -0.0184517 0.0219994
      vertex -0.0470428 -0.0183096 0.0219994
    endloop
  endfacet
  facet normal -0 0 -1
    outer loop
      vertex -0.000487328 -0.0184517 0.0219994
      vertex -0.0599995 -0.0219994 0.0219994
      vertex -0.0475121 -0.0184517 0.0219994
    endloop
  endfacet
  facet normal -0 0 -1
    outer loop
      vertex -0.0504513 -0.0164871 0.0219994
      vertex -0.0599995 -0.0219994 0.0219994
      vertex -0.0504999 -0.0159998 0.0219994
    endloop
  endfacet
  facet normal -0 0 -1
    outer loop
      vertex -0.0503092 -0.0169563 0.0219994
      vertex -0.0599995 -0.0219994 0.0219994
      vertex -0.0504513 -0.0164871 0.0219994
    endloop
  endfacet
  facet normal -0 0 -1
    outer loop
      vertex -0.0500784 -0.0173883 0.0219994
      vertex -0.0599995 -0.0219994 0.0219994
      vertex -0.0503092 -0.0169563 0.0219994
    endloop
  endfacet
  facet normal -0 0 -1
    outer loop
      vertex -0.0497675 -0.017767 0.0219994
      vertex -0.0599995 -0.0219994 0.0219994
      vertex -0.0500784 -0.0173883 0.0219994
    endloop
  endfacet
  facet normal -0 0 -1
    outer loop
      vertex -0.0493889 -0.0180779 0.0219994
      vertex -0.0599995 -0.0219994 0.0219994
      vertex -0.0497675 -0.017767 0.0219994
    endloop
  endfacet
  facet normal -0 0 -1
    outer loop
      vertex -0.0489559 -0.0183096 0.0219994
      vertex -0.0599995 -0.0219994 0.0219994
      vertex -0.0493889 -0.0180779 0.0219994
    endloop
  endfacet
  facet normal -0 0 -1
    outer loop
      vertex -0.0484877 -0.0184517 0.0219994
      vertex -0.0599995 -0.0219994 0.0219994
      vertex -0.0489559 -0.0183096 0.0219994
    endloop
  endfacet
  facet normal -0 0 -1
    outer loop
      vertex -0.0479994 -0.0184994 0.0219994
      vertex -0.0599995 -0.0219994 0.0219994
      vertex -0.0484877 -0.0184517 0.0219994
    endloop
  endfacet
  facet normal 0 0 -1
    outer loop
      vertex -0.0475121 -0.0184517 0.0219994
      vertex -0.0599995 -0.0219994 0.0219994
      vertex -0.0479994 -0.0184994 0.0219994
    endloop
  endfacet
  facet normal 0 0 -1
    outer loop
      vertex 0.0503092 -0.0150433 0.0219994
      vertex 0.0599995 -0.0219994 0.0219994
      vertex 0.0504513 -0.0155115 0.0219994
    endloop
  endfacet
  facet normal 0 0 -1
    outer loop
      vertex 0.0500784 -0.0146103 0.0219994
      vertex 0.0599995 -0.0219994 0.0219994
      vertex 0.0503092 -0.0150433 0.0219994
    endloop
  endfacet
  facet normal 0 0 -1
    outer loop
      vertex 0.0599995 -0.0219994 0.0219994
      vertex 0.0500784 -0.0146103 0.0219994
      vertex 0.0599995 0.0279999 0.0219994
    endloop
  endfacet
  facet normal 0 0 -1
    outer loop
      vertex 0.0497675 -0.0142317 0.0219994
      vertex 0.0599995 0.0279999 0.0219994
      vertex 0.0500784 -0.0146103 0.0219994
    endloop
  endfacet
  facet normal 0 0 -1
    outer loop
      vertex 0.0493889 -0.0139208 0.0219994
      vertex 0.0599995 0.0279999 0.0219994
      vertex 0.0497675 -0.0142317 0.0219994
    endloop
  endfacet
  facet normal 0 0 -1
    outer loop
      vertex 0.0489559 -0.01369 0.0219994
      vertex 0.0599995 0.0279999 0.0219994
      vertex 0.0493889 -0.0139208 0.0219994
    endloop
  endfacet
  facet normal 0 0 -1
    outer loop
      vertex 0.0484877 -0.0135479 0.0219994
      vertex 0.0599995 0.0279999 0.0219994
      vertex 0.0489559 -0.01369 0.0219994
    endloop
  endfacet
  facet normal 0 0 -1
    outer loop
      vertex 0.0479994 -0.0134993 0.0219994
      vertex 0.0599995 0.0279999 0.0219994
      vertex 0.0484877 -0.0135479 0.0219994
    endloop
  endfacet
  facet normal 0 0 -1
    outer loop
      vertex 0.0475121 -0.0135479 0.0219994
      vertex 0.0599995 0.0279999 0.0219994
      vertex 0.0479994 -0.0134993 0.0219994
    endloop
  endfacet
  facet normal 0 0 -1
    outer loop
      vertex 0.0470428 -0.01369 0.0219994
      vertex 0.0599995 0.0279999 0.0219994
      vertex 0.0475121 -0.0135479 0.0219994
    endloop
  endfacet
  facet normal 0 0 -1
    outer loop
      vertex 0.0466108 -0.0139208 0.0219994
      vertex 0.0599995 0.0279999 0.0219994
      vertex 0.0470428 -0.01369 0.0219994
    endloop
  endfacet
  facet normal 0 0 -1
    outer loop
      vertex 0.00138855 -0.0139208 0.0219994
      vertex 0.0466108 -0.0139208 0.0219994
      vertex 0.0462322 -0.0142317 0.0219994
    endloop
  endfacet
  facet normal 0 0 -1
    outer loop
      vertex 0.00176716 -0.0142317 0.0219994
      vertex 0.0462322 -0.0142317 0.0219994
      vertex 0.0459213 -0.0146103 0.0219994
    endloop
  endfacet
  facet normal 0 0 -1
    outer loop
      vertex 0.00207806 -0.0146103 0.0219994
      vertex 0.0459213 -0.0146103 0.0219994
      vertex 0.0456896 -0.0150433 0.0219994
    endloop
  endfacet
  facet normal 0 0 -1
    outer loop
      vertex 0.00249958 -0.0159998 0.0219994
      vertex 0.0455475 -0.0155115 0.0219994
      vertex 0.0454998 -0.0159998 0.0219994
    endloop
  endfacet
  facet normal 0 0 -1
    outer loop
      vertex 0.0024519 -0.0155115 0.0219994
      vertex 0.0455475 -0.0155115 0.0219994
      vertex 0.00249958 -0.0159998 0.0219994
    endloop
  endfacet
  facet normal 0 0 -1
    outer loop
      vertex 0.0455475 -0.0155115 0.0219994
      vertex 0.0024519 -0.0155115 0.0219994
      vertex 0.0456896 -0.0150433 0.0219994
    endloop
  endfacet
  facet normal 0 0 -1
    outer loop
      vertex 0.00230885 -0.0150433 0.0219994
      vertex 0.0456896 -0.0150433 0.0219994
      vertex 0.0024519 -0.0155115 0.0219994
    endloop
  endfacet
  facet normal 0 0 -1
    outer loop
      vertex 0.00207806 -0.0146103 0.0219994
      vertex 0.0456896 -0.0150433 0.0219994
      vertex 0.00230885 -0.0150433 0.0219994
    endloop
  endfacet
  facet normal 0 0 -1
    outer loop
      vertex 0.0459213 -0.0146103 0.0219994
      vertex 0.00207806 -0.0146103 0.0219994
      vertex 0.00176716 -0.0142317 0.0219994
    endloop
  endfacet
  facet normal 0 0 -1
    outer loop
      vertex 0.0462322 -0.0142317 0.0219994
      vertex 0.00176716 -0.0142317 0.0219994
      vertex 0.00138855 -0.0139208 0.0219994
    endloop
  endfacet
  facet normal 0 0 -1
    outer loop
      vertex 0.0466108 -0.0139208 0.0219994
      vertex 0.00138855 -0.0139208 0.0219994
      vertex 0.0599995 0.0279999 0.0219994
    endloop
  endfacet
  facet normal 0 0 -1
    outer loop
      vertex 0.000956535 -0.01369 0.0219994
      vertex 0.0599995 0.0279999 0.0219994
      vertex 0.00138855 -0.0139208 0.0219994
    endloop
  endfacet
  facet normal 0 0 -1
    outer loop
      vertex 0.000487328 -0.0135479 0.0219994
      vertex 0.0599995 0.0279999 0.0219994
      vertex 0.000956535 -0.01369 0.0219994
    endloop
  endfacet
  facet normal 0 0 -1
    outer loop
      vertex 0 -0.0134993 0.0219994
      vertex 0.0599995 0.0279999 0.0219994
      vertex 0.000487328 -0.0135479 0.0219994
    endloop
  endfacet
  facet normal 0 0 -1
    outer loop
      vertex -0.0599995 0.0279999 0.0219994
      vertex 0 -0.0134993 0.0219994
      vertex -0.000487328 -0.0135479 0.0219994
    endloop
  endfacet
  facet normal 0 0 -1
    outer loop
      vertex -0.0599995 0.0279999 0.0219994
      vertex -0.000487328 -0.0135479 0.0219994
      vertex -0.000956535 -0.01369 0.0219994
    endloop
  endfacet
  facet normal 0 0 -1
    outer loop
      vertex -0.0599995 0.0279999 0.0219994
      vertex -0.000956535 -0.01369 0.0219994
      vertex -0.00138855 -0.0139208 0.0219994
    endloop
  endfacet
  facet normal 0 0 -1
    outer loop
      vertex -0.0454998 -0.0159998 0.0219994
      vertex -0.0024519 -0.0155115 0.0219994
      vertex -0.00249958 -0.0159998 0.0219994
    endloop
  endfacet
  facet normal 0 0 -1
    outer loop
      vertex -0.0455475 -0.0155115 0.0219994
      vertex -0.0024519 -0.0155115 0.0219994
      vertex -0.0454998 -0.0159998 0.0219994
    endloop
  endfacet
  facet normal 0 0 -1
    outer loop
      vertex -0.0024519 -0.0155115 0.0219994
      vertex -0.0455475 -0.0155115 0.0219994
      vertex -0.00230885 -0.0150433 0.0219994
    endloop
  endfacet
  facet normal 0 0 -1
    outer loop
      vertex -0.0456896 -0.0150433 0.0219994
      vertex -0.00230885 -0.0150433 0.0219994
      vertex -0.0455475 -0.0155115 0.0219994
    endloop
  endfacet
  facet normal 0 0 -1
    outer loop
      vertex -0.00230885 -0.0150433 0.0219994
      vertex -0.0456896 -0.0150433 0.0219994
      vertex -0.00207806 -0.0146103 0.0219994
    endloop
  endfacet
  facet normal 0 0 -1
    outer loop
      vertex -0.0459213 -0.0146103 0.0219994
      vertex -0.00207806 -0.0146103 0.0219994
      vertex -0.0456896 -0.0150433 0.0219994
    endloop
  endfacet
  facet normal 0 0 -1
    outer loop
      vertex -0.00207806 -0.0146103 0.0219994
      vertex -0.0459213 -0.0146103 0.0219994
      vertex -0.00176716 -0.0142317 0.0219994
    endloop
  endfacet
  facet normal 0 0 -1
    outer loop
      vertex -0.0462322 -0.0142317 0.0219994
      vertex -0.00176716 -0.0142317 0.0219994
      vertex -0.0459213 -0.0146103 0.0219994
    endloop
  endfacet
  facet normal 0 0 -1
    outer loop
      vertex -0.00176716 -0.0142317 0.0219994
      vertex -0.0462322 -0.0142317 0.0219994
      vertex -0.00138855 -0.0139208 0.0219994
    endloop
  endfacet
  facet normal 0 0 -1
    outer loop
      vertex -0.0466108 -0.0139208 0.0219994
      vertex -0.00138855 -0.0139208 0.0219994
      vertex -0.0462322 -0.0142317 0.0219994
    endloop
  endfacet
  facet normal 0 0 -1
    outer loop
      vertex -0.00138855 -0.0139208 0.0219994
      vertex -0.0466108 -0.0139208 0.0219994
      vertex -0.0599995 0.0279999 0.0219994
    endloop
  endfacet
  facet normal 0 0 -1
    outer loop
      vertex -0.0599995 0.0279999 0.0219994
      vertex -0.0466108 -0.0139208 0.0219994
      vertex -0.0470428 -0.01369 0.0219994
    endloop
  endfacet
  facet normal 0 0 -1
    outer loop
      vertex -0.0599995 0.0279999 0.0219994
      vertex -0.0470428 -0.01369 0.0219994
      vertex -0.0475121 -0.0135479 0.0219994
    endloop
  endfacet
  facet normal 0 0 -1
    outer loop
      vertex -0.0599995 0.0279999 0.0219994
      vertex -0.0475121 -0.0135479 0.0219994
      vertex -0.0479994 -0.0134993 0.0219994
    endloop
  endfacet
  facet normal 0 0 -1
    outer loop
      vertex -0.0599995 0.0279999 0.0219994
      vertex -0.0479994 -0.0134993 0.0219994
      vertex -0.0484877 -0.0135479 0.0219994
    endloop
  endfacet
  facet normal 0 0 -1
    outer loop
      vertex -0.0599995 0.0279999 0.0219994
      vertex -0.0484877 -0.0135479 0.0219994
      vertex -0.0489559 -0.01369 0.0219994
    endloop
  endfacet
  facet normal 0 0 -1
    outer loop
      vertex -0.0599995 -0.0219994 0.0219994
      vertex -0.0504513 -0.0155115 0.0219994
      vertex -0.0504999 -0.0159998 0.0219994
    endloop
  endfacet
  facet normal 0 0 -1
    outer loop
      vertex -0.0599995 -0.0219994 0.0219994
      vertex -0.0503092 -0.0150433 0.0219994
      vertex -0.0504513 -0.0155115 0.0219994
    endloop
  endfacet
  facet normal 0 0 -1
    outer loop
      vertex -0.0599995 -0.0219994 0.0219994
      vertex -0.0500784 -0.0146103 0.0219994
      vertex -0.0503092 -0.0150433 0.0219994
    endloop
  endfacet
  facet normal 0 0 -1
    outer loop
      vertex -0.0599995 -0.0219994 0.0219994
      vertex -0.0497675 -0.0142317 0.0219994
      vertex -0.0500784 -0.0146103 0.0219994
    endloop
  endfacet
  facet normal 0 0 -1
    outer loop
      vertex -0.0599995 0.0279999 0.0219994
      vertex -0.0497675 -0.0142317 0.0219994
      vertex -0.0599995 -0.0219994 0.0219994
    endloop
  endfacet
  facet normal 0 0 -1
    outer loop
      vertex 0 -0.0134993 0.0219994
      vertex -0.0599995 0.0279999 0.0219994
      vertex 0.0599995 0.0279999 0.0219994
    endloop
  endfacet
  facet normal 0 0 -1
    outer loop
      vertex -0.0493889 -0.0139208 0.0219994
      vertex -0.0599995 0.0279999 0.0219994
      vertex -0.0489559 -0.01369 0.0219994
    endloop
  endfacet
  facet normal 0 0 -1
    outer loop
      vertex -0.0497675 -0.0142317 0.0219994
      vertex -0.0599995 0.0279999 0.0219994
      vertex -0.0493889 -0.0139208 0.0219994
    endloop
  endfacet
  facet normal -0.995263 -0.0972231 0
    outer loop
      vertex -0.0454998 -0.0159998 0.0219994
      vertex -0.0455475 -0.0155115 0.0279999
      vertex -0.0455475 -0.0155115 0.0219994
    endloop
  endfacet
  facet normal -0.995263 -0.0972231 0
    outer loop
      vertex -0.0455475 -0.0155115 0.0279999
      vertex -0.0454998 -0.0159998 0.0219994
      vertex -0.0454998 -0.0159998 0.0279999
    endloop
  endfacet
  facet normal 0.995083 -0.0990396 0
    outer loop
      vertex -0.0504999 -0.0159998 0.0279999
      vertex -0.0504513 -0.0155115 0.0219994
      vertex -0.0504513 -0.0155115 0.0279999
    endloop
  endfacet
  facet normal 0.995083 -0.0990396 0
    outer loop
      vertex -0.0504513 -0.0155115 0.0219994
      vertex -0.0504999 -0.0159998 0.0279999
      vertex -0.0504999 -0.0159998 0.0219994
    endloop
  endfacet
  facet normal -0.0992409 -0.995063 0
    outer loop
      vertex -0.0479994 -0.0134993 0.0219994
      vertex -0.0475121 -0.0135479 0.0279999
      vertex -0.0479994 -0.0134993 0.0279999
    endloop
  endfacet
  facet normal -0.0992409 -0.995063 -0
    outer loop
      vertex -0.0475121 -0.0135479 0.0279999
      vertex -0.0479994 -0.0134993 0.0219994
      vertex -0.0475121 -0.0135479 0.0219994
    endloop
  endfacet
  facet normal -0.0974207 0.995243 0
    outer loop
      vertex -0.0479994 -0.0184994 0.0219994
      vertex -0.0475121 -0.0184517 0.0291303
      vertex -0.0475121 -0.0184517 0.0219994
    endloop
  endfacet
  facet normal -0.0974207 0.995243 0
    outer loop
      vertex -0.0475121 -0.0184517 0.0291303
      vertex -0.0479994 -0.0184994 0.0219994
      vertex -0.0479994 -0.0184994 0.0291559
    endloop
  endfacet
  facet normal -0.634626 -0.772819 0
    outer loop
      vertex -0.0466108 -0.0139208 0.0219994
      vertex -0.0462322 -0.0142317 0.0279999
      vertex -0.0466108 -0.0139208 0.0279999
    endloop
  endfacet
  facet normal -0.634626 -0.772819 -0
    outer loop
      vertex -0.0462322 -0.0142317 0.0279999
      vertex -0.0466108 -0.0139208 0.0219994
      vertex -0.0462322 -0.0142317 0.0219994
    endloop
  endfacet
  facet normal -0.471224 -0.882014 0
    outer loop
      vertex -0.0470428 -0.01369 0.0219994
      vertex -0.0466108 -0.0139208 0.0279999
      vertex -0.0470428 -0.01369 0.0279999
    endloop
  endfacet
  facet normal -0.471224 -0.882014 -0
    outer loop
      vertex -0.0466108 -0.0139208 0.0279999
      vertex -0.0470428 -0.01369 0.0219994
      vertex -0.0466108 -0.0139208 0.0219994
    endloop
  endfacet
  facet normal 0.634626 -0.772819 0
    outer loop
      vertex -0.0497675 -0.0142317 0.0219994
      vertex -0.0493889 -0.0139208 0.0279999
      vertex -0.0497675 -0.0142317 0.0279999
    endloop
  endfacet
  facet normal 0.634626 -0.772819 0
    outer loop
      vertex -0.0493889 -0.0139208 0.0279999
      vertex -0.0497675 -0.0142317 0.0219994
      vertex -0.0493889 -0.0139208 0.0219994
    endloop
  endfacet
  facet normal 0.290421 -0.956899 0
    outer loop
      vertex -0.0489559 -0.01369 0.0219994
      vertex -0.0484877 -0.0135479 0.0279999
      vertex -0.0489559 -0.01369 0.0279999
    endloop
  endfacet
  facet normal 0.290421 -0.956899 0
    outer loop
      vertex -0.0484877 -0.0135479 0.0279999
      vertex -0.0489559 -0.01369 0.0219994
      vertex -0.0484877 -0.0135479 0.0219994
    endloop
  endfacet
  facet normal -0.881249 0.472652 0
    outer loop
      vertex -0.0459213 -0.0173883 0.0219994
      vertex -0.0456896 -0.0169563 0.0281589
      vertex -0.0456896 -0.0169563 0.0219994
    endloop
  endfacet
  facet normal -0.881249 0.472652 0
    outer loop
      vertex -0.0456896 -0.0169563 0.0281589
      vertex -0.0459213 -0.0173883 0.0219994
      vertex -0.0459213 -0.0173883 0.0285134
    endloop
  endfacet
  facet normal -0.881704 -0.471803 0
    outer loop
      vertex -0.0456896 -0.0150433 0.0219994
      vertex -0.0459213 -0.0146103 0.0279999
      vertex -0.0459213 -0.0146103 0.0219994
    endloop
  endfacet
  facet normal -0.881704 -0.471803 0
    outer loop
      vertex -0.0459213 -0.0146103 0.0279999
      vertex -0.0456896 -0.0150433 0.0219994
      vertex -0.0456896 -0.0150433 0.0279999
    endloop
  endfacet
  facet normal -0.956899 -0.290421 0
    outer loop
      vertex -0.0455475 -0.0155115 0.0219994
      vertex -0.0456896 -0.0150433 0.0279999
      vertex -0.0456896 -0.0150433 0.0219994
    endloop
  endfacet
  facet normal -0.956899 -0.290421 0
    outer loop
      vertex -0.0456896 -0.0150433 0.0279999
      vertex -0.0455475 -0.0155115 0.0219994
      vertex -0.0455475 -0.0155115 0.0279999
    endloop
  endfacet
  facet normal -0.772819 -0.634626 0
    outer loop
      vertex -0.0459213 -0.0146103 0.0219994
      vertex -0.0462322 -0.0142317 0.0279999
      vertex -0.0462322 -0.0142317 0.0219994
    endloop
  endfacet
  facet normal -0.772819 -0.634626 0
    outer loop
      vertex -0.0462322 -0.0142317 0.0279999
      vertex -0.0459213 -0.0146103 0.0219994
      vertex -0.0459213 -0.0146103 0.0279999
    endloop
  endfacet
  facet normal -0.289798 -0.957088 0
    outer loop
      vertex -0.0475121 -0.0135479 0.0219994
      vertex -0.0470428 -0.01369 0.0279999
      vertex -0.0475121 -0.0135479 0.0279999
    endloop
  endfacet
  facet normal -0.289798 -0.957088 -0
    outer loop
      vertex -0.0470428 -0.01369 0.0279999
      vertex -0.0475121 -0.0135479 0.0219994
      vertex -0.0470428 -0.01369 0.0219994
    endloop
  endfacet
  facet normal 0.882466 -0.470377 0
    outer loop
      vertex -0.0503092 -0.0150433 0.0279999
      vertex -0.0500784 -0.0146103 0.0219994
      vertex -0.0500784 -0.0146103 0.0279999
    endloop
  endfacet
  facet normal 0.882466 -0.470377 0
    outer loop
      vertex -0.0500784 -0.0146103 0.0219994
      vertex -0.0503092 -0.0150433 0.0279999
      vertex -0.0503092 -0.0150433 0.0219994
    endloop
  endfacet
  facet normal 0.772819 -0.634626 0
    outer loop
      vertex -0.0500784 -0.0146103 0.0279999
      vertex -0.0497675 -0.0142317 0.0219994
      vertex -0.0497675 -0.0142317 0.0279999
    endloop
  endfacet
  facet normal 0.772819 -0.634626 0
    outer loop
      vertex -0.0497675 -0.0142317 0.0219994
      vertex -0.0500784 -0.0146103 0.0279999
      vertex -0.0500784 -0.0146103 0.0219994
    endloop
  endfacet
  facet normal 0.956899 -0.290421 0
    outer loop
      vertex -0.0504513 -0.0155115 0.0279999
      vertex -0.0503092 -0.0150433 0.0219994
      vertex -0.0503092 -0.0150433 0.0279999
    endloop
  endfacet
  facet normal 0.956899 -0.290421 0
    outer loop
      vertex -0.0503092 -0.0150433 0.0219994
      vertex -0.0504513 -0.0155115 0.0279999
      vertex -0.0504513 -0.0155115 0.0219994
    endloop
  endfacet
  facet normal 0.470377 -0.882466 0
    outer loop
      vertex -0.0493889 -0.0139208 0.0219994
      vertex -0.0489559 -0.01369 0.0279999
      vertex -0.0493889 -0.0139208 0.0279999
    endloop
  endfacet
  facet normal 0.470377 -0.882466 0
    outer loop
      vertex -0.0489559 -0.01369 0.0279999
      vertex -0.0493889 -0.0139208 0.0219994
      vertex -0.0489559 -0.01369 0.0219994
    endloop
  endfacet
  facet normal 0.0990396 -0.995083 0
    outer loop
      vertex -0.0484877 -0.0135479 0.0219994
      vertex -0.0479994 -0.0134993 0.0279999
      vertex -0.0484877 -0.0135479 0.0279999
    endloop
  endfacet
  facet normal 0.0990396 -0.995083 0
    outer loop
      vertex -0.0479994 -0.0134993 0.0279999
      vertex -0.0484877 -0.0135479 0.0219994
      vertex -0.0479994 -0.0134993 0.0219994
    endloop
  endfacet
  facet normal 0.882014 0.471224 -0
    outer loop
      vertex -0.0500784 -0.0173883 0.0219994
      vertex -0.0503092 -0.0169563 0.0281589
      vertex -0.0500784 -0.0173883 0.0285134
    endloop
  endfacet
  facet normal 0.882014 0.471224 0
    outer loop
      vertex -0.0503092 -0.0169563 0.0281589
      vertex -0.0500784 -0.0173883 0.0219994
      vertex -0.0503092 -0.0169563 0.0219994
    endloop
  endfacet
  facet normal -0.289798 0.957088 0
    outer loop
      vertex -0.0475121 -0.0184517 0.0219994
      vertex -0.0470428 -0.0183096 0.0290543
      vertex -0.0470428 -0.0183096 0.0219994
    endloop
  endfacet
  facet normal -0.289798 0.957088 0
    outer loop
      vertex -0.0470428 -0.0183096 0.0290543
      vertex -0.0475121 -0.0184517 0.0219994
      vertex -0.0475121 -0.0184517 0.0291303
    endloop
  endfacet
  facet normal -0.634626 0.772819 0
    outer loop
      vertex -0.0466108 -0.0180779 0.0219994
      vertex -0.0462322 -0.017767 0.0287639
      vertex -0.0462322 -0.017767 0.0219994
    endloop
  endfacet
  facet normal -0.634626 0.772819 0
    outer loop
      vertex -0.0462322 -0.017767 0.0287639
      vertex -0.0466108 -0.0180779 0.0219994
      vertex -0.0466108 -0.0180779 0.0289303
    endloop
  endfacet
  facet normal -0.772901 0.634526 0
    outer loop
      vertex -0.0462322 -0.017767 0.0219994
      vertex -0.0459213 -0.0173883 0.0285134
      vertex -0.0459213 -0.0173883 0.0219994
    endloop
  endfacet
  facet normal -0.772901 0.634526 0
    outer loop
      vertex -0.0462322 -0.017767 0.0287639
      vertex -0.0459213 -0.0173883 0.0285134
      vertex -0.0462322 -0.017767 0.0219994
    endloop
  endfacet
  facet normal -0.772958 0.634457 -0.000174707
    outer loop
      vertex -0.0459213 -0.0173883 0.0285134
      vertex -0.0462322 -0.017767 0.0287639
      vertex -0.0460589 -0.0175559 0.0286509
    endloop
  endfacet
  facet normal -0.957077 0.289834 0
    outer loop
      vertex -0.0455475 -0.0164871 0.0219994
      vertex -0.0456309 -0.0167625 0.0279999
      vertex -0.0455475 -0.0164871 0.0279999
    endloop
  endfacet
  facet normal -0.957071 0.289855 1.04021e-06
    outer loop
      vertex -0.0456896 -0.0169563 0.0219994
      vertex -0.0456309 -0.0167625 0.0279999
      vertex -0.0455475 -0.0164871 0.0219994
    endloop
  endfacet
  facet normal -0.957062 0.289884 0
    outer loop
      vertex -0.0456309 -0.0167625 0.0279999
      vertex -0.0456896 -0.0169563 0.0219994
      vertex -0.0456896 -0.0169563 0.0281589
    endloop
  endfacet
  facet normal -0.995243 0.0974207 0
    outer loop
      vertex -0.0455475 -0.0164871 0.0219994
      vertex -0.0454998 -0.0159998 0.0279999
      vertex -0.0454998 -0.0159998 0.0219994
    endloop
  endfacet
  facet normal -0.995243 0.0974207 0
    outer loop
      vertex -0.0454998 -0.0159998 0.0279999
      vertex -0.0455475 -0.0164871 0.0219994
      vertex -0.0455475 -0.0164871 0.0279999
    endloop
  endfacet
  facet normal 0.772958 0.634457 -0.000174707
    outer loop
      vertex -0.0497675 -0.017767 0.0287639
      vertex -0.0500784 -0.0173883 0.0285134
      vertex -0.0499408 -0.0175559 0.0286509
    endloop
  endfacet
  facet normal 0.772901 0.634526 0
    outer loop
      vertex -0.0500784 -0.0173883 0.0285134
      vertex -0.0497675 -0.017767 0.0287639
      vertex -0.0497675 -0.017767 0.0219994
    endloop
  endfacet
  facet normal 0.772901 0.634526 0
    outer loop
      vertex -0.0500784 -0.0173883 0.0285134
      vertex -0.0497675 -0.017767 0.0219994
      vertex -0.0500784 -0.0173883 0.0219994
    endloop
  endfacet
  facet normal 0.995063 0.0992409 0
    outer loop
      vertex -0.0504513 -0.0164871 0.0279999
      vertex -0.0504999 -0.0159998 0.0219994
      vertex -0.0504999 -0.0159998 0.0279999
    endloop
  endfacet
  facet normal 0.995063 0.0992409 0
    outer loop
      vertex -0.0504999 -0.0159998 0.0219994
      vertex -0.0504513 -0.0164871 0.0279999
      vertex -0.0504513 -0.0164871 0.0219994
    endloop
  endfacet
  facet normal -0.472652 0.881249 0
    outer loop
      vertex -0.0470428 -0.0183096 0.0219994
      vertex -0.0466108 -0.0180779 0.0289303
      vertex -0.0466108 -0.0180779 0.0219994
    endloop
  endfacet
  facet normal -0.472652 0.881249 0
    outer loop
      vertex -0.0466108 -0.0180779 0.0289303
      vertex -0.0470428 -0.0183096 0.0219994
      vertex -0.0470428 -0.0183096 0.0290543
    endloop
  endfacet
  facet normal 0.0972231 0.995263 -0
    outer loop
      vertex -0.0479994 -0.0184994 0.0219994
      vertex -0.0484877 -0.0184517 0.0291303
      vertex -0.0479994 -0.0184994 0.0291559
    endloop
  endfacet
  facet normal 0.0972231 0.995263 0
    outer loop
      vertex -0.0484877 -0.0184517 0.0291303
      vertex -0.0479994 -0.0184994 0.0219994
      vertex -0.0484877 -0.0184517 0.0219994
    endloop
  endfacet
  facet normal 0.290421 0.956899 -0
    outer loop
      vertex -0.0484877 -0.0184517 0.0219994
      vertex -0.0489559 -0.0183096 0.0290543
      vertex -0.0484877 -0.0184517 0.0291303
    endloop
  endfacet
  facet normal 0.290421 0.956899 0
    outer loop
      vertex -0.0489559 -0.0183096 0.0290543
      vertex -0.0484877 -0.0184517 0.0219994
      vertex -0.0489559 -0.0183096 0.0219994
    endloop
  endfacet
  facet normal 0.634626 0.772819 -0
    outer loop
      vertex -0.0493889 -0.0180779 0.0219994
      vertex -0.0497675 -0.017767 0.0287639
      vertex -0.0493889 -0.0180779 0.0289303
    endloop
  endfacet
  facet normal 0.634626 0.772819 0
    outer loop
      vertex -0.0497675 -0.017767 0.0287639
      vertex -0.0493889 -0.0180779 0.0219994
      vertex -0.0497675 -0.017767 0.0219994
    endloop
  endfacet
  facet normal 0.471803 0.881704 -0
    outer loop
      vertex -0.0489559 -0.0183096 0.0219994
      vertex -0.0493889 -0.0180779 0.0289303
      vertex -0.0489559 -0.0183096 0.0290543
    endloop
  endfacet
  facet normal 0.471803 0.881704 0
    outer loop
      vertex -0.0493889 -0.0180779 0.0289303
      vertex -0.0489559 -0.0183096 0.0219994
      vertex -0.0493889 -0.0180779 0.0219994
    endloop
  endfacet
  facet normal 0.957077 0.289834 0
    outer loop
      vertex -0.0503679 -0.0167625 0.0279999
      vertex -0.0504513 -0.0164871 0.0219994
      vertex -0.0504513 -0.0164871 0.0279999
    endloop
  endfacet
  facet normal 0.957062 0.289884 -0
    outer loop
      vertex -0.0503092 -0.0169563 0.0219994
      vertex -0.0503679 -0.0167625 0.0279999
      vertex -0.0503092 -0.0169563 0.0281589
    endloop
  endfacet
  facet normal 0.957071 0.289855 1.04021e-06
    outer loop
      vertex -0.0503679 -0.0167625 0.0279999
      vertex -0.0503092 -0.0169563 0.0219994
      vertex -0.0504513 -0.0164871 0.0219994
    endloop
  endfacet
  facet normal -0.882474 -0.470361 0
    outer loop
      vertex 0.00230885 -0.0150433 0.0219994
      vertex 0.00207806 -0.0146103 0.0279999
      vertex 0.00207806 -0.0146103 0.0219994
    endloop
  endfacet
  facet normal -0.882474 -0.470361 0
    outer loop
      vertex 0.00207806 -0.0146103 0.0279999
      vertex 0.00230885 -0.0150433 0.0219994
      vertex 0.00230885 -0.0150433 0.0279999
    endloop
  endfacet
  facet normal -0.772819 -0.634626 0
    outer loop
      vertex 0.00207806 -0.0146103 0.0219994
      vertex 0.00176716 -0.0142317 0.0279999
      vertex 0.00176716 -0.0142317 0.0219994
    endloop
  endfacet
  facet normal -0.772819 -0.634626 0
    outer loop
      vertex 0.00176716 -0.0142317 0.0279999
      vertex 0.00207806 -0.0146103 0.0219994
      vertex 0.00207806 -0.0146103 0.0279999
    endloop
  endfacet
  facet normal -0.289851 -0.957072 0
    outer loop
      vertex 0.000487328 -0.0135479 0.0219994
      vertex 0.000956535 -0.01369 0.0279999
      vertex 0.000487328 -0.0135479 0.0279999
    endloop
  endfacet
  facet normal -0.289851 -0.957072 -0
    outer loop
      vertex 0.000956535 -0.01369 0.0279999
      vertex 0.000487328 -0.0135479 0.0219994
      vertex 0.000956535 -0.01369 0.0219994
    endloop
  endfacet
  facet normal 0.289851 -0.957072 0
    outer loop
      vertex -0.000956535 -0.01369 0.0219994
      vertex -0.000487328 -0.0135479 0.0279999
      vertex -0.000956535 -0.01369 0.0279999
    endloop
  endfacet
  facet normal 0.289851 -0.957072 0
    outer loop
      vertex -0.000487328 -0.0135479 0.0279999
      vertex -0.000956535 -0.01369 0.0219994
      vertex -0.000487328 -0.0135479 0.0219994
    endloop
  endfacet
  facet normal 0.882474 -0.470361 0
    outer loop
      vertex -0.00230885 -0.0150433 0.0279999
      vertex -0.00207806 -0.0146103 0.0219994
      vertex -0.00207806 -0.0146103 0.0279999
    endloop
  endfacet
  facet normal 0.882474 -0.470361 0
    outer loop
      vertex -0.00207806 -0.0146103 0.0219994
      vertex -0.00230885 -0.0150433 0.0279999
      vertex -0.00230885 -0.0150433 0.0219994
    endloop
  endfacet
  facet normal -0.995247 0.0973802 0
    outer loop
      vertex 0.0024519 -0.0164871 0.0219994
      vertex 0.00249958 -0.0159998 0.0279999
      vertex 0.00249958 -0.0159998 0.0219994
    endloop
  endfacet
  facet normal -0.995247 0.0973802 0
    outer loop
      vertex 0.00249958 -0.0159998 0.0279999
      vertex 0.0024519 -0.0164871 0.0219994
      vertex 0.0024519 -0.0164871 0.0279999
    endloop
  endfacet
  facet normal -0.634616 -0.772827 0
    outer loop
      vertex 0.00138855 -0.0139208 0.0219994
      vertex 0.00176716 -0.0142317 0.0279999
      vertex 0.00138855 -0.0139208 0.0279999
    endloop
  endfacet
  facet normal -0.634616 -0.772827 -0
    outer loop
      vertex 0.00176716 -0.0142317 0.0279999
      vertex 0.00138855 -0.0139208 0.0219994
      vertex 0.00176716 -0.0142317 0.0219994
    endloop
  endfacet
  facet normal -0.0992352 -0.995064 0
    outer loop
      vertex 0 -0.0134993 0.0219994
      vertex 0.000487328 -0.0135479 0.0279999
      vertex 0 -0.0134993 0.0279999
    endloop
  endfacet
  facet normal -0.0992352 -0.995064 -0
    outer loop
      vertex 0.000487328 -0.0135479 0.0279999
      vertex 0 -0.0134993 0.0219994
      vertex 0.000487328 -0.0135479 0.0219994
    endloop
  endfacet
  facet normal -0.471211 -0.88202 0
    outer loop
      vertex 0.000956535 -0.01369 0.0219994
      vertex 0.00138855 -0.0139208 0.0279999
      vertex 0.000956535 -0.01369 0.0279999
    endloop
  endfacet
  facet normal -0.471211 -0.88202 -0
    outer loop
      vertex 0.00138855 -0.0139208 0.0279999
      vertex 0.000956535 -0.01369 0.0219994
      vertex 0.00138855 -0.0139208 0.0219994
    endloop
  endfacet
  facet normal 0.995267 -0.0971827 0
    outer loop
      vertex -0.00249958 -0.0159998 0.0279999
      vertex -0.0024519 -0.0155115 0.0219994
      vertex -0.0024519 -0.0155115 0.0279999
    endloop
  endfacet
  facet normal 0.995267 -0.0971827 0
    outer loop
      vertex -0.0024519 -0.0155115 0.0219994
      vertex -0.00249958 -0.0159998 0.0279999
      vertex -0.00249958 -0.0159998 0.0219994
    endloop
  endfacet
  facet normal 0.772819 -0.634626 0
    outer loop
      vertex -0.00207806 -0.0146103 0.0279999
      vertex -0.00176716 -0.0142317 0.0219994
      vertex -0.00176716 -0.0142317 0.0279999
    endloop
  endfacet
  facet normal 0.772819 -0.634626 0
    outer loop
      vertex -0.00176716 -0.0142317 0.0219994
      vertex -0.00207806 -0.0146103 0.0279999
      vertex -0.00207806 -0.0146103 0.0219994
    endloop
  endfacet
  facet normal 0.471211 -0.88202 0
    outer loop
      vertex -0.00138855 -0.0139208 0.0219994
      vertex -0.000956535 -0.01369 0.0279999
      vertex -0.00138855 -0.0139208 0.0279999
    endloop
  endfacet
  facet normal 0.471211 -0.88202 0
    outer loop
      vertex -0.000956535 -0.01369 0.0279999
      vertex -0.00138855 -0.0139208 0.0219994
      vertex -0.000956535 -0.01369 0.0219994
    endloop
  endfacet
  facet normal 0.0992352 -0.995064 0
    outer loop
      vertex -0.000487328 -0.0135479 0.0219994
      vertex 0 -0.0134993 0.0279999
      vertex -0.000487328 -0.0135479 0.0279999
    endloop
  endfacet
  facet normal 0.0992352 -0.995064 0
    outer loop
      vertex 0 -0.0134993 0.0279999
      vertex -0.000487328 -0.0135479 0.0219994
      vertex 0 -0.0134993 0.0219994
    endloop
  endfacet
  facet normal 0.634616 -0.772827 0
    outer loop
      vertex -0.00176716 -0.0142317 0.0219994
      vertex -0.00138855 -0.0139208 0.0279999
      vertex -0.00176716 -0.0142317 0.0279999
    endloop
  endfacet
  facet normal 0.634616 -0.772827 0
    outer loop
      vertex -0.00138855 -0.0139208 0.0279999
      vertex -0.00176716 -0.0142317 0.0219994
      vertex -0.00138855 -0.0139208 0.0219994
    endloop
  endfacet
  facet normal -0.995267 -0.0971827 0
    outer loop
      vertex 0.00249958 -0.0159998 0.0219994
      vertex 0.0024519 -0.0155115 0.0279999
      vertex 0.0024519 -0.0155115 0.0219994
    endloop
  endfacet
  facet normal -0.995267 -0.0971827 0
    outer loop
      vertex 0.0024519 -0.0155115 0.0279999
      vertex 0.00249958 -0.0159998 0.0219994
      vertex 0.00249958 -0.0159998 0.0279999
    endloop
  endfacet
  facet normal -0.634616 0.772827 0
    outer loop
      vertex 0.00138855 -0.0180779 0.0219994
      vertex 0.00176716 -0.017767 0.0287639
      vertex 0.00176716 -0.017767 0.0219994
    endloop
  endfacet
  facet normal -0.634616 0.772827 0
    outer loop
      vertex 0.00176716 -0.017767 0.0287639
      vertex 0.00138855 -0.0180779 0.0219994
      vertex 0.00138855 -0.0180779 0.0289303
    endloop
  endfacet
  facet normal -0.882022 0.471208 0
    outer loop
      vertex 0.00207806 -0.0173883 0.0219994
      vertex 0.00230885 -0.0169563 0.0281589
      vertex 0.00230885 -0.0169563 0.0219994
    endloop
  endfacet
  facet normal -0.882022 0.471208 0
    outer loop
      vertex 0.00230885 -0.0169563 0.0281589
      vertex 0.00207806 -0.0173883 0.0219994
      vertex 0.00207806 -0.0173883 0.0285134
    endloop
  endfacet
  facet normal 0.0974152 0.995244 -0
    outer loop
      vertex 0 -0.0184994 0.0219994
      vertex -0.000487328 -0.0184517 0.0291303
      vertex 0 -0.0184994 0.0291559
    endloop
  endfacet
  facet normal 0.0974152 0.995244 0
    outer loop
      vertex -0.000487328 -0.0184517 0.0291303
      vertex 0 -0.0184994 0.0219994
      vertex -0.000487328 -0.0184517 0.0219994
    endloop
  endfacet
  facet normal -0.956358 -0.292198 0
    outer loop
      vertex 0.0024519 -0.0155115 0.0219994
      vertex 0.00230885 -0.0150433 0.0279999
      vertex 0.00230885 -0.0150433 0.0219994
    endloop
  endfacet
  facet normal -0.956358 -0.292198 0
    outer loop
      vertex 0.00230885 -0.0150433 0.0279999
      vertex 0.0024519 -0.0155115 0.0219994
      vertex 0.0024519 -0.0155115 0.0279999
    endloop
  endfacet
  facet normal 0.956358 -0.292198 0
    outer loop
      vertex -0.0024519 -0.0155115 0.0279999
      vertex -0.00230885 -0.0150433 0.0219994
      vertex -0.00230885 -0.0150433 0.0279999
    endloop
  endfacet
  facet normal 0.956358 -0.292198 0
    outer loop
      vertex -0.00230885 -0.0150433 0.0219994
      vertex -0.0024519 -0.0155115 0.0279999
      vertex -0.0024519 -0.0155115 0.0219994
    endloop
  endfacet
  facet normal 0.995247 0.0973802 0
    outer loop
      vertex -0.0024519 -0.0164871 0.0279999
      vertex -0.00249958 -0.0159998 0.0219994
      vertex -0.00249958 -0.0159998 0.0279999
    endloop
  endfacet
  facet normal 0.995247 0.0973802 0
    outer loop
      vertex -0.00249958 -0.0159998 0.0219994
      vertex -0.0024519 -0.0164871 0.0279999
      vertex -0.0024519 -0.0164871 0.0219994
    endloop
  endfacet
  facet normal 0.77277 0.634686 0.000405558
    outer loop
      vertex -0.00176716 -0.017767 0.0287639
      vertex -0.00207806 -0.0173883 0.0285134
      vertex -0.00194048 -0.0175559 0.0286509
    endloop
  endfacet
  facet normal 0.772901 0.634526 0
    outer loop
      vertex -0.00207806 -0.0173883 0.0285134
      vertex -0.00176716 -0.017767 0.0287639
      vertex -0.00176716 -0.017767 0.0219994
    endloop
  endfacet
  facet normal 0.772901 0.634526 0
    outer loop
      vertex -0.00207806 -0.0173883 0.0285134
      vertex -0.00176716 -0.017767 0.0219994
      vertex -0.00207806 -0.0173883 0.0219994
    endloop
  endfacet
  facet normal -0.289851 0.957072 0
    outer loop
      vertex 0.000487328 -0.0184517 0.0219994
      vertex 0.000956535 -0.0183096 0.0290543
      vertex 0.000956535 -0.0183096 0.0219994
    endloop
  endfacet
  facet normal -0.289851 0.957072 0
    outer loop
      vertex 0.000956535 -0.0183096 0.0290543
      vertex 0.000487328 -0.0184517 0.0219994
      vertex 0.000487328 -0.0184517 0.0291303
    endloop
  endfacet
  facet normal -0.472639 0.881256 0
    outer loop
      vertex 0.000956535 -0.0183096 0.0219994
      vertex 0.00138855 -0.0180779 0.0289303
      vertex 0.00138855 -0.0180779 0.0219994
    endloop
  endfacet
  facet normal -0.472639 0.881256 0
    outer loop
      vertex 0.00138855 -0.0180779 0.0289303
      vertex 0.000956535 -0.0183096 0.0219994
      vertex 0.000956535 -0.0183096 0.0290543
    endloop
  endfacet
  facet normal -0.772901 0.634526 0
    outer loop
      vertex 0.00176716 -0.017767 0.0219994
      vertex 0.00207806 -0.0173883 0.0285134
      vertex 0.00207806 -0.0173883 0.0219994
    endloop
  endfacet
  facet normal -0.772901 0.634526 0
    outer loop
      vertex 0.00176716 -0.017767 0.0287639
      vertex 0.00207806 -0.0173883 0.0285134
      vertex 0.00176716 -0.017767 0.0219994
    endloop
  endfacet
  facet normal -0.77277 0.634686 0.000405558
    outer loop
      vertex 0.00207806 -0.0173883 0.0285134
      vertex 0.00176716 -0.017767 0.0287639
      vertex 0.00194048 -0.0175559 0.0286509
    endloop
  endfacet
  facet normal -0.956536 0.291615 0
    outer loop
      vertex 0.0024519 -0.0164871 0.0219994
      vertex 0.00236794 -0.0167625 0.0279999
      vertex 0.0024519 -0.0164871 0.0279999
    endloop
  endfacet
  facet normal -0.956532 0.291628 6.58427e-07
    outer loop
      vertex 0.00230885 -0.0169563 0.0219994
      vertex 0.00236794 -0.0167625 0.0279999
      vertex 0.0024519 -0.0164871 0.0219994
    endloop
  endfacet
  facet normal -0.956526 0.291647 0
    outer loop
      vertex 0.00236794 -0.0167625 0.0279999
      vertex 0.00230885 -0.0169563 0.0219994
      vertex 0.00230885 -0.0169563 0.0281589
    endloop
  endfacet
  facet normal 0.289851 0.957072 -0
    outer loop
      vertex -0.000487328 -0.0184517 0.0219994
      vertex -0.000956535 -0.0183096 0.0290543
      vertex -0.000487328 -0.0184517 0.0291303
    endloop
  endfacet
  facet normal 0.289851 0.957072 0
    outer loop
      vertex -0.000956535 -0.0183096 0.0290543
      vertex -0.000487328 -0.0184517 0.0219994
      vertex -0.000956535 -0.0183096 0.0219994
    endloop
  endfacet
  facet normal -0.0974152 0.995244 0
    outer loop
      vertex 0 -0.0184994 0.0219994
      vertex 0.000487328 -0.0184517 0.0291303
      vertex 0.000487328 -0.0184517 0.0219994
    endloop
  endfacet
  facet normal -0.0974152 0.995244 0
    outer loop
      vertex 0.000487328 -0.0184517 0.0291303
      vertex 0 -0.0184994 0.0219994
      vertex 0 -0.0184994 0.0291559
    endloop
  endfacet
  facet normal 0.882022 0.471208 -0
    outer loop
      vertex -0.00207806 -0.0173883 0.0219994
      vertex -0.00230885 -0.0169563 0.0281589
      vertex -0.00207806 -0.0173883 0.0285134
    endloop
  endfacet
  facet normal 0.882022 0.471208 0
    outer loop
      vertex -0.00230885 -0.0169563 0.0281589
      vertex -0.00207806 -0.0173883 0.0219994
      vertex -0.00230885 -0.0169563 0.0219994
    endloop
  endfacet
  facet normal 0.956536 0.291615 0
    outer loop
      vertex -0.00236794 -0.0167625 0.0279999
      vertex -0.0024519 -0.0164871 0.0219994
      vertex -0.0024519 -0.0164871 0.0279999
    endloop
  endfacet
  facet normal 0.956526 0.291647 -0
    outer loop
      vertex -0.00230885 -0.0169563 0.0219994
      vertex -0.00236794 -0.0167625 0.0279999
      vertex -0.00230885 -0.0169563 0.0281589
    endloop
  endfacet
  facet normal 0.956532 0.291628 6.58427e-07
    outer loop
      vertex -0.00236794 -0.0167625 0.0279999
      vertex -0.00230885 -0.0169563 0.0219994
      vertex -0.0024519 -0.0164871 0.0219994
    endloop
  endfacet
  facet normal 0.634616 0.772827 -0
    outer loop
      vertex -0.00138855 -0.0180779 0.0219994
      vertex -0.00176716 -0.017767 0.0287639
      vertex -0.00138855 -0.0180779 0.0289303
    endloop
  endfacet
  facet normal 0.634616 0.772827 0
    outer loop
      vertex -0.00176716 -0.017767 0.0287639
      vertex -0.00138855 -0.0180779 0.0219994
      vertex -0.00176716 -0.017767 0.0219994
    endloop
  endfacet
  facet normal 0.472639 0.881256 -0
    outer loop
      vertex -0.000956535 -0.0183096 0.0219994
      vertex -0.00138855 -0.0180779 0.0289303
      vertex -0.000956535 -0.0183096 0.0290543
    endloop
  endfacet
  facet normal 0.472639 0.881256 0
    outer loop
      vertex -0.00138855 -0.0180779 0.0289303
      vertex -0.000956535 -0.0183096 0.0219994
      vertex -0.00138855 -0.0180779 0.0219994
    endloop
  endfacet
  facet normal -0.995083 -0.0990396 0
    outer loop
      vertex 0.0504999 -0.0159998 0.0219994
      vertex 0.0504513 -0.0155115 0.0279999
      vertex 0.0504513 -0.0155115 0.0219994
    endloop
  endfacet
  facet normal -0.995083 -0.0990396 0
    outer loop
      vertex 0.0504513 -0.0155115 0.0279999
      vertex 0.0504999 -0.0159998 0.0219994
      vertex 0.0504999 -0.0159998 0.0279999
    endloop
  endfacet
  facet normal 0.0992409 -0.995063 0
    outer loop
      vertex 0.0475121 -0.0135479 0.0219994
      vertex 0.0479994 -0.0134993 0.0279999
      vertex 0.0475121 -0.0135479 0.0279999
    endloop
  endfacet
  facet normal 0.0992409 -0.995063 0
    outer loop
      vertex 0.0479994 -0.0134993 0.0279999
      vertex 0.0475121 -0.0135479 0.0219994
      vertex 0.0479994 -0.0134993 0.0219994
    endloop
  endfacet
  facet normal -0.0972231 0.995263 0
    outer loop
      vertex 0.0479994 -0.0184994 0.0219994
      vertex 0.0484877 -0.0184517 0.0291303
      vertex 0.0484877 -0.0184517 0.0219994
    endloop
  endfacet
  facet normal -0.0972231 0.995263 0
    outer loop
      vertex 0.0484877 -0.0184517 0.0291303
      vertex 0.0479994 -0.0184994 0.0219994
      vertex 0.0479994 -0.0184994 0.0291559
    endloop
  endfacet
  facet normal 0.634626 0.772819 -0
    outer loop
      vertex 0.0466108 -0.0180779 0.0219994
      vertex 0.0462322 -0.017767 0.0287639
      vertex 0.0466108 -0.0180779 0.0289303
    endloop
  endfacet
  facet normal 0.634626 0.772819 0
    outer loop
      vertex 0.0462322 -0.017767 0.0287639
      vertex 0.0466108 -0.0180779 0.0219994
      vertex 0.0462322 -0.017767 0.0219994
    endloop
  endfacet
  facet normal -0.634626 -0.772819 0
    outer loop
      vertex 0.0493889 -0.0139208 0.0219994
      vertex 0.0497675 -0.0142317 0.0279999
      vertex 0.0493889 -0.0139208 0.0279999
    endloop
  endfacet
  facet normal -0.634626 -0.772819 -0
    outer loop
      vertex 0.0497675 -0.0142317 0.0279999
      vertex 0.0493889 -0.0139208 0.0219994
      vertex 0.0497675 -0.0142317 0.0219994
    endloop
  endfacet
  facet normal 0.772819 -0.634626 0
    outer loop
      vertex 0.0459213 -0.0146103 0.0279999
      vertex 0.0462322 -0.0142317 0.0219994
      vertex 0.0462322 -0.0142317 0.0279999
    endloop
  endfacet
  facet normal 0.772819 -0.634626 0
    outer loop
      vertex 0.0462322 -0.0142317 0.0219994
      vertex 0.0459213 -0.0146103 0.0279999
      vertex 0.0459213 -0.0146103 0.0219994
    endloop
  endfacet
  facet normal 0.471224 -0.882014 0
    outer loop
      vertex 0.0466108 -0.0139208 0.0219994
      vertex 0.0470428 -0.01369 0.0279999
      vertex 0.0466108 -0.0139208 0.0279999
    endloop
  endfacet
  facet normal 0.471224 -0.882014 0
    outer loop
      vertex 0.0470428 -0.01369 0.0279999
      vertex 0.0466108 -0.0139208 0.0219994
      vertex 0.0470428 -0.01369 0.0219994
    endloop
  endfacet
  facet normal -0.772901 0.634526 0
    outer loop
      vertex 0.0497675 -0.017767 0.0219994
      vertex 0.0500784 -0.0173883 0.0285134
      vertex 0.0500784 -0.0173883 0.0219994
    endloop
  endfacet
  facet normal -0.772901 0.634526 0
    outer loop
      vertex 0.0497675 -0.017767 0.0287639
      vertex 0.0500784 -0.0173883 0.0285134
      vertex 0.0497675 -0.017767 0.0219994
    endloop
  endfacet
  facet normal -0.772958 0.634457 -0.000174707
    outer loop
      vertex 0.0500784 -0.0173883 0.0285134
      vertex 0.0497675 -0.017767 0.0287639
      vertex 0.0499408 -0.0175559 0.0286509
    endloop
  endfacet
  facet normal -0.882014 0.471224 0
    outer loop
      vertex 0.0500784 -0.0173883 0.0219994
      vertex 0.0503092 -0.0169563 0.0281589
      vertex 0.0503092 -0.0169563 0.0219994
    endloop
  endfacet
  facet normal -0.882014 0.471224 0
    outer loop
      vertex 0.0503092 -0.0169563 0.0281589
      vertex 0.0500784 -0.0173883 0.0219994
      vertex 0.0500784 -0.0173883 0.0285134
    endloop
  endfacet
  facet normal -0.882466 -0.470377 0
    outer loop
      vertex 0.0503092 -0.0150433 0.0219994
      vertex 0.0500784 -0.0146103 0.0279999
      vertex 0.0500784 -0.0146103 0.0219994
    endloop
  endfacet
  facet normal -0.882466 -0.470377 0
    outer loop
      vertex 0.0500784 -0.0146103 0.0279999
      vertex 0.0503092 -0.0150433 0.0219994
      vertex 0.0503092 -0.0150433 0.0279999
    endloop
  endfacet
  facet normal -0.956899 -0.290421 0
    outer loop
      vertex 0.0504513 -0.0155115 0.0219994
      vertex 0.0503092 -0.0150433 0.0279999
      vertex 0.0503092 -0.0150433 0.0219994
    endloop
  endfacet
  facet normal -0.956899 -0.290421 0
    outer loop
      vertex 0.0503092 -0.0150433 0.0279999
      vertex 0.0504513 -0.0155115 0.0219994
      vertex 0.0504513 -0.0155115 0.0279999
    endloop
  endfacet
  facet normal -0.772819 -0.634626 0
    outer loop
      vertex 0.0500784 -0.0146103 0.0219994
      vertex 0.0497675 -0.0142317 0.0279999
      vertex 0.0497675 -0.0142317 0.0219994
    endloop
  endfacet
  facet normal -0.772819 -0.634626 0
    outer loop
      vertex 0.0497675 -0.0142317 0.0279999
      vertex 0.0500784 -0.0146103 0.0219994
      vertex 0.0500784 -0.0146103 0.0279999
    endloop
  endfacet
  facet normal -0.290421 -0.956899 0
    outer loop
      vertex 0.0484877 -0.0135479 0.0219994
      vertex 0.0489559 -0.01369 0.0279999
      vertex 0.0484877 -0.0135479 0.0279999
    endloop
  endfacet
  facet normal -0.290421 -0.956899 -0
    outer loop
      vertex 0.0489559 -0.01369 0.0279999
      vertex 0.0484877 -0.0135479 0.0219994
      vertex 0.0489559 -0.01369 0.0219994
    endloop
  endfacet
  facet normal -0.0990396 -0.995083 0
    outer loop
      vertex 0.0479994 -0.0134993 0.0219994
      vertex 0.0484877 -0.0135479 0.0279999
      vertex 0.0479994 -0.0134993 0.0279999
    endloop
  endfacet
  facet normal -0.0990396 -0.995083 -0
    outer loop
      vertex 0.0484877 -0.0135479 0.0279999
      vertex 0.0479994 -0.0134993 0.0219994
      vertex 0.0484877 -0.0135479 0.0219994
    endloop
  endfacet
  facet normal -0.470377 -0.882466 0
    outer loop
      vertex 0.0489559 -0.01369 0.0219994
      vertex 0.0493889 -0.0139208 0.0279999
      vertex 0.0489559 -0.01369 0.0279999
    endloop
  endfacet
  facet normal -0.470377 -0.882466 -0
    outer loop
      vertex 0.0493889 -0.0139208 0.0279999
      vertex 0.0489559 -0.01369 0.0219994
      vertex 0.0493889 -0.0139208 0.0219994
    endloop
  endfacet
  facet normal 0.956899 -0.290421 0
    outer loop
      vertex 0.0455475 -0.0155115 0.0279999
      vertex 0.0456896 -0.0150433 0.0219994
      vertex 0.0456896 -0.0150433 0.0279999
    endloop
  endfacet
  facet normal 0.956899 -0.290421 0
    outer loop
      vertex 0.0456896 -0.0150433 0.0219994
      vertex 0.0455475 -0.0155115 0.0279999
      vertex 0.0455475 -0.0155115 0.0219994
    endloop
  endfacet
  facet normal 0.881704 -0.471803 0
    outer loop
      vertex 0.0456896 -0.0150433 0.0279999
      vertex 0.0459213 -0.0146103 0.0219994
      vertex 0.0459213 -0.0146103 0.0279999
    endloop
  endfacet
  facet normal 0.881704 -0.471803 0
    outer loop
      vertex 0.0459213 -0.0146103 0.0219994
      vertex 0.0456896 -0.0150433 0.0279999
      vertex 0.0456896 -0.0150433 0.0219994
    endloop
  endfacet
  facet normal 0.995263 -0.0972231 0
    outer loop
      vertex 0.0454998 -0.0159998 0.0279999
      vertex 0.0455475 -0.0155115 0.0219994
      vertex 0.0455475 -0.0155115 0.0279999
    endloop
  endfacet
  facet normal 0.995263 -0.0972231 0
    outer loop
      vertex 0.0455475 -0.0155115 0.0219994
      vertex 0.0454998 -0.0159998 0.0279999
      vertex 0.0454998 -0.0159998 0.0219994
    endloop
  endfacet
  facet normal 0.634626 -0.772819 0
    outer loop
      vertex 0.0462322 -0.0142317 0.0219994
      vertex 0.0466108 -0.0139208 0.0279999
      vertex 0.0462322 -0.0142317 0.0279999
    endloop
  endfacet
  facet normal 0.634626 -0.772819 0
    outer loop
      vertex 0.0466108 -0.0139208 0.0279999
      vertex 0.0462322 -0.0142317 0.0219994
      vertex 0.0466108 -0.0139208 0.0219994
    endloop
  endfacet
  facet normal 0.289798 -0.957088 0
    outer loop
      vertex 0.0470428 -0.01369 0.0219994
      vertex 0.0475121 -0.0135479 0.0279999
      vertex 0.0470428 -0.01369 0.0279999
    endloop
  endfacet
  facet normal 0.289798 -0.957088 0
    outer loop
      vertex 0.0475121 -0.0135479 0.0279999
      vertex 0.0470428 -0.01369 0.0219994
      vertex 0.0475121 -0.0135479 0.0219994
    endloop
  endfacet
  facet normal -0.290421 0.956899 0
    outer loop
      vertex 0.0484877 -0.0184517 0.0219994
      vertex 0.0489559 -0.0183096 0.0290543
      vertex 0.0489559 -0.0183096 0.0219994
    endloop
  endfacet
  facet normal -0.290421 0.956899 0
    outer loop
      vertex 0.0489559 -0.0183096 0.0290543
      vertex 0.0484877 -0.0184517 0.0219994
      vertex 0.0484877 -0.0184517 0.0291303
    endloop
  endfacet
  facet normal -0.634626 0.772819 0
    outer loop
      vertex 0.0493889 -0.0180779 0.0219994
      vertex 0.0497675 -0.017767 0.0287639
      vertex 0.0497675 -0.017767 0.0219994
    endloop
  endfacet
  facet normal -0.634626 0.772819 0
    outer loop
      vertex 0.0497675 -0.017767 0.0287639
      vertex 0.0493889 -0.0180779 0.0219994
      vertex 0.0493889 -0.0180779 0.0289303
    endloop
  endfacet
  facet normal 0.472652 0.881249 -0
    outer loop
      vertex 0.0470428 -0.0183096 0.0219994
      vertex 0.0466108 -0.0180779 0.0289303
      vertex 0.0470428 -0.0183096 0.0290543
    endloop
  endfacet
  facet normal 0.472652 0.881249 0
    outer loop
      vertex 0.0466108 -0.0180779 0.0289303
      vertex 0.0470428 -0.0183096 0.0219994
      vertex 0.0466108 -0.0180779 0.0219994
    endloop
  endfacet
  facet normal 0.0974207 0.995243 -0
    outer loop
      vertex 0.0479994 -0.0184994 0.0219994
      vertex 0.0475121 -0.0184517 0.0291303
      vertex 0.0479994 -0.0184994 0.0291559
    endloop
  endfacet
  facet normal 0.0974207 0.995243 0
    outer loop
      vertex 0.0475121 -0.0184517 0.0291303
      vertex 0.0479994 -0.0184994 0.0219994
      vertex 0.0475121 -0.0184517 0.0219994
    endloop
  endfacet
  facet normal 0.772958 0.634457 -0.000174707
    outer loop
      vertex 0.0462322 -0.017767 0.0287639
      vertex 0.0459213 -0.0173883 0.0285134
      vertex 0.0460589 -0.0175559 0.0286509
    endloop
  endfacet
  facet normal 0.772901 0.634526 0
    outer loop
      vertex 0.0459213 -0.0173883 0.0285134
      vertex 0.0462322 -0.017767 0.0287639
      vertex 0.0462322 -0.017767 0.0219994
    endloop
  endfacet
  facet normal 0.772901 0.634526 0
    outer loop
      vertex 0.0459213 -0.0173883 0.0285134
      vertex 0.0462322 -0.017767 0.0219994
      vertex 0.0459213 -0.0173883 0.0219994
    endloop
  endfacet
  facet normal 0.957077 0.289834 0
    outer loop
      vertex 0.0456309 -0.0167625 0.0279999
      vertex 0.0455475 -0.0164871 0.0219994
      vertex 0.0455475 -0.0164871 0.0279999
    endloop
  endfacet
  facet normal 0.957062 0.289884 -0
    outer loop
      vertex 0.0456896 -0.0169563 0.0219994
      vertex 0.0456309 -0.0167625 0.0279999
      vertex 0.0456896 -0.0169563 0.0281589
    endloop
  endfacet
  facet normal 0.957071 0.289855 1.04021e-06
    outer loop
      vertex 0.0456309 -0.0167625 0.0279999
      vertex 0.0456896 -0.0169563 0.0219994
      vertex 0.0455475 -0.0164871 0.0219994
    endloop
  endfacet
  facet normal 0.995243 0.0974207 0
    outer loop
      vertex 0.0455475 -0.0164871 0.0279999
      vertex 0.0454998 -0.0159998 0.0219994
      vertex 0.0454998 -0.0159998 0.0279999
    endloop
  endfacet
  facet normal 0.995243 0.0974207 0
    outer loop
      vertex 0.0454998 -0.0159998 0.0219994
      vertex 0.0455475 -0.0164871 0.0279999
      vertex 0.0455475 -0.0164871 0.0219994
    endloop
  endfacet
  facet normal -0.471803 0.881704 0
    outer loop
      vertex 0.0489559 -0.0183096 0.0219994
      vertex 0.0493889 -0.0180779 0.0289303
      vertex 0.0493889 -0.0180779 0.0219994
    endloop
  endfacet
  facet normal -0.471803 0.881704 0
    outer loop
      vertex 0.0493889 -0.0180779 0.0289303
      vertex 0.0489559 -0.0183096 0.0219994
      vertex 0.0489559 -0.0183096 0.0290543
    endloop
  endfacet
  facet normal -0.957077 0.289834 0
    outer loop
      vertex 0.0504513 -0.0164871 0.0219994
      vertex 0.0503679 -0.0167625 0.0279999
      vertex 0.0504513 -0.0164871 0.0279999
    endloop
  endfacet
  facet normal -0.957071 0.289855 1.04021e-06
    outer loop
      vertex 0.0503092 -0.0169563 0.0219994
      vertex 0.0503679 -0.0167625 0.0279999
      vertex 0.0504513 -0.0164871 0.0219994
    endloop
  endfacet
  facet normal -0.957062 0.289884 0
    outer loop
      vertex 0.0503679 -0.0167625 0.0279999
      vertex 0.0503092 -0.0169563 0.0219994
      vertex 0.0503092 -0.0169563 0.0281589
    endloop
  endfacet
  facet normal -0.995063 0.0992409 0
    outer loop
      vertex 0.0504513 -0.0164871 0.0219994
      vertex 0.0504999 -0.0159998 0.0279999
      vertex 0.0504999 -0.0159998 0.0219994
    endloop
  endfacet
  facet normal -0.995063 0.0992409 0
    outer loop
      vertex 0.0504999 -0.0159998 0.0279999
      vertex 0.0504513 -0.0164871 0.0219994
      vertex 0.0504513 -0.0164871 0.0279999
    endloop
  endfacet
  facet normal 0.289798 0.957088 -0
    outer loop
      vertex 0.0475121 -0.0184517 0.0219994
      vertex 0.0470428 -0.0183096 0.0290543
      vertex 0.0475121 -0.0184517 0.0291303
    endloop
  endfacet
  facet normal 0.289798 0.957088 0
    outer loop
      vertex 0.0470428 -0.0183096 0.0290543
      vertex 0.0475121 -0.0184517 0.0219994
      vertex 0.0470428 -0.0183096 0.0219994
    endloop
  endfacet
  facet normal 0.881249 0.472652 -0
    outer loop
      vertex 0.0459213 -0.0173883 0.0219994
      vertex 0.0456896 -0.0169563 0.0281589
      vertex 0.0459213 -0.0173883 0.0285134
    endloop
  endfacet
  facet normal 0.881249 0.472652 0
    outer loop
      vertex 0.0456896 -0.0169563 0.0281589
      vertex 0.0459213 -0.0173883 0.0219994
      vertex 0.0456896 -0.0169563 0.0219994
    endloop
  endfacet
  facet normal -0.995263 0 -0.0972231
    outer loop
      vertex -0.0454998 -0.0279999 -0.0159998
      vertex -0.0455475 -0.0219994 -0.0155115
      vertex -0.0454998 -0.0219994 -0.0159998
    endloop
  endfacet
  facet normal -0.995263 -0 -0.0972231
    outer loop
      vertex -0.0455475 -0.0219994 -0.0155115
      vertex -0.0454998 -0.0279999 -0.0159998
      vertex -0.0455475 -0.0279999 -0.0155115
    endloop
  endfacet
  facet normal -0.956899 0 -0.290421
    outer loop
      vertex -0.0455475 -0.0279999 -0.0155115
      vertex -0.0456896 -0.0219994 -0.0150433
      vertex -0.0455475 -0.0219994 -0.0155115
    endloop
  endfacet
  facet normal -0.956899 -0 -0.290421
    outer loop
      vertex -0.0456896 -0.0219994 -0.0150433
      vertex -0.0455475 -0.0279999 -0.0155115
      vertex -0.0456896 -0.0279999 -0.0150433
    endloop
  endfacet
  facet normal 0.995083 0 -0.0990396
    outer loop
      vertex -0.0504513 -0.0279999 -0.0155115
      vertex -0.0504999 -0.0219994 -0.0159998
      vertex -0.0504513 -0.0219994 -0.0155115
    endloop
  endfacet
  facet normal 0.995083 0 -0.0990396
    outer loop
      vertex -0.0504999 -0.0219994 -0.0159998
      vertex -0.0504513 -0.0279999 -0.0155115
      vertex -0.0504999 -0.0279999 -0.0159998
    endloop
  endfacet
  facet normal -0.0992409 0 -0.995063
    outer loop
      vertex -0.0479994 -0.0279999 -0.0134993
      vertex -0.0475121 -0.0219994 -0.0135479
      vertex -0.0475121 -0.0279999 -0.0135479
    endloop
  endfacet
  facet normal -0.0992409 0 -0.995063
    outer loop
      vertex -0.0475121 -0.0219994 -0.0135479
      vertex -0.0479994 -0.0279999 -0.0134993
      vertex -0.0479994 -0.0219994 -0.0134993
    endloop
  endfacet
  facet normal 0.290421 0 -0.956899
    outer loop
      vertex -0.0489559 -0.0279999 -0.01369
      vertex -0.0484877 -0.0219994 -0.0135479
      vertex -0.0484877 -0.0279999 -0.0135479
    endloop
  endfacet
  facet normal 0.290421 0 -0.956899
    outer loop
      vertex -0.0484877 -0.0219994 -0.0135479
      vertex -0.0489559 -0.0279999 -0.01369
      vertex -0.0489559 -0.0219994 -0.01369
    endloop
  endfacet
  facet normal -0.881249 0 0.472652
    outer loop
      vertex -0.0459213 -0.0279999 -0.0173883
      vertex -0.0456896 -0.0219994 -0.0169563
      vertex -0.0459213 -0.0219994 -0.0173883
    endloop
  endfacet
  facet normal -0.881249 0 0.472652
    outer loop
      vertex -0.0456896 -0.0219994 -0.0169563
      vertex -0.0459213 -0.0279999 -0.0173883
      vertex -0.0456896 -0.0279999 -0.0169563
    endloop
  endfacet
  facet normal -0.881704 0 -0.471803
    outer loop
      vertex -0.0456896 -0.0279999 -0.0150433
      vertex -0.0459213 -0.0219994 -0.0146103
      vertex -0.0456896 -0.0219994 -0.0150433
    endloop
  endfacet
  facet normal -0.881704 -0 -0.471803
    outer loop
      vertex -0.0459213 -0.0219994 -0.0146103
      vertex -0.0456896 -0.0279999 -0.0150433
      vertex -0.0459213 -0.0279999 -0.0146103
    endloop
  endfacet
  facet normal -0.471224 0 -0.882014
    outer loop
      vertex -0.0470428 -0.0279999 -0.01369
      vertex -0.0466108 -0.0219994 -0.0139208
      vertex -0.0466108 -0.0279999 -0.0139208
    endloop
  endfacet
  facet normal -0.471224 0 -0.882014
    outer loop
      vertex -0.0466108 -0.0219994 -0.0139208
      vertex -0.0470428 -0.0279999 -0.01369
      vertex -0.0470428 -0.0219994 -0.01369
    endloop
  endfacet
  facet normal 0.882466 0 -0.470377
    outer loop
      vertex -0.0500784 -0.0279999 -0.0146103
      vertex -0.0503092 -0.0219994 -0.0150433
      vertex -0.0500784 -0.0219994 -0.0146103
    endloop
  endfacet
  facet normal 0.882466 0 -0.470377
    outer loop
      vertex -0.0503092 -0.0219994 -0.0150433
      vertex -0.0500784 -0.0279999 -0.0146103
      vertex -0.0503092 -0.0279999 -0.0150433
    endloop
  endfacet
  facet normal 0.772819 0 -0.634626
    outer loop
      vertex -0.0497675 -0.0279999 -0.0142317
      vertex -0.0500784 -0.0219994 -0.0146103
      vertex -0.0497675 -0.0219994 -0.0142317
    endloop
  endfacet
  facet normal 0.772819 0 -0.634626
    outer loop
      vertex -0.0500784 -0.0219994 -0.0146103
      vertex -0.0497675 -0.0279999 -0.0142317
      vertex -0.0500784 -0.0279999 -0.0146103
    endloop
  endfacet
  facet normal 0.0990396 0 -0.995083
    outer loop
      vertex -0.0484877 -0.0279999 -0.0135479
      vertex -0.0479994 -0.0219994 -0.0134993
      vertex -0.0479994 -0.0279999 -0.0134993
    endloop
  endfacet
  facet normal 0.0990396 0 -0.995083
    outer loop
      vertex -0.0479994 -0.0219994 -0.0134993
      vertex -0.0484877 -0.0279999 -0.0135479
      vertex -0.0484877 -0.0219994 -0.0135479
    endloop
  endfacet
  facet normal -0.289798 0 0.957088
    outer loop
      vertex -0.0475121 -0.0219994 -0.0184517
      vertex -0.0470428 -0.0279999 -0.0183096
      vertex -0.0470428 -0.0219994 -0.0183096
    endloop
  endfacet
  facet normal -0.289798 0 0.957088
    outer loop
      vertex -0.0470428 -0.0279999 -0.0183096
      vertex -0.0475121 -0.0219994 -0.0184517
      vertex -0.0475121 -0.0279999 -0.0184517
    endloop
  endfacet
  facet normal -0.472652 0 0.881249
    outer loop
      vertex -0.0470428 -0.0219994 -0.0183096
      vertex -0.0466108 -0.0279999 -0.0180779
      vertex -0.0466108 -0.0219994 -0.0180779
    endloop
  endfacet
  facet normal -0.472652 0 0.881249
    outer loop
      vertex -0.0466108 -0.0279999 -0.0180779
      vertex -0.0470428 -0.0219994 -0.0183096
      vertex -0.0470428 -0.0279999 -0.0183096
    endloop
  endfacet
  facet normal -0.772819 0 -0.634626
    outer loop
      vertex -0.0459213 -0.0279999 -0.0146103
      vertex -0.0462322 -0.0219994 -0.0142317
      vertex -0.0459213 -0.0219994 -0.0146103
    endloop
  endfacet
  facet normal -0.772819 -0 -0.634626
    outer loop
      vertex -0.0462322 -0.0219994 -0.0142317
      vertex -0.0459213 -0.0279999 -0.0146103
      vertex -0.0462322 -0.0279999 -0.0142317
    endloop
  endfacet
  facet normal -0.634626 0 -0.772819
    outer loop
      vertex -0.0466108 -0.0279999 -0.0139208
      vertex -0.0462322 -0.0219994 -0.0142317
      vertex -0.0462322 -0.0279999 -0.0142317
    endloop
  endfacet
  facet normal -0.634626 0 -0.772819
    outer loop
      vertex -0.0462322 -0.0219994 -0.0142317
      vertex -0.0466108 -0.0279999 -0.0139208
      vertex -0.0466108 -0.0219994 -0.0139208
    endloop
  endfacet
  facet normal -0.289798 0 -0.957088
    outer loop
      vertex -0.0475121 -0.0279999 -0.0135479
      vertex -0.0470428 -0.0219994 -0.01369
      vertex -0.0470428 -0.0279999 -0.01369
    endloop
  endfacet
  facet normal -0.289798 0 -0.957088
    outer loop
      vertex -0.0470428 -0.0219994 -0.01369
      vertex -0.0475121 -0.0279999 -0.0135479
      vertex -0.0475121 -0.0219994 -0.0135479
    endloop
  endfacet
  facet normal 0.956899 0 -0.290421
    outer loop
      vertex -0.0503092 -0.0279999 -0.0150433
      vertex -0.0504513 -0.0219994 -0.0155115
      vertex -0.0503092 -0.0219994 -0.0150433
    endloop
  endfacet
  facet normal 0.956899 0 -0.290421
    outer loop
      vertex -0.0504513 -0.0219994 -0.0155115
      vertex -0.0503092 -0.0279999 -0.0150433
      vertex -0.0504513 -0.0279999 -0.0155115
    endloop
  endfacet
  facet normal 0.470377 0 -0.882466
    outer loop
      vertex -0.0493889 -0.0279999 -0.0139208
      vertex -0.0489559 -0.0219994 -0.01369
      vertex -0.0489559 -0.0279999 -0.01369
    endloop
  endfacet
  facet normal 0.470377 0 -0.882466
    outer loop
      vertex -0.0489559 -0.0219994 -0.01369
      vertex -0.0493889 -0.0279999 -0.0139208
      vertex -0.0493889 -0.0219994 -0.0139208
    endloop
  endfacet
  facet normal 0.634626 0 -0.772819
    outer loop
      vertex -0.0497675 -0.0279999 -0.0142317
      vertex -0.0493889 -0.0219994 -0.0139208
      vertex -0.0493889 -0.0279999 -0.0139208
    endloop
  endfacet
  facet normal 0.634626 0 -0.772819
    outer loop
      vertex -0.0493889 -0.0219994 -0.0139208
      vertex -0.0497675 -0.0279999 -0.0142317
      vertex -0.0497675 -0.0219994 -0.0142317
    endloop
  endfacet
  facet normal -0.634626 0 0.772819
    outer loop
      vertex -0.0466108 -0.0219994 -0.0180779
      vertex -0.0462322 -0.0279999 -0.017767
      vertex -0.0462322 -0.0219994 -0.017767
    endloop
  endfacet
  facet normal -0.634626 0 0.772819
    outer loop
      vertex -0.0462322 -0.0279999 -0.017767
      vertex -0.0466108 -0.0219994 -0.0180779
      vertex -0.0466108 -0.0279999 -0.0180779
    endloop
  endfacet
  facet normal -0.957071 0 0.289855
    outer loop
      vertex -0.0456896 -0.0279999 -0.0169563
      vertex -0.0455475 -0.0219994 -0.0164871
      vertex -0.0456896 -0.0219994 -0.0169563
    endloop
  endfacet
  facet normal -0.957071 0 0.289855
    outer loop
      vertex -0.0455475 -0.0219994 -0.0164871
      vertex -0.0456896 -0.0279999 -0.0169563
      vertex -0.0455475 -0.0279999 -0.0164871
    endloop
  endfacet
  facet normal -0.995243 0 0.0974207
    outer loop
      vertex -0.0455475 -0.0279999 -0.0164871
      vertex -0.0454998 -0.0219994 -0.0159998
      vertex -0.0455475 -0.0219994 -0.0164871
    endloop
  endfacet
  facet normal -0.995243 0 0.0974207
    outer loop
      vertex -0.0454998 -0.0219994 -0.0159998
      vertex -0.0455475 -0.0279999 -0.0164871
      vertex -0.0454998 -0.0279999 -0.0159998
    endloop
  endfacet
  facet normal 0.634626 0 0.772819
    outer loop
      vertex -0.0497675 -0.0219994 -0.017767
      vertex -0.0493889 -0.0279999 -0.0180779
      vertex -0.0493889 -0.0219994 -0.0180779
    endloop
  endfacet
  facet normal 0.634626 0 0.772819
    outer loop
      vertex -0.0493889 -0.0279999 -0.0180779
      vertex -0.0497675 -0.0219994 -0.017767
      vertex -0.0497675 -0.0279999 -0.017767
    endloop
  endfacet
  facet normal 0.995063 -0 0.0992409
    outer loop
      vertex -0.0504999 -0.0279999 -0.0159998
      vertex -0.0504513 -0.0219994 -0.0164871
      vertex -0.0504999 -0.0219994 -0.0159998
    endloop
  endfacet
  facet normal 0.995063 0 0.0992409
    outer loop
      vertex -0.0504513 -0.0219994 -0.0164871
      vertex -0.0504999 -0.0279999 -0.0159998
      vertex -0.0504513 -0.0279999 -0.0164871
    endloop
  endfacet
  facet normal -0.0974207 0 0.995243
    outer loop
      vertex -0.0479994 -0.0219994 -0.0184994
      vertex -0.0475121 -0.0279999 -0.0184517
      vertex -0.0475121 -0.0219994 -0.0184517
    endloop
  endfacet
  facet normal -0.0974207 0 0.995243
    outer loop
      vertex -0.0475121 -0.0279999 -0.0184517
      vertex -0.0479994 -0.0219994 -0.0184994
      vertex -0.0479994 -0.0279999 -0.0184994
    endloop
  endfacet
  facet normal -0.772901 0 0.634526
    outer loop
      vertex -0.0462322 -0.0279999 -0.017767
      vertex -0.0459213 -0.0219994 -0.0173883
      vertex -0.0462322 -0.0219994 -0.017767
    endloop
  endfacet
  facet normal -0.772901 0 0.634526
    outer loop
      vertex -0.0459213 -0.0219994 -0.0173883
      vertex -0.0462322 -0.0279999 -0.017767
      vertex -0.0459213 -0.0279999 -0.0173883
    endloop
  endfacet
  facet normal 0.882014 -0 0.471224
    outer loop
      vertex -0.0503092 -0.0279999 -0.0169563
      vertex -0.0500784 -0.0219994 -0.0173883
      vertex -0.0503092 -0.0219994 -0.0169563
    endloop
  endfacet
  facet normal 0.882014 0 0.471224
    outer loop
      vertex -0.0500784 -0.0219994 -0.0173883
      vertex -0.0503092 -0.0279999 -0.0169563
      vertex -0.0500784 -0.0279999 -0.0173883
    endloop
  endfacet
  facet normal 0.772901 -0 0.634526
    outer loop
      vertex -0.0500784 -0.0279999 -0.0173883
      vertex -0.0497675 -0.0219994 -0.017767
      vertex -0.0500784 -0.0219994 -0.0173883
    endloop
  endfacet
  facet normal 0.772901 0 0.634526
    outer loop
      vertex -0.0497675 -0.0219994 -0.017767
      vertex -0.0500784 -0.0279999 -0.0173883
      vertex -0.0497675 -0.0279999 -0.017767
    endloop
  endfacet
  facet normal 0.957071 -0 0.289855
    outer loop
      vertex -0.0504513 -0.0279999 -0.0164871
      vertex -0.0503092 -0.0219994 -0.0169563
      vertex -0.0504513 -0.0219994 -0.0164871
    endloop
  endfacet
  facet normal 0.957071 0 0.289855
    outer loop
      vertex -0.0503092 -0.0219994 -0.0169563
      vertex -0.0504513 -0.0279999 -0.0164871
      vertex -0.0503092 -0.0279999 -0.0169563
    endloop
  endfacet
  facet normal 0.471803 0 0.881704
    outer loop
      vertex -0.0493889 -0.0219994 -0.0180779
      vertex -0.0489559 -0.0279999 -0.0183096
      vertex -0.0489559 -0.0219994 -0.0183096
    endloop
  endfacet
  facet normal 0.471803 0 0.881704
    outer loop
      vertex -0.0489559 -0.0279999 -0.0183096
      vertex -0.0493889 -0.0219994 -0.0180779
      vertex -0.0493889 -0.0279999 -0.0180779
    endloop
  endfacet
  facet normal 0.290421 0 0.956899
    outer loop
      vertex -0.0489559 -0.0219994 -0.0183096
      vertex -0.0484877 -0.0279999 -0.0184517
      vertex -0.0484877 -0.0219994 -0.0184517
    endloop
  endfacet
  facet normal 0.290421 0 0.956899
    outer loop
      vertex -0.0484877 -0.0279999 -0.0184517
      vertex -0.0489559 -0.0219994 -0.0183096
      vertex -0.0489559 -0.0279999 -0.0183096
    endloop
  endfacet
  facet normal 0.0972231 0 0.995263
    outer loop
      vertex -0.0484877 -0.0219994 -0.0184517
      vertex -0.0479994 -0.0279999 -0.0184994
      vertex -0.0479994 -0.0219994 -0.0184994
    endloop
  endfacet
  facet normal 0.0972231 0 0.995263
    outer loop
      vertex -0.0479994 -0.0279999 -0.0184994
      vertex -0.0484877 -0.0219994 -0.0184517
      vertex -0.0484877 -0.0279999 -0.0184517
    endloop
  endfacet
  facet normal -0.995267 0 -0.0971827
    outer loop
      vertex 0.00249958 -0.0279999 -0.0159998
      vertex 0.0024519 -0.0219994 -0.0155115
      vertex 0.00249958 -0.0219994 -0.0159998
    endloop
  endfacet
  facet normal -0.995267 -0 -0.0971827
    outer loop
      vertex 0.0024519 -0.0219994 -0.0155115
      vertex 0.00249958 -0.0279999 -0.0159998
      vertex 0.0024519 -0.0279999 -0.0155115
    endloop
  endfacet
  facet normal -0.882474 0 -0.470361
    outer loop
      vertex 0.00230885 -0.0279999 -0.0150433
      vertex 0.00207806 -0.0219994 -0.0146103
      vertex 0.00230885 -0.0219994 -0.0150433
    endloop
  endfacet
  facet normal -0.882474 -0 -0.470361
    outer loop
      vertex 0.00207806 -0.0219994 -0.0146103
      vertex 0.00230885 -0.0279999 -0.0150433
      vertex 0.00207806 -0.0279999 -0.0146103
    endloop
  endfacet
  facet normal 0.289851 0 -0.957072
    outer loop
      vertex -0.000956535 -0.0279999 -0.01369
      vertex -0.000487328 -0.0219994 -0.0135479
      vertex -0.000487328 -0.0279999 -0.0135479
    endloop
  endfacet
  facet normal 0.289851 0 -0.957072
    outer loop
      vertex -0.000487328 -0.0219994 -0.0135479
      vertex -0.000956535 -0.0279999 -0.01369
      vertex -0.000956535 -0.0219994 -0.01369
    endloop
  endfacet
  facet normal 0.882474 0 -0.470361
    outer loop
      vertex -0.00207806 -0.0279999 -0.0146103
      vertex -0.00230885 -0.0219994 -0.0150433
      vertex -0.00207806 -0.0219994 -0.0146103
    endloop
  endfacet
  facet normal 0.882474 0 -0.470361
    outer loop
      vertex -0.00230885 -0.0219994 -0.0150433
      vertex -0.00207806 -0.0279999 -0.0146103
      vertex -0.00230885 -0.0279999 -0.0150433
    endloop
  endfacet
  facet normal -0.995247 0 0.0973802
    outer loop
      vertex 0.0024519 -0.0279999 -0.0164871
      vertex 0.00249958 -0.0219994 -0.0159998
      vertex 0.0024519 -0.0219994 -0.0164871
    endloop
  endfacet
  facet normal -0.995247 0 0.0973802
    outer loop
      vertex 0.00249958 -0.0219994 -0.0159998
      vertex 0.0024519 -0.0279999 -0.0164871
      vertex 0.00249958 -0.0279999 -0.0159998
    endloop
  endfacet
  facet normal -0.472639 0 0.881256
    outer loop
      vertex 0.000956535 -0.0219994 -0.0183096
      vertex 0.00138855 -0.0279999 -0.0180779
      vertex 0.00138855 -0.0219994 -0.0180779
    endloop
  endfacet
  facet normal -0.472639 0 0.881256
    outer loop
      vertex 0.00138855 -0.0279999 -0.0180779
      vertex 0.000956535 -0.0219994 -0.0183096
      vertex 0.000956535 -0.0279999 -0.0183096
    endloop
  endfacet
  facet normal -0.634616 0 -0.772827
    outer loop
      vertex 0.00138855 -0.0279999 -0.0139208
      vertex 0.00176716 -0.0219994 -0.0142317
      vertex 0.00176716 -0.0279999 -0.0142317
    endloop
  endfacet
  facet normal -0.634616 0 -0.772827
    outer loop
      vertex 0.00176716 -0.0219994 -0.0142317
      vertex 0.00138855 -0.0279999 -0.0139208
      vertex 0.00138855 -0.0219994 -0.0139208
    endloop
  endfacet
  facet normal -0.772819 0 -0.634626
    outer loop
      vertex 0.00207806 -0.0279999 -0.0146103
      vertex 0.00176716 -0.0219994 -0.0142317
      vertex 0.00207806 -0.0219994 -0.0146103
    endloop
  endfacet
  facet normal -0.772819 -0 -0.634626
    outer loop
      vertex 0.00176716 -0.0219994 -0.0142317
      vertex 0.00207806 -0.0279999 -0.0146103
      vertex 0.00176716 -0.0279999 -0.0142317
    endloop
  endfacet
  facet normal -0.0992352 0 -0.995064
    outer loop
      vertex 0 -0.0279999 -0.0134993
      vertex 0.000487328 -0.0219994 -0.0135479
      vertex 0.000487328 -0.0279999 -0.0135479
    endloop
  endfacet
  facet normal -0.0992352 0 -0.995064
    outer loop
      vertex 0.000487328 -0.0219994 -0.0135479
      vertex 0 -0.0279999 -0.0134993
      vertex 0 -0.0219994 -0.0134993
    endloop
  endfacet
  facet normal -0.471211 0 -0.88202
    outer loop
      vertex 0.000956535 -0.0279999 -0.01369
      vertex 0.00138855 -0.0219994 -0.0139208
      vertex 0.00138855 -0.0279999 -0.0139208
    endloop
  endfacet
  facet normal -0.471211 0 -0.88202
    outer loop
      vertex 0.00138855 -0.0219994 -0.0139208
      vertex 0.000956535 -0.0279999 -0.01369
      vertex 0.000956535 -0.0219994 -0.01369
    endloop
  endfacet
  facet normal 0.995267 0 -0.0971827
    outer loop
      vertex -0.0024519 -0.0279999 -0.0155115
      vertex -0.00249958 -0.0219994 -0.0159998
      vertex -0.0024519 -0.0219994 -0.0155115
    endloop
  endfacet
  facet normal 0.995267 0 -0.0971827
    outer loop
      vertex -0.00249958 -0.0219994 -0.0159998
      vertex -0.0024519 -0.0279999 -0.0155115
      vertex -0.00249958 -0.0279999 -0.0159998
    endloop
  endfacet
  facet normal 0.772819 0 -0.634626
    outer loop
      vertex -0.00176716 -0.0279999 -0.0142317
      vertex -0.00207806 -0.0219994 -0.0146103
      vertex -0.00176716 -0.0219994 -0.0142317
    endloop
  endfacet
  facet normal 0.772819 0 -0.634626
    outer loop
      vertex -0.00207806 -0.0219994 -0.0146103
      vertex -0.00176716 -0.0279999 -0.0142317
      vertex -0.00207806 -0.0279999 -0.0146103
    endloop
  endfacet
  facet normal 0.634616 0 0.772827
    outer loop
      vertex -0.00176716 -0.0219994 -0.017767
      vertex -0.00138855 -0.0279999 -0.0180779
      vertex -0.00138855 -0.0219994 -0.0180779
    endloop
  endfacet
  facet normal 0.634616 0 0.772827
    outer loop
      vertex -0.00138855 -0.0279999 -0.0180779
      vertex -0.00176716 -0.0219994 -0.017767
      vertex -0.00176716 -0.0279999 -0.017767
    endloop
  endfacet
  facet normal 0.956532 -0 0.291628
    outer loop
      vertex -0.0024519 -0.0279999 -0.0164871
      vertex -0.00230885 -0.0219994 -0.0169563
      vertex -0.0024519 -0.0219994 -0.0164871
    endloop
  endfacet
  facet normal 0.956532 0 0.291628
    outer loop
      vertex -0.00230885 -0.0219994 -0.0169563
      vertex -0.0024519 -0.0279999 -0.0164871
      vertex -0.00230885 -0.0279999 -0.0169563
    endloop
  endfacet
  facet normal -0.956358 0 -0.292198
    outer loop
      vertex 0.0024519 -0.0279999 -0.0155115
      vertex 0.00230885 -0.0219994 -0.0150433
      vertex 0.0024519 -0.0219994 -0.0155115
    endloop
  endfacet
  facet normal -0.956358 -0 -0.292198
    outer loop
      vertex 0.00230885 -0.0219994 -0.0150433
      vertex 0.0024519 -0.0279999 -0.0155115
      vertex 0.00230885 -0.0279999 -0.0150433
    endloop
  endfacet
  facet normal -0.289851 0 -0.957072
    outer loop
      vertex 0.000487328 -0.0279999 -0.0135479
      vertex 0.000956535 -0.0219994 -0.01369
      vertex 0.000956535 -0.0279999 -0.01369
    endloop
  endfacet
  facet normal -0.289851 0 -0.957072
    outer loop
      vertex 0.000956535 -0.0219994 -0.01369
      vertex 0.000487328 -0.0279999 -0.0135479
      vertex 0.000487328 -0.0219994 -0.0135479
    endloop
  endfacet
  facet normal 0.956358 0 -0.292198
    outer loop
      vertex -0.00230885 -0.0279999 -0.0150433
      vertex -0.0024519 -0.0219994 -0.0155115
      vertex -0.00230885 -0.0219994 -0.0150433
    endloop
  endfacet
  facet normal 0.956358 0 -0.292198
    outer loop
      vertex -0.0024519 -0.0219994 -0.0155115
      vertex -0.00230885 -0.0279999 -0.0150433
      vertex -0.0024519 -0.0279999 -0.0155115
    endloop
  endfacet
  facet normal 0.0992352 0 -0.995064
    outer loop
      vertex -0.000487328 -0.0279999 -0.0135479
      vertex 0 -0.0219994 -0.0134993
      vertex 0 -0.0279999 -0.0134993
    endloop
  endfacet
  facet normal 0.0992352 0 -0.995064
    outer loop
      vertex 0 -0.0219994 -0.0134993
      vertex -0.000487328 -0.0279999 -0.0135479
      vertex -0.000487328 -0.0219994 -0.0135479
    endloop
  endfacet
  facet normal 0.471211 0 -0.88202
    outer loop
      vertex -0.00138855 -0.0279999 -0.0139208
      vertex -0.000956535 -0.0219994 -0.01369
      vertex -0.000956535 -0.0279999 -0.01369
    endloop
  endfacet
  facet normal 0.471211 0 -0.88202
    outer loop
      vertex -0.000956535 -0.0219994 -0.01369
      vertex -0.00138855 -0.0279999 -0.0139208
      vertex -0.00138855 -0.0219994 -0.0139208
    endloop
  endfacet
  facet normal 0.634616 0 -0.772827
    outer loop
      vertex -0.00176716 -0.0279999 -0.0142317
      vertex -0.00138855 -0.0219994 -0.0139208
      vertex -0.00138855 -0.0279999 -0.0139208
    endloop
  endfacet
  facet normal 0.634616 0 -0.772827
    outer loop
      vertex -0.00138855 -0.0219994 -0.0139208
      vertex -0.00176716 -0.0279999 -0.0142317
      vertex -0.00176716 -0.0219994 -0.0142317
    endloop
  endfacet
  facet normal 0.995247 -0 0.0973802
    outer loop
      vertex -0.00249958 -0.0279999 -0.0159998
      vertex -0.0024519 -0.0219994 -0.0164871
      vertex -0.00249958 -0.0219994 -0.0159998
    endloop
  endfacet
  facet normal 0.995247 0 0.0973802
    outer loop
      vertex -0.0024519 -0.0219994 -0.0164871
      vertex -0.00249958 -0.0279999 -0.0159998
      vertex -0.0024519 -0.0279999 -0.0164871
    endloop
  endfacet
  facet normal -0.0974152 0 0.995244
    outer loop
      vertex 0 -0.0219994 -0.0184994
      vertex 0.000487328 -0.0279999 -0.0184517
      vertex 0.000487328 -0.0219994 -0.0184517
    endloop
  endfacet
  facet normal -0.0974152 0 0.995244
    outer loop
      vertex 0.000487328 -0.0279999 -0.0184517
      vertex 0 -0.0219994 -0.0184994
      vertex 0 -0.0279999 -0.0184994
    endloop
  endfacet
  facet normal -0.289851 0 0.957072
    outer loop
      vertex 0.000487328 -0.0219994 -0.0184517
      vertex 0.000956535 -0.0279999 -0.0183096
      vertex 0.000956535 -0.0219994 -0.0183096
    endloop
  endfacet
  facet normal -0.289851 0 0.957072
    outer loop
      vertex 0.000956535 -0.0279999 -0.0183096
      vertex 0.000487328 -0.0219994 -0.0184517
      vertex 0.000487328 -0.0279999 -0.0184517
    endloop
  endfacet
  facet normal -0.634616 0 0.772827
    outer loop
      vertex 0.00138855 -0.0219994 -0.0180779
      vertex 0.00176716 -0.0279999 -0.017767
      vertex 0.00176716 -0.0219994 -0.017767
    endloop
  endfacet
  facet normal -0.634616 0 0.772827
    outer loop
      vertex 0.00176716 -0.0279999 -0.017767
      vertex 0.00138855 -0.0219994 -0.0180779
      vertex 0.00138855 -0.0279999 -0.0180779
    endloop
  endfacet
  facet normal -0.882022 0 0.471208
    outer loop
      vertex 0.00207806 -0.0279999 -0.0173883
      vertex 0.00230885 -0.0219994 -0.0169563
      vertex 0.00207806 -0.0219994 -0.0173883
    endloop
  endfacet
  facet normal -0.882022 0 0.471208
    outer loop
      vertex 0.00230885 -0.0219994 -0.0169563
      vertex 0.00207806 -0.0279999 -0.0173883
      vertex 0.00230885 -0.0279999 -0.0169563
    endloop
  endfacet
  facet normal -0.956532 0 0.291628
    outer loop
      vertex 0.00230885 -0.0279999 -0.0169563
      vertex 0.0024519 -0.0219994 -0.0164871
      vertex 0.00230885 -0.0219994 -0.0169563
    endloop
  endfacet
  facet normal -0.956532 0 0.291628
    outer loop
      vertex 0.0024519 -0.0219994 -0.0164871
      vertex 0.00230885 -0.0279999 -0.0169563
      vertex 0.0024519 -0.0279999 -0.0164871
    endloop
  endfacet
  facet normal 0.882022 -0 0.471208
    outer loop
      vertex -0.00230885 -0.0279999 -0.0169563
      vertex -0.00207806 -0.0219994 -0.0173883
      vertex -0.00230885 -0.0219994 -0.0169563
    endloop
  endfacet
  facet normal 0.882022 0 0.471208
    outer loop
      vertex -0.00207806 -0.0219994 -0.0173883
      vertex -0.00230885 -0.0279999 -0.0169563
      vertex -0.00207806 -0.0279999 -0.0173883
    endloop
  endfacet
  facet normal 0.772901 -0 0.634526
    outer loop
      vertex -0.00207806 -0.0279999 -0.0173883
      vertex -0.00176716 -0.0219994 -0.017767
      vertex -0.00207806 -0.0219994 -0.0173883
    endloop
  endfacet
  facet normal 0.772901 0 0.634526
    outer loop
      vertex -0.00176716 -0.0219994 -0.017767
      vertex -0.00207806 -0.0279999 -0.0173883
      vertex -0.00176716 -0.0279999 -0.017767
    endloop
  endfacet
  facet normal -0.772901 0 0.634526
    outer loop
      vertex 0.00176716 -0.0279999 -0.017767
      vertex 0.00207806 -0.0219994 -0.0173883
      vertex 0.00176716 -0.0219994 -0.017767
    endloop
  endfacet
  facet normal -0.772901 0 0.634526
    outer loop
      vertex 0.00207806 -0.0219994 -0.0173883
      vertex 0.00176716 -0.0279999 -0.017767
      vertex 0.00207806 -0.0279999 -0.0173883
    endloop
  endfacet
  facet normal 0.472639 0 0.881256
    outer loop
      vertex -0.00138855 -0.0219994 -0.0180779
      vertex -0.000956535 -0.0279999 -0.0183096
      vertex -0.000956535 -0.0219994 -0.0183096
    endloop
  endfacet
  facet normal 0.472639 0 0.881256
    outer loop
      vertex -0.000956535 -0.0279999 -0.0183096
      vertex -0.00138855 -0.0219994 -0.0180779
      vertex -0.00138855 -0.0279999 -0.0180779
    endloop
  endfacet
  facet normal 0.289851 0 0.957072
    outer loop
      vertex -0.000956535 -0.0219994 -0.0183096
      vertex -0.000487328 -0.0279999 -0.0184517
      vertex -0.000487328 -0.0219994 -0.0184517
    endloop
  endfacet
  facet normal 0.289851 0 0.957072
    outer loop
      vertex -0.000487328 -0.0279999 -0.0184517
      vertex -0.000956535 -0.0219994 -0.0183096
      vertex -0.000956535 -0.0279999 -0.0183096
    endloop
  endfacet
  facet normal 0.0974152 0 0.995244
    outer loop
      vertex -0.000487328 -0.0219994 -0.0184517
      vertex 0 -0.0279999 -0.0184994
      vertex 0 -0.0219994 -0.0184994
    endloop
  endfacet
  facet normal 0.0974152 0 0.995244
    outer loop
      vertex 0 -0.0279999 -0.0184994
      vertex -0.000487328 -0.0219994 -0.0184517
      vertex -0.000487328 -0.0279999 -0.0184517
    endloop
  endfacet
  facet normal -0.995083 0 -0.0990396
    outer loop
      vertex 0.0504999 -0.0279999 -0.0159998
      vertex 0.0504513 -0.0219994 -0.0155115
      vertex 0.0504999 -0.0219994 -0.0159998
    endloop
  endfacet
  facet normal -0.995083 -0 -0.0990396
    outer loop
      vertex 0.0504513 -0.0219994 -0.0155115
      vertex 0.0504999 -0.0279999 -0.0159998
      vertex 0.0504513 -0.0279999 -0.0155115
    endloop
  endfacet
  facet normal -0.956899 0 -0.290421
    outer loop
      vertex 0.0504513 -0.0279999 -0.0155115
      vertex 0.0503092 -0.0219994 -0.0150433
      vertex 0.0504513 -0.0219994 -0.0155115
    endloop
  endfacet
  facet normal -0.956899 -0 -0.290421
    outer loop
      vertex 0.0503092 -0.0219994 -0.0150433
      vertex 0.0504513 -0.0279999 -0.0155115
      vertex 0.0503092 -0.0279999 -0.0150433
    endloop
  endfacet
  facet normal 0.0992409 0 -0.995063
    outer loop
      vertex 0.0475121 -0.0279999 -0.0135479
      vertex 0.0479994 -0.0219994 -0.0134993
      vertex 0.0479994 -0.0279999 -0.0134993
    endloop
  endfacet
  facet normal 0.0992409 0 -0.995063
    outer loop
      vertex 0.0479994 -0.0219994 -0.0134993
      vertex 0.0475121 -0.0279999 -0.0135479
      vertex 0.0475121 -0.0219994 -0.0135479
    endloop
  endfacet
  facet normal -0.634626 0 -0.772819
    outer loop
      vertex 0.0493889 -0.0279999 -0.0139208
      vertex 0.0497675 -0.0219994 -0.0142317
      vertex 0.0497675 -0.0279999 -0.0142317
    endloop
  endfacet
  facet normal -0.634626 0 -0.772819
    outer loop
      vertex 0.0497675 -0.0219994 -0.0142317
      vertex 0.0493889 -0.0279999 -0.0139208
      vertex 0.0493889 -0.0219994 -0.0139208
    endloop
  endfacet
  facet normal 0.471224 0 -0.882014
    outer loop
      vertex 0.0466108 -0.0279999 -0.0139208
      vertex 0.0470428 -0.0219994 -0.01369
      vertex 0.0470428 -0.0279999 -0.01369
    endloop
  endfacet
  facet normal 0.471224 0 -0.882014
    outer loop
      vertex 0.0470428 -0.0219994 -0.01369
      vertex 0.0466108 -0.0279999 -0.0139208
      vertex 0.0466108 -0.0219994 -0.0139208
    endloop
  endfacet
  facet normal -0.290421 0 0.956899
    outer loop
      vertex 0.0484877 -0.0219994 -0.0184517
      vertex 0.0489559 -0.0279999 -0.0183096
      vertex 0.0489559 -0.0219994 -0.0183096
    endloop
  endfacet
  facet normal -0.290421 0 0.956899
    outer loop
      vertex 0.0489559 -0.0279999 -0.0183096
      vertex 0.0484877 -0.0219994 -0.0184517
      vertex 0.0484877 -0.0279999 -0.0184517
    endloop
  endfacet
  facet normal -0.882014 0 0.471224
    outer loop
      vertex 0.0500784 -0.0279999 -0.0173883
      vertex 0.0503092 -0.0219994 -0.0169563
      vertex 0.0500784 -0.0219994 -0.0173883
    endloop
  endfacet
  facet normal -0.882014 0 0.471224
    outer loop
      vertex 0.0503092 -0.0219994 -0.0169563
      vertex 0.0500784 -0.0279999 -0.0173883
      vertex 0.0503092 -0.0279999 -0.0169563
    endloop
  endfacet
  facet normal 0.634626 0 0.772819
    outer loop
      vertex 0.0462322 -0.0219994 -0.017767
      vertex 0.0466108 -0.0279999 -0.0180779
      vertex 0.0466108 -0.0219994 -0.0180779
    endloop
  endfacet
  facet normal 0.634626 0 0.772819
    outer loop
      vertex 0.0466108 -0.0279999 -0.0180779
      vertex 0.0462322 -0.0219994 -0.017767
      vertex 0.0462322 -0.0279999 -0.017767
    endloop
  endfacet
  facet normal -0.882466 0 -0.470377
    outer loop
      vertex 0.0503092 -0.0279999 -0.0150433
      vertex 0.0500784 -0.0219994 -0.0146103
      vertex 0.0503092 -0.0219994 -0.0150433
    endloop
  endfacet
  facet normal -0.882466 -0 -0.470377
    outer loop
      vertex 0.0500784 -0.0219994 -0.0146103
      vertex 0.0503092 -0.0279999 -0.0150433
      vertex 0.0500784 -0.0279999 -0.0146103
    endloop
  endfacet
  facet normal -0.290421 0 -0.956899
    outer loop
      vertex 0.0484877 -0.0279999 -0.0135479
      vertex 0.0489559 -0.0219994 -0.01369
      vertex 0.0489559 -0.0279999 -0.01369
    endloop
  endfacet
  facet normal -0.290421 0 -0.956899
    outer loop
      vertex 0.0489559 -0.0219994 -0.01369
      vertex 0.0484877 -0.0279999 -0.0135479
      vertex 0.0484877 -0.0219994 -0.0135479
    endloop
  endfacet
  facet normal -0.470377 0 -0.882466
    outer loop
      vertex 0.0489559 -0.0279999 -0.01369
      vertex 0.0493889 -0.0219994 -0.0139208
      vertex 0.0493889 -0.0279999 -0.0139208
    endloop
  endfacet
  facet normal -0.470377 0 -0.882466
    outer loop
      vertex 0.0493889 -0.0219994 -0.0139208
      vertex 0.0489559 -0.0279999 -0.01369
      vertex 0.0489559 -0.0219994 -0.01369
    endloop
  endfacet
  facet normal 0.956899 0 -0.290421
    outer loop
      vertex 0.0456896 -0.0279999 -0.0150433
      vertex 0.0455475 -0.0219994 -0.0155115
      vertex 0.0456896 -0.0219994 -0.0150433
    endloop
  endfacet
  facet normal 0.956899 0 -0.290421
    outer loop
      vertex 0.0455475 -0.0219994 -0.0155115
      vertex 0.0456896 -0.0279999 -0.0150433
      vertex 0.0455475 -0.0279999 -0.0155115
    endloop
  endfacet
  facet normal 0.881704 0 -0.471803
    outer loop
      vertex 0.0459213 -0.0279999 -0.0146103
      vertex 0.0456896 -0.0219994 -0.0150433
      vertex 0.0459213 -0.0219994 -0.0146103
    endloop
  endfacet
  facet normal 0.881704 0 -0.471803
    outer loop
      vertex 0.0456896 -0.0219994 -0.0150433
      vertex 0.0459213 -0.0279999 -0.0146103
      vertex 0.0456896 -0.0279999 -0.0150433
    endloop
  endfacet
  facet normal 0.289798 0 -0.957088
    outer loop
      vertex 0.0470428 -0.0279999 -0.01369
      vertex 0.0475121 -0.0219994 -0.0135479
      vertex 0.0475121 -0.0279999 -0.0135479
    endloop
  endfacet
  facet normal 0.289798 0 -0.957088
    outer loop
      vertex 0.0475121 -0.0219994 -0.0135479
      vertex 0.0470428 -0.0279999 -0.01369
      vertex 0.0470428 -0.0219994 -0.01369
    endloop
  endfacet
  facet normal 0.0974207 0 0.995243
    outer loop
      vertex 0.0475121 -0.0219994 -0.0184517
      vertex 0.0479994 -0.0279999 -0.0184994
      vertex 0.0479994 -0.0219994 -0.0184994
    endloop
  endfacet
  facet normal 0.0974207 0 0.995243
    outer loop
      vertex 0.0479994 -0.0279999 -0.0184994
      vertex 0.0475121 -0.0219994 -0.0184517
      vertex 0.0475121 -0.0279999 -0.0184517
    endloop
  endfacet
  facet normal -0.772819 0 -0.634626
    outer loop
      vertex 0.0500784 -0.0279999 -0.0146103
      vertex 0.0497675 -0.0219994 -0.0142317
      vertex 0.0500784 -0.0219994 -0.0146103
    endloop
  endfacet
  facet normal -0.772819 -0 -0.634626
    outer loop
      vertex 0.0497675 -0.0219994 -0.0142317
      vertex 0.0500784 -0.0279999 -0.0146103
      vertex 0.0497675 -0.0279999 -0.0142317
    endloop
  endfacet
  facet normal -0.0990396 0 -0.995083
    outer loop
      vertex 0.0479994 -0.0279999 -0.0134993
      vertex 0.0484877 -0.0219994 -0.0135479
      vertex 0.0484877 -0.0279999 -0.0135479
    endloop
  endfacet
  facet normal -0.0990396 0 -0.995083
    outer loop
      vertex 0.0484877 -0.0219994 -0.0135479
      vertex 0.0479994 -0.0279999 -0.0134993
      vertex 0.0479994 -0.0219994 -0.0134993
    endloop
  endfacet
  facet normal 0.995263 0 -0.0972231
    outer loop
      vertex 0.0455475 -0.0279999 -0.0155115
      vertex 0.0454998 -0.0219994 -0.0159998
      vertex 0.0455475 -0.0219994 -0.0155115
    endloop
  endfacet
  facet normal 0.995263 0 -0.0972231
    outer loop
      vertex 0.0454998 -0.0219994 -0.0159998
      vertex 0.0455475 -0.0279999 -0.0155115
      vertex 0.0454998 -0.0279999 -0.0159998
    endloop
  endfacet
  facet normal 0.995243 -0 0.0974207
    outer loop
      vertex 0.0454998 -0.0279999 -0.0159998
      vertex 0.0455475 -0.0219994 -0.0164871
      vertex 0.0454998 -0.0219994 -0.0159998
    endloop
  endfacet
  facet normal 0.995243 0 0.0974207
    outer loop
      vertex 0.0455475 -0.0219994 -0.0164871
      vertex 0.0454998 -0.0279999 -0.0159998
      vertex 0.0455475 -0.0279999 -0.0164871
    endloop
  endfacet
  facet normal 0.634626 0 -0.772819
    outer loop
      vertex 0.0462322 -0.0279999 -0.0142317
      vertex 0.0466108 -0.0219994 -0.0139208
      vertex 0.0466108 -0.0279999 -0.0139208
    endloop
  endfacet
  facet normal 0.634626 0 -0.772819
    outer loop
      vertex 0.0466108 -0.0219994 -0.0139208
      vertex 0.0462322 -0.0279999 -0.0142317
      vertex 0.0462322 -0.0219994 -0.0142317
    endloop
  endfacet
  facet normal 0.772819 0 -0.634626
    outer loop
      vertex 0.0462322 -0.0279999 -0.0142317
      vertex 0.0459213 -0.0219994 -0.0146103
      vertex 0.0462322 -0.0219994 -0.0142317
    endloop
  endfacet
  facet normal 0.772819 0 -0.634626
    outer loop
      vertex 0.0459213 -0.0219994 -0.0146103
      vertex 0.0462322 -0.0279999 -0.0142317
      vertex 0.0459213 -0.0279999 -0.0146103
    endloop
  endfacet
  facet normal -0.471803 0 0.881704
    outer loop
      vertex 0.0489559 -0.0219994 -0.0183096
      vertex 0.0493889 -0.0279999 -0.0180779
      vertex 0.0493889 -0.0219994 -0.0180779
    endloop
  endfacet
  facet normal -0.471803 0 0.881704
    outer loop
      vertex 0.0493889 -0.0279999 -0.0180779
      vertex 0.0489559 -0.0219994 -0.0183096
      vertex 0.0489559 -0.0279999 -0.0183096
    endloop
  endfacet
  facet normal -0.634626 0 0.772819
    outer loop
      vertex 0.0493889 -0.0219994 -0.0180779
      vertex 0.0497675 -0.0279999 -0.017767
      vertex 0.0497675 -0.0219994 -0.017767
    endloop
  endfacet
  facet normal -0.634626 0 0.772819
    outer loop
      vertex 0.0497675 -0.0279999 -0.017767
      vertex 0.0493889 -0.0219994 -0.0180779
      vertex 0.0493889 -0.0279999 -0.0180779
    endloop
  endfacet
  facet normal -0.772901 0 0.634526
    outer loop
      vertex 0.0497675 -0.0279999 -0.017767
      vertex 0.0500784 -0.0219994 -0.0173883
      vertex 0.0497675 -0.0219994 -0.017767
    endloop
  endfacet
  facet normal -0.772901 0 0.634526
    outer loop
      vertex 0.0500784 -0.0219994 -0.0173883
      vertex 0.0497675 -0.0279999 -0.017767
      vertex 0.0500784 -0.0279999 -0.0173883
    endloop
  endfacet
  facet normal -0.957071 0 0.289855
    outer loop
      vertex 0.0503092 -0.0279999 -0.0169563
      vertex 0.0504513 -0.0219994 -0.0164871
      vertex 0.0503092 -0.0219994 -0.0169563
    endloop
  endfacet
  facet normal -0.957071 0 0.289855
    outer loop
      vertex 0.0504513 -0.0219994 -0.0164871
      vertex 0.0503092 -0.0279999 -0.0169563
      vertex 0.0504513 -0.0279999 -0.0164871
    endloop
  endfacet
  facet normal -0.995063 0 0.0992409
    outer loop
      vertex 0.0504513 -0.0279999 -0.0164871
      vertex 0.0504999 -0.0219994 -0.0159998
      vertex 0.0504513 -0.0219994 -0.0164871
    endloop
  endfacet
  facet normal -0.995063 0 0.0992409
    outer loop
      vertex 0.0504999 -0.0219994 -0.0159998
      vertex 0.0504513 -0.0279999 -0.0164871
      vertex 0.0504999 -0.0279999 -0.0159998
    endloop
  endfacet
  facet normal 0.472652 0 0.881249
    outer loop
      vertex 0.0466108 -0.0219994 -0.0180779
      vertex 0.0470428 -0.0279999 -0.0183096
      vertex 0.0470428 -0.0219994 -0.0183096
    endloop
  endfacet
  facet normal 0.472652 0 0.881249
    outer loop
      vertex 0.0470428 -0.0279999 -0.0183096
      vertex 0.0466108 -0.0219994 -0.0180779
      vertex 0.0466108 -0.0279999 -0.0180779
    endloop
  endfacet
  facet normal 0.289798 0 0.957088
    outer loop
      vertex 0.0470428 -0.0219994 -0.0183096
      vertex 0.0475121 -0.0279999 -0.0184517
      vertex 0.0475121 -0.0219994 -0.0184517
    endloop
  endfacet
  facet normal 0.289798 0 0.957088
    outer loop
      vertex 0.0475121 -0.0279999 -0.0184517
      vertex 0.0470428 -0.0219994 -0.0183096
      vertex 0.0470428 -0.0279999 -0.0183096
    endloop
  endfacet
  facet normal -0.0972231 0 0.995263
    outer loop
      vertex 0.0479994 -0.0219994 -0.0184994
      vertex 0.0484877 -0.0279999 -0.0184517
      vertex 0.0484877 -0.0219994 -0.0184517
    endloop
  endfacet
  facet normal -0.0972231 0 0.995263
    outer loop
      vertex 0.0484877 -0.0279999 -0.0184517
      vertex 0.0479994 -0.0219994 -0.0184994
      vertex 0.0479994 -0.0279999 -0.0184994
    endloop
  endfacet
  facet normal 0.772901 -0 0.634526
    outer loop
      vertex 0.0459213 -0.0279999 -0.0173883
      vertex 0.0462322 -0.0219994 -0.017767
      vertex 0.0459213 -0.0219994 -0.0173883
    endloop
  endfacet
  facet normal 0.772901 0 0.634526
    outer loop
      vertex 0.0462322 -0.0219994 -0.017767
      vertex 0.0459213 -0.0279999 -0.0173883
      vertex 0.0462322 -0.0279999 -0.017767
    endloop
  endfacet
  facet normal 0.957071 -0 0.289855
    outer loop
      vertex 0.0455475 -0.0279999 -0.0164871
      vertex 0.0456896 -0.0219994 -0.0169563
      vertex 0.0455475 -0.0219994 -0.0164871
    endloop
  endfacet
  facet normal 0.957071 0 0.289855
    outer loop
      vertex 0.0456896 -0.0219994 -0.0169563
      vertex 0.0455475 -0.0279999 -0.0164871
      vertex 0.0456896 -0.0279999 -0.0169563
    endloop
  endfacet
  facet normal 0.881249 -0 0.472652
    outer loop
      vertex 0.0456896 -0.0279999 -0.0169563
      vertex 0.0459213 -0.0219994 -0.0173883
      vertex 0.0456896 -0.0219994 -0.0169563
    endloop
  endfacet
  facet normal 0.881249 0 0.472652
    outer loop
      vertex 0.0459213 -0.0219994 -0.0173883
      vertex 0.0456896 -0.0279999 -0.0169563
      vertex 0.0459213 -0.0279999 -0.0173883
    endloop
  endfacet
endsolid OpenSCAD_Model
