solid OpenSCAD_Model
  facet normal 0.999051 -1.78388e-06 0.043561
    outer loop
      vertex 0.0647526 0.0604 0.00566483
      vertex 0.064956 0.0483198 0.000999451
      vertex 0.0649996 0.0604 0
    endloop
  endfacet
  facet normal 0.999051 0 0.0435564
    outer loop
      vertex 0.0647526 0.0604 0.00566483
      vertex 0.064956 -0.0483198 0.000999451
      vertex 0.064956 0.0483198 0.000999451
    endloop
  endfacet
  facet normal 0.999051 -0 0.0435564
    outer loop
      vertex 0.0647526 -0.0603991 0.00566483
      vertex 0.064956 -0.0483198 0.000999451
      vertex 0.0647526 0.0604 0.00566483
    endloop
  endfacet
  facet normal 0.999051 1.78401e-06 0.043561
    outer loop
      vertex 0.0649996 -0.0603991 0
      vertex 0.064956 -0.0483198 0.000999451
      vertex 0.0647526 -0.0603991 0.00566483
    endloop
  endfacet
  facet normal 0.99905 0 0.0435825
    outer loop
      vertex 0.064956 -0.0483198 0.000999451
      vertex 0.0649996 -0.0603991 0
      vertex 0.0649996 -0.0483198 0
    endloop
  endfacet
  facet normal 0.99905 0 0.0435825
    outer loop
      vertex 0.0649996 0.0604 0
      vertex 0.064956 0.0483198 0.000999451
      vertex 0.0649996 0.0483198 0
    endloop
  endfacet
  facet normal 0.843385 0 -0.53731
    outer loop
      vertex 0.0562916 -0.0603991 -0.0324993
      vertex 0.0532446 0.0604 -0.037282
      vertex 0.0562916 0.0604 -0.0324993
    endloop
  endfacet
  facet normal 0.843385 0 -0.53731
    outer loop
      vertex 0.0532446 0.0604 -0.037282
      vertex 0.0562916 -0.0603991 -0.0324993
      vertex 0.0532446 -0.0603991 -0.037282
    endloop
  endfacet
  facet normal 0.382795 0 -0.923833
    outer loop
      vertex 0.0222311 -0.0603991 -0.06108
      vertex 0.0274696 0.0604 -0.0589094
      vertex 0.0274696 -0.0603991 -0.0589094
    endloop
  endfacet
  facet normal 0.382795 0 -0.923833
    outer loop
      vertex 0.0274696 0.0604 -0.0589094
      vertex 0.0222311 -0.0603991 -0.06108
      vertex 0.0222311 0.0604 -0.06108
    endloop
  endfacet
  facet normal -0.382795 0 -0.923833
    outer loop
      vertex -0.0274696 -0.0603991 -0.0589094
      vertex -0.0222311 0.0604 -0.06108
      vertex -0.0222311 -0.0603991 -0.06108
    endloop
  endfacet
  facet normal -0.382795 0 -0.923833
    outer loop
      vertex -0.0222311 0.0604 -0.06108
      vertex -0.0274696 -0.0603991 -0.0589094
      vertex -0.0274696 0.0604 -0.0589094
    endloop
  endfacet
  facet normal -0.923833 0 -0.382795
    outer loop
      vertex -0.0589094 -0.0603991 -0.0274696
      vertex -0.06108 0.0604 -0.0222311
      vertex -0.0589094 0.0604 -0.0274696
    endloop
  endfacet
  facet normal -0.923833 -0 -0.382795
    outer loop
      vertex -0.06108 0.0604 -0.0222311
      vertex -0.0589094 -0.0603991 -0.0274696
      vertex -0.06108 -0.0603991 -0.0222311
    endloop
  endfacet
  facet normal 0.043561 0 -0.999051
    outer loop
      vertex 0 -0.0603991 -0.0649996
      vertex 0.00566483 0.0604 -0.0647526
      vertex 0.00566483 -0.0603991 -0.0647526
    endloop
  endfacet
  facet normal 0.043561 0 -0.999051
    outer loop
      vertex 0.00566483 0.0604 -0.0647526
      vertex 0 -0.0603991 -0.0649996
      vertex 0 0.0604 -0.0649996
    endloop
  endfacet
  facet normal 0.537312 0 -0.843384
    outer loop
      vertex 0.037282 -0.0603991 -0.0532446
      vertex 0.0333441 -0.0483198 -0.0557534
      vertex 0.037282 0.0604 -0.0532446
    endloop
  endfacet
  facet normal 0.53731 -8.24236e-07 -0.843385
    outer loop
      vertex 0.0324993 -0.0603991 -0.0562916
      vertex 0.0333441 -0.0483198 -0.0557534
      vertex 0.037282 -0.0603991 -0.0532446
    endloop
  endfacet
  facet normal 0.537302 0 -0.84339
    outer loop
      vertex 0.0333441 -0.0483198 -0.0557534
      vertex 0.0324993 -0.0603991 -0.0562916
      vertex 0.0324993 -0.0483198 -0.0562916
    endloop
  endfacet
  facet normal 0.537312 0 -0.843384
    outer loop
      vertex 0.0333441 0.0483198 -0.0557534
      vertex 0.037282 0.0604 -0.0532446
      vertex 0.0333441 -0.0483198 -0.0557534
    endloop
  endfacet
  facet normal 0.537302 0 -0.84339
    outer loop
      vertex 0.0324993 0.0604 -0.0562916
      vertex 0.0333441 0.0483198 -0.0557534
      vertex 0.0324993 0.0483198 -0.0562916
    endloop
  endfacet
  facet normal 0.53731 8.24175e-07 -0.843385
    outer loop
      vertex 0.0333441 0.0483198 -0.0557534
      vertex 0.0324993 0.0604 -0.0562916
      vertex 0.037282 0.0604 -0.0532446
    endloop
  endfacet
  facet normal -0.991425 0 -0.130676
    outer loop
      vertex -0.0640116 -0.0603991 -0.0112867
      vertex -0.0647526 0.0604 -0.00566483
      vertex -0.0640116 0.0604 -0.0112867
    endloop
  endfacet
  facet normal -0.991425 -0 -0.130676
    outer loop
      vertex -0.0647526 0.0604 -0.00566483
      vertex -0.0640116 -0.0603991 -0.0112867
      vertex -0.0647526 -0.0603991 -0.00566483
    endloop
  endfacet
  facet normal -0.737294 -0 -0.675572
    outer loop
      vertex -0.0459614 0.0414003 -0.0459614
      vertex -0.0459614 -0.0603991 -0.0459614
      vertex -0.0479896 0.0414003 -0.0437479
    endloop
  endfacet
  facet normal -0.737294 0 -0.675572
    outer loop
      vertex -0.0479896 0.0493997 -0.0437479
      vertex -0.0459614 0.0604 -0.0459614
      vertex -0.0459614 0.0493997 -0.0459614
    endloop
  endfacet
  facet normal -0.737294 6.7812e-08 -0.675572
    outer loop
      vertex -0.0459614 0.0604 -0.0459614
      vertex -0.0479896 0.0493997 -0.0437479
      vertex -0.0497923 0.0604 -0.0417805
    endloop
  endfacet
  facet normal -0.737294 0 -0.675572
    outer loop
      vertex -0.0479896 0.0414003 -0.0437479
      vertex -0.0497923 0.0604 -0.0417805
      vertex -0.0479896 0.0493997 -0.0437479
    endloop
  endfacet
  facet normal -0.737294 -7.32767e-09 -0.675572
    outer loop
      vertex -0.0497923 -0.0603991 -0.0417805
      vertex -0.0479896 0.0414003 -0.0437479
      vertex -0.0459614 -0.0603991 -0.0459614
    endloop
  endfacet
  facet normal -0.737294 0 -0.675572
    outer loop
      vertex -0.0479896 0.0414003 -0.0437479
      vertex -0.0497923 -0.0603991 -0.0417805
      vertex -0.0497923 0.0604 -0.0417805
    endloop
  endfacet
  facet normal -0.216301 0 -0.976327
    outer loop
      vertex -0.0168228 -0.0603991 -0.0627851
      vertex -0.0112867 0.0604 -0.0640116
      vertex -0.0112867 -0.0603991 -0.0640116
    endloop
  endfacet
  facet normal -0.216301 0 -0.976327
    outer loop
      vertex -0.0112867 0.0604 -0.0640116
      vertex -0.0168228 -0.0603991 -0.0627851
      vertex -0.0168228 0.0604 -0.0627851
    endloop
  endfacet
  facet normal -0.675572 0 0.737294
    outer loop
      vertex -0.0437479 0.0414003 0.0479896
      vertex -0.0417805 0.0604 0.0497923
      vertex -0.0437479 0.0493997 0.0479896
    endloop
  endfacet
  facet normal -0.675572 6.7812e-08 0.737294
    outer loop
      vertex -0.0459614 0.0604 0.0459614
      vertex -0.0437479 0.0493997 0.0479896
      vertex -0.0417805 0.0604 0.0497923
    endloop
  endfacet
  facet normal -0.675572 0 0.737294
    outer loop
      vertex -0.0437479 0.0493997 0.0479896
      vertex -0.0459614 0.0604 0.0459614
      vertex -0.0459614 0.0493997 0.0459614
    endloop
  endfacet
  facet normal -0.675572 0 0.737294
    outer loop
      vertex -0.0417805 0.0604 0.0497923
      vertex -0.0437479 0.0414003 0.0479896
      vertex -0.0417805 -0.0603991 0.0497923
    endloop
  endfacet
  facet normal -0.675572 0 0.737294
    outer loop
      vertex -0.0459614 -0.0603991 0.0459614
      vertex -0.0437479 0.0414003 0.0479896
      vertex -0.0459614 0.0414003 0.0459614
    endloop
  endfacet
  facet normal -0.675572 -7.32767e-09 0.737294
    outer loop
      vertex -0.0437479 0.0414003 0.0479896
      vertex -0.0459614 -0.0603991 0.0459614
      vertex -0.0417805 -0.0603991 0.0497923
    endloop
  endfacet
  facet normal -0.923833 0 0.382795
    outer loop
      vertex -0.06108 -0.0603991 0.0222311
      vertex -0.0589094 0.0604 0.0274696
      vertex -0.06108 0.0604 0.0222311
    endloop
  endfacet
  facet normal -0.923833 0 0.382795
    outer loop
      vertex -0.0589094 0.0604 0.0274696
      vertex -0.06108 -0.0603991 0.0222311
      vertex -0.0589094 -0.0603991 0.0274696
    endloop
  endfacet
  facet normal 0.537312 0 0.843384
    outer loop
      vertex 0.037282 0.0604 0.0532446
      vertex 0.0333441 0.0483198 0.0557534
      vertex 0.037282 -0.0603991 0.0532446
    endloop
  endfacet
  facet normal 0.53731 8.24175e-07 0.843385
    outer loop
      vertex 0.0324993 0.0604 0.0562916
      vertex 0.0333441 0.0483198 0.0557534
      vertex 0.037282 0.0604 0.0532446
    endloop
  endfacet
  facet normal 0.537302 0 0.84339
    outer loop
      vertex 0.0333441 0.0483198 0.0557534
      vertex 0.0324993 0.0604 0.0562916
      vertex 0.0324993 0.0483198 0.0562916
    endloop
  endfacet
  facet normal 0.537312 -0 0.843384
    outer loop
      vertex 0.0333441 -0.0483198 0.0557534
      vertex 0.037282 -0.0603991 0.0532446
      vertex 0.0333441 0.0483198 0.0557534
    endloop
  endfacet
  facet normal 0.537302 -0 0.84339
    outer loop
      vertex 0.0324993 -0.0603991 0.0562916
      vertex 0.0333441 -0.0483198 0.0557534
      vertex 0.0324993 -0.0483198 0.0562916
    endloop
  endfacet
  facet normal 0.53731 -8.24236e-07 0.843385
    outer loop
      vertex 0.0333441 -0.0483198 0.0557534
      vertex 0.0324993 -0.0603991 0.0562916
      vertex 0.037282 -0.0603991 0.0532446
    endloop
  endfacet
  facet normal 0.793312 0 -0.608815
    outer loop
      vertex 0.0532446 -0.0603991 -0.037282
      vertex 0.0497923 0.0604 -0.0417805
      vertex 0.0532446 0.0604 -0.037282
    endloop
  endfacet
  facet normal 0.793312 0 -0.608815
    outer loop
      vertex 0.0497923 0.0604 -0.0417805
      vertex 0.0532446 -0.0603991 -0.037282
      vertex 0.0497923 -0.0603991 -0.0417805
    endloop
  endfacet
  facet normal 0.675572 0 -0.737294
    outer loop
      vertex 0.0459614 -0.0603991 -0.0459614
      vertex 0.0437479 0.0414003 -0.0479896
      vertex 0.0459614 0.0414003 -0.0459614
    endloop
  endfacet
  facet normal 0.675572 0 -0.737294
    outer loop
      vertex 0.0417805 0.0604 -0.0497923
      vertex 0.0437479 0.0414003 -0.0479896
      vertex 0.0417805 -0.0603991 -0.0497923
    endloop
  endfacet
  facet normal 0.675572 -7.32767e-09 -0.737294
    outer loop
      vertex 0.0417805 -0.0603991 -0.0497923
      vertex 0.0437479 0.0414003 -0.0479896
      vertex 0.0459614 -0.0603991 -0.0459614
    endloop
  endfacet
  facet normal 0.675572 0 -0.737294
    outer loop
      vertex 0.0437479 0.0493997 -0.0479896
      vertex 0.0459614 0.0604 -0.0459614
      vertex 0.0459614 0.0493997 -0.0459614
    endloop
  endfacet
  facet normal 0.675572 6.7812e-08 -0.737294
    outer loop
      vertex 0.0437479 0.0493997 -0.0479896
      vertex 0.0417805 0.0604 -0.0497923
      vertex 0.0459614 0.0604 -0.0459614
    endloop
  endfacet
  facet normal 0.675572 0 -0.737294
    outer loop
      vertex 0.0437479 0.0414003 -0.0479896
      vertex 0.0417805 0.0604 -0.0497923
      vertex 0.0437479 0.0493997 -0.0479896
    endloop
  endfacet
  facet normal -0.043561 0 -0.999051
    outer loop
      vertex -0.00566483 -0.0603991 -0.0647526
      vertex 0 0.0604 -0.0649996
      vertex 0 -0.0603991 -0.0649996
    endloop
  endfacet
  facet normal -0.043561 0 -0.999051
    outer loop
      vertex 0 0.0604 -0.0649996
      vertex -0.00566483 -0.0603991 -0.0647526
      vertex -0.00566483 0.0604 -0.0647526
    endloop
  endfacet
  facet normal 0.300685 0 -0.953724
    outer loop
      vertex 0.0168228 -0.0603991 -0.0627851
      vertex 0.0222311 0.0604 -0.06108
      vertex 0.0222311 -0.0603991 -0.06108
    endloop
  endfacet
  facet normal 0.300685 0 -0.953724
    outer loop
      vertex 0.0222311 0.0604 -0.06108
      vertex 0.0168228 -0.0603991 -0.0627851
      vertex 0.0168228 0.0604 -0.0627851
    endloop
  endfacet
  facet normal 0.130676 0 -0.991425
    outer loop
      vertex 0.00566483 -0.0603991 -0.0647526
      vertex 0.0112867 0.0604 -0.0640116
      vertex 0.0112867 -0.0603991 -0.0640116
    endloop
  endfacet
  facet normal 0.130676 0 -0.991425
    outer loop
      vertex 0.0112867 0.0604 -0.0640116
      vertex 0.00566483 -0.0603991 -0.0647526
      vertex 0.00566483 0.0604 -0.0647526
    endloop
  endfacet
  facet normal 0.461671 0 -0.887051
    outer loop
      vertex 0.0324993 -0.0603991 -0.0562916
      vertex 0.031612 -0.0483198 -0.0567534
      vertex 0.0324993 -0.0483198 -0.0562916
    endloop
  endfacet
  facet normal 0.461682 0 -0.887046
    outer loop
      vertex 0.031612 -0.0483198 -0.0567534
      vertex 0.0274696 -0.0603991 -0.0589094
      vertex 0.031612 0.0483198 -0.0567534
    endloop
  endfacet
  facet normal 0.46168 8.53827e-07 -0.887047
    outer loop
      vertex 0.0274696 -0.0603991 -0.0589094
      vertex 0.031612 -0.0483198 -0.0567534
      vertex 0.0324993 -0.0603991 -0.0562916
    endloop
  endfacet
  facet normal 0.461671 0 -0.887051
    outer loop
      vertex 0.031612 0.0483198 -0.0567534
      vertex 0.0324993 0.0604 -0.0562916
      vertex 0.0324993 0.0483198 -0.0562916
    endloop
  endfacet
  facet normal 0.46168 -8.53764e-07 -0.887047
    outer loop
      vertex 0.031612 0.0483198 -0.0567534
      vertex 0.0274696 0.0604 -0.0589094
      vertex 0.0324993 0.0604 -0.0562916
    endloop
  endfacet
  facet normal 0.461682 0 -0.887046
    outer loop
      vertex 0.0274696 0.0604 -0.0589094
      vertex 0.031612 0.0483198 -0.0567534
      vertex 0.0274696 -0.0603991 -0.0589094
    endloop
  endfacet
  facet normal 0.608815 0 -0.793312
    outer loop
      vertex 0.037282 -0.0603991 -0.0532446
      vertex 0.0417805 0.0604 -0.0497923
      vertex 0.0417805 -0.0603991 -0.0497923
    endloop
  endfacet
  facet normal 0.608815 0 -0.793312
    outer loop
      vertex 0.0417805 0.0604 -0.0497923
      vertex 0.037282 -0.0603991 -0.0532446
      vertex 0.037282 0.0604 -0.0532446
    endloop
  endfacet
  facet normal -0.999051 -1.78388e-06 -0.043561
    outer loop
      vertex -0.0647526 0.0604 -0.00566483
      vertex -0.064956 0.0483198 -0.000999451
      vertex -0.0649996 0.0604 0
    endloop
  endfacet
  facet normal -0.999051 0 -0.0435564
    outer loop
      vertex -0.0647526 0.0604 -0.00566483
      vertex -0.064956 -0.0483198 -0.000999451
      vertex -0.064956 0.0483198 -0.000999451
    endloop
  endfacet
  facet normal -0.999051 0 -0.0435564
    outer loop
      vertex -0.0647526 -0.0603991 -0.00566483
      vertex -0.064956 -0.0483198 -0.000999451
      vertex -0.0647526 0.0604 -0.00566483
    endloop
  endfacet
  facet normal -0.999051 1.78401e-06 -0.043561
    outer loop
      vertex -0.0649996 -0.0603991 0
      vertex -0.064956 -0.0483198 -0.000999451
      vertex -0.0647526 -0.0603991 -0.00566483
    endloop
  endfacet
  facet normal -0.99905 0 -0.0435825
    outer loop
      vertex -0.064956 -0.0483198 -0.000999451
      vertex -0.0649996 -0.0603991 0
      vertex -0.0649996 -0.0483198 0
    endloop
  endfacet
  facet normal -0.99905 -0 -0.0435825
    outer loop
      vertex -0.0649996 0.0604 0
      vertex -0.064956 0.0483198 -0.000999451
      vertex -0.0649996 0.0483198 0
    endloop
  endfacet
  facet normal -0.953724 0 -0.300685
    outer loop
      vertex -0.06108 -0.0603991 -0.0222311
      vertex -0.0627851 0.0604 -0.0168228
      vertex -0.06108 0.0604 -0.0222311
    endloop
  endfacet
  facet normal -0.953724 -0 -0.300685
    outer loop
      vertex -0.0627851 0.0604 -0.0168228
      vertex -0.06108 -0.0603991 -0.0222311
      vertex -0.0627851 -0.0603991 -0.0168228
    endloop
  endfacet
  facet normal -0.976327 0 -0.216301
    outer loop
      vertex -0.0627851 -0.0603991 -0.0168228
      vertex -0.0640116 0.0604 -0.0112867
      vertex -0.0627851 0.0604 -0.0168228
    endloop
  endfacet
  facet normal -0.976327 -0 -0.216301
    outer loop
      vertex -0.0640116 0.0604 -0.0112867
      vertex -0.0627851 -0.0603991 -0.0168228
      vertex -0.0640116 -0.0603991 -0.0112867
    endloop
  endfacet
  facet normal -0.843385 0 -0.53731
    outer loop
      vertex -0.0532446 -0.0603991 -0.037282
      vertex -0.0562916 0.0604 -0.0324993
      vertex -0.0532446 0.0604 -0.037282
    endloop
  endfacet
  facet normal -0.843385 -0 -0.53731
    outer loop
      vertex -0.0562916 0.0604 -0.0324993
      vertex -0.0532446 -0.0603991 -0.037282
      vertex -0.0562916 -0.0603991 -0.0324993
    endloop
  endfacet
  facet normal -0.793312 0 -0.608815
    outer loop
      vertex -0.0497923 -0.0603991 -0.0417805
      vertex -0.0532446 0.0604 -0.037282
      vertex -0.0497923 0.0604 -0.0417805
    endloop
  endfacet
  facet normal -0.793312 -0 -0.608815
    outer loop
      vertex -0.0532446 0.0604 -0.037282
      vertex -0.0497923 -0.0603991 -0.0417805
      vertex -0.0532446 -0.0603991 -0.037282
    endloop
  endfacet
  facet normal -0.300685 0 -0.953724
    outer loop
      vertex -0.0222311 -0.0603991 -0.06108
      vertex -0.0168228 0.0604 -0.0627851
      vertex -0.0168228 -0.0603991 -0.0627851
    endloop
  endfacet
  facet normal -0.300685 0 -0.953724
    outer loop
      vertex -0.0168228 0.0604 -0.0627851
      vertex -0.0222311 -0.0603991 -0.06108
      vertex -0.0222311 0.0604 -0.06108
    endloop
  endfacet
  facet normal -0.130676 0 -0.991425
    outer loop
      vertex -0.0112867 -0.0603991 -0.0640116
      vertex -0.00566483 0.0604 -0.0647526
      vertex -0.00566483 -0.0603991 -0.0647526
    endloop
  endfacet
  facet normal -0.130676 0 -0.991425
    outer loop
      vertex -0.00566483 0.0604 -0.0647526
      vertex -0.0112867 -0.0603991 -0.0640116
      vertex -0.0112867 0.0604 -0.0640116
    endloop
  endfacet
  facet normal -0.537302 0 -0.84339
    outer loop
      vertex -0.0324993 -0.0603991 -0.0562916
      vertex -0.0333441 -0.0483198 -0.0557534
      vertex -0.0324993 -0.0483198 -0.0562916
    endloop
  endfacet
  facet normal -0.537312 0 -0.843384
    outer loop
      vertex -0.0333441 -0.0483198 -0.0557534
      vertex -0.037282 -0.0603991 -0.0532446
      vertex -0.0333441 0.0483198 -0.0557534
    endloop
  endfacet
  facet normal -0.53731 -8.24236e-07 -0.843385
    outer loop
      vertex -0.037282 -0.0603991 -0.0532446
      vertex -0.0333441 -0.0483198 -0.0557534
      vertex -0.0324993 -0.0603991 -0.0562916
    endloop
  endfacet
  facet normal -0.537302 0 -0.84339
    outer loop
      vertex -0.0333441 0.0483198 -0.0557534
      vertex -0.0324993 0.0604 -0.0562916
      vertex -0.0324993 0.0483198 -0.0562916
    endloop
  endfacet
  facet normal -0.53731 8.24175e-07 -0.843385
    outer loop
      vertex -0.0333441 0.0483198 -0.0557534
      vertex -0.037282 0.0604 -0.0532446
      vertex -0.0324993 0.0604 -0.0562916
    endloop
  endfacet
  facet normal -0.537312 -0 -0.843384
    outer loop
      vertex -0.037282 0.0604 -0.0532446
      vertex -0.0333441 0.0483198 -0.0557534
      vertex -0.037282 -0.0603991 -0.0532446
    endloop
  endfacet
  facet normal -0.608815 0 -0.793312
    outer loop
      vertex -0.0417805 -0.0603991 -0.0497923
      vertex -0.037282 0.0604 -0.0532446
      vertex -0.037282 -0.0603991 -0.0532446
    endloop
  endfacet
  facet normal -0.608815 0 -0.793312
    outer loop
      vertex -0.037282 0.0604 -0.0532446
      vertex -0.0417805 -0.0603991 -0.0497923
      vertex -0.0417805 0.0604 -0.0497923
    endloop
  endfacet
  facet normal -0.461682 0 -0.887046
    outer loop
      vertex -0.0274696 -0.0603991 -0.0589094
      vertex -0.031612 -0.0483198 -0.0567534
      vertex -0.0274696 0.0604 -0.0589094
    endloop
  endfacet
  facet normal -0.46168 8.53827e-07 -0.887047
    outer loop
      vertex -0.0324993 -0.0603991 -0.0562916
      vertex -0.031612 -0.0483198 -0.0567534
      vertex -0.0274696 -0.0603991 -0.0589094
    endloop
  endfacet
  facet normal -0.461671 0 -0.887051
    outer loop
      vertex -0.031612 -0.0483198 -0.0567534
      vertex -0.0324993 -0.0603991 -0.0562916
      vertex -0.0324993 -0.0483198 -0.0562916
    endloop
  endfacet
  facet normal -0.461682 -0 -0.887046
    outer loop
      vertex -0.031612 0.0483198 -0.0567534
      vertex -0.0274696 0.0604 -0.0589094
      vertex -0.031612 -0.0483198 -0.0567534
    endloop
  endfacet
  facet normal -0.461671 -0 -0.887051
    outer loop
      vertex -0.0324993 0.0604 -0.0562916
      vertex -0.031612 0.0483198 -0.0567534
      vertex -0.0324993 0.0483198 -0.0562916
    endloop
  endfacet
  facet normal -0.46168 -8.53764e-07 -0.887047
    outer loop
      vertex -0.031612 0.0483198 -0.0567534
      vertex -0.0324993 0.0604 -0.0562916
      vertex -0.0274696 0.0604 -0.0589094
    endloop
  endfacet
  facet normal -0.675572 0 -0.737294
    outer loop
      vertex -0.0417805 -0.0603991 -0.0497923
      vertex -0.0437479 0.0414003 -0.0479896
      vertex -0.0417805 0.0604 -0.0497923
    endloop
  endfacet
  facet normal -0.675572 -7.32767e-09 -0.737294
    outer loop
      vertex -0.0459614 -0.0603991 -0.0459614
      vertex -0.0437479 0.0414003 -0.0479896
      vertex -0.0417805 -0.0603991 -0.0497923
    endloop
  endfacet
  facet normal -0.675572 0 -0.737294
    outer loop
      vertex -0.0437479 0.0414003 -0.0479896
      vertex -0.0459614 -0.0603991 -0.0459614
      vertex -0.0459614 0.0414003 -0.0459614
    endloop
  endfacet
  facet normal -0.675572 -0 -0.737294
    outer loop
      vertex -0.0437479 0.0493997 -0.0479896
      vertex -0.0417805 0.0604 -0.0497923
      vertex -0.0437479 0.0414003 -0.0479896
    endloop
  endfacet
  facet normal -0.675572 -0 -0.737294
    outer loop
      vertex -0.0459614 0.0604 -0.0459614
      vertex -0.0437479 0.0493997 -0.0479896
      vertex -0.0459614 0.0493997 -0.0459614
    endloop
  endfacet
  facet normal -0.675572 6.7812e-08 -0.737294
    outer loop
      vertex -0.0437479 0.0493997 -0.0479896
      vertex -0.0459614 0.0604 -0.0459614
      vertex -0.0417805 0.0604 -0.0497923
    endloop
  endfacet
  facet normal 0.99905 0 -0.0435825
    outer loop
      vertex 0.0649996 -0.0483198 0
      vertex 0.0649996 -0.0603991 0
      vertex 0.064956 -0.0483198 -0.000999451
    endloop
  endfacet
  facet normal 0.99905 0 -0.0435825
    outer loop
      vertex 0.064956 0.0483198 -0.000999451
      vertex 0.0649996 0.0604 0
      vertex 0.0649996 0.0483198 0
    endloop
  endfacet
  facet normal 0.999051 -1.78388e-06 -0.043561
    outer loop
      vertex 0.0649996 0.0604 0
      vertex 0.064956 0.0483198 -0.000999451
      vertex 0.0647526 0.0604 -0.00566483
    endloop
  endfacet
  facet normal 0.999051 0 -0.0435564
    outer loop
      vertex 0.064956 -0.0483198 -0.000999451
      vertex 0.0647526 0.0604 -0.00566483
      vertex 0.064956 0.0483198 -0.000999451
    endloop
  endfacet
  facet normal 0.999051 0 -0.0435564
    outer loop
      vertex 0.064956 -0.0483198 -0.000999451
      vertex 0.0647526 -0.0603991 -0.00566483
      vertex 0.0647526 0.0604 -0.00566483
    endloop
  endfacet
  facet normal 0.999051 1.78401e-06 -0.043561
    outer loop
      vertex 0.0647526 -0.0603991 -0.00566483
      vertex 0.064956 -0.0483198 -0.000999451
      vertex 0.0649996 -0.0603991 0
    endloop
  endfacet
  facet normal 0.953724 -0 0.300685
    outer loop
      vertex 0.06108 -0.0603991 0.0222311
      vertex 0.0627851 0.0604 0.0168228
      vertex 0.06108 0.0604 0.0222311
    endloop
  endfacet
  facet normal 0.953724 0 0.300685
    outer loop
      vertex 0.0627851 0.0604 0.0168228
      vertex 0.06108 -0.0603991 0.0222311
      vertex 0.0627851 -0.0603991 0.0168228
    endloop
  endfacet
  facet normal 0.043561 0 0.999051
    outer loop
      vertex 0 0.0604 0.0649996
      vertex 0.00566483 -0.0603991 0.0647526
      vertex 0.00566483 0.0604 0.0647526
    endloop
  endfacet
  facet normal 0.043561 0 0.999051
    outer loop
      vertex 0.00566483 -0.0603991 0.0647526
      vertex 0 0.0604 0.0649996
      vertex 0 -0.0603991 0.0649996
    endloop
  endfacet
  facet normal -0.976327 0 0.216301
    outer loop
      vertex -0.0640116 -0.0603991 0.0112867
      vertex -0.0627851 0.0604 0.0168228
      vertex -0.0640116 0.0604 0.0112867
    endloop
  endfacet
  facet normal -0.976327 0 0.216301
    outer loop
      vertex -0.0627851 0.0604 0.0168228
      vertex -0.0640116 -0.0603991 0.0112867
      vertex -0.0627851 -0.0603991 0.0168228
    endloop
  endfacet
  facet normal -0.793312 0 0.608815
    outer loop
      vertex -0.0532446 -0.0603991 0.037282
      vertex -0.0497923 0.0604 0.0417805
      vertex -0.0532446 0.0604 0.037282
    endloop
  endfacet
  facet normal -0.793312 0 0.608815
    outer loop
      vertex -0.0497923 0.0604 0.0417805
      vertex -0.0532446 -0.0603991 0.037282
      vertex -0.0497923 -0.0603991 0.0417805
    endloop
  endfacet
  facet normal 0.793312 -0 0.608815
    outer loop
      vertex 0.0497923 -0.0603991 0.0417805
      vertex 0.0532446 0.0604 0.037282
      vertex 0.0497923 0.0604 0.0417805
    endloop
  endfacet
  facet normal 0.793312 0 0.608815
    outer loop
      vertex 0.0532446 0.0604 0.037282
      vertex 0.0497923 -0.0603991 0.0417805
      vertex 0.0532446 -0.0603991 0.037282
    endloop
  endfacet
  facet normal 0.991425 0 -0.130676
    outer loop
      vertex 0.0647526 -0.0603991 -0.00566483
      vertex 0.0640116 0.0604 -0.0112867
      vertex 0.0647526 0.0604 -0.00566483
    endloop
  endfacet
  facet normal 0.991425 0 -0.130676
    outer loop
      vertex 0.0640116 0.0604 -0.0112867
      vertex 0.0647526 -0.0603991 -0.00566483
      vertex 0.0640116 -0.0603991 -0.0112867
    endloop
  endfacet
  facet normal 0.887047 0 -0.46168
    outer loop
      vertex 0.0589094 -0.0603991 -0.0274696
      vertex 0.0562916 0.0604 -0.0324993
      vertex 0.0589094 0.0604 -0.0274696
    endloop
  endfacet
  facet normal 0.887047 0 -0.46168
    outer loop
      vertex 0.0562916 0.0604 -0.0324993
      vertex 0.0589094 -0.0603991 -0.0274696
      vertex 0.0562916 -0.0603991 -0.0324993
    endloop
  endfacet
  facet normal 0.923833 0 -0.382795
    outer loop
      vertex 0.06108 -0.0603991 -0.0222311
      vertex 0.0589094 0.0604 -0.0274696
      vertex 0.06108 0.0604 -0.0222311
    endloop
  endfacet
  facet normal 0.923833 0 -0.382795
    outer loop
      vertex 0.0589094 0.0604 -0.0274696
      vertex 0.06108 -0.0603991 -0.0222311
      vertex 0.0589094 -0.0603991 -0.0274696
    endloop
  endfacet
  facet normal 0.976327 0 -0.216301
    outer loop
      vertex 0.0640116 -0.0603991 -0.0112867
      vertex 0.0627851 0.0604 -0.0168228
      vertex 0.0640116 0.0604 -0.0112867
    endloop
  endfacet
  facet normal 0.976327 0 -0.216301
    outer loop
      vertex 0.0627851 0.0604 -0.0168228
      vertex 0.0640116 -0.0603991 -0.0112867
      vertex 0.0627851 -0.0603991 -0.0168228
    endloop
  endfacet
  facet normal 0.953724 0 -0.300685
    outer loop
      vertex 0.0627851 -0.0603991 -0.0168228
      vertex 0.06108 0.0604 -0.0222311
      vertex 0.0627851 0.0604 -0.0168228
    endloop
  endfacet
  facet normal 0.953724 0 -0.300685
    outer loop
      vertex 0.06108 0.0604 -0.0222311
      vertex 0.0627851 -0.0603991 -0.0168228
      vertex 0.06108 -0.0603991 -0.0222311
    endloop
  endfacet
  facet normal 0.737294 6.7812e-08 -0.675572
    outer loop
      vertex 0.0497923 0.0604 -0.0417805
      vertex 0.0479896 0.0493997 -0.0437479
      vertex 0.0459614 0.0604 -0.0459614
    endloop
  endfacet
  facet normal 0.737294 0 -0.675572
    outer loop
      vertex 0.0497923 0.0604 -0.0417805
      vertex 0.0479896 0.0414003 -0.0437479
      vertex 0.0479896 0.0493997 -0.0437479
    endloop
  endfacet
  facet normal 0.737294 0 -0.675572
    outer loop
      vertex 0.0497923 -0.0603991 -0.0417805
      vertex 0.0479896 0.0414003 -0.0437479
      vertex 0.0497923 0.0604 -0.0417805
    endloop
  endfacet
  facet normal 0.737294 -7.32767e-09 -0.675572
    outer loop
      vertex 0.0459614 -0.0603991 -0.0459614
      vertex 0.0479896 0.0414003 -0.0437479
      vertex 0.0497923 -0.0603991 -0.0417805
    endloop
  endfacet
  facet normal 0.737294 0 -0.675572
    outer loop
      vertex 0.0479896 0.0414003 -0.0437479
      vertex 0.0459614 -0.0603991 -0.0459614
      vertex 0.0459614 0.0414003 -0.0459614
    endloop
  endfacet
  facet normal 0.737294 0 -0.675572
    outer loop
      vertex 0.0459614 0.0604 -0.0459614
      vertex 0.0479896 0.0493997 -0.0437479
      vertex 0.0459614 0.0493997 -0.0459614
    endloop
  endfacet
  facet normal 0.216301 0 -0.976327
    outer loop
      vertex 0.0112867 -0.0603991 -0.0640116
      vertex 0.0168228 0.0604 -0.0627851
      vertex 0.0168228 -0.0603991 -0.0627851
    endloop
  endfacet
  facet normal 0.216301 0 -0.976327
    outer loop
      vertex 0.0168228 0.0604 -0.0627851
      vertex 0.0112867 -0.0603991 -0.0640116
      vertex 0.0112867 0.0604 -0.0640116
    endloop
  endfacet
  facet normal -0.887047 0 -0.46168
    outer loop
      vertex -0.0562916 -0.0603991 -0.0324993
      vertex -0.0589094 0.0604 -0.0274696
      vertex -0.0562916 0.0604 -0.0324993
    endloop
  endfacet
  facet normal -0.887047 -0 -0.46168
    outer loop
      vertex -0.0589094 0.0604 -0.0274696
      vertex -0.0562916 -0.0603991 -0.0324993
      vertex -0.0589094 -0.0603991 -0.0274696
    endloop
  endfacet
  facet normal -0.953724 0 0.300685
    outer loop
      vertex -0.0627851 -0.0603991 0.0168228
      vertex -0.06108 0.0604 0.0222311
      vertex -0.0627851 0.0604 0.0168228
    endloop
  endfacet
  facet normal -0.953724 0 0.300685
    outer loop
      vertex -0.06108 0.0604 0.0222311
      vertex -0.0627851 -0.0603991 0.0168228
      vertex -0.06108 -0.0603991 0.0222311
    endloop
  endfacet
  facet normal 0 -1 0
    outer loop
      vertex 0 -0.0603991 0.0139999
      vertex 0 -0.0603991 0.0649996
      vertex -0.00566483 -0.0603991 0.0647526
    endloop
  endfacet
  facet normal 0 -1 0
    outer loop
      vertex -0.00182724 -0.0603991 0.0138798
      vertex -0.00566483 -0.0603991 0.0647526
      vertex -0.0112867 -0.0603991 0.0640116
    endloop
  endfacet
  facet normal 0 -1 0
    outer loop
      vertex 0 -0.0603991 0.0649996
      vertex 0 -0.0603991 0.0139999
      vertex 0.00566483 -0.0603991 0.0647526
    endloop
  endfacet
  facet normal 0 -1 0
    outer loop
      vertex -0.00362301 -0.0603991 0.0135221
      vertex -0.0112867 -0.0603991 0.0640116
      vertex -0.0168228 -0.0603991 0.0627851
    endloop
  endfacet
  facet normal 0 -1 0
    outer loop
      vertex 0.00182724 -0.0603991 0.0138798
      vertex 0.00566483 -0.0603991 0.0647526
      vertex 0 -0.0603991 0.0139999
    endloop
  endfacet
  facet normal 0 -1 0
    outer loop
      vertex -0.00362301 -0.0603991 0.0135221
      vertex -0.0168228 -0.0603991 0.0627851
      vertex -0.0222311 -0.0603991 0.06108
    endloop
  endfacet
  facet normal 0 -1 -0
    outer loop
      vertex 0.00566483 -0.0603991 0.0647526
      vertex 0.00182724 -0.0603991 0.0138798
      vertex 0.0112867 -0.0603991 0.0640116
    endloop
  endfacet
  facet normal 0 -1 0
    outer loop
      vertex -0.00535679 -0.0603991 0.0129337
      vertex -0.0222311 -0.0603991 0.06108
      vertex -0.0274696 -0.0603991 0.0589094
    endloop
  endfacet
  facet normal 0 -1 0
    outer loop
      vertex 0.00362301 -0.0603991 0.0135221
      vertex 0.0112867 -0.0603991 0.0640116
      vertex 0.00182724 -0.0603991 0.0138798
    endloop
  endfacet
  facet normal 0 -1 0
    outer loop
      vertex -0.00699997 -0.0603991 0.0121241
      vertex -0.0274696 -0.0603991 0.0589094
      vertex -0.0324993 -0.0603991 0.0562916
    endloop
  endfacet
  facet normal 0 -1 -0
    outer loop
      vertex 0.0112867 -0.0603991 0.0640116
      vertex 0.00362301 -0.0603991 0.0135221
      vertex 0.0168228 -0.0603991 0.0627851
    endloop
  endfacet
  facet normal 0 -1 0
    outer loop
      vertex -0.00699997 -0.0603991 0.0121241
      vertex -0.0324993 -0.0603991 0.0562916
      vertex -0.037282 -0.0603991 0.0532446
    endloop
  endfacet
  facet normal 0 -1 -0
    outer loop
      vertex 0.0168228 -0.0603991 0.0627851
      vertex 0.00362301 -0.0603991 0.0135221
      vertex 0.0222311 -0.0603991 0.06108
    endloop
  endfacet
  facet normal 0 -1 0
    outer loop
      vertex -0.00852203 -0.0603991 0.0111065
      vertex -0.037282 -0.0603991 0.0532446
      vertex -0.0417805 -0.0603991 0.0497923
    endloop
  endfacet
  facet normal 0 -1 0
    outer loop
      vertex 0.00535679 -0.0603991 0.0129337
      vertex 0.0222311 -0.0603991 0.06108
      vertex 0.00362301 -0.0603991 0.0135221
    endloop
  endfacet
  facet normal 0 -1 0
    outer loop
      vertex -0.00989914 -0.0603991 0.00989914
      vertex -0.0417805 -0.0603991 0.0497923
      vertex -0.0459614 -0.0603991 0.0459614
    endloop
  endfacet
  facet normal 0 -1 -0
    outer loop
      vertex 0.0222311 -0.0603991 0.06108
      vertex 0.00535679 -0.0603991 0.0129337
      vertex 0.0274696 -0.0603991 0.0589094
    endloop
  endfacet
  facet normal 0 -1 0
    outer loop
      vertex -0.00989914 -0.0603991 0.00989914
      vertex -0.0459614 -0.0603991 0.0459614
      vertex -0.0497923 -0.0603991 0.0417805
    endloop
  endfacet
  facet normal 0 -1 0
    outer loop
      vertex 0.00699997 -0.0603991 0.0121241
      vertex 0.0274696 -0.0603991 0.0589094
      vertex 0.00535679 -0.0603991 0.0129337
    endloop
  endfacet
  facet normal 0 -1 0
    outer loop
      vertex -0.0111065 -0.0603991 0.00852203
      vertex -0.0497923 -0.0603991 0.0417805
      vertex -0.0532446 -0.0603991 0.037282
    endloop
  endfacet
  facet normal 0 -1 -0
    outer loop
      vertex 0.0274696 -0.0603991 0.0589094
      vertex 0.00699997 -0.0603991 0.0121241
      vertex 0.0324993 -0.0603991 0.0562916
    endloop
  endfacet
  facet normal 0 -1 0
    outer loop
      vertex -0.0121241 -0.0603991 0.00699997
      vertex -0.0532446 -0.0603991 0.037282
      vertex -0.0562916 -0.0603991 0.0324993
    endloop
  endfacet
  facet normal 0 -1 -0
    outer loop
      vertex 0.0324993 -0.0603991 0.0562916
      vertex 0.00699997 -0.0603991 0.0121241
      vertex 0.037282 -0.0603991 0.0532446
    endloop
  endfacet
  facet normal 0 -1 0
    outer loop
      vertex -0.0121241 -0.0603991 0.00699997
      vertex -0.0562916 -0.0603991 0.0324993
      vertex -0.0589094 -0.0603991 0.0274696
    endloop
  endfacet
  facet normal 0 -1 0
    outer loop
      vertex 0.00852203 -0.0603991 0.0111065
      vertex 0.037282 -0.0603991 0.0532446
      vertex 0.00699997 -0.0603991 0.0121241
    endloop
  endfacet
  facet normal 0 -1 0
    outer loop
      vertex -0.0129337 -0.0603991 0.00535679
      vertex -0.0589094 -0.0603991 0.0274696
      vertex -0.06108 -0.0603991 0.0222311
    endloop
  endfacet
  facet normal 0 -1 -0
    outer loop
      vertex 0.037282 -0.0603991 0.0532446
      vertex 0.00852203 -0.0603991 0.0111065
      vertex 0.0417805 -0.0603991 0.0497923
    endloop
  endfacet
  facet normal 0 -1 0
    outer loop
      vertex -0.0135221 -0.0603991 0.00362301
      vertex -0.06108 -0.0603991 0.0222311
      vertex -0.0627851 -0.0603991 0.0168228
    endloop
  endfacet
  facet normal 0 -1 0
    outer loop
      vertex 0.00989914 -0.0603991 0.00989914
      vertex 0.0417805 -0.0603991 0.0497923
      vertex 0.00852203 -0.0603991 0.0111065
    endloop
  endfacet
  facet normal 0 -1 -0
    outer loop
      vertex 0.0417805 -0.0603991 0.0497923
      vertex 0.00989914 -0.0603991 0.00989914
      vertex 0.0459614 -0.0603991 0.0459614
    endloop
  endfacet
  facet normal 0 -1 0
    outer loop
      vertex -0.00566483 -0.0603991 0.0647526
      vertex -0.00182724 -0.0603991 0.0138798
      vertex 0 -0.0603991 0.0139999
    endloop
  endfacet
  facet normal 0 -1 0
    outer loop
      vertex -0.0112867 -0.0603991 0.0640116
      vertex -0.00362301 -0.0603991 0.0135221
      vertex -0.00182724 -0.0603991 0.0138798
    endloop
  endfacet
  facet normal 0 -1 0
    outer loop
      vertex -0.0222311 -0.0603991 0.06108
      vertex -0.00535679 -0.0603991 0.0129337
      vertex -0.00362301 -0.0603991 0.0135221
    endloop
  endfacet
  facet normal 0 -1 0
    outer loop
      vertex -0.0274696 -0.0603991 0.0589094
      vertex -0.00699997 -0.0603991 0.0121241
      vertex -0.00535679 -0.0603991 0.0129337
    endloop
  endfacet
  facet normal 0 -1 0
    outer loop
      vertex -0.0135221 -0.0603991 0.00362301
      vertex -0.0627851 -0.0603991 0.0168228
      vertex -0.0640116 -0.0603991 0.0112867
    endloop
  endfacet
  facet normal 0 -1 0
    outer loop
      vertex -0.037282 -0.0603991 0.0532446
      vertex -0.00852203 -0.0603991 0.0111065
      vertex -0.00699997 -0.0603991 0.0121241
    endloop
  endfacet
  facet normal 0 -1 0
    outer loop
      vertex -0.0417805 -0.0603991 0.0497923
      vertex -0.00989914 -0.0603991 0.00989914
      vertex -0.00852203 -0.0603991 0.0111065
    endloop
  endfacet
  facet normal 0 -1 0
    outer loop
      vertex -0.0497923 -0.0603991 0.0417805
      vertex -0.0111065 -0.0603991 0.00852203
      vertex -0.00989914 -0.0603991 0.00989914
    endloop
  endfacet
  facet normal 0 -1 0
    outer loop
      vertex -0.0532446 -0.0603991 0.037282
      vertex -0.0121241 -0.0603991 0.00699997
      vertex -0.0111065 -0.0603991 0.00852203
    endloop
  endfacet
  facet normal 0 -1 0
    outer loop
      vertex -0.0138798 -0.0603991 0.00182724
      vertex -0.0640116 -0.0603991 0.0112867
      vertex -0.0647526 -0.0603991 0.00566483
    endloop
  endfacet
  facet normal 0 -1 0
    outer loop
      vertex -0.0589094 -0.0603991 0.0274696
      vertex -0.0129337 -0.0603991 0.00535679
      vertex -0.0121241 -0.0603991 0.00699997
    endloop
  endfacet
  facet normal 0 -1 0
    outer loop
      vertex -0.06108 -0.0603991 0.0222311
      vertex -0.0135221 -0.0603991 0.00362301
      vertex -0.0129337 -0.0603991 0.00535679
    endloop
  endfacet
  facet normal 0 -1 0
    outer loop
      vertex -0.0640116 -0.0603991 0.0112867
      vertex -0.0138798 -0.0603991 0.00182724
      vertex -0.0135221 -0.0603991 0.00362301
    endloop
  endfacet
  facet normal 0 -1 0
    outer loop
      vertex -0.0139999 -0.0603991 0
      vertex -0.0647526 -0.0603991 0.00566483
      vertex -0.0649996 -0.0603991 0
    endloop
  endfacet
  facet normal 0 -1 0
    outer loop
      vertex -0.0647526 -0.0603991 0.00566483
      vertex -0.0139999 -0.0603991 0
      vertex -0.0138798 -0.0603991 0.00182724
    endloop
  endfacet
  facet normal 0 -1 0
    outer loop
      vertex -0.0647526 -0.0603991 -0.00566483
      vertex -0.0139999 -0.0603991 0
      vertex -0.0649996 -0.0603991 0
    endloop
  endfacet
  facet normal 0 -1 -0
    outer loop
      vertex -0.0139999 -0.0603991 0
      vertex -0.0647526 -0.0603991 -0.00566483
      vertex -0.0138798 -0.0603991 -0.00182724
    endloop
  endfacet
  facet normal 0 -1 0
    outer loop
      vertex -0.0640116 -0.0603991 -0.0112867
      vertex -0.0138798 -0.0603991 -0.00182724
      vertex -0.0647526 -0.0603991 -0.00566483
    endloop
  endfacet
  facet normal 0 -1 -0
    outer loop
      vertex -0.0138798 -0.0603991 -0.00182724
      vertex -0.0640116 -0.0603991 -0.0112867
      vertex -0.0135221 -0.0603991 -0.00362301
    endloop
  endfacet
  facet normal 0 -1 0
    outer loop
      vertex -0.0627851 -0.0603991 -0.0168228
      vertex -0.0135221 -0.0603991 -0.00362301
      vertex -0.0640116 -0.0603991 -0.0112867
    endloop
  endfacet
  facet normal 0 -1 0
    outer loop
      vertex -0.06108 -0.0603991 -0.0222311
      vertex -0.0135221 -0.0603991 -0.00362301
      vertex -0.0627851 -0.0603991 -0.0168228
    endloop
  endfacet
  facet normal 0 -1 -0
    outer loop
      vertex -0.0135221 -0.0603991 -0.00362301
      vertex -0.06108 -0.0603991 -0.0222311
      vertex -0.0129337 -0.0603991 -0.00535679
    endloop
  endfacet
  facet normal 0 -1 0
    outer loop
      vertex -0.0589094 -0.0603991 -0.0274696
      vertex -0.0129337 -0.0603991 -0.00535679
      vertex -0.06108 -0.0603991 -0.0222311
    endloop
  endfacet
  facet normal 0 -1 -0
    outer loop
      vertex -0.0129337 -0.0603991 -0.00535679
      vertex -0.0589094 -0.0603991 -0.0274696
      vertex -0.0121241 -0.0603991 -0.00699997
    endloop
  endfacet
  facet normal 0 -1 0
    outer loop
      vertex -0.0562916 -0.0603991 -0.0324993
      vertex -0.0121241 -0.0603991 -0.00699997
      vertex -0.0589094 -0.0603991 -0.0274696
    endloop
  endfacet
  facet normal 0 -1 0
    outer loop
      vertex -0.0532446 -0.0603991 -0.037282
      vertex -0.0121241 -0.0603991 -0.00699997
      vertex -0.0562916 -0.0603991 -0.0324993
    endloop
  endfacet
  facet normal 0 -1 -0
    outer loop
      vertex -0.0121241 -0.0603991 -0.00699997
      vertex -0.0532446 -0.0603991 -0.037282
      vertex -0.0111065 -0.0603991 -0.00852203
    endloop
  endfacet
  facet normal 0 -1 0
    outer loop
      vertex -0.0497923 -0.0603991 -0.0417805
      vertex -0.0111065 -0.0603991 -0.00852203
      vertex -0.0532446 -0.0603991 -0.037282
    endloop
  endfacet
  facet normal 0 -1 -0
    outer loop
      vertex -0.0111065 -0.0603991 -0.00852203
      vertex -0.0497923 -0.0603991 -0.0417805
      vertex -0.00989914 -0.0603991 -0.00989914
    endloop
  endfacet
  facet normal 0 -1 0
    outer loop
      vertex -0.0459614 -0.0603991 -0.0459614
      vertex -0.00989914 -0.0603991 -0.00989914
      vertex -0.0497923 -0.0603991 -0.0417805
    endloop
  endfacet
  facet normal 0 -1 -0
    outer loop
      vertex 0.0459614 -0.0603991 0.0459614
      vertex 0.00989914 -0.0603991 0.00989914
      vertex 0.0497923 -0.0603991 0.0417805
    endloop
  endfacet
  facet normal 0 -1 0
    outer loop
      vertex 0.0111065 -0.0603991 0.00852203
      vertex 0.0497923 -0.0603991 0.0417805
      vertex 0.00989914 -0.0603991 0.00989914
    endloop
  endfacet
  facet normal 0 -1 -0
    outer loop
      vertex 0.0497923 -0.0603991 0.0417805
      vertex 0.0111065 -0.0603991 0.00852203
      vertex 0.0532446 -0.0603991 0.037282
    endloop
  endfacet
  facet normal 0 -1 0
    outer loop
      vertex 0.0121241 -0.0603991 0.00699997
      vertex 0.0532446 -0.0603991 0.037282
      vertex 0.0111065 -0.0603991 0.00852203
    endloop
  endfacet
  facet normal 0 -1 -0
    outer loop
      vertex 0.0532446 -0.0603991 0.037282
      vertex 0.0121241 -0.0603991 0.00699997
      vertex 0.0562916 -0.0603991 0.0324993
    endloop
  endfacet
  facet normal 0 -1 -0
    outer loop
      vertex 0.0562916 -0.0603991 0.0324993
      vertex 0.0121241 -0.0603991 0.00699997
      vertex 0.0589094 -0.0603991 0.0274696
    endloop
  endfacet
  facet normal 0 -1 0
    outer loop
      vertex 0.0129337 -0.0603991 0.00535679
      vertex 0.0589094 -0.0603991 0.0274696
      vertex 0.0121241 -0.0603991 0.00699997
    endloop
  endfacet
  facet normal 0 -1 -0
    outer loop
      vertex 0.0589094 -0.0603991 0.0274696
      vertex 0.0129337 -0.0603991 0.00535679
      vertex 0.06108 -0.0603991 0.0222311
    endloop
  endfacet
  facet normal 0 -1 0
    outer loop
      vertex 0.0135221 -0.0603991 0.00362301
      vertex 0.06108 -0.0603991 0.0222311
      vertex 0.0129337 -0.0603991 0.00535679
    endloop
  endfacet
  facet normal 0 -1 -0
    outer loop
      vertex 0.06108 -0.0603991 0.0222311
      vertex 0.0135221 -0.0603991 0.00362301
      vertex 0.0627851 -0.0603991 0.0168228
    endloop
  endfacet
  facet normal 0 -1 -0
    outer loop
      vertex 0.0627851 -0.0603991 0.0168228
      vertex 0.0135221 -0.0603991 0.00362301
      vertex 0.0640116 -0.0603991 0.0112867
    endloop
  endfacet
  facet normal 0 -1 0
    outer loop
      vertex 0.0138798 -0.0603991 0.00182724
      vertex 0.0640116 -0.0603991 0.0112867
      vertex 0.0135221 -0.0603991 0.00362301
    endloop
  endfacet
  facet normal 0 -1 -0
    outer loop
      vertex 0.0640116 -0.0603991 0.0112867
      vertex 0.0138798 -0.0603991 0.00182724
      vertex 0.0647526 -0.0603991 0.00566483
    endloop
  endfacet
  facet normal 0 -1 0
    outer loop
      vertex 0.0139999 -0.0603991 0
      vertex 0.0647526 -0.0603991 0.00566483
      vertex 0.0138798 -0.0603991 0.00182724
    endloop
  endfacet
  facet normal 0 -1 0
    outer loop
      vertex 0.0139999 -0.0603991 0
      vertex 0.0649996 -0.0603991 0
      vertex 0.0647526 -0.0603991 0.00566483
    endloop
  endfacet
  facet normal 0 -1 0
    outer loop
      vertex 0.0647526 -0.0603991 -0.00566483
      vertex 0.0139999 -0.0603991 0
      vertex 0.0138798 -0.0603991 -0.00182724
    endloop
  endfacet
  facet normal 0 -1 0
    outer loop
      vertex 0.0640116 -0.0603991 -0.0112867
      vertex 0.0138798 -0.0603991 -0.00182724
      vertex 0.0135221 -0.0603991 -0.00362301
    endloop
  endfacet
  facet normal 0 -1 0
    outer loop
      vertex 0.06108 -0.0603991 -0.0222311
      vertex 0.0135221 -0.0603991 -0.00362301
      vertex 0.0129337 -0.0603991 -0.00535679
    endloop
  endfacet
  facet normal 0 -1 0
    outer loop
      vertex 0.0139999 -0.0603991 0
      vertex 0.0647526 -0.0603991 -0.00566483
      vertex 0.0649996 -0.0603991 0
    endloop
  endfacet
  facet normal 0 -1 0
    outer loop
      vertex 0.0589094 -0.0603991 -0.0274696
      vertex 0.0129337 -0.0603991 -0.00535679
      vertex 0.0121241 -0.0603991 -0.00699997
    endloop
  endfacet
  facet normal 0 -1 0
    outer loop
      vertex 0.0532446 -0.0603991 -0.037282
      vertex 0.0121241 -0.0603991 -0.00699997
      vertex 0.0111065 -0.0603991 -0.00852203
    endloop
  endfacet
  facet normal 0 -1 0
    outer loop
      vertex 0.0497923 -0.0603991 -0.0417805
      vertex 0.0111065 -0.0603991 -0.00852203
      vertex 0.00989914 -0.0603991 -0.00989914
    endloop
  endfacet
  facet normal 0 -1 0
    outer loop
      vertex 0.0417805 -0.0603991 -0.0497923
      vertex 0.00989914 -0.0603991 -0.00989914
      vertex 0.00852203 -0.0603991 -0.0111065
    endloop
  endfacet
  facet normal 0 -1 0
    outer loop
      vertex 0.0138798 -0.0603991 -0.00182724
      vertex 0.0640116 -0.0603991 -0.0112867
      vertex 0.0647526 -0.0603991 -0.00566483
    endloop
  endfacet
  facet normal 0 -1 0
    outer loop
      vertex 0.037282 -0.0603991 -0.0532446
      vertex 0.00852203 -0.0603991 -0.0111065
      vertex 0.00699997 -0.0603991 -0.0121241
    endloop
  endfacet
  facet normal 0 -1 0
    outer loop
      vertex 0.0274696 -0.0603991 -0.0589094
      vertex 0.00699997 -0.0603991 -0.0121241
      vertex 0.00535679 -0.0603991 -0.0129337
    endloop
  endfacet
  facet normal 0 -1 0
    outer loop
      vertex 0.0222311 -0.0603991 -0.06108
      vertex 0.00535679 -0.0603991 -0.0129337
      vertex 0.00362301 -0.0603991 -0.0135221
    endloop
  endfacet
  facet normal 0 -1 0
    outer loop
      vertex 0.0112867 -0.0603991 -0.0640116
      vertex 0.00362301 -0.0603991 -0.0135221
      vertex 0.00182724 -0.0603991 -0.0138798
    endloop
  endfacet
  facet normal 0 -1 0
    outer loop
      vertex 0.00566483 -0.0603991 -0.0647526
      vertex 0.00182724 -0.0603991 -0.0138798
      vertex 0 -0.0603991 -0.0139999
    endloop
  endfacet
  facet normal 0 -1 0
    outer loop
      vertex -0.0417805 -0.0603991 -0.0497923
      vertex -0.00989914 -0.0603991 -0.00989914
      vertex -0.0459614 -0.0603991 -0.0459614
    endloop
  endfacet
  facet normal 0 -1 0
    outer loop
      vertex 0.0135221 -0.0603991 -0.00362301
      vertex 0.0627851 -0.0603991 -0.0168228
      vertex 0.0640116 -0.0603991 -0.0112867
    endloop
  endfacet
  facet normal 0 -1 -0
    outer loop
      vertex -0.00989914 -0.0603991 -0.00989914
      vertex -0.0417805 -0.0603991 -0.0497923
      vertex -0.00852203 -0.0603991 -0.0111065
    endloop
  endfacet
  facet normal 0 -1 0
    outer loop
      vertex 0.0135221 -0.0603991 -0.00362301
      vertex 0.06108 -0.0603991 -0.0222311
      vertex 0.0627851 -0.0603991 -0.0168228
    endloop
  endfacet
  facet normal 0 -1 0
    outer loop
      vertex -0.037282 -0.0603991 -0.0532446
      vertex -0.00852203 -0.0603991 -0.0111065
      vertex -0.0417805 -0.0603991 -0.0497923
    endloop
  endfacet
  facet normal 0 -1 0
    outer loop
      vertex 0.0129337 -0.0603991 -0.00535679
      vertex 0.0589094 -0.0603991 -0.0274696
      vertex 0.06108 -0.0603991 -0.0222311
    endloop
  endfacet
  facet normal 0 -1 -0
    outer loop
      vertex -0.00852203 -0.0603991 -0.0111065
      vertex -0.037282 -0.0603991 -0.0532446
      vertex -0.00699997 -0.0603991 -0.0121241
    endloop
  endfacet
  facet normal 0 -1 0
    outer loop
      vertex 0.0121241 -0.0603991 -0.00699997
      vertex 0.0562916 -0.0603991 -0.0324993
      vertex 0.0589094 -0.0603991 -0.0274696
    endloop
  endfacet
  facet normal 0 -1 0
    outer loop
      vertex -0.0324993 -0.0603991 -0.0562916
      vertex -0.00699997 -0.0603991 -0.0121241
      vertex -0.037282 -0.0603991 -0.0532446
    endloop
  endfacet
  facet normal 0 -1 0
    outer loop
      vertex 0.0121241 -0.0603991 -0.00699997
      vertex 0.0532446 -0.0603991 -0.037282
      vertex 0.0562916 -0.0603991 -0.0324993
    endloop
  endfacet
  facet normal 0 -1 0
    outer loop
      vertex -0.0274696 -0.0603991 -0.0589094
      vertex -0.00699997 -0.0603991 -0.0121241
      vertex -0.0324993 -0.0603991 -0.0562916
    endloop
  endfacet
  facet normal 0 -1 0
    outer loop
      vertex 0.0111065 -0.0603991 -0.00852203
      vertex 0.0497923 -0.0603991 -0.0417805
      vertex 0.0532446 -0.0603991 -0.037282
    endloop
  endfacet
  facet normal 0 -1 -0
    outer loop
      vertex -0.00699997 -0.0603991 -0.0121241
      vertex -0.0274696 -0.0603991 -0.0589094
      vertex -0.00535679 -0.0603991 -0.0129337
    endloop
  endfacet
  facet normal 0 -1 0
    outer loop
      vertex 0.00989914 -0.0603991 -0.00989914
      vertex 0.0459614 -0.0603991 -0.0459614
      vertex 0.0497923 -0.0603991 -0.0417805
    endloop
  endfacet
  facet normal 0 -1 0
    outer loop
      vertex -0.0222311 -0.0603991 -0.06108
      vertex -0.00535679 -0.0603991 -0.0129337
      vertex -0.0274696 -0.0603991 -0.0589094
    endloop
  endfacet
  facet normal 0 -1 0
    outer loop
      vertex 0.00989914 -0.0603991 -0.00989914
      vertex 0.0417805 -0.0603991 -0.0497923
      vertex 0.0459614 -0.0603991 -0.0459614
    endloop
  endfacet
  facet normal 0 -1 -0
    outer loop
      vertex -0.00535679 -0.0603991 -0.0129337
      vertex -0.0222311 -0.0603991 -0.06108
      vertex -0.00362301 -0.0603991 -0.0135221
    endloop
  endfacet
  facet normal 0 -1 0
    outer loop
      vertex 0.00852203 -0.0603991 -0.0111065
      vertex 0.037282 -0.0603991 -0.0532446
      vertex 0.0417805 -0.0603991 -0.0497923
    endloop
  endfacet
  facet normal 0 -1 0
    outer loop
      vertex -0.0168228 -0.0603991 -0.0627851
      vertex -0.00362301 -0.0603991 -0.0135221
      vertex -0.0222311 -0.0603991 -0.06108
    endloop
  endfacet
  facet normal 0 -1 0
    outer loop
      vertex 0.00699997 -0.0603991 -0.0121241
      vertex 0.0324993 -0.0603991 -0.0562916
      vertex 0.037282 -0.0603991 -0.0532446
    endloop
  endfacet
  facet normal 0 -1 0
    outer loop
      vertex -0.0112867 -0.0603991 -0.0640116
      vertex -0.00362301 -0.0603991 -0.0135221
      vertex -0.0168228 -0.0603991 -0.0627851
    endloop
  endfacet
  facet normal 0 -1 0
    outer loop
      vertex 0.00699997 -0.0603991 -0.0121241
      vertex 0.0274696 -0.0603991 -0.0589094
      vertex 0.0324993 -0.0603991 -0.0562916
    endloop
  endfacet
  facet normal 0 -1 -0
    outer loop
      vertex -0.00362301 -0.0603991 -0.0135221
      vertex -0.0112867 -0.0603991 -0.0640116
      vertex -0.00182724 -0.0603991 -0.0138798
    endloop
  endfacet
  facet normal 0 -1 0
    outer loop
      vertex 0.00535679 -0.0603991 -0.0129337
      vertex 0.0222311 -0.0603991 -0.06108
      vertex 0.0274696 -0.0603991 -0.0589094
    endloop
  endfacet
  facet normal 0 -1 0
    outer loop
      vertex -0.00566483 -0.0603991 -0.0647526
      vertex -0.00182724 -0.0603991 -0.0138798
      vertex -0.0112867 -0.0603991 -0.0640116
    endloop
  endfacet
  facet normal 0 -1 0
    outer loop
      vertex 0.00362301 -0.0603991 -0.0135221
      vertex 0.0168228 -0.0603991 -0.0627851
      vertex 0.0222311 -0.0603991 -0.06108
    endloop
  endfacet
  facet normal 0 -1 -0
    outer loop
      vertex -0.00182724 -0.0603991 -0.0138798
      vertex -0.00566483 -0.0603991 -0.0647526
      vertex 0 -0.0603991 -0.0139999
    endloop
  endfacet
  facet normal 0 -1 0
    outer loop
      vertex 0.00362301 -0.0603991 -0.0135221
      vertex 0.0112867 -0.0603991 -0.0640116
      vertex 0.0168228 -0.0603991 -0.0627851
    endloop
  endfacet
  facet normal 0 -1 0
    outer loop
      vertex 0 -0.0603991 -0.0649996
      vertex 0 -0.0603991 -0.0139999
      vertex -0.00566483 -0.0603991 -0.0647526
    endloop
  endfacet
  facet normal 0 -1 0
    outer loop
      vertex 0.00182724 -0.0603991 -0.0138798
      vertex 0.00566483 -0.0603991 -0.0647526
      vertex 0.0112867 -0.0603991 -0.0640116
    endloop
  endfacet
  facet normal 0 -1 0
    outer loop
      vertex 0 -0.0603991 -0.0139999
      vertex 0 -0.0603991 -0.0649996
      vertex 0.00566483 -0.0603991 -0.0647526
    endloop
  endfacet
  facet normal -0.737294 6.7812e-08 0.675572
    outer loop
      vertex -0.0497923 0.0604 0.0417805
      vertex -0.0479896 0.0493997 0.0437479
      vertex -0.0459614 0.0604 0.0459614
    endloop
  endfacet
  facet normal -0.737294 0 0.675572
    outer loop
      vertex -0.0497923 0.0604 0.0417805
      vertex -0.0479896 0.0414003 0.0437479
      vertex -0.0479896 0.0493997 0.0437479
    endloop
  endfacet
  facet normal -0.737294 0 0.675572
    outer loop
      vertex -0.0497923 -0.0603991 0.0417805
      vertex -0.0479896 0.0414003 0.0437479
      vertex -0.0497923 0.0604 0.0417805
    endloop
  endfacet
  facet normal -0.737294 -7.32767e-09 0.675572
    outer loop
      vertex -0.0459614 -0.0603991 0.0459614
      vertex -0.0479896 0.0414003 0.0437479
      vertex -0.0497923 -0.0603991 0.0417805
    endloop
  endfacet
  facet normal -0.737294 0 0.675572
    outer loop
      vertex -0.0479896 0.0414003 0.0437479
      vertex -0.0459614 -0.0603991 0.0459614
      vertex -0.0459614 0.0414003 0.0459614
    endloop
  endfacet
  facet normal -0.737294 0 0.675572
    outer loop
      vertex -0.0459614 0.0604 0.0459614
      vertex -0.0479896 0.0493997 0.0437479
      vertex -0.0459614 0.0493997 0.0459614
    endloop
  endfacet
  facet normal 0.737294 0 0.675572
    outer loop
      vertex 0.0459614 0.0414003 0.0459614
      vertex 0.0459614 -0.0603991 0.0459614
      vertex 0.0479896 0.0414003 0.0437479
    endloop
  endfacet
  facet normal 0.737294 0 0.675572
    outer loop
      vertex 0.0479896 0.0493997 0.0437479
      vertex 0.0459614 0.0604 0.0459614
      vertex 0.0459614 0.0493997 0.0459614
    endloop
  endfacet
  facet normal 0.737294 6.7812e-08 0.675572
    outer loop
      vertex 0.0459614 0.0604 0.0459614
      vertex 0.0479896 0.0493997 0.0437479
      vertex 0.0497923 0.0604 0.0417805
    endloop
  endfacet
  facet normal 0.737294 -0 0.675572
    outer loop
      vertex 0.0479896 0.0414003 0.0437479
      vertex 0.0497923 0.0604 0.0417805
      vertex 0.0479896 0.0493997 0.0437479
    endloop
  endfacet
  facet normal 0.737294 -7.32767e-09 0.675572
    outer loop
      vertex 0.0497923 -0.0603991 0.0417805
      vertex 0.0479896 0.0414003 0.0437479
      vertex 0.0459614 -0.0603991 0.0459614
    endloop
  endfacet
  facet normal 0.737294 0 0.675572
    outer loop
      vertex 0.0479896 0.0414003 0.0437479
      vertex 0.0497923 -0.0603991 0.0417805
      vertex 0.0497923 0.0604 0.0417805
    endloop
  endfacet
  facet normal 0.887047 -0 0.46168
    outer loop
      vertex 0.0562916 -0.0603991 0.0324993
      vertex 0.0589094 0.0604 0.0274696
      vertex 0.0562916 0.0604 0.0324993
    endloop
  endfacet
  facet normal 0.887047 0 0.46168
    outer loop
      vertex 0.0589094 0.0604 0.0274696
      vertex 0.0562916 -0.0603991 0.0324993
      vertex 0.0589094 -0.0603991 0.0274696
    endloop
  endfacet
  facet normal 0.382795 0 0.923833
    outer loop
      vertex 0.0222311 0.0604 0.06108
      vertex 0.0274696 -0.0603991 0.0589094
      vertex 0.0274696 0.0604 0.0589094
    endloop
  endfacet
  facet normal 0.382795 0 0.923833
    outer loop
      vertex 0.0274696 -0.0603991 0.0589094
      vertex 0.0222311 0.0604 0.06108
      vertex 0.0222311 -0.0603991 0.06108
    endloop
  endfacet
  facet normal 0.300685 0 0.953724
    outer loop
      vertex 0.0168228 0.0604 0.0627851
      vertex 0.0222311 -0.0603991 0.06108
      vertex 0.0222311 0.0604 0.06108
    endloop
  endfacet
  facet normal 0.300685 0 0.953724
    outer loop
      vertex 0.0222311 -0.0603991 0.06108
      vertex 0.0168228 0.0604 0.0627851
      vertex 0.0168228 -0.0603991 0.0627851
    endloop
  endfacet
  facet normal 0.461671 0 0.887051
    outer loop
      vertex 0.0324993 0.0604 0.0562916
      vertex 0.031612 0.0483198 0.0567534
      vertex 0.0324993 0.0483198 0.0562916
    endloop
  endfacet
  facet normal 0.461682 0 0.887046
    outer loop
      vertex 0.031612 0.0483198 0.0567534
      vertex 0.0274696 0.0604 0.0589094
      vertex 0.031612 -0.0483198 0.0567534
    endloop
  endfacet
  facet normal 0.46168 -8.53764e-07 0.887047
    outer loop
      vertex 0.0274696 0.0604 0.0589094
      vertex 0.031612 0.0483198 0.0567534
      vertex 0.0324993 0.0604 0.0562916
    endloop
  endfacet
  facet normal 0.461671 0 0.887051
    outer loop
      vertex 0.031612 -0.0483198 0.0567534
      vertex 0.0324993 -0.0603991 0.0562916
      vertex 0.0324993 -0.0483198 0.0562916
    endloop
  endfacet
  facet normal 0.46168 8.53827e-07 0.887047
    outer loop
      vertex 0.031612 -0.0483198 0.0567534
      vertex 0.0274696 -0.0603991 0.0589094
      vertex 0.0324993 -0.0603991 0.0562916
    endloop
  endfacet
  facet normal 0.461682 -0 0.887046
    outer loop
      vertex 0.0274696 -0.0603991 0.0589094
      vertex 0.031612 -0.0483198 0.0567534
      vertex 0.0274696 0.0604 0.0589094
    endloop
  endfacet
  facet normal 0.976327 -0 0.216301
    outer loop
      vertex 0.0627851 -0.0603991 0.0168228
      vertex 0.0640116 0.0604 0.0112867
      vertex 0.0627851 0.0604 0.0168228
    endloop
  endfacet
  facet normal 0.976327 0 0.216301
    outer loop
      vertex 0.0640116 0.0604 0.0112867
      vertex 0.0627851 -0.0603991 0.0168228
      vertex 0.0640116 -0.0603991 0.0112867
    endloop
  endfacet
  facet normal -0.043561 0 0.999051
    outer loop
      vertex -0.00566483 0.0604 0.0647526
      vertex 0 -0.0603991 0.0649996
      vertex 0 0.0604 0.0649996
    endloop
  endfacet
  facet normal -0.043561 0 0.999051
    outer loop
      vertex 0 -0.0603991 0.0649996
      vertex -0.00566483 0.0604 0.0647526
      vertex -0.00566483 -0.0603991 0.0647526
    endloop
  endfacet
  facet normal -0.537302 0 0.84339
    outer loop
      vertex -0.0324993 0.0604 0.0562916
      vertex -0.0333441 0.0483198 0.0557534
      vertex -0.0324993 0.0483198 0.0562916
    endloop
  endfacet
  facet normal -0.537312 0 0.843384
    outer loop
      vertex -0.0333441 0.0483198 0.0557534
      vertex -0.037282 0.0604 0.0532446
      vertex -0.0333441 -0.0483198 0.0557534
    endloop
  endfacet
  facet normal -0.53731 8.24175e-07 0.843385
    outer loop
      vertex -0.037282 0.0604 0.0532446
      vertex -0.0333441 0.0483198 0.0557534
      vertex -0.0324993 0.0604 0.0562916
    endloop
  endfacet
  facet normal -0.537302 0 0.84339
    outer loop
      vertex -0.0333441 -0.0483198 0.0557534
      vertex -0.0324993 -0.0603991 0.0562916
      vertex -0.0324993 -0.0483198 0.0562916
    endloop
  endfacet
  facet normal -0.53731 -8.24236e-07 0.843385
    outer loop
      vertex -0.0333441 -0.0483198 0.0557534
      vertex -0.037282 -0.0603991 0.0532446
      vertex -0.0324993 -0.0603991 0.0562916
    endloop
  endfacet
  facet normal -0.537312 0 0.843384
    outer loop
      vertex -0.037282 -0.0603991 0.0532446
      vertex -0.0333441 -0.0483198 0.0557534
      vertex -0.037282 0.0604 0.0532446
    endloop
  endfacet
  facet normal -0.300685 0 0.953724
    outer loop
      vertex -0.0222311 0.0604 0.06108
      vertex -0.0168228 -0.0603991 0.0627851
      vertex -0.0168228 0.0604 0.0627851
    endloop
  endfacet
  facet normal -0.300685 0 0.953724
    outer loop
      vertex -0.0168228 -0.0603991 0.0627851
      vertex -0.0222311 0.0604 0.06108
      vertex -0.0222311 -0.0603991 0.06108
    endloop
  endfacet
  facet normal -0.991425 0 0.130676
    outer loop
      vertex -0.0647526 -0.0603991 0.00566483
      vertex -0.0640116 0.0604 0.0112867
      vertex -0.0647526 0.0604 0.00566483
    endloop
  endfacet
  facet normal -0.991425 0 0.130676
    outer loop
      vertex -0.0640116 0.0604 0.0112867
      vertex -0.0647526 -0.0603991 0.00566483
      vertex -0.0640116 -0.0603991 0.0112867
    endloop
  endfacet
  facet normal -0.99905 0 0.0435825
    outer loop
      vertex -0.0649996 -0.0483198 0
      vertex -0.0649996 -0.0603991 0
      vertex -0.064956 -0.0483198 0.000999451
    endloop
  endfacet
  facet normal -0.99905 0 0.0435825
    outer loop
      vertex -0.064956 0.0483198 0.000999451
      vertex -0.0649996 0.0604 0
      vertex -0.0649996 0.0483198 0
    endloop
  endfacet
  facet normal -0.999051 -1.78388e-06 0.043561
    outer loop
      vertex -0.0649996 0.0604 0
      vertex -0.064956 0.0483198 0.000999451
      vertex -0.0647526 0.0604 0.00566483
    endloop
  endfacet
  facet normal -0.999051 0 0.0435564
    outer loop
      vertex -0.064956 -0.0483198 0.000999451
      vertex -0.0647526 0.0604 0.00566483
      vertex -0.064956 0.0483198 0.000999451
    endloop
  endfacet
  facet normal -0.999051 0 0.0435564
    outer loop
      vertex -0.064956 -0.0483198 0.000999451
      vertex -0.0647526 -0.0603991 0.00566483
      vertex -0.0647526 0.0604 0.00566483
    endloop
  endfacet
  facet normal -0.999051 1.78401e-06 0.043561
    outer loop
      vertex -0.0647526 -0.0603991 0.00566483
      vertex -0.064956 -0.0483198 0.000999451
      vertex -0.0649996 -0.0603991 0
    endloop
  endfacet
  facet normal -0.843385 0 0.53731
    outer loop
      vertex -0.0562916 -0.0603991 0.0324993
      vertex -0.0532446 0.0604 0.037282
      vertex -0.0562916 0.0604 0.0324993
    endloop
  endfacet
  facet normal -0.843385 0 0.53731
    outer loop
      vertex -0.0532446 0.0604 0.037282
      vertex -0.0562916 -0.0603991 0.0324993
      vertex -0.0532446 -0.0603991 0.037282
    endloop
  endfacet
  facet normal 0.843385 -0 0.53731
    outer loop
      vertex 0.0532446 -0.0603991 0.037282
      vertex 0.0562916 0.0604 0.0324993
      vertex 0.0532446 0.0604 0.037282
    endloop
  endfacet
  facet normal 0.843385 0 0.53731
    outer loop
      vertex 0.0562916 0.0604 0.0324993
      vertex 0.0532446 -0.0603991 0.037282
      vertex 0.0562916 -0.0603991 0.0324993
    endloop
  endfacet
  facet normal 0.923833 -0 0.382795
    outer loop
      vertex 0.0589094 -0.0603991 0.0274696
      vertex 0.06108 0.0604 0.0222311
      vertex 0.0589094 0.0604 0.0274696
    endloop
  endfacet
  facet normal 0.923833 0 0.382795
    outer loop
      vertex 0.06108 0.0604 0.0222311
      vertex 0.0589094 -0.0603991 0.0274696
      vertex 0.06108 -0.0603991 0.0222311
    endloop
  endfacet
  facet normal 0.216301 0 0.976327
    outer loop
      vertex 0.0112867 0.0604 0.0640116
      vertex 0.0168228 -0.0603991 0.0627851
      vertex 0.0168228 0.0604 0.0627851
    endloop
  endfacet
  facet normal 0.216301 0 0.976327
    outer loop
      vertex 0.0168228 -0.0603991 0.0627851
      vertex 0.0112867 0.0604 0.0640116
      vertex 0.0112867 -0.0603991 0.0640116
    endloop
  endfacet
  facet normal 0.130676 0 0.991425
    outer loop
      vertex 0.00566483 0.0604 0.0647526
      vertex 0.0112867 -0.0603991 0.0640116
      vertex 0.0112867 0.0604 0.0640116
    endloop
  endfacet
  facet normal 0.130676 0 0.991425
    outer loop
      vertex 0.0112867 -0.0603991 0.0640116
      vertex 0.00566483 0.0604 0.0647526
      vertex 0.00566483 -0.0603991 0.0647526
    endloop
  endfacet
  facet normal 0.991425 -0 0.130676
    outer loop
      vertex 0.0640116 -0.0603991 0.0112867
      vertex 0.0647526 0.0604 0.00566483
      vertex 0.0640116 0.0604 0.0112867
    endloop
  endfacet
  facet normal 0.991425 0 0.130676
    outer loop
      vertex 0.0647526 0.0604 0.00566483
      vertex 0.0640116 -0.0603991 0.0112867
      vertex 0.0647526 -0.0603991 0.00566483
    endloop
  endfacet
  facet normal -0.608815 0 0.793312
    outer loop
      vertex -0.0417805 0.0604 0.0497923
      vertex -0.037282 -0.0603991 0.0532446
      vertex -0.037282 0.0604 0.0532446
    endloop
  endfacet
  facet normal -0.608815 0 0.793312
    outer loop
      vertex -0.037282 -0.0603991 0.0532446
      vertex -0.0417805 0.0604 0.0497923
      vertex -0.0417805 -0.0603991 0.0497923
    endloop
  endfacet
  facet normal -0.461682 0 0.887046
    outer loop
      vertex -0.0274696 0.0604 0.0589094
      vertex -0.031612 0.0483198 0.0567534
      vertex -0.0274696 -0.0603991 0.0589094
    endloop
  endfacet
  facet normal -0.46168 -8.53764e-07 0.887047
    outer loop
      vertex -0.0324993 0.0604 0.0562916
      vertex -0.031612 0.0483198 0.0567534
      vertex -0.0274696 0.0604 0.0589094
    endloop
  endfacet
  facet normal -0.461671 0 0.887051
    outer loop
      vertex -0.031612 0.0483198 0.0567534
      vertex -0.0324993 0.0604 0.0562916
      vertex -0.0324993 0.0483198 0.0562916
    endloop
  endfacet
  facet normal -0.461682 0 0.887046
    outer loop
      vertex -0.031612 -0.0483198 0.0567534
      vertex -0.0274696 -0.0603991 0.0589094
      vertex -0.031612 0.0483198 0.0567534
    endloop
  endfacet
  facet normal -0.461671 0 0.887051
    outer loop
      vertex -0.0324993 -0.0603991 0.0562916
      vertex -0.031612 -0.0483198 0.0567534
      vertex -0.0324993 -0.0483198 0.0562916
    endloop
  endfacet
  facet normal -0.46168 8.53827e-07 0.887047
    outer loop
      vertex -0.031612 -0.0483198 0.0567534
      vertex -0.0324993 -0.0603991 0.0562916
      vertex -0.0274696 -0.0603991 0.0589094
    endloop
  endfacet
  facet normal -0.216301 0 0.976327
    outer loop
      vertex -0.0168228 0.0604 0.0627851
      vertex -0.0112867 -0.0603991 0.0640116
      vertex -0.0112867 0.0604 0.0640116
    endloop
  endfacet
  facet normal -0.216301 0 0.976327
    outer loop
      vertex -0.0112867 -0.0603991 0.0640116
      vertex -0.0168228 0.0604 0.0627851
      vertex -0.0168228 -0.0603991 0.0627851
    endloop
  endfacet
  facet normal -0.887047 0 0.46168
    outer loop
      vertex -0.0589094 -0.0603991 0.0274696
      vertex -0.0562916 0.0604 0.0324993
      vertex -0.0589094 0.0604 0.0274696
    endloop
  endfacet
  facet normal -0.887047 0 0.46168
    outer loop
      vertex -0.0562916 0.0604 0.0324993
      vertex -0.0589094 -0.0603991 0.0274696
      vertex -0.0562916 -0.0603991 0.0324993
    endloop
  endfacet
  facet normal 0.675572 0 0.737294
    outer loop
      vertex 0.0459614 0.0604 0.0459614
      vertex 0.0437479 0.0493997 0.0479896
      vertex 0.0459614 0.0493997 0.0459614
    endloop
  endfacet
  facet normal 0.675572 0 0.737294
    outer loop
      vertex 0.0437479 0.0493997 0.0479896
      vertex 0.0417805 0.0604 0.0497923
      vertex 0.0437479 0.0414003 0.0479896
    endloop
  endfacet
  facet normal 0.675572 6.7812e-08 0.737294
    outer loop
      vertex 0.0417805 0.0604 0.0497923
      vertex 0.0437479 0.0493997 0.0479896
      vertex 0.0459614 0.0604 0.0459614
    endloop
  endfacet
  facet normal 0.675572 0 0.737294
    outer loop
      vertex 0.0437479 0.0414003 0.0479896
      vertex 0.0459614 -0.0603991 0.0459614
      vertex 0.0459614 0.0414003 0.0459614
    endloop
  endfacet
  facet normal 0.675572 -0 0.737294
    outer loop
      vertex 0.0417805 -0.0603991 0.0497923
      vertex 0.0437479 0.0414003 0.0479896
      vertex 0.0417805 0.0604 0.0497923
    endloop
  endfacet
  facet normal 0.675572 -7.32767e-09 0.737294
    outer loop
      vertex 0.0437479 0.0414003 0.0479896
      vertex 0.0417805 -0.0603991 0.0497923
      vertex 0.0459614 -0.0603991 0.0459614
    endloop
  endfacet
  facet normal 0.608815 0 0.793312
    outer loop
      vertex 0.037282 0.0604 0.0532446
      vertex 0.0417805 -0.0603991 0.0497923
      vertex 0.0417805 0.0604 0.0497923
    endloop
  endfacet
  facet normal 0.608815 0 0.793312
    outer loop
      vertex 0.0417805 -0.0603991 0.0497923
      vertex 0.037282 0.0604 0.0532446
      vertex 0.037282 -0.0603991 0.0532446
    endloop
  endfacet
  facet normal -0.382795 0 0.923833
    outer loop
      vertex -0.0274696 0.0604 0.0589094
      vertex -0.0222311 -0.0603991 0.06108
      vertex -0.0222311 0.0604 0.06108
    endloop
  endfacet
  facet normal -0.382795 0 0.923833
    outer loop
      vertex -0.0222311 -0.0603991 0.06108
      vertex -0.0274696 0.0604 0.0589094
      vertex -0.0274696 -0.0603991 0.0589094
    endloop
  endfacet
  facet normal -0.130676 0 0.991425
    outer loop
      vertex -0.0112867 0.0604 0.0640116
      vertex -0.00566483 -0.0603991 0.0647526
      vertex -0.00566483 0.0604 0.0647526
    endloop
  endfacet
  facet normal -0.130676 0 0.991425
    outer loop
      vertex -0.00566483 -0.0603991 0.0647526
      vertex -0.0112867 0.0604 0.0640116
      vertex -0.0112867 -0.0603991 0.0640116
    endloop
  endfacet
  facet normal -0.999043 0 0.0437334
    outer loop
      vertex 0.0607672 -0.0563993 -0.00531578
      vertex 0.0609999 0.0563993 0
      vertex 0.0607672 0.0563993 -0.00531578
    endloop
  endfacet
  facet normal -0.999043 0 0.0437334
    outer loop
      vertex 0.0609999 0.0563993 0
      vertex 0.0607672 -0.0563993 -0.00531578
      vertex 0.0609999 -0.0563993 0
    endloop
  endfacet
  facet normal 0.999043 -0 0.0437334
    outer loop
      vertex -0.0609999 -0.0563993 0
      vertex -0.0607672 0.0563993 -0.00531578
      vertex -0.0609999 0.0563993 0
    endloop
  endfacet
  facet normal 0.999043 0 0.0437334
    outer loop
      vertex -0.0607672 0.0563993 -0.00531578
      vertex -0.0609999 -0.0563993 0
      vertex -0.0607672 -0.0563993 -0.00531578
    endloop
  endfacet
  facet normal -0.0437334 0 0.999043
    outer loop
      vertex 0 0.0563993 -0.0609999
      vertex 0.00531578 -0.0563993 -0.0607672
      vertex 0.00531578 0.0563993 -0.0607672
    endloop
  endfacet
  facet normal -0.0437334 0 0.999043
    outer loop
      vertex 0.00531578 -0.0563993 -0.0607672
      vertex 0 0.0563993 -0.0609999
      vertex 0 -0.0563993 -0.0609999
    endloop
  endfacet
  facet normal -0.675607 0 0.737262
    outer loop
      vertex 0.0392094 0.0563993 -0.0467281
      vertex 0.0431328 -0.0563993 -0.0431328
      vertex 0.0431328 0.0563993 -0.0431328
    endloop
  endfacet
  facet normal -0.675607 0 0.737262
    outer loop
      vertex 0.0431328 -0.0563993 -0.0431328
      vertex 0.0392094 0.0563993 -0.0467281
      vertex 0.0392094 -0.0563993 -0.0467281
    endloop
  endfacet
  facet normal 0.675607 0 0.737262
    outer loop
      vertex -0.0431328 0.0563993 -0.0431328
      vertex -0.0392094 -0.0563993 -0.0467281
      vertex -0.0392094 0.0563993 -0.0467281
    endloop
  endfacet
  facet normal 0.675607 0 0.737262
    outer loop
      vertex -0.0392094 -0.0563993 -0.0467281
      vertex -0.0431328 0.0563993 -0.0431328
      vertex -0.0431328 -0.0563993 -0.0431328
    endloop
  endfacet
  facet normal 0.382642 0 0.923897
    outer loop
      vertex -0.0257788 0.0563993 -0.0552845
      vertex -0.0208626 -0.0563993 -0.0573206
      vertex -0.0208626 0.0563993 -0.0573206
    endloop
  endfacet
  facet normal 0.382642 0 0.923897
    outer loop
      vertex -0.0208626 -0.0563993 -0.0573206
      vertex -0.0257788 0.0563993 -0.0552845
      vertex -0.0257788 -0.0563993 -0.0552845
    endloop
  endfacet
  facet normal -0.923897 0 0.382642
    outer loop
      vertex 0.0552845 -0.0563993 -0.0257788
      vertex 0.0573206 0.0563993 -0.0208626
      vertex 0.0552845 0.0563993 -0.0257788
    endloop
  endfacet
  facet normal -0.923897 0 0.382642
    outer loop
      vertex 0.0573206 0.0563993 -0.0208626
      vertex 0.0552845 -0.0563993 -0.0257788
      vertex 0.0573206 -0.0563993 -0.0208626
    endloop
  endfacet
  facet normal -0.382642 0 0.923897
    outer loop
      vertex 0.0208626 0.0563993 -0.0573206
      vertex 0.0257788 -0.0563993 -0.0552845
      vertex 0.0257788 0.0563993 -0.0552845
    endloop
  endfacet
  facet normal -0.382642 0 0.923897
    outer loop
      vertex 0.0257788 -0.0563993 -0.0552845
      vertex 0.0208626 0.0563993 -0.0573206
      vertex 0.0208626 -0.0563993 -0.0573206
    endloop
  endfacet
  facet normal -0.537299 0 0.843392
    outer loop
      vertex 0.0304995 0.0563993 -0.0528269
      vertex 0.0349874 -0.0563993 -0.0499678
      vertex 0.0349874 0.0563993 -0.0499678
    endloop
  endfacet
  facet normal -0.537299 0 0.843392
    outer loop
      vertex 0.0349874 -0.0563993 -0.0499678
      vertex 0.0304995 0.0563993 -0.0528269
      vertex 0.0304995 -0.0563993 -0.0528269
    endloop
  endfacet
  facet normal 0.886999 -0 0.461772
    outer loop
      vertex -0.0552845 -0.0563993 -0.0257788
      vertex -0.0528269 0.0563993 -0.0304995
      vertex -0.0552845 0.0563993 -0.0257788
    endloop
  endfacet
  facet normal 0.886999 0 0.461772
    outer loop
      vertex -0.0528269 0.0563993 -0.0304995
      vertex -0.0552845 -0.0563993 -0.0257788
      vertex -0.0528269 -0.0563993 -0.0304995
    endloop
  endfacet
  facet normal 0.130454 0 0.991454
    outer loop
      vertex -0.0105925 0.0563993 -0.0600729
      vertex -0.00531578 -0.0563993 -0.0607672
      vertex -0.00531578 0.0563993 -0.0607672
    endloop
  endfacet
  facet normal 0.130454 0 0.991454
    outer loop
      vertex -0.00531578 -0.0563993 -0.0607672
      vertex -0.0105925 0.0563993 -0.0600729
      vertex -0.0105925 -0.0563993 -0.0600729
    endloop
  endfacet
  facet normal -0.923897 0 -0.382642
    outer loop
      vertex 0.0573206 -0.0563993 0.0208626
      vertex 0.0552845 0.0563993 0.0257788
      vertex 0.0573206 0.0563993 0.0208626
    endloop
  endfacet
  facet normal -0.923897 -0 -0.382642
    outer loop
      vertex 0.0552845 0.0563993 0.0257788
      vertex 0.0573206 -0.0563993 0.0208626
      vertex 0.0552845 -0.0563993 0.0257788
    endloop
  endfacet
  facet normal -0.953717 0 -0.300706
    outer loop
      vertex 0.0589209 -0.0563993 0.0157871
      vertex 0.0573206 0.0563993 0.0208626
      vertex 0.0589209 0.0563993 0.0157871
    endloop
  endfacet
  facet normal -0.953717 -0 -0.300706
    outer loop
      vertex 0.0573206 0.0563993 0.0208626
      vertex 0.0589209 -0.0563993 0.0157871
      vertex 0.0573206 -0.0563993 0.0208626
    endloop
  endfacet
  facet normal 0.737262 0 -0.675607
    outer loop
      vertex -0.0431328 -0.0563993 0.0431328
      vertex -0.0467281 0.0563993 0.0392094
      vertex -0.0431328 0.0563993 0.0431328
    endloop
  endfacet
  facet normal 0.737262 0 -0.675607
    outer loop
      vertex -0.0467281 0.0563993 0.0392094
      vertex -0.0431328 -0.0563993 0.0431328
      vertex -0.0467281 -0.0563993 0.0392094
    endloop
  endfacet
  facet normal 0.923897 0 -0.382642
    outer loop
      vertex -0.0552845 -0.0563993 0.0257788
      vertex -0.0573206 0.0563993 0.0208626
      vertex -0.0552845 0.0563993 0.0257788
    endloop
  endfacet
  facet normal 0.923897 0 -0.382642
    outer loop
      vertex -0.0573206 0.0563993 0.0208626
      vertex -0.0552845 -0.0563993 0.0257788
      vertex -0.0573206 -0.0563993 0.0208626
    endloop
  endfacet
  facet normal -0.976281 0 0.216509
    outer loop
      vertex 0.0589209 -0.0563993 -0.0157871
      vertex 0.0600729 0.0563993 -0.0105925
      vertex 0.0589209 0.0563993 -0.0157871
    endloop
  endfacet
  facet normal -0.976281 0 0.216509
    outer loop
      vertex 0.0600729 0.0563993 -0.0105925
      vertex 0.0589209 -0.0563993 -0.0157871
      vertex 0.0600729 -0.0563993 -0.0105925
    endloop
  endfacet
  facet normal -0.991454 0 0.130454
    outer loop
      vertex 0.0600729 -0.0563993 -0.0105925
      vertex 0.0607672 0.0563993 -0.00531578
      vertex 0.0600729 0.0563993 -0.0105925
    endloop
  endfacet
  facet normal -0.991454 0 0.130454
    outer loop
      vertex 0.0607672 0.0563993 -0.00531578
      vertex 0.0600729 -0.0563993 -0.0105925
      vertex 0.0607672 -0.0563993 -0.00531578
    endloop
  endfacet
  facet normal -0.953717 0 0.300706
    outer loop
      vertex 0.0573206 -0.0563993 -0.0208626
      vertex 0.0589209 0.0563993 -0.0157871
      vertex 0.0573206 0.0563993 -0.0208626
    endloop
  endfacet
  facet normal -0.953717 0 0.300706
    outer loop
      vertex 0.0589209 0.0563993 -0.0157871
      vertex 0.0573206 -0.0563993 -0.0208626
      vertex 0.0589209 -0.0563993 -0.0157871
    endloop
  endfacet
  facet normal -0.843392 0 0.537299
    outer loop
      vertex 0.0499678 -0.0563993 -0.0349874
      vertex 0.0528269 0.0563993 -0.0304995
      vertex 0.0499678 0.0563993 -0.0349874
    endloop
  endfacet
  facet normal -0.843392 0 0.537299
    outer loop
      vertex 0.0528269 0.0563993 -0.0304995
      vertex 0.0499678 -0.0563993 -0.0349874
      vertex 0.0528269 -0.0563993 -0.0304995
    endloop
  endfacet
  facet normal -0.793349 0 0.608767
    outer loop
      vertex 0.0467281 -0.0563993 -0.0392094
      vertex 0.0499678 0.0563993 -0.0349874
      vertex 0.0467281 0.0563993 -0.0392094
    endloop
  endfacet
  facet normal -0.793349 0 0.608767
    outer loop
      vertex 0.0499678 0.0563993 -0.0349874
      vertex 0.0467281 -0.0563993 -0.0392094
      vertex 0.0499678 -0.0563993 -0.0349874
    endloop
  endfacet
  facet normal -0.886999 0 0.461772
    outer loop
      vertex 0.0528269 -0.0563993 -0.0304995
      vertex 0.0552845 0.0563993 -0.0257788
      vertex 0.0528269 0.0563993 -0.0304995
    endloop
  endfacet
  facet normal -0.886999 0 0.461772
    outer loop
      vertex 0.0552845 0.0563993 -0.0257788
      vertex 0.0528269 -0.0563993 -0.0304995
      vertex 0.0552845 -0.0563993 -0.0257788
    endloop
  endfacet
  facet normal -0.216509 0 0.976281
    outer loop
      vertex 0.0105925 0.0563993 -0.0600729
      vertex 0.0157871 -0.0563993 -0.0589209
      vertex 0.0157871 0.0563993 -0.0589209
    endloop
  endfacet
  facet normal -0.216509 0 0.976281
    outer loop
      vertex 0.0157871 -0.0563993 -0.0589209
      vertex 0.0105925 0.0563993 -0.0600729
      vertex 0.0105925 -0.0563993 -0.0600729
    endloop
  endfacet
  facet normal -0.300706 0 0.953717
    outer loop
      vertex 0.0157871 0.0563993 -0.0589209
      vertex 0.0208626 -0.0563993 -0.0573206
      vertex 0.0208626 0.0563993 -0.0573206
    endloop
  endfacet
  facet normal -0.300706 0 0.953717
    outer loop
      vertex 0.0208626 -0.0563993 -0.0573206
      vertex 0.0157871 0.0563993 -0.0589209
      vertex 0.0157871 -0.0563993 -0.0589209
    endloop
  endfacet
  facet normal -0.130454 0 0.991454
    outer loop
      vertex 0.00531578 0.0563993 -0.0607672
      vertex 0.0105925 -0.0563993 -0.0600729
      vertex 0.0105925 0.0563993 -0.0600729
    endloop
  endfacet
  facet normal -0.130454 0 0.991454
    outer loop
      vertex 0.0105925 -0.0563993 -0.0600729
      vertex 0.00531578 0.0563993 -0.0607672
      vertex 0.00531578 -0.0563993 -0.0607672
    endloop
  endfacet
  facet normal -0.461772 0 0.886999
    outer loop
      vertex 0.0257788 0.0563993 -0.0552845
      vertex 0.0304995 -0.0563993 -0.0528269
      vertex 0.0304995 0.0563993 -0.0528269
    endloop
  endfacet
  facet normal -0.461772 0 0.886999
    outer loop
      vertex 0.0304995 -0.0563993 -0.0528269
      vertex 0.0257788 0.0563993 -0.0552845
      vertex 0.0257788 -0.0563993 -0.0552845
    endloop
  endfacet
  facet normal -0.608767 0 0.793349
    outer loop
      vertex 0.0349874 0.0563993 -0.0499678
      vertex 0.0392094 -0.0563993 -0.0467281
      vertex 0.0392094 0.0563993 -0.0467281
    endloop
  endfacet
  facet normal -0.608767 0 0.793349
    outer loop
      vertex 0.0392094 -0.0563993 -0.0467281
      vertex 0.0349874 0.0563993 -0.0499678
      vertex 0.0349874 -0.0563993 -0.0499678
    endloop
  endfacet
  facet normal 0.953717 -0 0.300706
    outer loop
      vertex -0.0589209 -0.0563993 -0.0157871
      vertex -0.0573206 0.0563993 -0.0208626
      vertex -0.0589209 0.0563993 -0.0157871
    endloop
  endfacet
  facet normal 0.953717 0 0.300706
    outer loop
      vertex -0.0573206 0.0563993 -0.0208626
      vertex -0.0589209 -0.0563993 -0.0157871
      vertex -0.0573206 -0.0563993 -0.0208626
    endloop
  endfacet
  facet normal 0.793349 -0 0.608767
    outer loop
      vertex -0.0499678 -0.0563993 -0.0349874
      vertex -0.0467281 0.0563993 -0.0392094
      vertex -0.0499678 0.0563993 -0.0349874
    endloop
  endfacet
  facet normal 0.793349 0 0.608767
    outer loop
      vertex -0.0467281 0.0563993 -0.0392094
      vertex -0.0499678 -0.0563993 -0.0349874
      vertex -0.0467281 -0.0563993 -0.0392094
    endloop
  endfacet
  facet normal 0.737262 -0 0.675607
    outer loop
      vertex -0.0467281 -0.0563993 -0.0392094
      vertex -0.0431328 0.0563993 -0.0431328
      vertex -0.0467281 0.0563993 -0.0392094
    endloop
  endfacet
  facet normal 0.737262 0 0.675607
    outer loop
      vertex -0.0431328 0.0563993 -0.0431328
      vertex -0.0467281 -0.0563993 -0.0392094
      vertex -0.0431328 -0.0563993 -0.0431328
    endloop
  endfacet
  facet normal 0.843392 -0 0.537299
    outer loop
      vertex -0.0528269 -0.0563993 -0.0304995
      vertex -0.0499678 0.0563993 -0.0349874
      vertex -0.0528269 0.0563993 -0.0304995
    endloop
  endfacet
  facet normal 0.843392 0 0.537299
    outer loop
      vertex -0.0499678 0.0563993 -0.0349874
      vertex -0.0528269 -0.0563993 -0.0304995
      vertex -0.0499678 -0.0563993 -0.0349874
    endloop
  endfacet
  facet normal 0.923897 -0 0.382642
    outer loop
      vertex -0.0573206 -0.0563993 -0.0208626
      vertex -0.0552845 0.0563993 -0.0257788
      vertex -0.0573206 0.0563993 -0.0208626
    endloop
  endfacet
  facet normal 0.923897 0 0.382642
    outer loop
      vertex -0.0552845 0.0563993 -0.0257788
      vertex -0.0573206 -0.0563993 -0.0208626
      vertex -0.0552845 -0.0563993 -0.0257788
    endloop
  endfacet
  facet normal 0.991454 -0 0.130454
    outer loop
      vertex -0.0607672 -0.0563993 -0.00531578
      vertex -0.0600729 0.0563993 -0.0105925
      vertex -0.0607672 0.0563993 -0.00531578
    endloop
  endfacet
  facet normal 0.991454 0 0.130454
    outer loop
      vertex -0.0600729 0.0563993 -0.0105925
      vertex -0.0607672 -0.0563993 -0.00531578
      vertex -0.0600729 -0.0563993 -0.0105925
    endloop
  endfacet
  facet normal 0 -1 0
    outer loop
      vertex -0.00531578 0.0563993 0.0607672
      vertex 0.00531578 0.0563993 0.0607672
      vertex 0 0.0563993 0.0609999
    endloop
  endfacet
  facet normal 0 -1 0
    outer loop
      vertex -0.0105925 0.0563993 0.0600729
      vertex 0.00531578 0.0563993 0.0607672
      vertex -0.00531578 0.0563993 0.0607672
    endloop
  endfacet
  facet normal 0 -1 0
    outer loop
      vertex -0.0105925 0.0563993 0.0600729
      vertex 0.0105925 0.0563993 0.0600729
      vertex 0.00531578 0.0563993 0.0607672
    endloop
  endfacet
  facet normal 0 -1 0
    outer loop
      vertex -0.0157871 0.0563993 0.0589209
      vertex 0.0105925 0.0563993 0.0600729
      vertex -0.0105925 0.0563993 0.0600729
    endloop
  endfacet
  facet normal 0 -1 0
    outer loop
      vertex -0.0157871 0.0563993 0.0589209
      vertex 0.0157871 0.0563993 0.0589209
      vertex 0.0105925 0.0563993 0.0600729
    endloop
  endfacet
  facet normal 0 -1 0
    outer loop
      vertex -0.0208626 0.0563993 0.0573206
      vertex 0.0157871 0.0563993 0.0589209
      vertex -0.0157871 0.0563993 0.0589209
    endloop
  endfacet
  facet normal 0 -1 0
    outer loop
      vertex -0.0208626 0.0563993 0.0573206
      vertex 0.0208626 0.0563993 0.0573206
      vertex 0.0157871 0.0563993 0.0589209
    endloop
  endfacet
  facet normal 0 -1 0
    outer loop
      vertex -0.0257788 0.0563993 0.0552845
      vertex 0.0208626 0.0563993 0.0573206
      vertex -0.0208626 0.0563993 0.0573206
    endloop
  endfacet
  facet normal 0 -1 0
    outer loop
      vertex -0.0257788 0.0563993 0.0552845
      vertex 0.0257788 0.0563993 0.0552845
      vertex 0.0208626 0.0563993 0.0573206
    endloop
  endfacet
  facet normal 0 -1 0
    outer loop
      vertex -0.0304995 0.0563993 0.0528269
      vertex 0.0257788 0.0563993 0.0552845
      vertex -0.0257788 0.0563993 0.0552845
    endloop
  endfacet
  facet normal 0 -1 0
    outer loop
      vertex -0.0304995 0.0563993 0.0528269
      vertex 0.0304995 0.0563993 0.0528269
      vertex 0.0257788 0.0563993 0.0552845
    endloop
  endfacet
  facet normal 0 -1 0
    outer loop
      vertex -0.0349874 0.0563993 0.0499678
      vertex 0.0304995 0.0563993 0.0528269
      vertex -0.0304995 0.0563993 0.0528269
    endloop
  endfacet
  facet normal 0 -1 0
    outer loop
      vertex -0.0349874 0.0563993 0.0499678
      vertex 0.0349874 0.0563993 0.0499678
      vertex 0.0304995 0.0563993 0.0528269
    endloop
  endfacet
  facet normal 0 -1 0
    outer loop
      vertex -0.0392094 0.0563993 0.0467281
      vertex 0.0349874 0.0563993 0.0499678
      vertex -0.0349874 0.0563993 0.0499678
    endloop
  endfacet
  facet normal 0 -1 0
    outer loop
      vertex -0.0392094 0.0563993 0.0467281
      vertex 0.0392094 0.0563993 0.0467281
      vertex 0.0349874 0.0563993 0.0499678
    endloop
  endfacet
  facet normal 0 -1 0
    outer loop
      vertex -0.0431328 0.0563993 0.0431328
      vertex 0.0392094 0.0563993 0.0467281
      vertex -0.0392094 0.0563993 0.0467281
    endloop
  endfacet
  facet normal 0 -1 0
    outer loop
      vertex -0.0431328 0.0563993 0.0431328
      vertex 0.0431328 0.0563993 0.0431328
      vertex 0.0392094 0.0563993 0.0467281
    endloop
  endfacet
  facet normal 0 -1 0
    outer loop
      vertex -0.0467281 0.0563993 0.0392094
      vertex 0.0431328 0.0563993 0.0431328
      vertex -0.0431328 0.0563993 0.0431328
    endloop
  endfacet
  facet normal 0 -1 0
    outer loop
      vertex -0.0467281 0.0563993 0.0392094
      vertex 0.0467281 0.0563993 0.0392094
      vertex 0.0431328 0.0563993 0.0431328
    endloop
  endfacet
  facet normal 0 -1 0
    outer loop
      vertex -0.0499678 0.0563993 0.0349874
      vertex 0.0467281 0.0563993 0.0392094
      vertex -0.0467281 0.0563993 0.0392094
    endloop
  endfacet
  facet normal 0 -1 0
    outer loop
      vertex -0.0499678 0.0563993 0.0349874
      vertex 0.0499678 0.0563993 0.0349874
      vertex 0.0467281 0.0563993 0.0392094
    endloop
  endfacet
  facet normal 0 -1 0
    outer loop
      vertex -0.0528269 0.0563993 0.0304995
      vertex 0.0499678 0.0563993 0.0349874
      vertex -0.0499678 0.0563993 0.0349874
    endloop
  endfacet
  facet normal 0 -1 0
    outer loop
      vertex -0.0528269 0.0563993 0.0304995
      vertex 0.0528269 0.0563993 0.0304995
      vertex 0.0499678 0.0563993 0.0349874
    endloop
  endfacet
  facet normal 0 -1 0
    outer loop
      vertex -0.0552845 0.0563993 0.0257788
      vertex 0.0528269 0.0563993 0.0304995
      vertex -0.0528269 0.0563993 0.0304995
    endloop
  endfacet
  facet normal 0 -1 0
    outer loop
      vertex -0.0552845 0.0563993 0.0257788
      vertex 0.0552845 0.0563993 0.0257788
      vertex 0.0528269 0.0563993 0.0304995
    endloop
  endfacet
  facet normal 0 -1 0
    outer loop
      vertex -0.0573206 0.0563993 0.0208626
      vertex 0.0552845 0.0563993 0.0257788
      vertex -0.0552845 0.0563993 0.0257788
    endloop
  endfacet
  facet normal 0 -1 0
    outer loop
      vertex -0.0573206 0.0563993 0.0208626
      vertex 0.0573206 0.0563993 0.0208626
      vertex 0.0552845 0.0563993 0.0257788
    endloop
  endfacet
  facet normal 0 -1 0
    outer loop
      vertex -0.0589209 0.0563993 0.0157871
      vertex 0.0573206 0.0563993 0.0208626
      vertex -0.0573206 0.0563993 0.0208626
    endloop
  endfacet
  facet normal 0 -1 0
    outer loop
      vertex -0.0589209 0.0563993 0.0157871
      vertex 0.0589209 0.0563993 0.0157871
      vertex 0.0573206 0.0563993 0.0208626
    endloop
  endfacet
  facet normal 0 -1 0
    outer loop
      vertex -0.0600729 0.0563993 0.0105925
      vertex 0.0589209 0.0563993 0.0157871
      vertex -0.0589209 0.0563993 0.0157871
    endloop
  endfacet
  facet normal 0 -1 0
    outer loop
      vertex -0.0600729 0.0563993 0.0105925
      vertex 0.0600729 0.0563993 0.0105925
      vertex 0.0589209 0.0563993 0.0157871
    endloop
  endfacet
  facet normal 0 -1 0
    outer loop
      vertex -0.0607672 0.0563993 0.00531578
      vertex 0.0600729 0.0563993 0.0105925
      vertex -0.0600729 0.0563993 0.0105925
    endloop
  endfacet
  facet normal 0 -1 0
    outer loop
      vertex -0.0607672 0.0563993 0.00531578
      vertex 0.0607672 0.0563993 0.00531578
      vertex 0.0600729 0.0563993 0.0105925
    endloop
  endfacet
  facet normal 0 -1 0
    outer loop
      vertex -0.0609999 0.0563993 0
      vertex 0.0607672 0.0563993 0.00531578
      vertex -0.0607672 0.0563993 0.00531578
    endloop
  endfacet
  facet normal 0 -1 0
    outer loop
      vertex -0.0609999 0.0563993 0
      vertex 0.0609999 0.0563993 0
      vertex 0.0607672 0.0563993 0.00531578
    endloop
  endfacet
  facet normal 0 -1 0
    outer loop
      vertex -0.0607672 0.0563993 -0.00531578
      vertex 0.0609999 0.0563993 0
      vertex -0.0609999 0.0563993 0
    endloop
  endfacet
  facet normal 0 -1 0
    outer loop
      vertex -0.0607672 0.0563993 -0.00531578
      vertex 0.0607672 0.0563993 -0.00531578
      vertex 0.0609999 0.0563993 0
    endloop
  endfacet
  facet normal 0 -1 0
    outer loop
      vertex -0.0600729 0.0563993 -0.0105925
      vertex 0.0607672 0.0563993 -0.00531578
      vertex -0.0607672 0.0563993 -0.00531578
    endloop
  endfacet
  facet normal 0 -1 0
    outer loop
      vertex -0.0600729 0.0563993 -0.0105925
      vertex 0.0600729 0.0563993 -0.0105925
      vertex 0.0607672 0.0563993 -0.00531578
    endloop
  endfacet
  facet normal 0 -1 0
    outer loop
      vertex -0.0589209 0.0563993 -0.0157871
      vertex 0.0600729 0.0563993 -0.0105925
      vertex -0.0600729 0.0563993 -0.0105925
    endloop
  endfacet
  facet normal 0 -1 0
    outer loop
      vertex -0.0589209 0.0563993 -0.0157871
      vertex 0.0589209 0.0563993 -0.0157871
      vertex 0.0600729 0.0563993 -0.0105925
    endloop
  endfacet
  facet normal 0 -1 0
    outer loop
      vertex -0.0573206 0.0563993 -0.0208626
      vertex 0.0589209 0.0563993 -0.0157871
      vertex -0.0589209 0.0563993 -0.0157871
    endloop
  endfacet
  facet normal 0 -1 0
    outer loop
      vertex -0.0573206 0.0563993 -0.0208626
      vertex 0.0573206 0.0563993 -0.0208626
      vertex 0.0589209 0.0563993 -0.0157871
    endloop
  endfacet
  facet normal 0 -1 0
    outer loop
      vertex -0.0552845 0.0563993 -0.0257788
      vertex 0.0573206 0.0563993 -0.0208626
      vertex -0.0573206 0.0563993 -0.0208626
    endloop
  endfacet
  facet normal 0 -1 0
    outer loop
      vertex -0.0552845 0.0563993 -0.0257788
      vertex 0.0552845 0.0563993 -0.0257788
      vertex 0.0573206 0.0563993 -0.0208626
    endloop
  endfacet
  facet normal 0 -1 0
    outer loop
      vertex -0.0528269 0.0563993 -0.0304995
      vertex 0.0552845 0.0563993 -0.0257788
      vertex -0.0552845 0.0563993 -0.0257788
    endloop
  endfacet
  facet normal 0 -1 0
    outer loop
      vertex -0.0528269 0.0563993 -0.0304995
      vertex 0.0528269 0.0563993 -0.0304995
      vertex 0.0552845 0.0563993 -0.0257788
    endloop
  endfacet
  facet normal 0 -1 0
    outer loop
      vertex -0.0499678 0.0563993 -0.0349874
      vertex 0.0528269 0.0563993 -0.0304995
      vertex -0.0528269 0.0563993 -0.0304995
    endloop
  endfacet
  facet normal 0 -1 0
    outer loop
      vertex -0.0499678 0.0563993 -0.0349874
      vertex 0.0499678 0.0563993 -0.0349874
      vertex 0.0528269 0.0563993 -0.0304995
    endloop
  endfacet
  facet normal 0 -1 0
    outer loop
      vertex -0.0467281 0.0563993 -0.0392094
      vertex 0.0499678 0.0563993 -0.0349874
      vertex -0.0499678 0.0563993 -0.0349874
    endloop
  endfacet
  facet normal 0 -1 0
    outer loop
      vertex -0.0467281 0.0563993 -0.0392094
      vertex 0.0467281 0.0563993 -0.0392094
      vertex 0.0499678 0.0563993 -0.0349874
    endloop
  endfacet
  facet normal 0 -1 0
    outer loop
      vertex -0.0431328 0.0563993 -0.0431328
      vertex 0.0467281 0.0563993 -0.0392094
      vertex -0.0467281 0.0563993 -0.0392094
    endloop
  endfacet
  facet normal 0 -1 0
    outer loop
      vertex -0.0431328 0.0563993 -0.0431328
      vertex 0.0431328 0.0563993 -0.0431328
      vertex 0.0467281 0.0563993 -0.0392094
    endloop
  endfacet
  facet normal 0 -1 0
    outer loop
      vertex -0.0392094 0.0563993 -0.0467281
      vertex 0.0431328 0.0563993 -0.0431328
      vertex -0.0431328 0.0563993 -0.0431328
    endloop
  endfacet
  facet normal 0 -1 0
    outer loop
      vertex -0.0392094 0.0563993 -0.0467281
      vertex 0.0392094 0.0563993 -0.0467281
      vertex 0.0431328 0.0563993 -0.0431328
    endloop
  endfacet
  facet normal 0 -1 0
    outer loop
      vertex -0.0349874 0.0563993 -0.0499678
      vertex 0.0392094 0.0563993 -0.0467281
      vertex -0.0392094 0.0563993 -0.0467281
    endloop
  endfacet
  facet normal 0 -1 0
    outer loop
      vertex -0.0349874 0.0563993 -0.0499678
      vertex 0.0349874 0.0563993 -0.0499678
      vertex 0.0392094 0.0563993 -0.0467281
    endloop
  endfacet
  facet normal 0 -1 0
    outer loop
      vertex -0.0304995 0.0563993 -0.0528269
      vertex 0.0349874 0.0563993 -0.0499678
      vertex -0.0349874 0.0563993 -0.0499678
    endloop
  endfacet
  facet normal 0 -1 0
    outer loop
      vertex -0.0304995 0.0563993 -0.0528269
      vertex 0.0304995 0.0563993 -0.0528269
      vertex 0.0349874 0.0563993 -0.0499678
    endloop
  endfacet
  facet normal 0 -1 0
    outer loop
      vertex -0.0257788 0.0563993 -0.0552845
      vertex 0.0304995 0.0563993 -0.0528269
      vertex -0.0304995 0.0563993 -0.0528269
    endloop
  endfacet
  facet normal 0 -1 0
    outer loop
      vertex -0.0257788 0.0563993 -0.0552845
      vertex 0.0257788 0.0563993 -0.0552845
      vertex 0.0304995 0.0563993 -0.0528269
    endloop
  endfacet
  facet normal 0 -1 0
    outer loop
      vertex -0.0208626 0.0563993 -0.0573206
      vertex 0.0257788 0.0563993 -0.0552845
      vertex -0.0257788 0.0563993 -0.0552845
    endloop
  endfacet
  facet normal 0 -1 0
    outer loop
      vertex -0.0208626 0.0563993 -0.0573206
      vertex 0.0208626 0.0563993 -0.0573206
      vertex 0.0257788 0.0563993 -0.0552845
    endloop
  endfacet
  facet normal 0 -1 0
    outer loop
      vertex -0.0157871 0.0563993 -0.0589209
      vertex 0.0208626 0.0563993 -0.0573206
      vertex -0.0208626 0.0563993 -0.0573206
    endloop
  endfacet
  facet normal 0 -1 0
    outer loop
      vertex -0.0157871 0.0563993 -0.0589209
      vertex 0.0157871 0.0563993 -0.0589209
      vertex 0.0208626 0.0563993 -0.0573206
    endloop
  endfacet
  facet normal 0 -1 0
    outer loop
      vertex -0.0105925 0.0563993 -0.0600729
      vertex 0.0157871 0.0563993 -0.0589209
      vertex -0.0157871 0.0563993 -0.0589209
    endloop
  endfacet
  facet normal 0 -1 0
    outer loop
      vertex -0.0105925 0.0563993 -0.0600729
      vertex 0.0105925 0.0563993 -0.0600729
      vertex 0.0157871 0.0563993 -0.0589209
    endloop
  endfacet
  facet normal 0 -1 0
    outer loop
      vertex -0.00531578 0.0563993 -0.0607672
      vertex 0.0105925 0.0563993 -0.0600729
      vertex -0.0105925 0.0563993 -0.0600729
    endloop
  endfacet
  facet normal 0 -1 0
    outer loop
      vertex -0.00531578 0.0563993 -0.0607672
      vertex 0.00531578 0.0563993 -0.0607672
      vertex 0.0105925 0.0563993 -0.0600729
    endloop
  endfacet
  facet normal -0 -1 0
    outer loop
      vertex 0.00531578 0.0563993 -0.0607672
      vertex -0.00531578 0.0563993 -0.0607672
      vertex 0 0.0563993 -0.0609999
    endloop
  endfacet
  facet normal 0.537299 0 0.843392
    outer loop
      vertex -0.0349874 0.0563993 -0.0499678
      vertex -0.0304995 -0.0563993 -0.0528269
      vertex -0.0304995 0.0563993 -0.0528269
    endloop
  endfacet
  facet normal 0.537299 0 0.843392
    outer loop
      vertex -0.0304995 -0.0563993 -0.0528269
      vertex -0.0349874 0.0563993 -0.0499678
      vertex -0.0349874 -0.0563993 -0.0499678
    endloop
  endfacet
  facet normal 0.461772 0 0.886999
    outer loop
      vertex -0.0304995 0.0563993 -0.0528269
      vertex -0.0257788 -0.0563993 -0.0552845
      vertex -0.0257788 0.0563993 -0.0552845
    endloop
  endfacet
  facet normal 0.461772 0 0.886999
    outer loop
      vertex -0.0257788 -0.0563993 -0.0552845
      vertex -0.0304995 0.0563993 -0.0528269
      vertex -0.0304995 -0.0563993 -0.0528269
    endloop
  endfacet
  facet normal 0.608767 0 0.793349
    outer loop
      vertex -0.0392094 0.0563993 -0.0467281
      vertex -0.0349874 -0.0563993 -0.0499678
      vertex -0.0349874 0.0563993 -0.0499678
    endloop
  endfacet
  facet normal 0.608767 0 0.793349
    outer loop
      vertex -0.0349874 -0.0563993 -0.0499678
      vertex -0.0392094 0.0563993 -0.0467281
      vertex -0.0392094 -0.0563993 -0.0467281
    endloop
  endfacet
  facet normal 0.300706 0 0.953717
    outer loop
      vertex -0.0208626 0.0563993 -0.0573206
      vertex -0.0157871 -0.0563993 -0.0589209
      vertex -0.0157871 0.0563993 -0.0589209
    endloop
  endfacet
  facet normal 0.300706 0 0.953717
    outer loop
      vertex -0.0157871 -0.0563993 -0.0589209
      vertex -0.0208626 0.0563993 -0.0573206
      vertex -0.0208626 -0.0563993 -0.0573206
    endloop
  endfacet
  facet normal 0.0437334 0 0.999043
    outer loop
      vertex -0.00531578 0.0563993 -0.0607672
      vertex 0 -0.0563993 -0.0609999
      vertex 0 0.0563993 -0.0609999
    endloop
  endfacet
  facet normal 0.0437334 0 0.999043
    outer loop
      vertex 0 -0.0563993 -0.0609999
      vertex -0.00531578 0.0563993 -0.0607672
      vertex -0.00531578 -0.0563993 -0.0607672
    endloop
  endfacet
  facet normal -0.0437334 0 -0.999043
    outer loop
      vertex 0 -0.0563993 0.0609999
      vertex 0.00531578 0.0563993 0.0607672
      vertex 0.00531578 -0.0563993 0.0607672
    endloop
  endfacet
  facet normal -0.0437334 0 -0.999043
    outer loop
      vertex 0.00531578 0.0563993 0.0607672
      vertex 0 -0.0563993 0.0609999
      vertex 0 0.0563993 0.0609999
    endloop
  endfacet
  facet normal -0.608767 0 -0.793349
    outer loop
      vertex 0.0349874 -0.0563993 0.0499678
      vertex 0.0392094 0.0563993 0.0467281
      vertex 0.0392094 -0.0563993 0.0467281
    endloop
  endfacet
  facet normal -0.608767 0 -0.793349
    outer loop
      vertex 0.0392094 0.0563993 0.0467281
      vertex 0.0349874 -0.0563993 0.0499678
      vertex 0.0349874 0.0563993 0.0499678
    endloop
  endfacet
  facet normal -0.737262 0 -0.675607
    outer loop
      vertex 0.0467281 -0.0563993 0.0392094
      vertex 0.0431328 0.0563993 0.0431328
      vertex 0.0467281 0.0563993 0.0392094
    endloop
  endfacet
  facet normal -0.737262 -0 -0.675607
    outer loop
      vertex 0.0431328 0.0563993 0.0431328
      vertex 0.0467281 -0.0563993 0.0392094
      vertex 0.0431328 -0.0563993 0.0431328
    endloop
  endfacet
  facet normal -0.461772 0 -0.886999
    outer loop
      vertex 0.0257788 -0.0563993 0.0552845
      vertex 0.0304995 0.0563993 0.0528269
      vertex 0.0304995 -0.0563993 0.0528269
    endloop
  endfacet
  facet normal -0.461772 0 -0.886999
    outer loop
      vertex 0.0304995 0.0563993 0.0528269
      vertex 0.0257788 -0.0563993 0.0552845
      vertex 0.0257788 0.0563993 0.0552845
    endloop
  endfacet
  facet normal -0.793349 0 -0.608767
    outer loop
      vertex 0.0499678 -0.0563993 0.0349874
      vertex 0.0467281 0.0563993 0.0392094
      vertex 0.0499678 0.0563993 0.0349874
    endloop
  endfacet
  facet normal -0.793349 -0 -0.608767
    outer loop
      vertex 0.0467281 0.0563993 0.0392094
      vertex 0.0499678 -0.0563993 0.0349874
      vertex 0.0467281 -0.0563993 0.0392094
    endloop
  endfacet
  facet normal -0.886999 0 -0.461772
    outer loop
      vertex 0.0552845 -0.0563993 0.0257788
      vertex 0.0528269 0.0563993 0.0304995
      vertex 0.0552845 0.0563993 0.0257788
    endloop
  endfacet
  facet normal -0.886999 -0 -0.461772
    outer loop
      vertex 0.0528269 0.0563993 0.0304995
      vertex 0.0552845 -0.0563993 0.0257788
      vertex 0.0528269 -0.0563993 0.0304995
    endloop
  endfacet
  facet normal -0.999043 0 -0.0437334
    outer loop
      vertex 0.0609999 -0.0563993 0
      vertex 0.0607672 0.0563993 0.00531578
      vertex 0.0609999 0.0563993 0
    endloop
  endfacet
  facet normal -0.999043 -0 -0.0437334
    outer loop
      vertex 0.0607672 0.0563993 0.00531578
      vertex 0.0609999 -0.0563993 0
      vertex 0.0607672 -0.0563993 0.00531578
    endloop
  endfacet
  facet normal 0.300706 0 -0.953717
    outer loop
      vertex -0.0208626 -0.0563993 0.0573206
      vertex -0.0157871 0.0563993 0.0589209
      vertex -0.0157871 -0.0563993 0.0589209
    endloop
  endfacet
  facet normal 0.300706 0 -0.953717
    outer loop
      vertex -0.0157871 0.0563993 0.0589209
      vertex -0.0208626 -0.0563993 0.0573206
      vertex -0.0208626 0.0563993 0.0573206
    endloop
  endfacet
  facet normal 0.675607 0 -0.737262
    outer loop
      vertex -0.0431328 -0.0563993 0.0431328
      vertex -0.0392094 0.0563993 0.0467281
      vertex -0.0392094 -0.0563993 0.0467281
    endloop
  endfacet
  facet normal 0.675607 0 -0.737262
    outer loop
      vertex -0.0392094 0.0563993 0.0467281
      vertex -0.0431328 -0.0563993 0.0431328
      vertex -0.0431328 0.0563993 0.0431328
    endloop
  endfacet
  facet normal 0.537299 0 -0.843392
    outer loop
      vertex -0.0349874 -0.0563993 0.0499678
      vertex -0.0304995 0.0563993 0.0528269
      vertex -0.0304995 -0.0563993 0.0528269
    endloop
  endfacet
  facet normal 0.537299 0 -0.843392
    outer loop
      vertex -0.0304995 0.0563993 0.0528269
      vertex -0.0349874 -0.0563993 0.0499678
      vertex -0.0349874 0.0563993 0.0499678
    endloop
  endfacet
  facet normal 0.382642 0 -0.923897
    outer loop
      vertex -0.0257788 -0.0563993 0.0552845
      vertex -0.0208626 0.0563993 0.0573206
      vertex -0.0208626 -0.0563993 0.0573206
    endloop
  endfacet
  facet normal 0.382642 0 -0.923897
    outer loop
      vertex -0.0208626 0.0563993 0.0573206
      vertex -0.0257788 -0.0563993 0.0552845
      vertex -0.0257788 0.0563993 0.0552845
    endloop
  endfacet
  facet normal 0.130454 0 -0.991454
    outer loop
      vertex -0.0105925 -0.0563993 0.0600729
      vertex -0.00531578 0.0563993 0.0607672
      vertex -0.00531578 -0.0563993 0.0607672
    endloop
  endfacet
  facet normal 0.130454 0 -0.991454
    outer loop
      vertex -0.00531578 0.0563993 0.0607672
      vertex -0.0105925 -0.0563993 0.0600729
      vertex -0.0105925 0.0563993 0.0600729
    endloop
  endfacet
  facet normal 0.843392 0 -0.537299
    outer loop
      vertex -0.0499678 -0.0563993 0.0349874
      vertex -0.0528269 0.0563993 0.0304995
      vertex -0.0499678 0.0563993 0.0349874
    endloop
  endfacet
  facet normal 0.843392 0 -0.537299
    outer loop
      vertex -0.0528269 0.0563993 0.0304995
      vertex -0.0499678 -0.0563993 0.0349874
      vertex -0.0528269 -0.0563993 0.0304995
    endloop
  endfacet
  facet normal 0.886999 0 -0.461772
    outer loop
      vertex -0.0528269 -0.0563993 0.0304995
      vertex -0.0552845 0.0563993 0.0257788
      vertex -0.0528269 0.0563993 0.0304995
    endloop
  endfacet
  facet normal 0.886999 0 -0.461772
    outer loop
      vertex -0.0552845 0.0563993 0.0257788
      vertex -0.0528269 -0.0563993 0.0304995
      vertex -0.0552845 -0.0563993 0.0257788
    endloop
  endfacet
  facet normal 0.793349 0 -0.608767
    outer loop
      vertex -0.0467281 -0.0563993 0.0392094
      vertex -0.0499678 0.0563993 0.0349874
      vertex -0.0467281 0.0563993 0.0392094
    endloop
  endfacet
  facet normal 0.793349 0 -0.608767
    outer loop
      vertex -0.0499678 0.0563993 0.0349874
      vertex -0.0467281 -0.0563993 0.0392094
      vertex -0.0499678 -0.0563993 0.0349874
    endloop
  endfacet
  facet normal 0.999043 0 -0.0437334
    outer loop
      vertex -0.0607672 -0.0563993 0.00531578
      vertex -0.0609999 0.0563993 0
      vertex -0.0607672 0.0563993 0.00531578
    endloop
  endfacet
  facet normal 0.999043 0 -0.0437334
    outer loop
      vertex -0.0609999 0.0563993 0
      vertex -0.0607672 -0.0563993 0.00531578
      vertex -0.0609999 -0.0563993 0
    endloop
  endfacet
  facet normal 0 1 0
    outer loop
      vertex 0.00531578 -0.0563993 0.0607672
      vertex -0.00531578 -0.0563993 0.0607672
      vertex 0 -0.0563993 0.0609999
    endloop
  endfacet
  facet normal 0 1 0
    outer loop
      vertex 0.0105925 -0.0563993 0.0600729
      vertex -0.00531578 -0.0563993 0.0607672
      vertex 0.00531578 -0.0563993 0.0607672
    endloop
  endfacet
  facet normal 0 1 0
    outer loop
      vertex 0.0105925 -0.0563993 0.0600729
      vertex -0.0105925 -0.0563993 0.0600729
      vertex -0.00531578 -0.0563993 0.0607672
    endloop
  endfacet
  facet normal 0 1 0
    outer loop
      vertex 0.0157871 -0.0563993 0.0589209
      vertex -0.0105925 -0.0563993 0.0600729
      vertex 0.0105925 -0.0563993 0.0600729
    endloop
  endfacet
  facet normal 0 1 0
    outer loop
      vertex 0.0157871 -0.0563993 0.0589209
      vertex -0.0157871 -0.0563993 0.0589209
      vertex -0.0105925 -0.0563993 0.0600729
    endloop
  endfacet
  facet normal 0 1 0
    outer loop
      vertex 0.0208626 -0.0563993 0.0573206
      vertex -0.0157871 -0.0563993 0.0589209
      vertex 0.0157871 -0.0563993 0.0589209
    endloop
  endfacet
  facet normal 0 1 0
    outer loop
      vertex 0.0208626 -0.0563993 0.0573206
      vertex -0.0208626 -0.0563993 0.0573206
      vertex -0.0157871 -0.0563993 0.0589209
    endloop
  endfacet
  facet normal 0 1 0
    outer loop
      vertex 0.0257788 -0.0563993 0.0552845
      vertex -0.0208626 -0.0563993 0.0573206
      vertex 0.0208626 -0.0563993 0.0573206
    endloop
  endfacet
  facet normal 0 1 0
    outer loop
      vertex 0.0257788 -0.0563993 0.0552845
      vertex -0.0257788 -0.0563993 0.0552845
      vertex -0.0208626 -0.0563993 0.0573206
    endloop
  endfacet
  facet normal 0 1 0
    outer loop
      vertex 0.0304995 -0.0563993 0.0528269
      vertex -0.0257788 -0.0563993 0.0552845
      vertex 0.0257788 -0.0563993 0.0552845
    endloop
  endfacet
  facet normal 0 1 0
    outer loop
      vertex 0.0304995 -0.0563993 0.0528269
      vertex -0.0304995 -0.0563993 0.0528269
      vertex -0.0257788 -0.0563993 0.0552845
    endloop
  endfacet
  facet normal 0 1 0
    outer loop
      vertex 0.0349874 -0.0563993 0.0499678
      vertex -0.0304995 -0.0563993 0.0528269
      vertex 0.0304995 -0.0563993 0.0528269
    endloop
  endfacet
  facet normal 0 1 0
    outer loop
      vertex 0.0349874 -0.0563993 0.0499678
      vertex -0.0349874 -0.0563993 0.0499678
      vertex -0.0304995 -0.0563993 0.0528269
    endloop
  endfacet
  facet normal 0 1 0
    outer loop
      vertex 0.0392094 -0.0563993 0.0467281
      vertex -0.0349874 -0.0563993 0.0499678
      vertex 0.0349874 -0.0563993 0.0499678
    endloop
  endfacet
  facet normal 0 1 0
    outer loop
      vertex 0.0392094 -0.0563993 0.0467281
      vertex -0.0392094 -0.0563993 0.0467281
      vertex -0.0349874 -0.0563993 0.0499678
    endloop
  endfacet
  facet normal 0 1 0
    outer loop
      vertex 0.0431328 -0.0563993 0.0431328
      vertex -0.0392094 -0.0563993 0.0467281
      vertex 0.0392094 -0.0563993 0.0467281
    endloop
  endfacet
  facet normal 0 1 0
    outer loop
      vertex 0.0431328 -0.0563993 0.0431328
      vertex -0.0431328 -0.0563993 0.0431328
      vertex -0.0392094 -0.0563993 0.0467281
    endloop
  endfacet
  facet normal 0 1 0
    outer loop
      vertex 0.0467281 -0.0563993 0.0392094
      vertex -0.0431328 -0.0563993 0.0431328
      vertex 0.0431328 -0.0563993 0.0431328
    endloop
  endfacet
  facet normal 0 1 0
    outer loop
      vertex 0.0467281 -0.0563993 0.0392094
      vertex -0.0467281 -0.0563993 0.0392094
      vertex -0.0431328 -0.0563993 0.0431328
    endloop
  endfacet
  facet normal 0 1 0
    outer loop
      vertex 0.0499678 -0.0563993 0.0349874
      vertex -0.0467281 -0.0563993 0.0392094
      vertex 0.0467281 -0.0563993 0.0392094
    endloop
  endfacet
  facet normal 0 1 0
    outer loop
      vertex 0.0499678 -0.0563993 0.0349874
      vertex -0.0499678 -0.0563993 0.0349874
      vertex -0.0467281 -0.0563993 0.0392094
    endloop
  endfacet
  facet normal 0 1 0
    outer loop
      vertex 0.0528269 -0.0563993 0.0304995
      vertex -0.0499678 -0.0563993 0.0349874
      vertex 0.0499678 -0.0563993 0.0349874
    endloop
  endfacet
  facet normal 0 1 0
    outer loop
      vertex 0.0528269 -0.0563993 0.0304995
      vertex -0.0528269 -0.0563993 0.0304995
      vertex -0.0499678 -0.0563993 0.0349874
    endloop
  endfacet
  facet normal 0 1 0
    outer loop
      vertex 0.0552845 -0.0563993 0.0257788
      vertex -0.0528269 -0.0563993 0.0304995
      vertex 0.0528269 -0.0563993 0.0304995
    endloop
  endfacet
  facet normal 0 1 0
    outer loop
      vertex 0.0552845 -0.0563993 0.0257788
      vertex -0.0552845 -0.0563993 0.0257788
      vertex -0.0528269 -0.0563993 0.0304995
    endloop
  endfacet
  facet normal 0 1 0
    outer loop
      vertex 0.0573206 -0.0563993 0.0208626
      vertex -0.0552845 -0.0563993 0.0257788
      vertex 0.0552845 -0.0563993 0.0257788
    endloop
  endfacet
  facet normal 0 1 0
    outer loop
      vertex 0.0573206 -0.0563993 0.0208626
      vertex -0.0573206 -0.0563993 0.0208626
      vertex -0.0552845 -0.0563993 0.0257788
    endloop
  endfacet
  facet normal 0 1 0
    outer loop
      vertex 0.0589209 -0.0563993 0.0157871
      vertex -0.0573206 -0.0563993 0.0208626
      vertex 0.0573206 -0.0563993 0.0208626
    endloop
  endfacet
  facet normal 0 1 0
    outer loop
      vertex 0.0589209 -0.0563993 0.0157871
      vertex -0.0589209 -0.0563993 0.0157871
      vertex -0.0573206 -0.0563993 0.0208626
    endloop
  endfacet
  facet normal 0 1 0
    outer loop
      vertex 0.0600729 -0.0563993 0.0105925
      vertex -0.0589209 -0.0563993 0.0157871
      vertex 0.0589209 -0.0563993 0.0157871
    endloop
  endfacet
  facet normal 0 1 0
    outer loop
      vertex 0.0600729 -0.0563993 0.0105925
      vertex -0.0600729 -0.0563993 0.0105925
      vertex -0.0589209 -0.0563993 0.0157871
    endloop
  endfacet
  facet normal 0 1 0
    outer loop
      vertex 0.0607672 -0.0563993 0.00531578
      vertex -0.0600729 -0.0563993 0.0105925
      vertex 0.0600729 -0.0563993 0.0105925
    endloop
  endfacet
  facet normal 0 1 0
    outer loop
      vertex 0.0607672 -0.0563993 0.00531578
      vertex -0.0607672 -0.0563993 0.00531578
      vertex -0.0600729 -0.0563993 0.0105925
    endloop
  endfacet
  facet normal 0 1 0
    outer loop
      vertex 0.0609999 -0.0563993 0
      vertex -0.0607672 -0.0563993 0.00531578
      vertex 0.0607672 -0.0563993 0.00531578
    endloop
  endfacet
  facet normal 0 1 0
    outer loop
      vertex 0.0609999 -0.0563993 0
      vertex -0.0609999 -0.0563993 0
      vertex -0.0607672 -0.0563993 0.00531578
    endloop
  endfacet
  facet normal 0 1 -0
    outer loop
      vertex 0.0607672 -0.0563993 -0.00531578
      vertex -0.0609999 -0.0563993 0
      vertex 0.0609999 -0.0563993 0
    endloop
  endfacet
  facet normal 0 1 0
    outer loop
      vertex 0.0607672 -0.0563993 -0.00531578
      vertex -0.0607672 -0.0563993 -0.00531578
      vertex -0.0609999 -0.0563993 0
    endloop
  endfacet
  facet normal 0 1 -0
    outer loop
      vertex 0.0600729 -0.0563993 -0.0105925
      vertex -0.0607672 -0.0563993 -0.00531578
      vertex 0.0607672 -0.0563993 -0.00531578
    endloop
  endfacet
  facet normal 0 1 0
    outer loop
      vertex 0.0600729 -0.0563993 -0.0105925
      vertex -0.0600729 -0.0563993 -0.0105925
      vertex -0.0607672 -0.0563993 -0.00531578
    endloop
  endfacet
  facet normal 0 1 -0
    outer loop
      vertex 0.0589209 -0.0563993 -0.0157871
      vertex -0.0600729 -0.0563993 -0.0105925
      vertex 0.0600729 -0.0563993 -0.0105925
    endloop
  endfacet
  facet normal 0 1 0
    outer loop
      vertex 0.0589209 -0.0563993 -0.0157871
      vertex -0.0589209 -0.0563993 -0.0157871
      vertex -0.0600729 -0.0563993 -0.0105925
    endloop
  endfacet
  facet normal 0 1 -0
    outer loop
      vertex 0.0573206 -0.0563993 -0.0208626
      vertex -0.0589209 -0.0563993 -0.0157871
      vertex 0.0589209 -0.0563993 -0.0157871
    endloop
  endfacet
  facet normal 0 1 0
    outer loop
      vertex 0.0573206 -0.0563993 -0.0208626
      vertex -0.0573206 -0.0563993 -0.0208626
      vertex -0.0589209 -0.0563993 -0.0157871
    endloop
  endfacet
  facet normal 0 1 -0
    outer loop
      vertex 0.0552845 -0.0563993 -0.0257788
      vertex -0.0573206 -0.0563993 -0.0208626
      vertex 0.0573206 -0.0563993 -0.0208626
    endloop
  endfacet
  facet normal 0 1 0
    outer loop
      vertex 0.0552845 -0.0563993 -0.0257788
      vertex -0.0552845 -0.0563993 -0.0257788
      vertex -0.0573206 -0.0563993 -0.0208626
    endloop
  endfacet
  facet normal 0 1 -0
    outer loop
      vertex 0.0528269 -0.0563993 -0.0304995
      vertex -0.0552845 -0.0563993 -0.0257788
      vertex 0.0552845 -0.0563993 -0.0257788
    endloop
  endfacet
  facet normal 0 1 0
    outer loop
      vertex 0.0528269 -0.0563993 -0.0304995
      vertex -0.0528269 -0.0563993 -0.0304995
      vertex -0.0552845 -0.0563993 -0.0257788
    endloop
  endfacet
  facet normal 0 1 -0
    outer loop
      vertex 0.0499678 -0.0563993 -0.0349874
      vertex -0.0528269 -0.0563993 -0.0304995
      vertex 0.0528269 -0.0563993 -0.0304995
    endloop
  endfacet
  facet normal 0 1 0
    outer loop
      vertex 0.0499678 -0.0563993 -0.0349874
      vertex -0.0499678 -0.0563993 -0.0349874
      vertex -0.0528269 -0.0563993 -0.0304995
    endloop
  endfacet
  facet normal 0 1 -0
    outer loop
      vertex 0.0467281 -0.0563993 -0.0392094
      vertex -0.0499678 -0.0563993 -0.0349874
      vertex 0.0499678 -0.0563993 -0.0349874
    endloop
  endfacet
  facet normal 0 1 0
    outer loop
      vertex 0.0467281 -0.0563993 -0.0392094
      vertex -0.0467281 -0.0563993 -0.0392094
      vertex -0.0499678 -0.0563993 -0.0349874
    endloop
  endfacet
  facet normal 0 1 -0
    outer loop
      vertex 0.0431328 -0.0563993 -0.0431328
      vertex -0.0467281 -0.0563993 -0.0392094
      vertex 0.0467281 -0.0563993 -0.0392094
    endloop
  endfacet
  facet normal 0 1 0
    outer loop
      vertex 0.0431328 -0.0563993 -0.0431328
      vertex -0.0431328 -0.0563993 -0.0431328
      vertex -0.0467281 -0.0563993 -0.0392094
    endloop
  endfacet
  facet normal 0 1 -0
    outer loop
      vertex 0.0392094 -0.0563993 -0.0467281
      vertex -0.0431328 -0.0563993 -0.0431328
      vertex 0.0431328 -0.0563993 -0.0431328
    endloop
  endfacet
  facet normal 0 1 0
    outer loop
      vertex 0.0392094 -0.0563993 -0.0467281
      vertex -0.0392094 -0.0563993 -0.0467281
      vertex -0.0431328 -0.0563993 -0.0431328
    endloop
  endfacet
  facet normal 0 1 -0
    outer loop
      vertex 0.0349874 -0.0563993 -0.0499678
      vertex -0.0392094 -0.0563993 -0.0467281
      vertex 0.0392094 -0.0563993 -0.0467281
    endloop
  endfacet
  facet normal 0 1 0
    outer loop
      vertex 0.0349874 -0.0563993 -0.0499678
      vertex -0.0349874 -0.0563993 -0.0499678
      vertex -0.0392094 -0.0563993 -0.0467281
    endloop
  endfacet
  facet normal 0 1 -0
    outer loop
      vertex 0.0304995 -0.0563993 -0.0528269
      vertex -0.0349874 -0.0563993 -0.0499678
      vertex 0.0349874 -0.0563993 -0.0499678
    endloop
  endfacet
  facet normal 0 1 0
    outer loop
      vertex 0.0304995 -0.0563993 -0.0528269
      vertex -0.0304995 -0.0563993 -0.0528269
      vertex -0.0349874 -0.0563993 -0.0499678
    endloop
  endfacet
  facet normal 0 1 -0
    outer loop
      vertex 0.0257788 -0.0563993 -0.0552845
      vertex -0.0304995 -0.0563993 -0.0528269
      vertex 0.0304995 -0.0563993 -0.0528269
    endloop
  endfacet
  facet normal 0 1 0
    outer loop
      vertex 0.0257788 -0.0563993 -0.0552845
      vertex -0.0257788 -0.0563993 -0.0552845
      vertex -0.0304995 -0.0563993 -0.0528269
    endloop
  endfacet
  facet normal 0 1 -0
    outer loop
      vertex 0.0208626 -0.0563993 -0.0573206
      vertex -0.0257788 -0.0563993 -0.0552845
      vertex 0.0257788 -0.0563993 -0.0552845
    endloop
  endfacet
  facet normal 0 1 0
    outer loop
      vertex 0.0208626 -0.0563993 -0.0573206
      vertex -0.0208626 -0.0563993 -0.0573206
      vertex -0.0257788 -0.0563993 -0.0552845
    endloop
  endfacet
  facet normal 0 1 -0
    outer loop
      vertex 0.0157871 -0.0563993 -0.0589209
      vertex -0.0208626 -0.0563993 -0.0573206
      vertex 0.0208626 -0.0563993 -0.0573206
    endloop
  endfacet
  facet normal 0 1 0
    outer loop
      vertex 0.0157871 -0.0563993 -0.0589209
      vertex -0.0157871 -0.0563993 -0.0589209
      vertex -0.0208626 -0.0563993 -0.0573206
    endloop
  endfacet
  facet normal 0 1 -0
    outer loop
      vertex 0.0105925 -0.0563993 -0.0600729
      vertex -0.0157871 -0.0563993 -0.0589209
      vertex 0.0157871 -0.0563993 -0.0589209
    endloop
  endfacet
  facet normal 0 1 0
    outer loop
      vertex 0.0105925 -0.0563993 -0.0600729
      vertex -0.0105925 -0.0563993 -0.0600729
      vertex -0.0157871 -0.0563993 -0.0589209
    endloop
  endfacet
  facet normal 0 1 -0
    outer loop
      vertex 0.00531578 -0.0563993 -0.0607672
      vertex -0.0105925 -0.0563993 -0.0600729
      vertex 0.0105925 -0.0563993 -0.0600729
    endloop
  endfacet
  facet normal 0 1 0
    outer loop
      vertex 0.00531578 -0.0563993 -0.0607672
      vertex -0.00531578 -0.0563993 -0.0607672
      vertex -0.0105925 -0.0563993 -0.0600729
    endloop
  endfacet
  facet normal -0 1 0
    outer loop
      vertex -0.00531578 -0.0563993 -0.0607672
      vertex 0.00531578 -0.0563993 -0.0607672
      vertex 0 -0.0563993 -0.0609999
    endloop
  endfacet
  facet normal 0.976281 -0 0.216509
    outer loop
      vertex -0.0600729 -0.0563993 -0.0105925
      vertex -0.0589209 0.0563993 -0.0157871
      vertex -0.0600729 0.0563993 -0.0105925
    endloop
  endfacet
  facet normal 0.976281 0 0.216509
    outer loop
      vertex -0.0589209 0.0563993 -0.0157871
      vertex -0.0600729 -0.0563993 -0.0105925
      vertex -0.0589209 -0.0563993 -0.0157871
    endloop
  endfacet
  facet normal -0.130454 0 -0.991454
    outer loop
      vertex 0.00531578 -0.0563993 0.0607672
      vertex 0.0105925 0.0563993 0.0600729
      vertex 0.0105925 -0.0563993 0.0600729
    endloop
  endfacet
  facet normal -0.130454 0 -0.991454
    outer loop
      vertex 0.0105925 0.0563993 0.0600729
      vertex 0.00531578 -0.0563993 0.0607672
      vertex 0.00531578 0.0563993 0.0607672
    endloop
  endfacet
  facet normal -0.216509 0 -0.976281
    outer loop
      vertex 0.0105925 -0.0563993 0.0600729
      vertex 0.0157871 0.0563993 0.0589209
      vertex 0.0157871 -0.0563993 0.0589209
    endloop
  endfacet
  facet normal -0.216509 0 -0.976281
    outer loop
      vertex 0.0157871 0.0563993 0.0589209
      vertex 0.0105925 -0.0563993 0.0600729
      vertex 0.0105925 0.0563993 0.0600729
    endloop
  endfacet
  facet normal -0.382642 0 -0.923897
    outer loop
      vertex 0.0208626 -0.0563993 0.0573206
      vertex 0.0257788 0.0563993 0.0552845
      vertex 0.0257788 -0.0563993 0.0552845
    endloop
  endfacet
  facet normal -0.382642 0 -0.923897
    outer loop
      vertex 0.0257788 0.0563993 0.0552845
      vertex 0.0208626 -0.0563993 0.0573206
      vertex 0.0208626 0.0563993 0.0573206
    endloop
  endfacet
  facet normal -0.675607 0 -0.737262
    outer loop
      vertex 0.0392094 -0.0563993 0.0467281
      vertex 0.0431328 0.0563993 0.0431328
      vertex 0.0431328 -0.0563993 0.0431328
    endloop
  endfacet
  facet normal -0.675607 0 -0.737262
    outer loop
      vertex 0.0431328 0.0563993 0.0431328
      vertex 0.0392094 -0.0563993 0.0467281
      vertex 0.0392094 0.0563993 0.0467281
    endloop
  endfacet
  facet normal -0.537299 0 -0.843392
    outer loop
      vertex 0.0304995 -0.0563993 0.0528269
      vertex 0.0349874 0.0563993 0.0499678
      vertex 0.0349874 -0.0563993 0.0499678
    endloop
  endfacet
  facet normal -0.537299 0 -0.843392
    outer loop
      vertex 0.0349874 0.0563993 0.0499678
      vertex 0.0304995 -0.0563993 0.0528269
      vertex 0.0304995 0.0563993 0.0528269
    endloop
  endfacet
  facet normal -0.843392 0 -0.537299
    outer loop
      vertex 0.0528269 -0.0563993 0.0304995
      vertex 0.0499678 0.0563993 0.0349874
      vertex 0.0528269 0.0563993 0.0304995
    endloop
  endfacet
  facet normal -0.843392 -0 -0.537299
    outer loop
      vertex 0.0499678 0.0563993 0.0349874
      vertex 0.0528269 -0.0563993 0.0304995
      vertex 0.0499678 -0.0563993 0.0349874
    endloop
  endfacet
  facet normal -0.976281 0 -0.216509
    outer loop
      vertex 0.0600729 -0.0563993 0.0105925
      vertex 0.0589209 0.0563993 0.0157871
      vertex 0.0600729 0.0563993 0.0105925
    endloop
  endfacet
  facet normal -0.976281 -0 -0.216509
    outer loop
      vertex 0.0589209 0.0563993 0.0157871
      vertex 0.0600729 -0.0563993 0.0105925
      vertex 0.0589209 -0.0563993 0.0157871
    endloop
  endfacet
  facet normal -0.991454 0 -0.130454
    outer loop
      vertex 0.0607672 -0.0563993 0.00531578
      vertex 0.0600729 0.0563993 0.0105925
      vertex 0.0607672 0.0563993 0.00531578
    endloop
  endfacet
  facet normal -0.991454 -0 -0.130454
    outer loop
      vertex 0.0600729 0.0563993 0.0105925
      vertex 0.0607672 -0.0563993 0.00531578
      vertex 0.0600729 -0.0563993 0.0105925
    endloop
  endfacet
  facet normal 0.608767 0 -0.793349
    outer loop
      vertex -0.0392094 -0.0563993 0.0467281
      vertex -0.0349874 0.0563993 0.0499678
      vertex -0.0349874 -0.0563993 0.0499678
    endloop
  endfacet
  facet normal 0.608767 0 -0.793349
    outer loop
      vertex -0.0349874 0.0563993 0.0499678
      vertex -0.0392094 -0.0563993 0.0467281
      vertex -0.0392094 0.0563993 0.0467281
    endloop
  endfacet
  facet normal 0.461772 0 -0.886999
    outer loop
      vertex -0.0304995 -0.0563993 0.0528269
      vertex -0.0257788 0.0563993 0.0552845
      vertex -0.0257788 -0.0563993 0.0552845
    endloop
  endfacet
  facet normal 0.461772 0 -0.886999
    outer loop
      vertex -0.0257788 0.0563993 0.0552845
      vertex -0.0304995 -0.0563993 0.0528269
      vertex -0.0304995 0.0563993 0.0528269
    endloop
  endfacet
  facet normal 0.0437334 0 -0.999043
    outer loop
      vertex -0.00531578 -0.0563993 0.0607672
      vertex 0 0.0563993 0.0609999
      vertex 0 -0.0563993 0.0609999
    endloop
  endfacet
  facet normal 0.0437334 0 -0.999043
    outer loop
      vertex 0 0.0563993 0.0609999
      vertex -0.00531578 -0.0563993 0.0607672
      vertex -0.00531578 0.0563993 0.0607672
    endloop
  endfacet
  facet normal 0.976281 0 -0.216509
    outer loop
      vertex -0.0589209 -0.0563993 0.0157871
      vertex -0.0600729 0.0563993 0.0105925
      vertex -0.0589209 0.0563993 0.0157871
    endloop
  endfacet
  facet normal 0.976281 0 -0.216509
    outer loop
      vertex -0.0600729 0.0563993 0.0105925
      vertex -0.0589209 -0.0563993 0.0157871
      vertex -0.0600729 -0.0563993 0.0105925
    endloop
  endfacet
  facet normal 0.991454 0 -0.130454
    outer loop
      vertex -0.0600729 -0.0563993 0.0105925
      vertex -0.0607672 0.0563993 0.00531578
      vertex -0.0600729 0.0563993 0.0105925
    endloop
  endfacet
  facet normal 0.991454 0 -0.130454
    outer loop
      vertex -0.0607672 0.0563993 0.00531578
      vertex -0.0600729 -0.0563993 0.0105925
      vertex -0.0607672 -0.0563993 0.00531578
    endloop
  endfacet
  facet normal -0.737262 0 0.675607
    outer loop
      vertex 0.0431328 -0.0563993 -0.0431328
      vertex 0.0467281 0.0563993 -0.0392094
      vertex 0.0431328 0.0563993 -0.0431328
    endloop
  endfacet
  facet normal -0.737262 0 0.675607
    outer loop
      vertex 0.0467281 0.0563993 -0.0392094
      vertex 0.0431328 -0.0563993 -0.0431328
      vertex 0.0467281 -0.0563993 -0.0392094
    endloop
  endfacet
  facet normal 0.216509 0 0.976281
    outer loop
      vertex -0.0157871 0.0563993 -0.0589209
      vertex -0.0105925 -0.0563993 -0.0600729
      vertex -0.0105925 0.0563993 -0.0600729
    endloop
  endfacet
  facet normal 0.216509 0 0.976281
    outer loop
      vertex -0.0105925 -0.0563993 -0.0600729
      vertex -0.0157871 0.0563993 -0.0589209
      vertex -0.0157871 -0.0563993 -0.0589209
    endloop
  endfacet
  facet normal -0.300706 0 -0.953717
    outer loop
      vertex 0.0157871 -0.0563993 0.0589209
      vertex 0.0208626 0.0563993 0.0573206
      vertex 0.0208626 -0.0563993 0.0573206
    endloop
  endfacet
  facet normal -0.300706 0 -0.953717
    outer loop
      vertex 0.0208626 0.0563993 0.0573206
      vertex 0.0157871 -0.0563993 0.0589209
      vertex 0.0157871 0.0563993 0.0589209
    endloop
  endfacet
  facet normal 0.216509 0 -0.976281
    outer loop
      vertex -0.0157871 -0.0563993 0.0589209
      vertex -0.0105925 0.0563993 0.0600729
      vertex -0.0105925 -0.0563993 0.0600729
    endloop
  endfacet
  facet normal 0.216509 0 -0.976281
    outer loop
      vertex -0.0105925 0.0563993 0.0600729
      vertex -0.0157871 -0.0563993 0.0589209
      vertex -0.0157871 0.0563993 0.0589209
    endloop
  endfacet
  facet normal 0.953717 0 -0.300706
    outer loop
      vertex -0.0573206 -0.0563993 0.0208626
      vertex -0.0589209 0.0563993 0.0157871
      vertex -0.0573206 0.0563993 0.0208626
    endloop
  endfacet
  facet normal 0.953717 0 -0.300706
    outer loop
      vertex -0.0589209 0.0563993 0.0157871
      vertex -0.0573206 -0.0563993 0.0208626
      vertex -0.0589209 -0.0563993 0.0157871
    endloop
  endfacet
  facet normal -0 0 1
    outer loop
      vertex 0.064956 0.0483198 0.000999451
      vertex 0.0664997 -0.0483198 0.000999451
      vertex 0.0664997 0.0483198 0.000999451
    endloop
  endfacet
  facet normal 0 0 1
    outer loop
      vertex 0.0664997 -0.0483198 0.000999451
      vertex 0.064956 0.0483198 0.000999451
      vertex 0.064956 -0.0483198 0.000999451
    endloop
  endfacet
  facet normal 1 -0 0
    outer loop
      vertex 0.0664997 -0.0483198 0.000999451
      vertex 0.0664997 0.0483198 -0.000999451
      vertex 0.0664997 0.0483198 0.000999451
    endloop
  endfacet
  facet normal 1 0 0
    outer loop
      vertex 0.0664997 0.0483198 -0.000999451
      vertex 0.0664997 -0.0483198 0.000999451
      vertex 0.0664997 -0.0483198 -0.000999451
    endloop
  endfacet
  facet normal 0 0 -1
    outer loop
      vertex 0.064956 -0.0483198 -0.000999451
      vertex 0.0664997 0.0483198 -0.000999451
      vertex 0.0664997 -0.0483198 -0.000999451
    endloop
  endfacet
  facet normal -0 0 -1
    outer loop
      vertex 0.0664997 0.0483198 -0.000999451
      vertex 0.064956 -0.0483198 -0.000999451
      vertex 0.064956 0.0483198 -0.000999451
    endloop
  endfacet
  facet normal 0 -1 0
    outer loop
      vertex 0.0649996 -0.0483198 0
      vertex 0.0664997 -0.0483198 0.000999451
      vertex 0.064956 -0.0483198 0.000999451
    endloop
  endfacet
  facet normal 0 -1 0
    outer loop
      vertex 0.0664997 -0.0483198 -0.000999451
      vertex 0.0649996 -0.0483198 0
      vertex 0.064956 -0.0483198 -0.000999451
    endloop
  endfacet
  facet normal 0 -1 0
    outer loop
      vertex 0.0649996 -0.0483198 0
      vertex 0.0664997 -0.0483198 -0.000999451
      vertex 0.0664997 -0.0483198 0.000999451
    endloop
  endfacet
  facet normal 0 1 0
    outer loop
      vertex 0.0664997 0.0483198 0.000999451
      vertex 0.0649996 0.0483198 0
      vertex 0.064956 0.0483198 0.000999451
    endloop
  endfacet
  facet normal 0 1 -0
    outer loop
      vertex 0.0664997 0.0483198 -0.000999451
      vertex 0.0649996 0.0483198 0
      vertex 0.0664997 0.0483198 0.000999451
    endloop
  endfacet
  facet normal 0 1 0
    outer loop
      vertex 0.0649996 0.0483198 0
      vertex 0.0664997 0.0483198 -0.000999451
      vertex 0.064956 0.0483198 -0.000999451
    endloop
  endfacet
  facet normal 0.865989 -0 0.500063
    outer loop
      vertex 0.0333441 -0.0483198 -0.0557534
      vertex 0.0341158 0.0483198 -0.0570898
      vertex 0.0333441 0.0483198 -0.0557534
    endloop
  endfacet
  facet normal 0.865989 0 0.500063
    outer loop
      vertex 0.0341158 0.0483198 -0.0570898
      vertex 0.0333441 -0.0483198 -0.0557534
      vertex 0.0341158 -0.0483198 -0.0570898
    endloop
  endfacet
  facet normal 0.500183 0 -0.86592
    outer loop
      vertex 0.0323839 -0.0483198 -0.0580902
      vertex 0.0341158 0.0483198 -0.0570898
      vertex 0.0341158 -0.0483198 -0.0570898
    endloop
  endfacet
  facet normal 0.500183 0 -0.86592
    outer loop
      vertex 0.0341158 0.0483198 -0.0570898
      vertex 0.0323839 -0.0483198 -0.0580902
      vertex 0.0323839 0.0483198 -0.0580902
    endloop
  endfacet
  facet normal 0 1 0
    outer loop
      vertex 0.0341158 0.0483198 -0.0570898
      vertex 0.0324993 0.0483198 -0.0562916
      vertex 0.0333441 0.0483198 -0.0557534
    endloop
  endfacet
  facet normal 0 1 0
    outer loop
      vertex 0.0323839 0.0483198 -0.0580902
      vertex 0.0324993 0.0483198 -0.0562916
      vertex 0.0341158 0.0483198 -0.0570898
    endloop
  endfacet
  facet normal 0 1 0
    outer loop
      vertex 0.0324993 0.0483198 -0.0562916
      vertex 0.0323839 0.0483198 -0.0580902
      vertex 0.031612 0.0483198 -0.0567534
    endloop
  endfacet
  facet normal -0.865998 0 -0.500048
    outer loop
      vertex 0.0323839 -0.0483198 -0.0580902
      vertex 0.031612 0.0483198 -0.0567534
      vertex 0.0323839 0.0483198 -0.0580902
    endloop
  endfacet
  facet normal -0.865998 -0 -0.500048
    outer loop
      vertex 0.031612 0.0483198 -0.0567534
      vertex 0.0323839 -0.0483198 -0.0580902
      vertex 0.031612 -0.0483198 -0.0567534
    endloop
  endfacet
  facet normal 0 -1 0
    outer loop
      vertex 0.0324993 -0.0483198 -0.0562916
      vertex 0.0341158 -0.0483198 -0.0570898
      vertex 0.0333441 -0.0483198 -0.0557534
    endloop
  endfacet
  facet normal 0 -1 0
    outer loop
      vertex 0.0323839 -0.0483198 -0.0580902
      vertex 0.0324993 -0.0483198 -0.0562916
      vertex 0.031612 -0.0483198 -0.0567534
    endloop
  endfacet
  facet normal 0 -1 -0
    outer loop
      vertex 0.0324993 -0.0483198 -0.0562916
      vertex 0.0323839 -0.0483198 -0.0580902
      vertex 0.0341158 -0.0483198 -0.0570898
    endloop
  endfacet
  facet normal 0.865998 0 -0.500048
    outer loop
      vertex -0.031612 -0.0483198 -0.0567534
      vertex -0.0323839 0.0483198 -0.0580902
      vertex -0.031612 0.0483198 -0.0567534
    endloop
  endfacet
  facet normal 0.865998 0 -0.500048
    outer loop
      vertex -0.0323839 0.0483198 -0.0580902
      vertex -0.031612 -0.0483198 -0.0567534
      vertex -0.0323839 -0.0483198 -0.0580902
    endloop
  endfacet
  facet normal -0.500183 0 -0.86592
    outer loop
      vertex -0.0341158 -0.0483198 -0.0570898
      vertex -0.0323839 0.0483198 -0.0580902
      vertex -0.0323839 -0.0483198 -0.0580902
    endloop
  endfacet
  facet normal -0.500183 0 -0.86592
    outer loop
      vertex -0.0323839 0.0483198 -0.0580902
      vertex -0.0341158 -0.0483198 -0.0570898
      vertex -0.0341158 0.0483198 -0.0570898
    endloop
  endfacet
  facet normal 0 -1 0
    outer loop
      vertex -0.0341158 -0.0483198 -0.0570898
      vertex -0.0324993 -0.0483198 -0.0562916
      vertex -0.0333441 -0.0483198 -0.0557534
    endloop
  endfacet
  facet normal 0 -1 0
    outer loop
      vertex -0.0323839 -0.0483198 -0.0580902
      vertex -0.0324993 -0.0483198 -0.0562916
      vertex -0.0341158 -0.0483198 -0.0570898
    endloop
  endfacet
  facet normal 0 -1 0
    outer loop
      vertex -0.0324993 -0.0483198 -0.0562916
      vertex -0.0323839 -0.0483198 -0.0580902
      vertex -0.031612 -0.0483198 -0.0567534
    endloop
  endfacet
  facet normal -0.865989 0 0.500063
    outer loop
      vertex -0.0341158 -0.0483198 -0.0570898
      vertex -0.0333441 0.0483198 -0.0557534
      vertex -0.0341158 0.0483198 -0.0570898
    endloop
  endfacet
  facet normal -0.865989 0 0.500063
    outer loop
      vertex -0.0333441 0.0483198 -0.0557534
      vertex -0.0341158 -0.0483198 -0.0570898
      vertex -0.0333441 -0.0483198 -0.0557534
    endloop
  endfacet
  facet normal 0 1 0
    outer loop
      vertex -0.0324993 0.0483198 -0.0562916
      vertex -0.0341158 0.0483198 -0.0570898
      vertex -0.0333441 0.0483198 -0.0557534
    endloop
  endfacet
  facet normal 0 1 -0
    outer loop
      vertex -0.0323839 0.0483198 -0.0580902
      vertex -0.0324993 0.0483198 -0.0562916
      vertex -0.031612 0.0483198 -0.0567534
    endloop
  endfacet
  facet normal 0 1 0
    outer loop
      vertex -0.0324993 0.0483198 -0.0562916
      vertex -0.0323839 0.0483198 -0.0580902
      vertex -0.0341158 0.0483198 -0.0570898
    endloop
  endfacet
  facet normal 0 0 -1
    outer loop
      vertex -0.0664997 -0.0483198 -0.000999451
      vertex -0.064956 0.0483198 -0.000999451
      vertex -0.064956 -0.0483198 -0.000999451
    endloop
  endfacet
  facet normal -0 0 -1
    outer loop
      vertex -0.064956 0.0483198 -0.000999451
      vertex -0.0664997 -0.0483198 -0.000999451
      vertex -0.0664997 0.0483198 -0.000999451
    endloop
  endfacet
  facet normal -1 0 0
    outer loop
      vertex -0.0664997 -0.0483198 -0.000999451
      vertex -0.0664997 0.0483198 0.000999451
      vertex -0.0664997 0.0483198 -0.000999451
    endloop
  endfacet
  facet normal -1 -0 0
    outer loop
      vertex -0.0664997 0.0483198 0.000999451
      vertex -0.0664997 -0.0483198 -0.000999451
      vertex -0.0664997 -0.0483198 0.000999451
    endloop
  endfacet
  facet normal 0 -1 0
    outer loop
      vertex -0.0664997 -0.0483198 0.000999451
      vertex -0.0649996 -0.0483198 0
      vertex -0.064956 -0.0483198 0.000999451
    endloop
  endfacet
  facet normal 0 -1 0
    outer loop
      vertex -0.0664997 -0.0483198 -0.000999451
      vertex -0.0649996 -0.0483198 0
      vertex -0.0664997 -0.0483198 0.000999451
    endloop
  endfacet
  facet normal 0 -1 -0
    outer loop
      vertex -0.0649996 -0.0483198 0
      vertex -0.0664997 -0.0483198 -0.000999451
      vertex -0.064956 -0.0483198 -0.000999451
    endloop
  endfacet
  facet normal 0 1 -0
    outer loop
      vertex -0.0649996 0.0483198 0
      vertex -0.0664997 0.0483198 0.000999451
      vertex -0.064956 0.0483198 0.000999451
    endloop
  endfacet
  facet normal 0 1 0
    outer loop
      vertex -0.0664997 0.0483198 -0.000999451
      vertex -0.0649996 0.0483198 0
      vertex -0.064956 0.0483198 -0.000999451
    endloop
  endfacet
  facet normal 0 1 0
    outer loop
      vertex -0.0649996 0.0483198 0
      vertex -0.0664997 0.0483198 -0.000999451
      vertex -0.0664997 0.0483198 0.000999451
    endloop
  endfacet
  facet normal -0 0 1
    outer loop
      vertex -0.0664997 0.0483198 0.000999451
      vertex -0.064956 -0.0483198 0.000999451
      vertex -0.064956 0.0483198 0.000999451
    endloop
  endfacet
  facet normal 0 0 1
    outer loop
      vertex -0.064956 -0.0483198 0.000999451
      vertex -0.0664997 0.0483198 0.000999451
      vertex -0.0664997 -0.0483198 0.000999451
    endloop
  endfacet
  facet normal -0.865989 0 -0.500063
    outer loop
      vertex -0.0333441 -0.0483198 0.0557534
      vertex -0.0341158 0.0483198 0.0570898
      vertex -0.0333441 0.0483198 0.0557534
    endloop
  endfacet
  facet normal -0.865989 -0 -0.500063
    outer loop
      vertex -0.0341158 0.0483198 0.0570898
      vertex -0.0333441 -0.0483198 0.0557534
      vertex -0.0341158 -0.0483198 0.0570898
    endloop
  endfacet
  facet normal -0.500183 0 0.86592
    outer loop
      vertex -0.0341158 0.0483198 0.0570898
      vertex -0.0323839 -0.0483198 0.0580902
      vertex -0.0323839 0.0483198 0.0580902
    endloop
  endfacet
  facet normal -0.500183 0 0.86592
    outer loop
      vertex -0.0323839 -0.0483198 0.0580902
      vertex -0.0341158 0.0483198 0.0570898
      vertex -0.0341158 -0.0483198 0.0570898
    endloop
  endfacet
  facet normal 0 -1 0
    outer loop
      vertex -0.0324993 -0.0483198 0.0562916
      vertex -0.0323839 -0.0483198 0.0580902
      vertex -0.0341158 -0.0483198 0.0570898
    endloop
  endfacet
  facet normal 0 -1 -0
    outer loop
      vertex -0.0323839 -0.0483198 0.0580902
      vertex -0.0324993 -0.0483198 0.0562916
      vertex -0.031612 -0.0483198 0.0567534
    endloop
  endfacet
  facet normal -0 -1 0
    outer loop
      vertex -0.0324993 -0.0483198 0.0562916
      vertex -0.0341158 -0.0483198 0.0570898
      vertex -0.0333441 -0.0483198 0.0557534
    endloop
  endfacet
  facet normal 0.865998 -0 0.500048
    outer loop
      vertex -0.0323839 -0.0483198 0.0580902
      vertex -0.031612 0.0483198 0.0567534
      vertex -0.0323839 0.0483198 0.0580902
    endloop
  endfacet
  facet normal 0.865998 0 0.500048
    outer loop
      vertex -0.031612 0.0483198 0.0567534
      vertex -0.0323839 -0.0483198 0.0580902
      vertex -0.031612 -0.0483198 0.0567534
    endloop
  endfacet
  facet normal 0 1 0
    outer loop
      vertex -0.0324993 0.0483198 0.0562916
      vertex -0.0323839 0.0483198 0.0580902
      vertex -0.031612 0.0483198 0.0567534
    endloop
  endfacet
  facet normal 0 1 0
    outer loop
      vertex -0.0323839 0.0483198 0.0580902
      vertex -0.0324993 0.0483198 0.0562916
      vertex -0.0341158 0.0483198 0.0570898
    endloop
  endfacet
  facet normal 0 1 0
    outer loop
      vertex -0.0341158 0.0483198 0.0570898
      vertex -0.0324993 0.0483198 0.0562916
      vertex -0.0333441 0.0483198 0.0557534
    endloop
  endfacet
  facet normal -0.865998 0 0.500048
    outer loop
      vertex 0.031612 -0.0483198 0.0567534
      vertex 0.0323839 0.0483198 0.0580902
      vertex 0.031612 0.0483198 0.0567534
    endloop
  endfacet
  facet normal -0.865998 0 0.500048
    outer loop
      vertex 0.0323839 0.0483198 0.0580902
      vertex 0.031612 -0.0483198 0.0567534
      vertex 0.0323839 -0.0483198 0.0580902
    endloop
  endfacet
  facet normal 0.500183 0 0.86592
    outer loop
      vertex 0.0323839 0.0483198 0.0580902
      vertex 0.0341158 -0.0483198 0.0570898
      vertex 0.0341158 0.0483198 0.0570898
    endloop
  endfacet
  facet normal 0.500183 0 0.86592
    outer loop
      vertex 0.0341158 -0.0483198 0.0570898
      vertex 0.0323839 0.0483198 0.0580902
      vertex 0.0323839 -0.0483198 0.0580902
    endloop
  endfacet
  facet normal 0 -1 0
    outer loop
      vertex 0.0324993 -0.0483198 0.0562916
      vertex 0.0323839 -0.0483198 0.0580902
      vertex 0.031612 -0.0483198 0.0567534
    endloop
  endfacet
  facet normal 0 -1 0
    outer loop
      vertex 0.0323839 -0.0483198 0.0580902
      vertex 0.0324993 -0.0483198 0.0562916
      vertex 0.0341158 -0.0483198 0.0570898
    endloop
  endfacet
  facet normal 0 -1 0
    outer loop
      vertex 0.0341158 -0.0483198 0.0570898
      vertex 0.0324993 -0.0483198 0.0562916
      vertex 0.0333441 -0.0483198 0.0557534
    endloop
  endfacet
  facet normal 0 1 -0
    outer loop
      vertex 0.0324993 0.0483198 0.0562916
      vertex 0.0323839 0.0483198 0.0580902
      vertex 0.0341158 0.0483198 0.0570898
    endloop
  endfacet
  facet normal 0 1 0
    outer loop
      vertex 0.0323839 0.0483198 0.0580902
      vertex 0.0324993 0.0483198 0.0562916
      vertex 0.031612 0.0483198 0.0567534
    endloop
  endfacet
  facet normal -0 1 0
    outer loop
      vertex 0.0324993 0.0483198 0.0562916
      vertex 0.0341158 0.0483198 0.0570898
      vertex 0.0333441 0.0483198 0.0557534
    endloop
  endfacet
  facet normal 0.865989 0 -0.500063
    outer loop
      vertex 0.0341158 -0.0483198 0.0570898
      vertex 0.0333441 0.0483198 0.0557534
      vertex 0.0341158 0.0483198 0.0570898
    endloop
  endfacet
  facet normal 0.865989 0 -0.500063
    outer loop
      vertex 0.0333441 0.0483198 0.0557534
      vertex 0.0341158 -0.0483198 0.0570898
      vertex 0.0333441 -0.0483198 0.0557534
    endloop
  endfacet
  facet normal 0.843392 0 -0.537299
    outer loop
      vertex 0.0580235 0.0604 -0.0334997
      vertex 0.054883 0.0653992 -0.0384293
      vertex 0.0580235 0.0653992 -0.0334997
    endloop
  endfacet
  facet normal 0.843392 0 -0.537299
    outer loop
      vertex 0.054883 0.0653992 -0.0384293
      vertex 0.0580235 0.0604 -0.0334997
      vertex 0.054883 0.0604 -0.0384293
    endloop
  endfacet
  facet normal 0.300715 0 -0.953714
    outer loop
      vertex 0.0173407 0.0604 -0.0647163
      vertex 0.0229149 0.0653992 -0.0629587
      vertex 0.0229149 0.0604 -0.0629587
    endloop
  endfacet
  facet normal 0.300715 0 -0.953714
    outer loop
      vertex 0.0229149 0.0653992 -0.0629587
      vertex 0.0173407 0.0604 -0.0647163
      vertex 0.0173407 0.0653992 -0.0647163
    endloop
  endfacet
  facet normal -0.461709 0 -0.887031
    outer loop
      vertex -0.0334997 0.0604 -0.0580235
      vertex -0.0283146 0.0653992 -0.0607224
      vertex -0.0283146 0.0604 -0.0607224
    endloop
  endfacet
  facet normal -0.461709 0 -0.887031
    outer loop
      vertex -0.0283146 0.0653992 -0.0607224
      vertex -0.0334997 0.0604 -0.0580235
      vertex -0.0334997 0.0653992 -0.0580235
    endloop
  endfacet
  facet normal -0.923899 0 -0.382635
    outer loop
      vertex -0.0607224 0.0604 -0.0283146
      vertex -0.0629587 0.0653992 -0.0229149
      vertex -0.0607224 0.0653992 -0.0283146
    endloop
  endfacet
  facet normal -0.923899 -0 -0.382635
    outer loop
      vertex -0.0629587 0.0653992 -0.0229149
      vertex -0.0607224 0.0604 -0.0283146
      vertex -0.0629587 0.0604 -0.0229149
    endloop
  endfacet
  facet normal 0.999051 -0 0.0435594
    outer loop
      vertex 0.0667448 0.0604 0.00583935
      vertex 0.0669994 0.0653992 0
      vertex 0.0667448 0.0653992 0.00583935
    endloop
  endfacet
  facet normal 0.999051 0 0.0435594
    outer loop
      vertex 0.0669994 0.0653992 0
      vertex 0.0667448 0.0604 0.00583935
      vertex 0.0669994 0.0604 0
    endloop
  endfacet
  facet normal 0.537299 0 -0.843392
    outer loop
      vertex 0.0334997 0.0604 -0.0580235
      vertex 0.0384293 0.0653992 -0.054883
      vertex 0.0384293 0.0604 -0.054883
    endloop
  endfacet
  facet normal 0.537299 0 -0.843392
    outer loop
      vertex 0.0384293 0.0653992 -0.054883
      vertex 0.0334997 0.0604 -0.0580235
      vertex 0.0334997 0.0653992 -0.0580235
    endloop
  endfacet
  facet normal -0.793326 0 -0.608797
    outer loop
      vertex -0.0513248 0.0604 -0.043066
      vertex -0.054883 0.0653992 -0.0384293
      vertex -0.0513248 0.0653992 -0.043066
    endloop
  endfacet
  facet normal -0.793326 -0 -0.608797
    outer loop
      vertex -0.054883 0.0653992 -0.0384293
      vertex -0.0513248 0.0604 -0.043066
      vertex -0.054883 0.0604 -0.0384293
    endloop
  endfacet
  facet normal -0.21651 0 -0.97628
    outer loop
      vertex -0.0173407 0.0604 -0.0647163
      vertex -0.0116339 0.0653992 -0.0659819
      vertex -0.0116339 0.0604 -0.0659819
    endloop
  endfacet
  facet normal -0.21651 0 -0.97628
    outer loop
      vertex -0.0116339 0.0653992 -0.0659819
      vertex -0.0173407 0.0604 -0.0647163
      vertex -0.0173407 0.0653992 -0.0647163
    endloop
  endfacet
  facet normal 0.537299 0 0.843392
    outer loop
      vertex 0.0334997 0.0653992 0.0580235
      vertex 0.0384293 0.0604 0.054883
      vertex 0.0384293 0.0653992 0.054883
    endloop
  endfacet
  facet normal 0.537299 0 0.843392
    outer loop
      vertex 0.0384293 0.0604 0.054883
      vertex 0.0334997 0.0653992 0.0580235
      vertex 0.0334997 0.0604 0.0580235
    endloop
  endfacet
  facet normal 0.991444 0 -0.130532
    outer loop
      vertex 0.0667448 0.0604 -0.00583935
      vertex 0.0659819 0.0653992 -0.0116339
      vertex 0.0667448 0.0653992 -0.00583935
    endloop
  endfacet
  facet normal 0.991444 0 -0.130532
    outer loop
      vertex 0.0659819 0.0653992 -0.0116339
      vertex 0.0667448 0.0604 -0.00583935
      vertex 0.0659819 0.0604 -0.0116339
    endloop
  endfacet
  facet normal 0.923899 0 -0.382635
    outer loop
      vertex 0.0629587 0.0604 -0.0229149
      vertex 0.0607224 0.0653992 -0.0283146
      vertex 0.0629587 0.0653992 -0.0229149
    endloop
  endfacet
  facet normal 0.923899 0 -0.382635
    outer loop
      vertex 0.0607224 0.0653992 -0.0283146
      vertex 0.0629587 0.0604 -0.0229149
      vertex 0.0607224 0.0604 -0.0283146
    endloop
  endfacet
  facet normal 0.793326 0 -0.608797
    outer loop
      vertex 0.054883 0.0604 -0.0384293
      vertex 0.0513248 0.0653992 -0.043066
      vertex 0.054883 0.0653992 -0.0384293
    endloop
  endfacet
  facet normal 0.793326 0 -0.608797
    outer loop
      vertex 0.0513248 0.0653992 -0.043066
      vertex 0.054883 0.0604 -0.0384293
      vertex 0.0513248 0.0604 -0.043066
    endloop
  endfacet
  facet normal 0.675589 0 -0.737278
    outer loop
      vertex 0.043066 0.0604 -0.0513248
      vertex 0.0473757 0.0653992 -0.0473757
      vertex 0.0473757 0.0604 -0.0473757
    endloop
  endfacet
  facet normal 0.675589 0 -0.737278
    outer loop
      vertex 0.0473757 0.0653992 -0.0473757
      vertex 0.043066 0.0604 -0.0513248
      vertex 0.043066 0.0653992 -0.0513248
    endloop
  endfacet
  facet normal -0.0435594 0 -0.999051
    outer loop
      vertex -0.00583935 0.0604 -0.0667448
      vertex 0 0.0653992 -0.0669994
      vertex 0 0.0604 -0.0669994
    endloop
  endfacet
  facet normal -0.0435594 0 -0.999051
    outer loop
      vertex 0 0.0653992 -0.0669994
      vertex -0.00583935 0.0604 -0.0667448
      vertex -0.00583935 0.0653992 -0.0667448
    endloop
  endfacet
  facet normal 0.21651 0 -0.97628
    outer loop
      vertex 0.0116339 0.0604 -0.0659819
      vertex 0.0173407 0.0653992 -0.0647163
      vertex 0.0173407 0.0604 -0.0647163
    endloop
  endfacet
  facet normal 0.21651 0 -0.97628
    outer loop
      vertex 0.0173407 0.0653992 -0.0647163
      vertex 0.0116339 0.0604 -0.0659819
      vertex 0.0116339 0.0653992 -0.0659819
    endloop
  endfacet
  facet normal 0.130532 0 -0.991444
    outer loop
      vertex 0.00583935 0.0604 -0.0667448
      vertex 0.0116339 0.0653992 -0.0659819
      vertex 0.0116339 0.0604 -0.0659819
    endloop
  endfacet
  facet normal 0.130532 0 -0.991444
    outer loop
      vertex 0.0116339 0.0653992 -0.0659819
      vertex 0.00583935 0.0604 -0.0667448
      vertex 0.00583935 0.0653992 -0.0667448
    endloop
  endfacet
  facet normal 0.461709 0 -0.887031
    outer loop
      vertex 0.0283146 0.0604 -0.0607224
      vertex 0.0334997 0.0653992 -0.0580235
      vertex 0.0334997 0.0604 -0.0580235
    endloop
  endfacet
  facet normal 0.461709 0 -0.887031
    outer loop
      vertex 0.0334997 0.0653992 -0.0580235
      vertex 0.0283146 0.0604 -0.0607224
      vertex 0.0283146 0.0653992 -0.0607224
    endloop
  endfacet
  facet normal 0.608797 0 -0.793326
    outer loop
      vertex 0.0384293 0.0604 -0.054883
      vertex 0.043066 0.0653992 -0.0513248
      vertex 0.043066 0.0604 -0.0513248
    endloop
  endfacet
  facet normal 0.608797 0 -0.793326
    outer loop
      vertex 0.043066 0.0653992 -0.0513248
      vertex 0.0384293 0.0604 -0.054883
      vertex 0.0384293 0.0653992 -0.054883
    endloop
  endfacet
  facet normal -0.999051 0 -0.0435594
    outer loop
      vertex -0.0667448 0.0604 -0.00583935
      vertex -0.0669994 0.0653992 0
      vertex -0.0667448 0.0653992 -0.00583935
    endloop
  endfacet
  facet normal -0.999051 -0 -0.0435594
    outer loop
      vertex -0.0669994 0.0653992 0
      vertex -0.0667448 0.0604 -0.00583935
      vertex -0.0669994 0.0604 0
    endloop
  endfacet
  facet normal -0.953714 0 -0.300715
    outer loop
      vertex -0.0629587 0.0604 -0.0229149
      vertex -0.0647163 0.0653992 -0.0173407
      vertex -0.0629587 0.0653992 -0.0229149
    endloop
  endfacet
  facet normal -0.953714 -0 -0.300715
    outer loop
      vertex -0.0647163 0.0653992 -0.0173407
      vertex -0.0629587 0.0604 -0.0229149
      vertex -0.0647163 0.0604 -0.0173407
    endloop
  endfacet
  facet normal -0.97628 0 -0.21651
    outer loop
      vertex -0.0647163 0.0604 -0.0173407
      vertex -0.0659819 0.0653992 -0.0116339
      vertex -0.0647163 0.0653992 -0.0173407
    endloop
  endfacet
  facet normal -0.97628 -0 -0.21651
    outer loop
      vertex -0.0659819 0.0653992 -0.0116339
      vertex -0.0647163 0.0604 -0.0173407
      vertex -0.0659819 0.0604 -0.0116339
    endloop
  endfacet
  facet normal -0.887031 0 -0.461709
    outer loop
      vertex -0.0580235 0.0604 -0.0334997
      vertex -0.0607224 0.0653992 -0.0283146
      vertex -0.0580235 0.0653992 -0.0334997
    endloop
  endfacet
  facet normal -0.887031 -0 -0.461709
    outer loop
      vertex -0.0607224 0.0653992 -0.0283146
      vertex -0.0580235 0.0604 -0.0334997
      vertex -0.0607224 0.0604 -0.0283146
    endloop
  endfacet
  facet normal -0.843392 0 -0.537299
    outer loop
      vertex -0.054883 0.0604 -0.0384293
      vertex -0.0580235 0.0653992 -0.0334997
      vertex -0.054883 0.0653992 -0.0384293
    endloop
  endfacet
  facet normal -0.843392 -0 -0.537299
    outer loop
      vertex -0.0580235 0.0653992 -0.0334997
      vertex -0.054883 0.0604 -0.0384293
      vertex -0.0580235 0.0604 -0.0334997
    endloop
  endfacet
  facet normal -0.130532 0 -0.991444
    outer loop
      vertex -0.0116339 0.0604 -0.0659819
      vertex -0.00583935 0.0653992 -0.0667448
      vertex -0.00583935 0.0604 -0.0667448
    endloop
  endfacet
  facet normal -0.130532 0 -0.991444
    outer loop
      vertex -0.00583935 0.0653992 -0.0667448
      vertex -0.0116339 0.0604 -0.0659819
      vertex -0.0116339 0.0653992 -0.0659819
    endloop
  endfacet
  facet normal -0.608797 0 -0.793326
    outer loop
      vertex -0.043066 0.0604 -0.0513248
      vertex -0.0384293 0.0653992 -0.054883
      vertex -0.0384293 0.0604 -0.054883
    endloop
  endfacet
  facet normal -0.608797 0 -0.793326
    outer loop
      vertex -0.0384293 0.0653992 -0.054883
      vertex -0.043066 0.0604 -0.0513248
      vertex -0.043066 0.0653992 -0.0513248
    endloop
  endfacet
  facet normal -0.675589 0 -0.737278
    outer loop
      vertex -0.0473757 0.0604 -0.0473757
      vertex -0.043066 0.0653992 -0.0513248
      vertex -0.043066 0.0604 -0.0513248
    endloop
  endfacet
  facet normal -0.675589 0 -0.737278
    outer loop
      vertex -0.043066 0.0653992 -0.0513248
      vertex -0.0473757 0.0604 -0.0473757
      vertex -0.0473757 0.0653992 -0.0473757
    endloop
  endfacet
  facet normal -0.537299 0 -0.843392
    outer loop
      vertex -0.0384293 0.0604 -0.054883
      vertex -0.0334997 0.0653992 -0.0580235
      vertex -0.0334997 0.0604 -0.0580235
    endloop
  endfacet
  facet normal -0.537299 0 -0.843392
    outer loop
      vertex -0.0334997 0.0653992 -0.0580235
      vertex -0.0384293 0.0604 -0.054883
      vertex -0.0384293 0.0653992 -0.054883
    endloop
  endfacet
  facet normal -0.737278 0 -0.675589
    outer loop
      vertex -0.0473757 0.0604 -0.0473757
      vertex -0.0513248 0.0653992 -0.043066
      vertex -0.0473757 0.0653992 -0.0473757
    endloop
  endfacet
  facet normal -0.737278 -0 -0.675589
    outer loop
      vertex -0.0513248 0.0653992 -0.043066
      vertex -0.0473757 0.0604 -0.0473757
      vertex -0.0513248 0.0604 -0.043066
    endloop
  endfacet
  facet normal 0.999051 0 -0.0435594
    outer loop
      vertex 0.0669994 0.0604 0
      vertex 0.0667448 0.0653992 -0.00583935
      vertex 0.0669994 0.0653992 0
    endloop
  endfacet
  facet normal 0.999051 0 -0.0435594
    outer loop
      vertex 0.0667448 0.0653992 -0.00583935
      vertex 0.0669994 0.0604 0
      vertex 0.0667448 0.0604 -0.00583935
    endloop
  endfacet
  facet normal 0.97628 -0 0.21651
    outer loop
      vertex 0.0647163 0.0604 0.0173407
      vertex 0.0659819 0.0653992 0.0116339
      vertex 0.0647163 0.0653992 0.0173407
    endloop
  endfacet
  facet normal 0.97628 0 0.21651
    outer loop
      vertex 0.0659819 0.0653992 0.0116339
      vertex 0.0647163 0.0604 0.0173407
      vertex 0.0659819 0.0604 0.0116339
    endloop
  endfacet
  facet normal -0.887031 0 0.461709
    outer loop
      vertex -0.0607224 0.0604 0.0283146
      vertex -0.0580235 0.0653992 0.0334997
      vertex -0.0607224 0.0653992 0.0283146
    endloop
  endfacet
  facet normal -0.887031 0 0.461709
    outer loop
      vertex -0.0580235 0.0653992 0.0334997
      vertex -0.0607224 0.0604 0.0283146
      vertex -0.0580235 0.0604 0.0334997
    endloop
  endfacet
  facet normal 0.461709 0 0.887031
    outer loop
      vertex 0.0283146 0.0653992 0.0607224
      vertex 0.0334997 0.0604 0.0580235
      vertex 0.0334997 0.0653992 0.0580235
    endloop
  endfacet
  facet normal 0.461709 0 0.887031
    outer loop
      vertex 0.0334997 0.0604 0.0580235
      vertex 0.0283146 0.0653992 0.0607224
      vertex 0.0283146 0.0604 0.0607224
    endloop
  endfacet
  facet normal 0.887031 0 -0.461709
    outer loop
      vertex 0.0607224 0.0604 -0.0283146
      vertex 0.0580235 0.0653992 -0.0334997
      vertex 0.0607224 0.0653992 -0.0283146
    endloop
  endfacet
  facet normal 0.887031 0 -0.461709
    outer loop
      vertex 0.0580235 0.0653992 -0.0334997
      vertex 0.0607224 0.0604 -0.0283146
      vertex 0.0580235 0.0604 -0.0334997
    endloop
  endfacet
  facet normal 0.97628 0 -0.21651
    outer loop
      vertex 0.0659819 0.0604 -0.0116339
      vertex 0.0647163 0.0653992 -0.0173407
      vertex 0.0659819 0.0653992 -0.0116339
    endloop
  endfacet
  facet normal 0.97628 0 -0.21651
    outer loop
      vertex 0.0647163 0.0653992 -0.0173407
      vertex 0.0659819 0.0604 -0.0116339
      vertex 0.0647163 0.0604 -0.0173407
    endloop
  endfacet
  facet normal 0.737278 0 -0.675589
    outer loop
      vertex 0.0513248 0.0604 -0.043066
      vertex 0.0473757 0.0653992 -0.0473757
      vertex 0.0513248 0.0653992 -0.043066
    endloop
  endfacet
  facet normal 0.737278 0 -0.675589
    outer loop
      vertex 0.0473757 0.0653992 -0.0473757
      vertex 0.0513248 0.0604 -0.043066
      vertex 0.0473757 0.0604 -0.0473757
    endloop
  endfacet
  facet normal 0.0435594 0 -0.999051
    outer loop
      vertex 0 0.0604 -0.0669994
      vertex 0.00583935 0.0653992 -0.0667448
      vertex 0.00583935 0.0604 -0.0667448
    endloop
  endfacet
  facet normal 0.0435594 0 -0.999051
    outer loop
      vertex 0.00583935 0.0653992 -0.0667448
      vertex 0 0.0604 -0.0669994
      vertex 0 0.0653992 -0.0669994
    endloop
  endfacet
  facet normal 0.382635 0 -0.923899
    outer loop
      vertex 0.0229149 0.0604 -0.0629587
      vertex 0.0283146 0.0653992 -0.0607224
      vertex 0.0283146 0.0604 -0.0607224
    endloop
  endfacet
  facet normal 0.382635 0 -0.923899
    outer loop
      vertex 0.0283146 0.0653992 -0.0607224
      vertex 0.0229149 0.0604 -0.0629587
      vertex 0.0229149 0.0653992 -0.0629587
    endloop
  endfacet
  facet normal 0 1 0
    outer loop
      vertex 0 0.0653992 0.0619993
      vertex 0 0.0653992 0.0669994
      vertex 0.00583935 0.0653992 0.0667448
    endloop
  endfacet
  facet normal 0 1 0
    outer loop
      vertex 0.00540352 0.0653992 0.0617638
      vertex 0.00583935 0.0653992 0.0667448
      vertex 0.0116339 0.0653992 0.0659819
    endloop
  endfacet
  facet normal 0 1 0
    outer loop
      vertex 0 0.0653992 0.0669994
      vertex 0 0.0653992 0.0619993
      vertex -0.00583935 0.0653992 0.0667448
    endloop
  endfacet
  facet normal 0 1 0
    outer loop
      vertex 0.010766 0.0653992 0.061058
      vertex 0.0116339 0.0653992 0.0659819
      vertex 0.0173407 0.0653992 0.0647163
    endloop
  endfacet
  facet normal 0 1 -0
    outer loop
      vertex -0.00540352 0.0653992 0.0617638
      vertex -0.00583935 0.0653992 0.0667448
      vertex 0 0.0653992 0.0619993
    endloop
  endfacet
  facet normal 0 1 0
    outer loop
      vertex 0.0160465 0.0653992 0.0598869
      vertex 0.0173407 0.0653992 0.0647163
      vertex 0.0229149 0.0653992 0.0629587
    endloop
  endfacet
  facet normal 0 1 0
    outer loop
      vertex -0.00583935 0.0653992 0.0667448
      vertex -0.00540352 0.0653992 0.0617638
      vertex -0.0116339 0.0653992 0.0659819
    endloop
  endfacet
  facet normal 0 1 -0
    outer loop
      vertex -0.010766 0.0653992 0.061058
      vertex -0.0116339 0.0653992 0.0659819
      vertex -0.00540352 0.0653992 0.0617638
    endloop
  endfacet
  facet normal 0 1 0
    outer loop
      vertex 0.00583935 0.0653992 0.0667448
      vertex 0.00540352 0.0653992 0.0617638
      vertex 0 0.0653992 0.0619993
    endloop
  endfacet
  facet normal 0 1 0
    outer loop
      vertex 0.0116339 0.0653992 0.0659819
      vertex 0.010766 0.0653992 0.061058
      vertex 0.00540352 0.0653992 0.0617638
    endloop
  endfacet
  facet normal 0 1 0
    outer loop
      vertex 0.0212049 0.0653992 0.0582609
      vertex 0.0229149 0.0653992 0.0629587
      vertex 0.0283146 0.0653992 0.0607224
    endloop
  endfacet
  facet normal 0 1 0
    outer loop
      vertex 0.0173407 0.0653992 0.0647163
      vertex 0.0160465 0.0653992 0.0598869
      vertex 0.010766 0.0653992 0.061058
    endloop
  endfacet
  facet normal 0 1 0
    outer loop
      vertex 0.0229149 0.0653992 0.0629587
      vertex 0.0212049 0.0653992 0.0582609
      vertex 0.0160465 0.0653992 0.0598869
    endloop
  endfacet
  facet normal 0 1 0
    outer loop
      vertex 0.0262022 0.0653992 0.0561905
      vertex 0.0283146 0.0653992 0.0607224
      vertex 0.0334997 0.0653992 0.0580235
    endloop
  endfacet
  facet normal 0 1 0
    outer loop
      vertex 0.0283146 0.0653992 0.0607224
      vertex 0.0262022 0.0653992 0.0561905
      vertex 0.0212049 0.0653992 0.0582609
    endloop
  endfacet
  facet normal 0 1 0
    outer loop
      vertex 0.0309992 0.0653992 0.0536928
      vertex 0.0334997 0.0653992 0.0580235
      vertex 0.0384293 0.0653992 0.054883
    endloop
  endfacet
  facet normal 0 1 0
    outer loop
      vertex 0.0334997 0.0653992 0.0580235
      vertex 0.0309992 0.0653992 0.0536928
      vertex 0.0262022 0.0653992 0.0561905
    endloop
  endfacet
  facet normal 0 1 0
    outer loop
      vertex 0.0355616 0.0653992 0.050787
      vertex 0.0384293 0.0653992 0.054883
      vertex 0.043066 0.0653992 0.0513248
    endloop
  endfacet
  facet normal 0 1 0
    outer loop
      vertex 0.0384293 0.0653992 0.054883
      vertex 0.0355616 0.0653992 0.050787
      vertex 0.0309992 0.0653992 0.0536928
    endloop
  endfacet
  facet normal 0 1 0
    outer loop
      vertex 0.043066 0.0653992 0.0513248
      vertex 0.0398521 0.0653992 0.0474939
      vertex 0.0355616 0.0653992 0.050787
    endloop
  endfacet
  facet normal 0 1 0
    outer loop
      vertex 0.0473757 0.0653992 0.0473757
      vertex 0.0398521 0.0653992 0.0474939
      vertex 0.043066 0.0653992 0.0513248
    endloop
  endfacet
  facet normal 0 1 0
    outer loop
      vertex 0.0473757 0.0653992 0.0473757
      vertex 0.0438404 0.0653992 0.0438404
      vertex 0.0398521 0.0653992 0.0474939
    endloop
  endfacet
  facet normal 0 1 0
    outer loop
      vertex 0.0513248 0.0653992 0.043066
      vertex 0.0438404 0.0653992 0.0438404
      vertex 0.0473757 0.0653992 0.0473757
    endloop
  endfacet
  facet normal 0 1 0
    outer loop
      vertex 0.0513248 0.0653992 0.043066
      vertex 0.0474939 0.0653992 0.0398521
      vertex 0.0438404 0.0653992 0.0438404
    endloop
  endfacet
  facet normal 0 1 0
    outer loop
      vertex 0.054883 0.0653992 0.0384293
      vertex 0.0474939 0.0653992 0.0398521
      vertex 0.0513248 0.0653992 0.043066
    endloop
  endfacet
  facet normal 0 1 0
    outer loop
      vertex 0.054883 0.0653992 0.0384293
      vertex 0.050787 0.0653992 0.0355616
      vertex 0.0474939 0.0653992 0.0398521
    endloop
  endfacet
  facet normal 0 1 0
    outer loop
      vertex 0.0580235 0.0653992 0.0334997
      vertex 0.050787 0.0653992 0.0355616
      vertex 0.054883 0.0653992 0.0384293
    endloop
  endfacet
  facet normal 0 1 0
    outer loop
      vertex 0.0580235 0.0653992 0.0334997
      vertex 0.0536928 0.0653992 0.0309992
      vertex 0.050787 0.0653992 0.0355616
    endloop
  endfacet
  facet normal 0 1 0
    outer loop
      vertex 0.0607224 0.0653992 0.0283146
      vertex 0.0536928 0.0653992 0.0309992
      vertex 0.0580235 0.0653992 0.0334997
    endloop
  endfacet
  facet normal 0 1 0
    outer loop
      vertex 0.0607224 0.0653992 0.0283146
      vertex 0.0561905 0.0653992 0.0262022
      vertex 0.0536928 0.0653992 0.0309992
    endloop
  endfacet
  facet normal 0 1 0
    outer loop
      vertex 0.0629587 0.0653992 0.0229149
      vertex 0.0561905 0.0653992 0.0262022
      vertex 0.0607224 0.0653992 0.0283146
    endloop
  endfacet
  facet normal 0 1 0
    outer loop
      vertex 0.0629587 0.0653992 0.0229149
      vertex 0.0582609 0.0653992 0.0212049
      vertex 0.0561905 0.0653992 0.0262022
    endloop
  endfacet
  facet normal 0 1 0
    outer loop
      vertex 0.0647163 0.0653992 0.0173407
      vertex 0.0582609 0.0653992 0.0212049
      vertex 0.0629587 0.0653992 0.0229149
    endloop
  endfacet
  facet normal 0 1 0
    outer loop
      vertex 0.0647163 0.0653992 0.0173407
      vertex 0.0598869 0.0653992 0.0160465
      vertex 0.0582609 0.0653992 0.0212049
    endloop
  endfacet
  facet normal 0 1 0
    outer loop
      vertex 0.0659819 0.0653992 0.0116339
      vertex 0.0598869 0.0653992 0.0160465
      vertex 0.0647163 0.0653992 0.0173407
    endloop
  endfacet
  facet normal 0 1 0
    outer loop
      vertex 0.0659819 0.0653992 0.0116339
      vertex 0.061058 0.0653992 0.010766
      vertex 0.0598869 0.0653992 0.0160465
    endloop
  endfacet
  facet normal 0 1 0
    outer loop
      vertex 0.0667448 0.0653992 0.00583935
      vertex 0.061058 0.0653992 0.010766
      vertex 0.0659819 0.0653992 0.0116339
    endloop
  endfacet
  facet normal 0 1 0
    outer loop
      vertex 0.0667448 0.0653992 0.00583935
      vertex 0.0617638 0.0653992 0.00540352
      vertex 0.061058 0.0653992 0.010766
    endloop
  endfacet
  facet normal 0 1 0
    outer loop
      vertex 0.0669994 0.0653992 0
      vertex 0.0617638 0.0653992 0.00540352
      vertex 0.0667448 0.0653992 0.00583935
    endloop
  endfacet
  facet normal 0 1 0
    outer loop
      vertex 0.0669994 0.0653992 0
      vertex 0.0619993 0.0653992 0
      vertex 0.0617638 0.0653992 0.00540352
    endloop
  endfacet
  facet normal 0 1 0
    outer loop
      vertex 0.0669994 0.0653992 0
      vertex 0.0617638 0.0653992 -0.00540352
      vertex 0.0619993 0.0653992 0
    endloop
  endfacet
  facet normal 0 1 -0
    outer loop
      vertex 0.0667448 0.0653992 -0.00583935
      vertex 0.0617638 0.0653992 -0.00540352
      vertex 0.0669994 0.0653992 0
    endloop
  endfacet
  facet normal 0 1 0
    outer loop
      vertex 0.0667448 0.0653992 -0.00583935
      vertex 0.061058 0.0653992 -0.010766
      vertex 0.0617638 0.0653992 -0.00540352
    endloop
  endfacet
  facet normal 0 1 -0
    outer loop
      vertex 0.0659819 0.0653992 -0.0116339
      vertex 0.061058 0.0653992 -0.010766
      vertex 0.0667448 0.0653992 -0.00583935
    endloop
  endfacet
  facet normal 0 1 0
    outer loop
      vertex 0.0659819 0.0653992 -0.0116339
      vertex 0.0598869 0.0653992 -0.0160465
      vertex 0.061058 0.0653992 -0.010766
    endloop
  endfacet
  facet normal 0 1 -0
    outer loop
      vertex 0.0647163 0.0653992 -0.0173407
      vertex 0.0598869 0.0653992 -0.0160465
      vertex 0.0659819 0.0653992 -0.0116339
    endloop
  endfacet
  facet normal 0 1 0
    outer loop
      vertex 0.0647163 0.0653992 -0.0173407
      vertex 0.0582609 0.0653992 -0.0212049
      vertex 0.0598869 0.0653992 -0.0160465
    endloop
  endfacet
  facet normal 0 1 -0
    outer loop
      vertex 0.0629587 0.0653992 -0.0229149
      vertex 0.0582609 0.0653992 -0.0212049
      vertex 0.0647163 0.0653992 -0.0173407
    endloop
  endfacet
  facet normal 0 1 0
    outer loop
      vertex 0.0629587 0.0653992 -0.0229149
      vertex 0.0561905 0.0653992 -0.0262022
      vertex 0.0582609 0.0653992 -0.0212049
    endloop
  endfacet
  facet normal 0 1 -0
    outer loop
      vertex 0.0607224 0.0653992 -0.0283146
      vertex 0.0561905 0.0653992 -0.0262022
      vertex 0.0629587 0.0653992 -0.0229149
    endloop
  endfacet
  facet normal 0 1 0
    outer loop
      vertex 0.0607224 0.0653992 -0.0283146
      vertex 0.0536928 0.0653992 -0.0309992
      vertex 0.0561905 0.0653992 -0.0262022
    endloop
  endfacet
  facet normal 0 1 -0
    outer loop
      vertex 0.0580235 0.0653992 -0.0334997
      vertex 0.0536928 0.0653992 -0.0309992
      vertex 0.0607224 0.0653992 -0.0283146
    endloop
  endfacet
  facet normal 0 1 0
    outer loop
      vertex 0.0580235 0.0653992 -0.0334997
      vertex 0.050787 0.0653992 -0.0355616
      vertex 0.0536928 0.0653992 -0.0309992
    endloop
  endfacet
  facet normal 0 1 -0
    outer loop
      vertex 0.054883 0.0653992 -0.0384293
      vertex 0.050787 0.0653992 -0.0355616
      vertex 0.0580235 0.0653992 -0.0334997
    endloop
  endfacet
  facet normal 0 1 0
    outer loop
      vertex 0.054883 0.0653992 -0.0384293
      vertex 0.0474939 0.0653992 -0.0398521
      vertex 0.050787 0.0653992 -0.0355616
    endloop
  endfacet
  facet normal 0 1 -0
    outer loop
      vertex 0.0513248 0.0653992 -0.043066
      vertex 0.0474939 0.0653992 -0.0398521
      vertex 0.054883 0.0653992 -0.0384293
    endloop
  endfacet
  facet normal 0 1 0
    outer loop
      vertex 0.0513248 0.0653992 -0.043066
      vertex 0.0438404 0.0653992 -0.0438404
      vertex 0.0474939 0.0653992 -0.0398521
    endloop
  endfacet
  facet normal 0 1 -0
    outer loop
      vertex 0.0473757 0.0653992 -0.0473757
      vertex 0.0438404 0.0653992 -0.0438404
      vertex 0.0513248 0.0653992 -0.043066
    endloop
  endfacet
  facet normal 0 1 0
    outer loop
      vertex 0.0473757 0.0653992 -0.0473757
      vertex 0.0398521 0.0653992 -0.0474939
      vertex 0.0438404 0.0653992 -0.0438404
    endloop
  endfacet
  facet normal 0 1 -0
    outer loop
      vertex 0.043066 0.0653992 -0.0513248
      vertex 0.0398521 0.0653992 -0.0474939
      vertex 0.0473757 0.0653992 -0.0473757
    endloop
  endfacet
  facet normal 0 1 0
    outer loop
      vertex 0.0398521 0.0653992 -0.0474939
      vertex 0.043066 0.0653992 -0.0513248
      vertex 0.0355616 0.0653992 -0.050787
    endloop
  endfacet
  facet normal 0 1 -0
    outer loop
      vertex 0.0384293 0.0653992 -0.054883
      vertex 0.0355616 0.0653992 -0.050787
      vertex 0.043066 0.0653992 -0.0513248
    endloop
  endfacet
  facet normal 0 1 0
    outer loop
      vertex 0.0355616 0.0653992 -0.050787
      vertex 0.0384293 0.0653992 -0.054883
      vertex 0.0309992 0.0653992 -0.0536928
    endloop
  endfacet
  facet normal 0 1 -0
    outer loop
      vertex 0.0334997 0.0653992 -0.0580235
      vertex 0.0309992 0.0653992 -0.0536928
      vertex 0.0384293 0.0653992 -0.054883
    endloop
  endfacet
  facet normal 0 1 0
    outer loop
      vertex 0.0309992 0.0653992 -0.0536928
      vertex 0.0334997 0.0653992 -0.0580235
      vertex 0.0262022 0.0653992 -0.0561905
    endloop
  endfacet
  facet normal 0 1 -0
    outer loop
      vertex 0.0283146 0.0653992 -0.0607224
      vertex 0.0262022 0.0653992 -0.0561905
      vertex 0.0334997 0.0653992 -0.0580235
    endloop
  endfacet
  facet normal 0 1 0
    outer loop
      vertex 0.0262022 0.0653992 -0.0561905
      vertex 0.0283146 0.0653992 -0.0607224
      vertex 0.0212049 0.0653992 -0.0582609
    endloop
  endfacet
  facet normal 0 1 -0
    outer loop
      vertex 0.0229149 0.0653992 -0.0629587
      vertex 0.0212049 0.0653992 -0.0582609
      vertex 0.0283146 0.0653992 -0.0607224
    endloop
  endfacet
  facet normal 0 1 0
    outer loop
      vertex 0.0212049 0.0653992 -0.0582609
      vertex 0.0229149 0.0653992 -0.0629587
      vertex 0.0160465 0.0653992 -0.0598869
    endloop
  endfacet
  facet normal 0 1 -0
    outer loop
      vertex 0.0173407 0.0653992 -0.0647163
      vertex 0.0160465 0.0653992 -0.0598869
      vertex 0.0229149 0.0653992 -0.0629587
    endloop
  endfacet
  facet normal 0 1 -0
    outer loop
      vertex 0.0116339 0.0653992 -0.0659819
      vertex 0.010766 0.0653992 -0.061058
      vertex 0.0173407 0.0653992 -0.0647163
    endloop
  endfacet
  facet normal 0 1 0
    outer loop
      vertex 0.0160465 0.0653992 -0.0598869
      vertex 0.0173407 0.0653992 -0.0647163
      vertex 0.010766 0.0653992 -0.061058
    endloop
  endfacet
  facet normal 0 1 0
    outer loop
      vertex -0.0116339 0.0653992 0.0659819
      vertex -0.010766 0.0653992 0.061058
      vertex -0.0173407 0.0653992 0.0647163
    endloop
  endfacet
  facet normal 0 1 -0
    outer loop
      vertex -0.0160465 0.0653992 0.0598869
      vertex -0.0173407 0.0653992 0.0647163
      vertex -0.010766 0.0653992 0.061058
    endloop
  endfacet
  facet normal 0 1 0
    outer loop
      vertex -0.0173407 0.0653992 0.0647163
      vertex -0.0160465 0.0653992 0.0598869
      vertex -0.0229149 0.0653992 0.0629587
    endloop
  endfacet
  facet normal 0 1 -0
    outer loop
      vertex -0.0212049 0.0653992 0.0582609
      vertex -0.0229149 0.0653992 0.0629587
      vertex -0.0160465 0.0653992 0.0598869
    endloop
  endfacet
  facet normal 0 1 0
    outer loop
      vertex -0.0229149 0.0653992 0.0629587
      vertex -0.0212049 0.0653992 0.0582609
      vertex -0.0283146 0.0653992 0.0607224
    endloop
  endfacet
  facet normal 0 1 -0
    outer loop
      vertex -0.0262022 0.0653992 0.0561905
      vertex -0.0283146 0.0653992 0.0607224
      vertex -0.0212049 0.0653992 0.0582609
    endloop
  endfacet
  facet normal 0 1 0
    outer loop
      vertex -0.0283146 0.0653992 0.0607224
      vertex -0.0262022 0.0653992 0.0561905
      vertex -0.0334997 0.0653992 0.0580235
    endloop
  endfacet
  facet normal 0 1 -0
    outer loop
      vertex -0.0309992 0.0653992 0.0536928
      vertex -0.0334997 0.0653992 0.0580235
      vertex -0.0262022 0.0653992 0.0561905
    endloop
  endfacet
  facet normal 0 1 0
    outer loop
      vertex -0.0334997 0.0653992 0.0580235
      vertex -0.0309992 0.0653992 0.0536928
      vertex -0.0384293 0.0653992 0.054883
    endloop
  endfacet
  facet normal 0 1 -0
    outer loop
      vertex -0.0355616 0.0653992 0.050787
      vertex -0.0384293 0.0653992 0.054883
      vertex -0.0309992 0.0653992 0.0536928
    endloop
  endfacet
  facet normal 0 1 0
    outer loop
      vertex -0.0384293 0.0653992 0.054883
      vertex -0.0355616 0.0653992 0.050787
      vertex -0.043066 0.0653992 0.0513248
    endloop
  endfacet
  facet normal 0 1 -0
    outer loop
      vertex -0.0398521 0.0653992 0.0474939
      vertex -0.043066 0.0653992 0.0513248
      vertex -0.0355616 0.0653992 0.050787
    endloop
  endfacet
  facet normal 0 1 0
    outer loop
      vertex -0.0398521 0.0653992 0.0474939
      vertex -0.0473757 0.0653992 0.0473757
      vertex -0.043066 0.0653992 0.0513248
    endloop
  endfacet
  facet normal 0 1 -0
    outer loop
      vertex -0.0438404 0.0653992 0.0438404
      vertex -0.0473757 0.0653992 0.0473757
      vertex -0.0398521 0.0653992 0.0474939
    endloop
  endfacet
  facet normal 0 1 0
    outer loop
      vertex -0.0438404 0.0653992 0.0438404
      vertex -0.0513248 0.0653992 0.043066
      vertex -0.0473757 0.0653992 0.0473757
    endloop
  endfacet
  facet normal 0 1 -0
    outer loop
      vertex -0.0474939 0.0653992 0.0398521
      vertex -0.0513248 0.0653992 0.043066
      vertex -0.0438404 0.0653992 0.0438404
    endloop
  endfacet
  facet normal 0 1 0
    outer loop
      vertex -0.0474939 0.0653992 0.0398521
      vertex -0.054883 0.0653992 0.0384293
      vertex -0.0513248 0.0653992 0.043066
    endloop
  endfacet
  facet normal 0 1 -0
    outer loop
      vertex -0.050787 0.0653992 0.0355616
      vertex -0.054883 0.0653992 0.0384293
      vertex -0.0474939 0.0653992 0.0398521
    endloop
  endfacet
  facet normal 0 1 0
    outer loop
      vertex -0.050787 0.0653992 0.0355616
      vertex -0.0580235 0.0653992 0.0334997
      vertex -0.054883 0.0653992 0.0384293
    endloop
  endfacet
  facet normal 0 1 -0
    outer loop
      vertex -0.0536928 0.0653992 0.0309992
      vertex -0.0580235 0.0653992 0.0334997
      vertex -0.050787 0.0653992 0.0355616
    endloop
  endfacet
  facet normal 0 1 0
    outer loop
      vertex -0.0536928 0.0653992 0.0309992
      vertex -0.0607224 0.0653992 0.0283146
      vertex -0.0580235 0.0653992 0.0334997
    endloop
  endfacet
  facet normal 0 1 -0
    outer loop
      vertex -0.0561905 0.0653992 0.0262022
      vertex -0.0607224 0.0653992 0.0283146
      vertex -0.0536928 0.0653992 0.0309992
    endloop
  endfacet
  facet normal 0 1 0
    outer loop
      vertex -0.0561905 0.0653992 0.0262022
      vertex -0.0629587 0.0653992 0.0229149
      vertex -0.0607224 0.0653992 0.0283146
    endloop
  endfacet
  facet normal 0 1 -0
    outer loop
      vertex -0.0582609 0.0653992 0.0212049
      vertex -0.0629587 0.0653992 0.0229149
      vertex -0.0561905 0.0653992 0.0262022
    endloop
  endfacet
  facet normal 0 1 0
    outer loop
      vertex -0.0582609 0.0653992 0.0212049
      vertex -0.0647163 0.0653992 0.0173407
      vertex -0.0629587 0.0653992 0.0229149
    endloop
  endfacet
  facet normal 0 1 -0
    outer loop
      vertex -0.0598869 0.0653992 0.0160465
      vertex -0.0647163 0.0653992 0.0173407
      vertex -0.0582609 0.0653992 0.0212049
    endloop
  endfacet
  facet normal 0 1 0
    outer loop
      vertex -0.0598869 0.0653992 0.0160465
      vertex -0.0659819 0.0653992 0.0116339
      vertex -0.0647163 0.0653992 0.0173407
    endloop
  endfacet
  facet normal 0 1 -0
    outer loop
      vertex -0.061058 0.0653992 0.010766
      vertex -0.0659819 0.0653992 0.0116339
      vertex -0.0598869 0.0653992 0.0160465
    endloop
  endfacet
  facet normal 0 1 0
    outer loop
      vertex -0.061058 0.0653992 0.010766
      vertex -0.0667448 0.0653992 0.00583935
      vertex -0.0659819 0.0653992 0.0116339
    endloop
  endfacet
  facet normal 0 1 -0
    outer loop
      vertex -0.0617638 0.0653992 0.00540352
      vertex -0.0667448 0.0653992 0.00583935
      vertex -0.061058 0.0653992 0.010766
    endloop
  endfacet
  facet normal 0 1 -0
    outer loop
      vertex -0.0619993 0.0653992 0
      vertex -0.0667448 0.0653992 0.00583935
      vertex -0.0617638 0.0653992 0.00540352
    endloop
  endfacet
  facet normal 0 1 0
    outer loop
      vertex -0.0619993 0.0653992 0
      vertex -0.0669994 0.0653992 0
      vertex -0.0667448 0.0653992 0.00583935
    endloop
  endfacet
  facet normal 0 1 0
    outer loop
      vertex -0.0617638 0.0653992 -0.00540352
      vertex -0.0669994 0.0653992 0
      vertex -0.0619993 0.0653992 0
    endloop
  endfacet
  facet normal 0 1 0
    outer loop
      vertex -0.0617638 0.0653992 -0.00540352
      vertex -0.0667448 0.0653992 -0.00583935
      vertex -0.0669994 0.0653992 0
    endloop
  endfacet
  facet normal 0 1 0
    outer loop
      vertex -0.061058 0.0653992 -0.010766
      vertex -0.0667448 0.0653992 -0.00583935
      vertex -0.0617638 0.0653992 -0.00540352
    endloop
  endfacet
  facet normal 0 1 0
    outer loop
      vertex -0.061058 0.0653992 -0.010766
      vertex -0.0659819 0.0653992 -0.0116339
      vertex -0.0667448 0.0653992 -0.00583935
    endloop
  endfacet
  facet normal 0 1 0
    outer loop
      vertex -0.0598869 0.0653992 -0.0160465
      vertex -0.0659819 0.0653992 -0.0116339
      vertex -0.061058 0.0653992 -0.010766
    endloop
  endfacet
  facet normal 0 1 0
    outer loop
      vertex -0.0598869 0.0653992 -0.0160465
      vertex -0.0647163 0.0653992 -0.0173407
      vertex -0.0659819 0.0653992 -0.0116339
    endloop
  endfacet
  facet normal 0 1 0
    outer loop
      vertex -0.0582609 0.0653992 -0.0212049
      vertex -0.0647163 0.0653992 -0.0173407
      vertex -0.0598869 0.0653992 -0.0160465
    endloop
  endfacet
  facet normal 0 1 0
    outer loop
      vertex -0.0582609 0.0653992 -0.0212049
      vertex -0.0629587 0.0653992 -0.0229149
      vertex -0.0647163 0.0653992 -0.0173407
    endloop
  endfacet
  facet normal 0 1 0
    outer loop
      vertex -0.0561905 0.0653992 -0.0262022
      vertex -0.0629587 0.0653992 -0.0229149
      vertex -0.0582609 0.0653992 -0.0212049
    endloop
  endfacet
  facet normal 0 1 0
    outer loop
      vertex -0.0561905 0.0653992 -0.0262022
      vertex -0.0607224 0.0653992 -0.0283146
      vertex -0.0629587 0.0653992 -0.0229149
    endloop
  endfacet
  facet normal 0 1 0
    outer loop
      vertex -0.0536928 0.0653992 -0.0309992
      vertex -0.0607224 0.0653992 -0.0283146
      vertex -0.0561905 0.0653992 -0.0262022
    endloop
  endfacet
  facet normal 0 1 0
    outer loop
      vertex -0.0536928 0.0653992 -0.0309992
      vertex -0.0580235 0.0653992 -0.0334997
      vertex -0.0607224 0.0653992 -0.0283146
    endloop
  endfacet
  facet normal 0 1 0
    outer loop
      vertex -0.050787 0.0653992 -0.0355616
      vertex -0.0580235 0.0653992 -0.0334997
      vertex -0.0536928 0.0653992 -0.0309992
    endloop
  endfacet
  facet normal 0 1 0
    outer loop
      vertex -0.050787 0.0653992 -0.0355616
      vertex -0.054883 0.0653992 -0.0384293
      vertex -0.0580235 0.0653992 -0.0334997
    endloop
  endfacet
  facet normal 0 1 0
    outer loop
      vertex -0.0474939 0.0653992 -0.0398521
      vertex -0.054883 0.0653992 -0.0384293
      vertex -0.050787 0.0653992 -0.0355616
    endloop
  endfacet
  facet normal 0 1 0
    outer loop
      vertex -0.0474939 0.0653992 -0.0398521
      vertex -0.0513248 0.0653992 -0.043066
      vertex -0.054883 0.0653992 -0.0384293
    endloop
  endfacet
  facet normal 0 1 0
    outer loop
      vertex -0.0438404 0.0653992 -0.0438404
      vertex -0.0513248 0.0653992 -0.043066
      vertex -0.0474939 0.0653992 -0.0398521
    endloop
  endfacet
  facet normal 0 1 0
    outer loop
      vertex -0.0438404 0.0653992 -0.0438404
      vertex -0.0473757 0.0653992 -0.0473757
      vertex -0.0513248 0.0653992 -0.043066
    endloop
  endfacet
  facet normal 0 1 0
    outer loop
      vertex -0.0398521 0.0653992 -0.0474939
      vertex -0.0473757 0.0653992 -0.0473757
      vertex -0.0438404 0.0653992 -0.0438404
    endloop
  endfacet
  facet normal 0 1 0
    outer loop
      vertex -0.043066 0.0653992 -0.0513248
      vertex -0.0398521 0.0653992 -0.0474939
      vertex -0.0355616 0.0653992 -0.050787
    endloop
  endfacet
  facet normal 0 1 0
    outer loop
      vertex -0.0398521 0.0653992 -0.0474939
      vertex -0.043066 0.0653992 -0.0513248
      vertex -0.0473757 0.0653992 -0.0473757
    endloop
  endfacet
  facet normal 0 1 0
    outer loop
      vertex -0.0384293 0.0653992 -0.054883
      vertex -0.0355616 0.0653992 -0.050787
      vertex -0.0309992 0.0653992 -0.0536928
    endloop
  endfacet
  facet normal 0 1 0
    outer loop
      vertex -0.0355616 0.0653992 -0.050787
      vertex -0.0384293 0.0653992 -0.054883
      vertex -0.043066 0.0653992 -0.0513248
    endloop
  endfacet
  facet normal 0 1 0
    outer loop
      vertex -0.0334997 0.0653992 -0.0580235
      vertex -0.0309992 0.0653992 -0.0536928
      vertex -0.0262022 0.0653992 -0.0561905
    endloop
  endfacet
  facet normal 0 1 0
    outer loop
      vertex -0.0309992 0.0653992 -0.0536928
      vertex -0.0334997 0.0653992 -0.0580235
      vertex -0.0384293 0.0653992 -0.054883
    endloop
  endfacet
  facet normal 0 1 0
    outer loop
      vertex -0.0283146 0.0653992 -0.0607224
      vertex -0.0262022 0.0653992 -0.0561905
      vertex -0.0212049 0.0653992 -0.0582609
    endloop
  endfacet
  facet normal 0 1 0
    outer loop
      vertex -0.0229149 0.0653992 -0.0629587
      vertex -0.0212049 0.0653992 -0.0582609
      vertex -0.0160465 0.0653992 -0.0598869
    endloop
  endfacet
  facet normal 0 1 0
    outer loop
      vertex -0.0262022 0.0653992 -0.0561905
      vertex -0.0283146 0.0653992 -0.0607224
      vertex -0.0334997 0.0653992 -0.0580235
    endloop
  endfacet
  facet normal 0 1 0
    outer loop
      vertex -0.0173407 0.0653992 -0.0647163
      vertex -0.0160465 0.0653992 -0.0598869
      vertex -0.010766 0.0653992 -0.061058
    endloop
  endfacet
  facet normal 0 1 0
    outer loop
      vertex -0.0116339 0.0653992 -0.0659819
      vertex -0.010766 0.0653992 -0.061058
      vertex -0.00540352 0.0653992 -0.0617638
    endloop
  endfacet
  facet normal 0 1 0
    outer loop
      vertex -0.0212049 0.0653992 -0.0582609
      vertex -0.0229149 0.0653992 -0.0629587
      vertex -0.0283146 0.0653992 -0.0607224
    endloop
  endfacet
  facet normal 0 1 0
    outer loop
      vertex -0.00583935 0.0653992 -0.0667448
      vertex -0.00540352 0.0653992 -0.0617638
      vertex 0 0.0653992 -0.0619993
    endloop
  endfacet
  facet normal 0 1 0
    outer loop
      vertex 0.010766 0.0653992 -0.061058
      vertex 0.0116339 0.0653992 -0.0659819
      vertex 0.00540352 0.0653992 -0.0617638
    endloop
  endfacet
  facet normal 0 1 -0
    outer loop
      vertex 0.00583935 0.0653992 -0.0667448
      vertex 0.00540352 0.0653992 -0.0617638
      vertex 0.0116339 0.0653992 -0.0659819
    endloop
  endfacet
  facet normal 0 1 0
    outer loop
      vertex -0.0160465 0.0653992 -0.0598869
      vertex -0.0173407 0.0653992 -0.0647163
      vertex -0.0229149 0.0653992 -0.0629587
    endloop
  endfacet
  facet normal 0 1 0
    outer loop
      vertex 0.00540352 0.0653992 -0.0617638
      vertex 0.00583935 0.0653992 -0.0667448
      vertex 0 0.0653992 -0.0619993
    endloop
  endfacet
  facet normal 0 1 0
    outer loop
      vertex -0.010766 0.0653992 -0.061058
      vertex -0.0116339 0.0653992 -0.0659819
      vertex -0.0173407 0.0653992 -0.0647163
    endloop
  endfacet
  facet normal 0 1 0
    outer loop
      vertex 0 0.0653992 -0.0669994
      vertex 0 0.0653992 -0.0619993
      vertex 0.00583935 0.0653992 -0.0667448
    endloop
  endfacet
  facet normal 0 1 0
    outer loop
      vertex -0.00540352 0.0653992 -0.0617638
      vertex -0.00583935 0.0653992 -0.0667448
      vertex -0.0116339 0.0653992 -0.0659819
    endloop
  endfacet
  facet normal 0 1 0
    outer loop
      vertex 0 0.0653992 -0.0619993
      vertex 0 0.0653992 -0.0669994
      vertex -0.00583935 0.0653992 -0.0667448
    endloop
  endfacet
  facet normal -0.991444 0 -0.130532
    outer loop
      vertex -0.0659819 0.0604 -0.0116339
      vertex -0.0667448 0.0653992 -0.00583935
      vertex -0.0659819 0.0653992 -0.0116339
    endloop
  endfacet
  facet normal -0.991444 -0 -0.130532
    outer loop
      vertex -0.0667448 0.0653992 -0.00583935
      vertex -0.0659819 0.0604 -0.0116339
      vertex -0.0667448 0.0604 -0.00583935
    endloop
  endfacet
  facet normal -0.300715 0 -0.953714
    outer loop
      vertex -0.0229149 0.0604 -0.0629587
      vertex -0.0173407 0.0653992 -0.0647163
      vertex -0.0173407 0.0604 -0.0647163
    endloop
  endfacet
  facet normal -0.300715 0 -0.953714
    outer loop
      vertex -0.0173407 0.0653992 -0.0647163
      vertex -0.0229149 0.0604 -0.0629587
      vertex -0.0229149 0.0653992 -0.0629587
    endloop
  endfacet
  facet normal -0.382635 0 -0.923899
    outer loop
      vertex -0.0283146 0.0604 -0.0607224
      vertex -0.0229149 0.0653992 -0.0629587
      vertex -0.0229149 0.0604 -0.0629587
    endloop
  endfacet
  facet normal -0.382635 0 -0.923899
    outer loop
      vertex -0.0229149 0.0653992 -0.0629587
      vertex -0.0283146 0.0604 -0.0607224
      vertex -0.0283146 0.0653992 -0.0607224
    endloop
  endfacet
  facet normal 0.991444 -0 0.130532
    outer loop
      vertex 0.0659819 0.0604 0.0116339
      vertex 0.0667448 0.0653992 0.00583935
      vertex 0.0659819 0.0653992 0.0116339
    endloop
  endfacet
  facet normal 0.991444 0 0.130532
    outer loop
      vertex 0.0667448 0.0653992 0.00583935
      vertex 0.0659819 0.0604 0.0116339
      vertex 0.0667448 0.0604 0.00583935
    endloop
  endfacet
  facet normal 0.953714 -0 0.300715
    outer loop
      vertex 0.0629587 0.0604 0.0229149
      vertex 0.0647163 0.0653992 0.0173407
      vertex 0.0629587 0.0653992 0.0229149
    endloop
  endfacet
  facet normal 0.953714 0 0.300715
    outer loop
      vertex 0.0647163 0.0653992 0.0173407
      vertex 0.0629587 0.0604 0.0229149
      vertex 0.0647163 0.0604 0.0173407
    endloop
  endfacet
  facet normal 0.843392 -0 0.537299
    outer loop
      vertex 0.054883 0.0604 0.0384293
      vertex 0.0580235 0.0653992 0.0334997
      vertex 0.054883 0.0653992 0.0384293
    endloop
  endfacet
  facet normal 0.843392 0 0.537299
    outer loop
      vertex 0.0580235 0.0653992 0.0334997
      vertex 0.054883 0.0604 0.0384293
      vertex 0.0580235 0.0604 0.0334997
    endloop
  endfacet
  facet normal -0.0435594 0 0.999051
    outer loop
      vertex -0.00583935 0.0653992 0.0667448
      vertex 0 0.0604 0.0669994
      vertex 0 0.0653992 0.0669994
    endloop
  endfacet
  facet normal -0.0435594 0 0.999051
    outer loop
      vertex 0 0.0604 0.0669994
      vertex -0.00583935 0.0653992 0.0667448
      vertex -0.00583935 0.0604 0.0667448
    endloop
  endfacet
  facet normal -0.999051 0 0.0435594
    outer loop
      vertex -0.0669994 0.0604 0
      vertex -0.0667448 0.0653992 0.00583935
      vertex -0.0669994 0.0653992 0
    endloop
  endfacet
  facet normal -0.999051 0 0.0435594
    outer loop
      vertex -0.0667448 0.0653992 0.00583935
      vertex -0.0669994 0.0604 0
      vertex -0.0667448 0.0604 0.00583935
    endloop
  endfacet
  facet normal -0.923899 0 0.382635
    outer loop
      vertex -0.0629587 0.0604 0.0229149
      vertex -0.0607224 0.0653992 0.0283146
      vertex -0.0629587 0.0653992 0.0229149
    endloop
  endfacet
  facet normal -0.923899 0 0.382635
    outer loop
      vertex -0.0607224 0.0653992 0.0283146
      vertex -0.0629587 0.0604 0.0229149
      vertex -0.0607224 0.0604 0.0283146
    endloop
  endfacet
  facet normal -0.97628 0 0.21651
    outer loop
      vertex -0.0659819 0.0604 0.0116339
      vertex -0.0647163 0.0653992 0.0173407
      vertex -0.0659819 0.0653992 0.0116339
    endloop
  endfacet
  facet normal -0.97628 0 0.21651
    outer loop
      vertex -0.0647163 0.0653992 0.0173407
      vertex -0.0659819 0.0604 0.0116339
      vertex -0.0647163 0.0604 0.0173407
    endloop
  endfacet
  facet normal 0.130532 0 0.991444
    outer loop
      vertex 0.00583935 0.0653992 0.0667448
      vertex 0.0116339 0.0604 0.0659819
      vertex 0.0116339 0.0653992 0.0659819
    endloop
  endfacet
  facet normal 0.130532 0 0.991444
    outer loop
      vertex 0.0116339 0.0604 0.0659819
      vertex 0.00583935 0.0653992 0.0667448
      vertex 0.00583935 0.0604 0.0667448
    endloop
  endfacet
  facet normal 0.300715 0 0.953714
    outer loop
      vertex 0.0173407 0.0653992 0.0647163
      vertex 0.0229149 0.0604 0.0629587
      vertex 0.0229149 0.0653992 0.0629587
    endloop
  endfacet
  facet normal 0.300715 0 0.953714
    outer loop
      vertex 0.0229149 0.0604 0.0629587
      vertex 0.0173407 0.0653992 0.0647163
      vertex 0.0173407 0.0604 0.0647163
    endloop
  endfacet
  facet normal 0.382635 0 0.923899
    outer loop
      vertex 0.0229149 0.0653992 0.0629587
      vertex 0.0283146 0.0604 0.0607224
      vertex 0.0283146 0.0653992 0.0607224
    endloop
  endfacet
  facet normal 0.382635 0 0.923899
    outer loop
      vertex 0.0283146 0.0604 0.0607224
      vertex 0.0229149 0.0653992 0.0629587
      vertex 0.0229149 0.0604 0.0629587
    endloop
  endfacet
  facet normal 0.953714 0 -0.300715
    outer loop
      vertex 0.0647163 0.0604 -0.0173407
      vertex 0.0629587 0.0653992 -0.0229149
      vertex 0.0647163 0.0653992 -0.0173407
    endloop
  endfacet
  facet normal 0.953714 0 -0.300715
    outer loop
      vertex 0.0629587 0.0653992 -0.0229149
      vertex 0.0647163 0.0604 -0.0173407
      vertex 0.0629587 0.0604 -0.0229149
    endloop
  endfacet
  facet normal 0.887031 -0 0.461709
    outer loop
      vertex 0.0580235 0.0604 0.0334997
      vertex 0.0607224 0.0653992 0.0283146
      vertex 0.0580235 0.0653992 0.0334997
    endloop
  endfacet
  facet normal 0.887031 0 0.461709
    outer loop
      vertex 0.0607224 0.0653992 0.0283146
      vertex 0.0580235 0.0604 0.0334997
      vertex 0.0607224 0.0604 0.0283146
    endloop
  endfacet
  facet normal 0.923899 -0 0.382635
    outer loop
      vertex 0.0607224 0.0604 0.0283146
      vertex 0.0629587 0.0653992 0.0229149
      vertex 0.0607224 0.0653992 0.0283146
    endloop
  endfacet
  facet normal 0.923899 0 0.382635
    outer loop
      vertex 0.0629587 0.0653992 0.0229149
      vertex 0.0607224 0.0604 0.0283146
      vertex 0.0629587 0.0604 0.0229149
    endloop
  endfacet
  facet normal 0.793326 -0 0.608797
    outer loop
      vertex 0.0513248 0.0604 0.043066
      vertex 0.054883 0.0653992 0.0384293
      vertex 0.0513248 0.0653992 0.043066
    endloop
  endfacet
  facet normal 0.793326 0 0.608797
    outer loop
      vertex 0.054883 0.0653992 0.0384293
      vertex 0.0513248 0.0604 0.043066
      vertex 0.054883 0.0604 0.0384293
    endloop
  endfacet
  facet normal 0.0435594 0 0.999051
    outer loop
      vertex 0 0.0653992 0.0669994
      vertex 0.00583935 0.0604 0.0667448
      vertex 0.00583935 0.0653992 0.0667448
    endloop
  endfacet
  facet normal 0.0435594 0 0.999051
    outer loop
      vertex 0.00583935 0.0604 0.0667448
      vertex 0 0.0653992 0.0669994
      vertex 0 0.0604 0.0669994
    endloop
  endfacet
  facet normal -0.675589 0 0.737278
    outer loop
      vertex -0.0473757 0.0653992 0.0473757
      vertex -0.043066 0.0604 0.0513248
      vertex -0.043066 0.0653992 0.0513248
    endloop
  endfacet
  facet normal -0.675589 0 0.737278
    outer loop
      vertex -0.043066 0.0604 0.0513248
      vertex -0.0473757 0.0653992 0.0473757
      vertex -0.0473757 0.0604 0.0473757
    endloop
  endfacet
  facet normal -0.953714 0 0.300715
    outer loop
      vertex -0.0647163 0.0604 0.0173407
      vertex -0.0629587 0.0653992 0.0229149
      vertex -0.0647163 0.0653992 0.0173407
    endloop
  endfacet
  facet normal -0.953714 0 0.300715
    outer loop
      vertex -0.0629587 0.0653992 0.0229149
      vertex -0.0647163 0.0604 0.0173407
      vertex -0.0629587 0.0604 0.0229149
    endloop
  endfacet
  facet normal 0 -1 0
    outer loop
      vertex 0 0.0604 0.0649996
      vertex 0 0.0604 0.0669994
      vertex -0.00583935 0.0604 0.0667448
    endloop
  endfacet
  facet normal 0 -1 0
    outer loop
      vertex -0.00566483 0.0604 0.0647526
      vertex -0.00583935 0.0604 0.0667448
      vertex -0.0116339 0.0604 0.0659819
    endloop
  endfacet
  facet normal 0 -1 0
    outer loop
      vertex 0 0.0604 0.0669994
      vertex 0 0.0604 0.0649996
      vertex 0.00583935 0.0604 0.0667448
    endloop
  endfacet
  facet normal 0 -1 0
    outer loop
      vertex 0.00566483 0.0604 0.0647526
      vertex 0.00583935 0.0604 0.0667448
      vertex 0 0.0604 0.0649996
    endloop
  endfacet
  facet normal 0 -1 0
    outer loop
      vertex -0.00583935 0.0604 0.0667448
      vertex -0.00566483 0.0604 0.0647526
      vertex 0 0.0604 0.0649996
    endloop
  endfacet
  facet normal 0 -1 0
    outer loop
      vertex -0.0112867 0.0604 0.0640116
      vertex -0.0116339 0.0604 0.0659819
      vertex -0.0173407 0.0604 0.0647163
    endloop
  endfacet
  facet normal 0 -1 0
    outer loop
      vertex -0.0116339 0.0604 0.0659819
      vertex -0.0112867 0.0604 0.0640116
      vertex -0.00566483 0.0604 0.0647526
    endloop
  endfacet
  facet normal 0 -1 0
    outer loop
      vertex -0.0168228 0.0604 0.0627851
      vertex -0.0173407 0.0604 0.0647163
      vertex -0.0229149 0.0604 0.0629587
    endloop
  endfacet
  facet normal 0 -1 0
    outer loop
      vertex -0.0173407 0.0604 0.0647163
      vertex -0.0168228 0.0604 0.0627851
      vertex -0.0112867 0.0604 0.0640116
    endloop
  endfacet
  facet normal 0 -1 0
    outer loop
      vertex -0.0229149 0.0604 0.0629587
      vertex -0.0222311 0.0604 0.06108
      vertex -0.0168228 0.0604 0.0627851
    endloop
  endfacet
  facet normal 0 -1 0
    outer loop
      vertex -0.0283146 0.0604 0.0607224
      vertex -0.0222311 0.0604 0.06108
      vertex -0.0229149 0.0604 0.0629587
    endloop
  endfacet
  facet normal 0 -1 0
    outer loop
      vertex -0.0283146 0.0604 0.0607224
      vertex -0.0274696 0.0604 0.0589094
      vertex -0.0222311 0.0604 0.06108
    endloop
  endfacet
  facet normal 0 -1 0
    outer loop
      vertex -0.0334997 0.0604 0.0580235
      vertex -0.0274696 0.0604 0.0589094
      vertex -0.0283146 0.0604 0.0607224
    endloop
  endfacet
  facet normal 0 -1 0
    outer loop
      vertex -0.0334997 0.0604 0.0580235
      vertex -0.0324993 0.0604 0.0562916
      vertex -0.0274696 0.0604 0.0589094
    endloop
  endfacet
  facet normal 0 -1 0
    outer loop
      vertex -0.0384293 0.0604 0.054883
      vertex -0.0324993 0.0604 0.0562916
      vertex -0.0334997 0.0604 0.0580235
    endloop
  endfacet
  facet normal 0 -1 0
    outer loop
      vertex -0.0384293 0.0604 0.054883
      vertex -0.037282 0.0604 0.0532446
      vertex -0.0324993 0.0604 0.0562916
    endloop
  endfacet
  facet normal 0 -1 0
    outer loop
      vertex -0.043066 0.0604 0.0513248
      vertex -0.037282 0.0604 0.0532446
      vertex -0.0384293 0.0604 0.054883
    endloop
  endfacet
  facet normal 0 -1 0
    outer loop
      vertex -0.043066 0.0604 0.0513248
      vertex -0.0417805 0.0604 0.0497923
      vertex -0.037282 0.0604 0.0532446
    endloop
  endfacet
  facet normal 0 -1 0
    outer loop
      vertex -0.0473757 0.0604 0.0473757
      vertex -0.0417805 0.0604 0.0497923
      vertex -0.043066 0.0604 0.0513248
    endloop
  endfacet
  facet normal 0 -1 0
    outer loop
      vertex -0.0473757 0.0604 0.0473757
      vertex -0.0459614 0.0604 0.0459614
      vertex -0.0417805 0.0604 0.0497923
    endloop
  endfacet
  facet normal 0 -1 0
    outer loop
      vertex -0.0513248 0.0604 0.043066
      vertex -0.0459614 0.0604 0.0459614
      vertex -0.0473757 0.0604 0.0473757
    endloop
  endfacet
  facet normal 0 -1 0
    outer loop
      vertex -0.0513248 0.0604 0.043066
      vertex -0.0497923 0.0604 0.0417805
      vertex -0.0459614 0.0604 0.0459614
    endloop
  endfacet
  facet normal 0 -1 0
    outer loop
      vertex -0.054883 0.0604 0.0384293
      vertex -0.0497923 0.0604 0.0417805
      vertex -0.0513248 0.0604 0.043066
    endloop
  endfacet
  facet normal 0 -1 0
    outer loop
      vertex -0.054883 0.0604 0.0384293
      vertex -0.0532446 0.0604 0.037282
      vertex -0.0497923 0.0604 0.0417805
    endloop
  endfacet
  facet normal 0 -1 0
    outer loop
      vertex -0.0580235 0.0604 0.0334997
      vertex -0.0532446 0.0604 0.037282
      vertex -0.054883 0.0604 0.0384293
    endloop
  endfacet
  facet normal 0 -1 0
    outer loop
      vertex -0.0580235 0.0604 0.0334997
      vertex -0.0562916 0.0604 0.0324993
      vertex -0.0532446 0.0604 0.037282
    endloop
  endfacet
  facet normal 0 -1 0
    outer loop
      vertex -0.0607224 0.0604 0.0283146
      vertex -0.0562916 0.0604 0.0324993
      vertex -0.0580235 0.0604 0.0334997
    endloop
  endfacet
  facet normal 0 -1 0
    outer loop
      vertex -0.0607224 0.0604 0.0283146
      vertex -0.0589094 0.0604 0.0274696
      vertex -0.0562916 0.0604 0.0324993
    endloop
  endfacet
  facet normal 0 -1 0
    outer loop
      vertex -0.0629587 0.0604 0.0229149
      vertex -0.0589094 0.0604 0.0274696
      vertex -0.0607224 0.0604 0.0283146
    endloop
  endfacet
  facet normal 0 -1 0
    outer loop
      vertex -0.0629587 0.0604 0.0229149
      vertex -0.06108 0.0604 0.0222311
      vertex -0.0589094 0.0604 0.0274696
    endloop
  endfacet
  facet normal 0 -1 0
    outer loop
      vertex -0.0647163 0.0604 0.0173407
      vertex -0.06108 0.0604 0.0222311
      vertex -0.0629587 0.0604 0.0229149
    endloop
  endfacet
  facet normal 0 -1 0
    outer loop
      vertex -0.0647163 0.0604 0.0173407
      vertex -0.0627851 0.0604 0.0168228
      vertex -0.06108 0.0604 0.0222311
    endloop
  endfacet
  facet normal 0 -1 0
    outer loop
      vertex -0.0659819 0.0604 0.0116339
      vertex -0.0627851 0.0604 0.0168228
      vertex -0.0647163 0.0604 0.0173407
    endloop
  endfacet
  facet normal 0 -1 0
    outer loop
      vertex -0.0659819 0.0604 0.0116339
      vertex -0.0640116 0.0604 0.0112867
      vertex -0.0627851 0.0604 0.0168228
    endloop
  endfacet
  facet normal 0 -1 0
    outer loop
      vertex -0.0667448 0.0604 0.00583935
      vertex -0.0640116 0.0604 0.0112867
      vertex -0.0659819 0.0604 0.0116339
    endloop
  endfacet
  facet normal 0 -1 0
    outer loop
      vertex -0.0667448 0.0604 0.00583935
      vertex -0.0647526 0.0604 0.00566483
      vertex -0.0640116 0.0604 0.0112867
    endloop
  endfacet
  facet normal 0 -1 0
    outer loop
      vertex -0.0669994 0.0604 0
      vertex -0.0647526 0.0604 0.00566483
      vertex -0.0667448 0.0604 0.00583935
    endloop
  endfacet
  facet normal 0 -1 0
    outer loop
      vertex -0.0669994 0.0604 0
      vertex -0.0649996 0.0604 0
      vertex -0.0647526 0.0604 0.00566483
    endloop
  endfacet
  facet normal 0 -1 0
    outer loop
      vertex -0.0669994 0.0604 0
      vertex -0.0647526 0.0604 -0.00566483
      vertex -0.0649996 0.0604 0
    endloop
  endfacet
  facet normal 0 -1 0
    outer loop
      vertex -0.0667448 0.0604 -0.00583935
      vertex -0.0647526 0.0604 -0.00566483
      vertex -0.0669994 0.0604 0
    endloop
  endfacet
  facet normal 0 -1 0
    outer loop
      vertex -0.0667448 0.0604 -0.00583935
      vertex -0.0640116 0.0604 -0.0112867
      vertex -0.0647526 0.0604 -0.00566483
    endloop
  endfacet
  facet normal 0 -1 0
    outer loop
      vertex -0.0659819 0.0604 -0.0116339
      vertex -0.0640116 0.0604 -0.0112867
      vertex -0.0667448 0.0604 -0.00583935
    endloop
  endfacet
  facet normal 0 -1 0
    outer loop
      vertex -0.0659819 0.0604 -0.0116339
      vertex -0.0627851 0.0604 -0.0168228
      vertex -0.0640116 0.0604 -0.0112867
    endloop
  endfacet
  facet normal 0 -1 0
    outer loop
      vertex -0.0647163 0.0604 -0.0173407
      vertex -0.0627851 0.0604 -0.0168228
      vertex -0.0659819 0.0604 -0.0116339
    endloop
  endfacet
  facet normal 0 -1 0
    outer loop
      vertex -0.0647163 0.0604 -0.0173407
      vertex -0.06108 0.0604 -0.0222311
      vertex -0.0627851 0.0604 -0.0168228
    endloop
  endfacet
  facet normal 0 -1 0
    outer loop
      vertex -0.0629587 0.0604 -0.0229149
      vertex -0.06108 0.0604 -0.0222311
      vertex -0.0647163 0.0604 -0.0173407
    endloop
  endfacet
  facet normal 0 -1 0
    outer loop
      vertex -0.0629587 0.0604 -0.0229149
      vertex -0.0589094 0.0604 -0.0274696
      vertex -0.06108 0.0604 -0.0222311
    endloop
  endfacet
  facet normal 0 -1 0
    outer loop
      vertex -0.0607224 0.0604 -0.0283146
      vertex -0.0589094 0.0604 -0.0274696
      vertex -0.0629587 0.0604 -0.0229149
    endloop
  endfacet
  facet normal 0 -1 0
    outer loop
      vertex -0.0607224 0.0604 -0.0283146
      vertex -0.0562916 0.0604 -0.0324993
      vertex -0.0589094 0.0604 -0.0274696
    endloop
  endfacet
  facet normal 0 -1 0
    outer loop
      vertex -0.0580235 0.0604 -0.0334997
      vertex -0.0562916 0.0604 -0.0324993
      vertex -0.0607224 0.0604 -0.0283146
    endloop
  endfacet
  facet normal 0 -1 0
    outer loop
      vertex -0.0580235 0.0604 -0.0334997
      vertex -0.0532446 0.0604 -0.037282
      vertex -0.0562916 0.0604 -0.0324993
    endloop
  endfacet
  facet normal 0 -1 0
    outer loop
      vertex -0.054883 0.0604 -0.0384293
      vertex -0.0532446 0.0604 -0.037282
      vertex -0.0580235 0.0604 -0.0334997
    endloop
  endfacet
  facet normal 0 -1 0
    outer loop
      vertex -0.054883 0.0604 -0.0384293
      vertex -0.0497923 0.0604 -0.0417805
      vertex -0.0532446 0.0604 -0.037282
    endloop
  endfacet
  facet normal 0 -1 0
    outer loop
      vertex -0.0513248 0.0604 -0.043066
      vertex -0.0497923 0.0604 -0.0417805
      vertex -0.054883 0.0604 -0.0384293
    endloop
  endfacet
  facet normal 0 -1 0
    outer loop
      vertex -0.0513248 0.0604 -0.043066
      vertex -0.0459614 0.0604 -0.0459614
      vertex -0.0497923 0.0604 -0.0417805
    endloop
  endfacet
  facet normal 0 -1 0
    outer loop
      vertex -0.0473757 0.0604 -0.0473757
      vertex -0.0459614 0.0604 -0.0459614
      vertex -0.0513248 0.0604 -0.043066
    endloop
  endfacet
  facet normal 0 -1 0
    outer loop
      vertex -0.0473757 0.0604 -0.0473757
      vertex -0.0417805 0.0604 -0.0497923
      vertex -0.0459614 0.0604 -0.0459614
    endloop
  endfacet
  facet normal 0 -1 0
    outer loop
      vertex -0.043066 0.0604 -0.0513248
      vertex -0.0417805 0.0604 -0.0497923
      vertex -0.0473757 0.0604 -0.0473757
    endloop
  endfacet
  facet normal 0 -1 0
    outer loop
      vertex -0.043066 0.0604 -0.0513248
      vertex -0.037282 0.0604 -0.0532446
      vertex -0.0417805 0.0604 -0.0497923
    endloop
  endfacet
  facet normal 0 -1 0
    outer loop
      vertex -0.0384293 0.0604 -0.054883
      vertex -0.037282 0.0604 -0.0532446
      vertex -0.043066 0.0604 -0.0513248
    endloop
  endfacet
  facet normal 0 -1 0
    outer loop
      vertex -0.0384293 0.0604 -0.054883
      vertex -0.0324993 0.0604 -0.0562916
      vertex -0.037282 0.0604 -0.0532446
    endloop
  endfacet
  facet normal 0 -1 0
    outer loop
      vertex -0.0334997 0.0604 -0.0580235
      vertex -0.0324993 0.0604 -0.0562916
      vertex -0.0384293 0.0604 -0.054883
    endloop
  endfacet
  facet normal 0 -1 0
    outer loop
      vertex -0.0334997 0.0604 -0.0580235
      vertex -0.0274696 0.0604 -0.0589094
      vertex -0.0324993 0.0604 -0.0562916
    endloop
  endfacet
  facet normal 0 -1 0
    outer loop
      vertex -0.0283146 0.0604 -0.0607224
      vertex -0.0274696 0.0604 -0.0589094
      vertex -0.0334997 0.0604 -0.0580235
    endloop
  endfacet
  facet normal 0 -1 0
    outer loop
      vertex -0.0283146 0.0604 -0.0607224
      vertex -0.0222311 0.0604 -0.06108
      vertex -0.0274696 0.0604 -0.0589094
    endloop
  endfacet
  facet normal 0 -1 0
    outer loop
      vertex -0.0229149 0.0604 -0.0629587
      vertex -0.0222311 0.0604 -0.06108
      vertex -0.0283146 0.0604 -0.0607224
    endloop
  endfacet
  facet normal 0 -1 -0
    outer loop
      vertex -0.0222311 0.0604 -0.06108
      vertex -0.0229149 0.0604 -0.0629587
      vertex -0.0168228 0.0604 -0.0627851
    endloop
  endfacet
  facet normal 0 -1 0
    outer loop
      vertex -0.0173407 0.0604 -0.0647163
      vertex -0.0168228 0.0604 -0.0627851
      vertex -0.0229149 0.0604 -0.0629587
    endloop
  endfacet
  facet normal 0 -1 -0
    outer loop
      vertex -0.0168228 0.0604 -0.0627851
      vertex -0.0173407 0.0604 -0.0647163
      vertex -0.0112867 0.0604 -0.0640116
    endloop
  endfacet
  facet normal 0 -1 0
    outer loop
      vertex -0.0116339 0.0604 -0.0659819
      vertex -0.0112867 0.0604 -0.0640116
      vertex -0.0173407 0.0604 -0.0647163
    endloop
  endfacet
  facet normal 0 -1 -0
    outer loop
      vertex -0.0112867 0.0604 -0.0640116
      vertex -0.0116339 0.0604 -0.0659819
      vertex -0.00566483 0.0604 -0.0647526
    endloop
  endfacet
  facet normal 0 -1 0
    outer loop
      vertex -0.00583935 0.0604 -0.0667448
      vertex -0.00566483 0.0604 -0.0647526
      vertex -0.0116339 0.0604 -0.0659819
    endloop
  endfacet
  facet normal 0 -1 -0
    outer loop
      vertex 0.00583935 0.0604 0.0667448
      vertex 0.00566483 0.0604 0.0647526
      vertex 0.0116339 0.0604 0.0659819
    endloop
  endfacet
  facet normal 0 -1 0
    outer loop
      vertex 0.0112867 0.0604 0.0640116
      vertex 0.0116339 0.0604 0.0659819
      vertex 0.00566483 0.0604 0.0647526
    endloop
  endfacet
  facet normal 0 -1 -0
    outer loop
      vertex 0.0116339 0.0604 0.0659819
      vertex 0.0112867 0.0604 0.0640116
      vertex 0.0173407 0.0604 0.0647163
    endloop
  endfacet
  facet normal 0 -1 0
    outer loop
      vertex 0.0168228 0.0604 0.0627851
      vertex 0.0173407 0.0604 0.0647163
      vertex 0.0112867 0.0604 0.0640116
    endloop
  endfacet
  facet normal 0 -1 -0
    outer loop
      vertex 0.0173407 0.0604 0.0647163
      vertex 0.0168228 0.0604 0.0627851
      vertex 0.0229149 0.0604 0.0629587
    endloop
  endfacet
  facet normal 0 -1 0
    outer loop
      vertex 0.0222311 0.0604 0.06108
      vertex 0.0229149 0.0604 0.0629587
      vertex 0.0168228 0.0604 0.0627851
    endloop
  endfacet
  facet normal 0 -1 0
    outer loop
      vertex 0.0222311 0.0604 0.06108
      vertex 0.0283146 0.0604 0.0607224
      vertex 0.0229149 0.0604 0.0629587
    endloop
  endfacet
  facet normal 0 -1 0
    outer loop
      vertex 0.0274696 0.0604 0.0589094
      vertex 0.0283146 0.0604 0.0607224
      vertex 0.0222311 0.0604 0.06108
    endloop
  endfacet
  facet normal 0 -1 0
    outer loop
      vertex 0.0274696 0.0604 0.0589094
      vertex 0.0334997 0.0604 0.0580235
      vertex 0.0283146 0.0604 0.0607224
    endloop
  endfacet
  facet normal 0 -1 0
    outer loop
      vertex 0.0324993 0.0604 0.0562916
      vertex 0.0334997 0.0604 0.0580235
      vertex 0.0274696 0.0604 0.0589094
    endloop
  endfacet
  facet normal 0 -1 0
    outer loop
      vertex 0.0324993 0.0604 0.0562916
      vertex 0.0384293 0.0604 0.054883
      vertex 0.0334997 0.0604 0.0580235
    endloop
  endfacet
  facet normal 0 -1 0
    outer loop
      vertex 0.037282 0.0604 0.0532446
      vertex 0.0384293 0.0604 0.054883
      vertex 0.0324993 0.0604 0.0562916
    endloop
  endfacet
  facet normal 0 -1 0
    outer loop
      vertex 0.037282 0.0604 0.0532446
      vertex 0.043066 0.0604 0.0513248
      vertex 0.0384293 0.0604 0.054883
    endloop
  endfacet
  facet normal 0 -1 0
    outer loop
      vertex 0.0417805 0.0604 0.0497923
      vertex 0.043066 0.0604 0.0513248
      vertex 0.037282 0.0604 0.0532446
    endloop
  endfacet
  facet normal 0 -1 0
    outer loop
      vertex 0.0417805 0.0604 0.0497923
      vertex 0.0473757 0.0604 0.0473757
      vertex 0.043066 0.0604 0.0513248
    endloop
  endfacet
  facet normal 0 -1 0
    outer loop
      vertex 0.0459614 0.0604 0.0459614
      vertex 0.0473757 0.0604 0.0473757
      vertex 0.0417805 0.0604 0.0497923
    endloop
  endfacet
  facet normal 0 -1 0
    outer loop
      vertex 0.0459614 0.0604 0.0459614
      vertex 0.0513248 0.0604 0.043066
      vertex 0.0473757 0.0604 0.0473757
    endloop
  endfacet
  facet normal 0 -1 0
    outer loop
      vertex 0.0497923 0.0604 0.0417805
      vertex 0.0513248 0.0604 0.043066
      vertex 0.0459614 0.0604 0.0459614
    endloop
  endfacet
  facet normal 0 -1 0
    outer loop
      vertex 0.0497923 0.0604 0.0417805
      vertex 0.054883 0.0604 0.0384293
      vertex 0.0513248 0.0604 0.043066
    endloop
  endfacet
  facet normal 0 -1 0
    outer loop
      vertex 0.0532446 0.0604 0.037282
      vertex 0.054883 0.0604 0.0384293
      vertex 0.0497923 0.0604 0.0417805
    endloop
  endfacet
  facet normal 0 -1 0
    outer loop
      vertex 0.0532446 0.0604 0.037282
      vertex 0.0580235 0.0604 0.0334997
      vertex 0.054883 0.0604 0.0384293
    endloop
  endfacet
  facet normal 0 -1 0
    outer loop
      vertex 0.0562916 0.0604 0.0324993
      vertex 0.0580235 0.0604 0.0334997
      vertex 0.0532446 0.0604 0.037282
    endloop
  endfacet
  facet normal 0 -1 0
    outer loop
      vertex 0.0562916 0.0604 0.0324993
      vertex 0.0607224 0.0604 0.0283146
      vertex 0.0580235 0.0604 0.0334997
    endloop
  endfacet
  facet normal 0 -1 0
    outer loop
      vertex 0.0589094 0.0604 0.0274696
      vertex 0.0607224 0.0604 0.0283146
      vertex 0.0562916 0.0604 0.0324993
    endloop
  endfacet
  facet normal 0 -1 0
    outer loop
      vertex 0.0589094 0.0604 0.0274696
      vertex 0.0629587 0.0604 0.0229149
      vertex 0.0607224 0.0604 0.0283146
    endloop
  endfacet
  facet normal 0 -1 0
    outer loop
      vertex 0.06108 0.0604 0.0222311
      vertex 0.0629587 0.0604 0.0229149
      vertex 0.0589094 0.0604 0.0274696
    endloop
  endfacet
  facet normal 0 -1 0
    outer loop
      vertex 0.06108 0.0604 0.0222311
      vertex 0.0647163 0.0604 0.0173407
      vertex 0.0629587 0.0604 0.0229149
    endloop
  endfacet
  facet normal 0 -1 0
    outer loop
      vertex 0.0627851 0.0604 0.0168228
      vertex 0.0647163 0.0604 0.0173407
      vertex 0.06108 0.0604 0.0222311
    endloop
  endfacet
  facet normal 0 -1 0
    outer loop
      vertex 0.0627851 0.0604 0.0168228
      vertex 0.0659819 0.0604 0.0116339
      vertex 0.0647163 0.0604 0.0173407
    endloop
  endfacet
  facet normal 0 -1 0
    outer loop
      vertex 0.0640116 0.0604 0.0112867
      vertex 0.0659819 0.0604 0.0116339
      vertex 0.0627851 0.0604 0.0168228
    endloop
  endfacet
  facet normal 0 -1 0
    outer loop
      vertex 0.0640116 0.0604 0.0112867
      vertex 0.0667448 0.0604 0.00583935
      vertex 0.0659819 0.0604 0.0116339
    endloop
  endfacet
  facet normal 0 -1 0
    outer loop
      vertex 0.0647526 0.0604 0.00566483
      vertex 0.0667448 0.0604 0.00583935
      vertex 0.0640116 0.0604 0.0112867
    endloop
  endfacet
  facet normal 0 -1 0
    outer loop
      vertex 0.0649996 0.0604 0
      vertex 0.0667448 0.0604 0.00583935
      vertex 0.0647526 0.0604 0.00566483
    endloop
  endfacet
  facet normal 0 -1 0
    outer loop
      vertex 0.0649996 0.0604 0
      vertex 0.0669994 0.0604 0
      vertex 0.0667448 0.0604 0.00583935
    endloop
  endfacet
  facet normal 0 -1 0
    outer loop
      vertex 0.0647526 0.0604 -0.00566483
      vertex 0.0669994 0.0604 0
      vertex 0.0649996 0.0604 0
    endloop
  endfacet
  facet normal 0 -1 0
    outer loop
      vertex 0.0647526 0.0604 -0.00566483
      vertex 0.0667448 0.0604 -0.00583935
      vertex 0.0669994 0.0604 0
    endloop
  endfacet
  facet normal 0 -1 0
    outer loop
      vertex 0.0640116 0.0604 -0.0112867
      vertex 0.0667448 0.0604 -0.00583935
      vertex 0.0647526 0.0604 -0.00566483
    endloop
  endfacet
  facet normal 0 -1 0
    outer loop
      vertex 0.0640116 0.0604 -0.0112867
      vertex 0.0659819 0.0604 -0.0116339
      vertex 0.0667448 0.0604 -0.00583935
    endloop
  endfacet
  facet normal 0 -1 0
    outer loop
      vertex 0.0627851 0.0604 -0.0168228
      vertex 0.0659819 0.0604 -0.0116339
      vertex 0.0640116 0.0604 -0.0112867
    endloop
  endfacet
  facet normal 0 -1 0
    outer loop
      vertex 0.0627851 0.0604 -0.0168228
      vertex 0.0647163 0.0604 -0.0173407
      vertex 0.0659819 0.0604 -0.0116339
    endloop
  endfacet
  facet normal 0 -1 0
    outer loop
      vertex 0.06108 0.0604 -0.0222311
      vertex 0.0647163 0.0604 -0.0173407
      vertex 0.0627851 0.0604 -0.0168228
    endloop
  endfacet
  facet normal 0 -1 0
    outer loop
      vertex 0.06108 0.0604 -0.0222311
      vertex 0.0629587 0.0604 -0.0229149
      vertex 0.0647163 0.0604 -0.0173407
    endloop
  endfacet
  facet normal 0 -1 0
    outer loop
      vertex 0.0589094 0.0604 -0.0274696
      vertex 0.0629587 0.0604 -0.0229149
      vertex 0.06108 0.0604 -0.0222311
    endloop
  endfacet
  facet normal 0 -1 0
    outer loop
      vertex 0.0589094 0.0604 -0.0274696
      vertex 0.0607224 0.0604 -0.0283146
      vertex 0.0629587 0.0604 -0.0229149
    endloop
  endfacet
  facet normal 0 -1 0
    outer loop
      vertex 0.0562916 0.0604 -0.0324993
      vertex 0.0607224 0.0604 -0.0283146
      vertex 0.0589094 0.0604 -0.0274696
    endloop
  endfacet
  facet normal 0 -1 0
    outer loop
      vertex 0.0562916 0.0604 -0.0324993
      vertex 0.0580235 0.0604 -0.0334997
      vertex 0.0607224 0.0604 -0.0283146
    endloop
  endfacet
  facet normal 0 -1 0
    outer loop
      vertex 0.0532446 0.0604 -0.037282
      vertex 0.0580235 0.0604 -0.0334997
      vertex 0.0562916 0.0604 -0.0324993
    endloop
  endfacet
  facet normal 0 -1 0
    outer loop
      vertex 0.0532446 0.0604 -0.037282
      vertex 0.054883 0.0604 -0.0384293
      vertex 0.0580235 0.0604 -0.0334997
    endloop
  endfacet
  facet normal 0 -1 0
    outer loop
      vertex 0.0497923 0.0604 -0.0417805
      vertex 0.054883 0.0604 -0.0384293
      vertex 0.0532446 0.0604 -0.037282
    endloop
  endfacet
  facet normal 0 -1 0
    outer loop
      vertex 0.0497923 0.0604 -0.0417805
      vertex 0.0513248 0.0604 -0.043066
      vertex 0.054883 0.0604 -0.0384293
    endloop
  endfacet
  facet normal 0 -1 0
    outer loop
      vertex 0.0459614 0.0604 -0.0459614
      vertex 0.0513248 0.0604 -0.043066
      vertex 0.0497923 0.0604 -0.0417805
    endloop
  endfacet
  facet normal 0 -1 0
    outer loop
      vertex 0.0459614 0.0604 -0.0459614
      vertex 0.0473757 0.0604 -0.0473757
      vertex 0.0513248 0.0604 -0.043066
    endloop
  endfacet
  facet normal 0 -1 0
    outer loop
      vertex 0.0417805 0.0604 -0.0497923
      vertex 0.0473757 0.0604 -0.0473757
      vertex 0.0459614 0.0604 -0.0459614
    endloop
  endfacet
  facet normal 0 -1 0
    outer loop
      vertex 0.0417805 0.0604 -0.0497923
      vertex 0.043066 0.0604 -0.0513248
      vertex 0.0473757 0.0604 -0.0473757
    endloop
  endfacet
  facet normal 0 -1 0
    outer loop
      vertex 0.037282 0.0604 -0.0532446
      vertex 0.043066 0.0604 -0.0513248
      vertex 0.0417805 0.0604 -0.0497923
    endloop
  endfacet
  facet normal 0 -1 0
    outer loop
      vertex 0.037282 0.0604 -0.0532446
      vertex 0.0384293 0.0604 -0.054883
      vertex 0.043066 0.0604 -0.0513248
    endloop
  endfacet
  facet normal 0 -1 0
    outer loop
      vertex 0.0324993 0.0604 -0.0562916
      vertex 0.0384293 0.0604 -0.054883
      vertex 0.037282 0.0604 -0.0532446
    endloop
  endfacet
  facet normal 0 -1 0
    outer loop
      vertex 0.0324993 0.0604 -0.0562916
      vertex 0.0334997 0.0604 -0.0580235
      vertex 0.0384293 0.0604 -0.054883
    endloop
  endfacet
  facet normal 0 -1 0
    outer loop
      vertex 0.0274696 0.0604 -0.0589094
      vertex 0.0334997 0.0604 -0.0580235
      vertex 0.0324993 0.0604 -0.0562916
    endloop
  endfacet
  facet normal 0 -1 0
    outer loop
      vertex 0.0274696 0.0604 -0.0589094
      vertex 0.0283146 0.0604 -0.0607224
      vertex 0.0334997 0.0604 -0.0580235
    endloop
  endfacet
  facet normal 0 -1 0
    outer loop
      vertex 0.0222311 0.0604 -0.06108
      vertex 0.0283146 0.0604 -0.0607224
      vertex 0.0274696 0.0604 -0.0589094
    endloop
  endfacet
  facet normal 0 -1 0
    outer loop
      vertex 0.0229149 0.0604 -0.0629587
      vertex 0.0222311 0.0604 -0.06108
      vertex 0.0168228 0.0604 -0.0627851
    endloop
  endfacet
  facet normal 0 -1 0
    outer loop
      vertex 0.0222311 0.0604 -0.06108
      vertex 0.0229149 0.0604 -0.0629587
      vertex 0.0283146 0.0604 -0.0607224
    endloop
  endfacet
  facet normal 0 -1 0
    outer loop
      vertex 0.0173407 0.0604 -0.0647163
      vertex 0.0168228 0.0604 -0.0627851
      vertex 0.0112867 0.0604 -0.0640116
    endloop
  endfacet
  facet normal 0 -1 0
    outer loop
      vertex 0.0168228 0.0604 -0.0627851
      vertex 0.0173407 0.0604 -0.0647163
      vertex 0.0229149 0.0604 -0.0629587
    endloop
  endfacet
  facet normal 0 -1 0
    outer loop
      vertex 0.0116339 0.0604 -0.0659819
      vertex 0.0112867 0.0604 -0.0640116
      vertex 0.00566483 0.0604 -0.0647526
    endloop
  endfacet
  facet normal 0 -1 0
    outer loop
      vertex 0.00583935 0.0604 -0.0667448
      vertex 0.00566483 0.0604 -0.0647526
      vertex 0 0.0604 -0.0649996
    endloop
  endfacet
  facet normal 0 -1 -0
    outer loop
      vertex -0.00566483 0.0604 -0.0647526
      vertex -0.00583935 0.0604 -0.0667448
      vertex 0 0.0604 -0.0649996
    endloop
  endfacet
  facet normal 0 -1 0
    outer loop
      vertex 0.0112867 0.0604 -0.0640116
      vertex 0.0116339 0.0604 -0.0659819
      vertex 0.0173407 0.0604 -0.0647163
    endloop
  endfacet
  facet normal 0 -1 0
    outer loop
      vertex 0 0.0604 -0.0669994
      vertex 0 0.0604 -0.0649996
      vertex -0.00583935 0.0604 -0.0667448
    endloop
  endfacet
  facet normal 0 -1 0
    outer loop
      vertex 0.00566483 0.0604 -0.0647526
      vertex 0.00583935 0.0604 -0.0667448
      vertex 0.0116339 0.0604 -0.0659819
    endloop
  endfacet
  facet normal 0 -1 0
    outer loop
      vertex 0 0.0604 -0.0649996
      vertex 0 0.0604 -0.0669994
      vertex 0.00583935 0.0604 -0.0667448
    endloop
  endfacet
  facet normal -0.991444 0 0.130532
    outer loop
      vertex -0.0667448 0.0604 0.00583935
      vertex -0.0659819 0.0653992 0.0116339
      vertex -0.0667448 0.0653992 0.00583935
    endloop
  endfacet
  facet normal -0.991444 0 0.130532
    outer loop
      vertex -0.0659819 0.0653992 0.0116339
      vertex -0.0667448 0.0604 0.00583935
      vertex -0.0659819 0.0604 0.0116339
    endloop
  endfacet
  facet normal 0.21651 0 0.97628
    outer loop
      vertex 0.0116339 0.0653992 0.0659819
      vertex 0.0173407 0.0604 0.0647163
      vertex 0.0173407 0.0653992 0.0647163
    endloop
  endfacet
  facet normal 0.21651 0 0.97628
    outer loop
      vertex 0.0173407 0.0604 0.0647163
      vertex 0.0116339 0.0653992 0.0659819
      vertex 0.0116339 0.0604 0.0659819
    endloop
  endfacet
  facet normal 0.737278 -0 0.675589
    outer loop
      vertex 0.0473757 0.0604 0.0473757
      vertex 0.0513248 0.0653992 0.043066
      vertex 0.0473757 0.0653992 0.0473757
    endloop
  endfacet
  facet normal 0.737278 0 0.675589
    outer loop
      vertex 0.0513248 0.0653992 0.043066
      vertex 0.0473757 0.0604 0.0473757
      vertex 0.0513248 0.0604 0.043066
    endloop
  endfacet
  facet normal 0.675589 0 0.737278
    outer loop
      vertex 0.043066 0.0653992 0.0513248
      vertex 0.0473757 0.0604 0.0473757
      vertex 0.0473757 0.0653992 0.0473757
    endloop
  endfacet
  facet normal 0.675589 0 0.737278
    outer loop
      vertex 0.0473757 0.0604 0.0473757
      vertex 0.043066 0.0653992 0.0513248
      vertex 0.043066 0.0604 0.0513248
    endloop
  endfacet
  facet normal 0.608797 0 0.793326
    outer loop
      vertex 0.0384293 0.0653992 0.054883
      vertex 0.043066 0.0604 0.0513248
      vertex 0.043066 0.0653992 0.0513248
    endloop
  endfacet
  facet normal 0.608797 0 0.793326
    outer loop
      vertex 0.043066 0.0604 0.0513248
      vertex 0.0384293 0.0653992 0.054883
      vertex 0.0384293 0.0604 0.054883
    endloop
  endfacet
  facet normal -0.461709 0 0.887031
    outer loop
      vertex -0.0334997 0.0653992 0.0580235
      vertex -0.0283146 0.0604 0.0607224
      vertex -0.0283146 0.0653992 0.0607224
    endloop
  endfacet
  facet normal -0.461709 0 0.887031
    outer loop
      vertex -0.0283146 0.0604 0.0607224
      vertex -0.0334997 0.0653992 0.0580235
      vertex -0.0334997 0.0604 0.0580235
    endloop
  endfacet
  facet normal -0.537299 0 0.843392
    outer loop
      vertex -0.0384293 0.0653992 0.054883
      vertex -0.0334997 0.0604 0.0580235
      vertex -0.0334997 0.0653992 0.0580235
    endloop
  endfacet
  facet normal -0.537299 0 0.843392
    outer loop
      vertex -0.0334997 0.0604 0.0580235
      vertex -0.0384293 0.0653992 0.054883
      vertex -0.0384293 0.0604 0.054883
    endloop
  endfacet
  facet normal -0.608797 0 0.793326
    outer loop
      vertex -0.043066 0.0653992 0.0513248
      vertex -0.0384293 0.0604 0.054883
      vertex -0.0384293 0.0653992 0.054883
    endloop
  endfacet
  facet normal -0.608797 0 0.793326
    outer loop
      vertex -0.0384293 0.0604 0.054883
      vertex -0.043066 0.0653992 0.0513248
      vertex -0.043066 0.0604 0.0513248
    endloop
  endfacet
  facet normal -0.21651 0 0.97628
    outer loop
      vertex -0.0173407 0.0653992 0.0647163
      vertex -0.0116339 0.0604 0.0659819
      vertex -0.0116339 0.0653992 0.0659819
    endloop
  endfacet
  facet normal -0.21651 0 0.97628
    outer loop
      vertex -0.0116339 0.0604 0.0659819
      vertex -0.0173407 0.0653992 0.0647163
      vertex -0.0173407 0.0604 0.0647163
    endloop
  endfacet
  facet normal -0.843392 0 0.537299
    outer loop
      vertex -0.0580235 0.0604 0.0334997
      vertex -0.054883 0.0653992 0.0384293
      vertex -0.0580235 0.0653992 0.0334997
    endloop
  endfacet
  facet normal -0.843392 0 0.537299
    outer loop
      vertex -0.054883 0.0653992 0.0384293
      vertex -0.0580235 0.0604 0.0334997
      vertex -0.054883 0.0604 0.0384293
    endloop
  endfacet
  facet normal -0.382635 0 0.923899
    outer loop
      vertex -0.0283146 0.0653992 0.0607224
      vertex -0.0229149 0.0604 0.0629587
      vertex -0.0229149 0.0653992 0.0629587
    endloop
  endfacet
  facet normal -0.382635 0 0.923899
    outer loop
      vertex -0.0229149 0.0604 0.0629587
      vertex -0.0283146 0.0653992 0.0607224
      vertex -0.0283146 0.0604 0.0607224
    endloop
  endfacet
  facet normal -0.130532 0 0.991444
    outer loop
      vertex -0.0116339 0.0653992 0.0659819
      vertex -0.00583935 0.0604 0.0667448
      vertex -0.00583935 0.0653992 0.0667448
    endloop
  endfacet
  facet normal -0.130532 0 0.991444
    outer loop
      vertex -0.00583935 0.0604 0.0667448
      vertex -0.0116339 0.0653992 0.0659819
      vertex -0.0116339 0.0604 0.0659819
    endloop
  endfacet
  facet normal -0.737278 0 0.675589
    outer loop
      vertex -0.0513248 0.0604 0.043066
      vertex -0.0473757 0.0653992 0.0473757
      vertex -0.0513248 0.0653992 0.043066
    endloop
  endfacet
  facet normal -0.737278 0 0.675589
    outer loop
      vertex -0.0473757 0.0653992 0.0473757
      vertex -0.0513248 0.0604 0.043066
      vertex -0.0473757 0.0604 0.0473757
    endloop
  endfacet
  facet normal -0.793326 0 0.608797
    outer loop
      vertex -0.054883 0.0604 0.0384293
      vertex -0.0513248 0.0653992 0.043066
      vertex -0.054883 0.0653992 0.0384293
    endloop
  endfacet
  facet normal -0.793326 0 0.608797
    outer loop
      vertex -0.0513248 0.0653992 0.043066
      vertex -0.054883 0.0604 0.0384293
      vertex -0.0513248 0.0604 0.043066
    endloop
  endfacet
  facet normal -0.300715 0 0.953714
    outer loop
      vertex -0.0229149 0.0653992 0.0629587
      vertex -0.0173407 0.0604 0.0647163
      vertex -0.0173407 0.0653992 0.0647163
    endloop
  endfacet
  facet normal -0.300715 0 0.953714
    outer loop
      vertex -0.0173407 0.0604 0.0647163
      vertex -0.0229149 0.0653992 0.0629587
      vertex -0.0229149 0.0604 0.0629587
    endloop
  endfacet
  facet normal -0.88697 -1.61431e-05 0.461827
    outer loop
      vertex 0.0536928 0.0653992 -0.0309992
      vertex 0.0537149 0.0641253 -0.0309568
      vertex 0.0561905 0.0653992 -0.0262022
    endloop
  endfacet
  facet normal -0.886735 2.96906e-06 0.462279
    outer loop
      vertex 0.0536928 0.0653992 -0.0309992
      vertex 0.0536929 0.0641253 -0.030999
      vertex 0.0537149 0.0641253 -0.0309568
    endloop
  endfacet
  facet normal -0.894427 0 0.447214
    outer loop
      vertex 0.0536929 0.0641253 -0.030999
      vertex 0.0536928 0.0653992 -0.0309992
      vertex 0.0536928 0.0641253 -0.0309992
    endloop
  endfacet
  facet normal -0.886972 0 0.461824
    outer loop
      vertex 0.0561905 0.0653992 -0.0262022
      vertex 0.0537149 0.0641253 -0.0309568
      vertex 0.0561905 0.0641243 -0.0262022
    endloop
  endfacet
  facet normal -0.242536 0 0.970143
    outer loop
      vertex 0.0262022 0.0653992 -0.0561905
      vertex 0.0262018 0.0641243 -0.0561906
      vertex 0.0262022 0.0641243 -0.0561905
    endloop
  endfacet
  facet normal -0.382776 4.76323e-05 0.923841
    outer loop
      vertex 0.0262022 0.0653992 -0.0561905
      vertex 0.021249 0.0641245 -0.0582427
      vertex 0.0262018 0.0641243 -0.0561906
    endloop
  endfacet
  facet normal -0.382755 -5.13087e-05 0.92385
    outer loop
      vertex 0.0212049 0.0653992 -0.0582609
      vertex 0.021249 0.0641245 -0.0582427
      vertex 0.0262022 0.0653992 -0.0561905
    endloop
  endfacet
  facet normal -0.382228 -2.99857e-05 0.924068
    outer loop
      vertex 0.021249 0.0641245 -0.0582427
      vertex 0.0212049 0.0653992 -0.0582609
      vertex 0.021205 0.0641245 -0.0582609
    endloop
  endfacet
  facet normal 0 0 1
    outer loop
      vertex 0.021205 0.0641245 -0.0582609
      vertex 0.0212049 0.0653992 -0.0582609
      vertex 0.0212049 0.0641245 -0.0582609
    endloop
  endfacet
  facet normal 0 0 1
    outer loop
      vertex -0.0212049 0.0653992 -0.0582609
      vertex -0.021205 0.0641245 -0.0582609
      vertex -0.0212049 0.0641245 -0.0582609
    endloop
  endfacet
  facet normal 0.382228 -2.99857e-05 0.924068
    outer loop
      vertex -0.0212049 0.0653992 -0.0582609
      vertex -0.021249 0.0641245 -0.0582427
      vertex -0.021205 0.0641245 -0.0582609
    endloop
  endfacet
  facet normal 0.382755 -5.13087e-05 0.92385
    outer loop
      vertex -0.0262022 0.0653992 -0.0561905
      vertex -0.021249 0.0641245 -0.0582427
      vertex -0.0212049 0.0653992 -0.0582609
    endloop
  endfacet
  facet normal 0.382776 4.76323e-05 0.923841
    outer loop
      vertex -0.021249 0.0641245 -0.0582427
      vertex -0.0262022 0.0653992 -0.0561905
      vertex -0.0262018 0.0641243 -0.0561906
    endloop
  endfacet
  facet normal 0.242536 0 0.970143
    outer loop
      vertex -0.0262018 0.0641243 -0.0561906
      vertex -0.0262022 0.0653992 -0.0561905
      vertex -0.0262022 0.0641243 -0.0561905
    endloop
  endfacet
  facet normal 0.92385 -5.13087e-05 0.382755
    outer loop
      vertex -0.0582609 0.0653992 -0.0212049
      vertex -0.0582427 0.0641245 -0.021249
      vertex -0.0561905 0.0653992 -0.0262022
    endloop
  endfacet
  facet normal 0.924068 -2.99857e-05 0.382228
    outer loop
      vertex -0.0582609 0.0653992 -0.0212049
      vertex -0.0582609 0.0641245 -0.021205
      vertex -0.0582427 0.0641245 -0.021249
    endloop
  endfacet
  facet normal 1 0 0
    outer loop
      vertex -0.0582609 0.0641245 -0.021205
      vertex -0.0582609 0.0653992 -0.0212049
      vertex -0.0582609 0.0641245 -0.0212049
    endloop
  endfacet
  facet normal 0.923841 4.76323e-05 0.382776
    outer loop
      vertex -0.0561906 0.0641243 -0.0262018
      vertex -0.0561905 0.0653992 -0.0262022
      vertex -0.0582427 0.0641245 -0.021249
    endloop
  endfacet
  facet normal 0.970143 0 0.242536
    outer loop
      vertex -0.0561905 0.0653992 -0.0262022
      vertex -0.0561906 0.0641243 -0.0262018
      vertex -0.0561905 0.0641243 -0.0262022
    endloop
  endfacet
  facet normal -0.999051 0 -0.0435561
    outer loop
      vertex 0.0617658 0.0641248 0.00535581
      vertex 0.0619993 0.0653992 0
      vertex 0.0619993 0.0641248 0
    endloop
  endfacet
  facet normal -0.999052 6.21904e-05 -0.0435414
    outer loop
      vertex 0.0619993 0.0653992 0
      vertex 0.0617658 0.0641248 0.00535581
      vertex 0.0617638 0.0653992 0.00540352
    endloop
  endfacet
  facet normal -0.999115 6.93156e-06 -0.042068
    outer loop
      vertex 0.0617638 0.0641247 0.00540331
      vertex 0.0617638 0.0653992 0.00540352
      vertex 0.0617658 0.0641248 0.00535581
    endloop
  endfacet
  facet normal -1 -0 0
    outer loop
      vertex 0.0617638 0.0653992 0.00540352
      vertex 0.0617638 0.0641247 0.00540331
      vertex 0.0617638 0.0641247 0.00540352
    endloop
  endfacet
  facet normal -0.707107 0 0.707107
    outer loop
      vertex 0.010766 0.0653992 -0.061058
      vertex 0.0107659 0.0641234 -0.0610581
      vertex 0.010766 0.0641234 -0.061058
    endloop
  endfacet
  facet normal -0.130474 -6.74853e-05 0.991452
    outer loop
      vertex 0.010766 0.0653992 -0.061058
      vertex 0.0054505 0.0641247 -0.0617576
      vertex 0.0107659 0.0641234 -0.0610581
    endloop
  endfacet
  facet normal -0.130493 1.28952e-05 0.991449
    outer loop
      vertex 0.00540352 0.0653992 -0.0617638
      vertex 0.0054505 0.0641247 -0.0617576
      vertex 0.010766 0.0653992 -0.061058
    endloop
  endfacet
  facet normal -0.130837 0 0.991404
    outer loop
      vertex 0.0054505 0.0641247 -0.0617576
      vertex 0.00540352 0.0653992 -0.0617638
      vertex 0.00540352 0.0641247 -0.0617638
    endloop
  endfacet
  facet normal -0.5547 0 0.83205
    outer loop
      vertex 0.0355616 0.0653992 -0.050787
      vertex 0.0355613 0.0641245 -0.0507872
      vertex 0.0355616 0.0641245 -0.050787
    endloop
  endfacet
  facet normal -0.537207 -5.90558e-06 0.84345
    outer loop
      vertex 0.0355616 0.0653992 -0.050787
      vertex 0.0310392 0.0641253 -0.0536674
      vertex 0.0355613 0.0641245 -0.0507872
    endloop
  endfacet
  facet normal -0.537198 -5.03632e-05 0.843456
    outer loop
      vertex 0.0309992 0.0653992 -0.0536928
      vertex 0.0310392 0.0641253 -0.0536674
      vertex 0.0355616 0.0653992 -0.050787
    endloop
  endfacet
  facet normal -0.536056 0 0.844182
    outer loop
      vertex 0.0310392 0.0641253 -0.0536674
      vertex 0.0309992 0.0653992 -0.0536928
      vertex 0.0309992 0.0641253 -0.0536928
    endloop
  endfacet
  facet normal 0.991449 1.28952e-05 0.130493
    outer loop
      vertex -0.0617638 0.0653992 -0.00540352
      vertex -0.0617576 0.0641247 -0.0054505
      vertex -0.061058 0.0653992 -0.010766
    endloop
  endfacet
  facet normal 0.991404 0 0.130837
    outer loop
      vertex -0.0617576 0.0641247 -0.0054505
      vertex -0.0617638 0.0653992 -0.00540352
      vertex -0.0617638 0.0641247 -0.00540352
    endloop
  endfacet
  facet normal 0.991452 -6.74853e-05 0.130474
    outer loop
      vertex -0.0610581 0.0641234 -0.0107659
      vertex -0.061058 0.0653992 -0.010766
      vertex -0.0617576 0.0641247 -0.0054505
    endloop
  endfacet
  facet normal 0.707107 0 0.707107
    outer loop
      vertex -0.061058 0.0653992 -0.010766
      vertex -0.0610581 0.0641234 -0.0107659
      vertex -0.061058 0.0641234 -0.010766
    endloop
  endfacet
  facet normal 0.737374 0 0.675485
    outer loop
      vertex -0.0438725 0.0641239 -0.0438053
      vertex -0.0474939 0.0653992 -0.0398521
      vertex -0.0474939 0.0641247 -0.0398521
    endloop
  endfacet
  facet normal 0.737379 3.09404e-05 0.675479
    outer loop
      vertex -0.0474939 0.0653992 -0.0398521
      vertex -0.0438725 0.0641239 -0.0438053
      vertex -0.0438404 0.0653992 -0.0438404
    endloop
  endfacet
  facet normal 0.737939 0 0.674867
    outer loop
      vertex -0.0438404 0.0653992 -0.0438404
      vertex -0.0438725 0.0641239 -0.0438053
      vertex -0.0438404 0.0641239 -0.0438404
    endloop
  endfacet
  facet normal 0.21651 0 0.97628
    outer loop
      vertex -0.010766 0.0653992 -0.061058
      vertex -0.0159998 0.064125 -0.0598973
      vertex -0.010766 0.0641234 -0.061058
    endloop
  endfacet
  facet normal 0.216517 -3.29126e-05 0.976279
    outer loop
      vertex -0.0160465 0.0653992 -0.0598869
      vertex -0.0159998 0.064125 -0.0598973
      vertex -0.010766 0.0653992 -0.061058
    endloop
  endfacet
  facet normal 0.216708 -2.55936e-05 0.976237
    outer loop
      vertex -0.0159998 0.064125 -0.0598973
      vertex -0.0160465 0.0653992 -0.0598869
      vertex -0.0160462 0.064125 -0.059887
    endloop
  endfacet
  facet normal 0.316228 0 0.948683
    outer loop
      vertex -0.0160462 0.064125 -0.059887
      vertex -0.0160465 0.0653992 -0.0598869
      vertex -0.0160465 0.0641249 -0.0598869
    endloop
  endfacet
  facet normal 0.675485 0 -0.737374
    outer loop
      vertex -0.0438053 0.0641239 0.0438725
      vertex -0.0398521 0.0653992 0.0474939
      vertex -0.0398521 0.0641247 0.0474939
    endloop
  endfacet
  facet normal 0.674867 0 -0.737939
    outer loop
      vertex -0.0438404 0.0653992 0.0438404
      vertex -0.0438053 0.0641239 0.0438725
      vertex -0.0438404 0.0641239 0.0438404
    endloop
  endfacet
  facet normal 0.675479 3.09404e-05 -0.737379
    outer loop
      vertex -0.0438053 0.0641239 0.0438725
      vertex -0.0438404 0.0653992 0.0438404
      vertex -0.0398521 0.0653992 0.0474939
    endloop
  endfacet
  facet normal 0.92385 -5.13087e-05 -0.382755
    outer loop
      vertex -0.0561905 0.0653992 0.0262022
      vertex -0.0582427 0.0641245 0.021249
      vertex -0.0582609 0.0653992 0.0212049
    endloop
  endfacet
  facet normal 0.923841 4.76323e-05 -0.382776
    outer loop
      vertex -0.0561905 0.0653992 0.0262022
      vertex -0.0561906 0.0641243 0.0262018
      vertex -0.0582427 0.0641245 0.021249
    endloop
  endfacet
  facet normal 0.970143 0 -0.242536
    outer loop
      vertex -0.0561906 0.0641243 0.0262018
      vertex -0.0561905 0.0653992 0.0262022
      vertex -0.0561905 0.0641243 0.0262022
    endloop
  endfacet
  facet normal 0.924068 -2.99857e-05 -0.382228
    outer loop
      vertex -0.0582609 0.0641245 0.021205
      vertex -0.0582609 0.0653992 0.0212049
      vertex -0.0582427 0.0641245 0.021249
    endloop
  endfacet
  facet normal 1 0 0
    outer loop
      vertex -0.0582609 0.0653992 0.0212049
      vertex -0.0582609 0.0641245 0.021205
      vertex -0.0582609 0.0641245 0.0212049
    endloop
  endfacet
  facet normal -0.991449 1.28952e-05 0.130493
    outer loop
      vertex 0.061058 0.0653992 -0.010766
      vertex 0.0617576 0.0641247 -0.0054505
      vertex 0.0617638 0.0653992 -0.00540352
    endloop
  endfacet
  facet normal -0.991452 -6.74853e-05 0.130474
    outer loop
      vertex 0.061058 0.0653992 -0.010766
      vertex 0.0610581 0.0641234 -0.0107659
      vertex 0.0617576 0.0641247 -0.0054505
    endloop
  endfacet
  facet normal -0.707107 0 0.707107
    outer loop
      vertex 0.0610581 0.0641234 -0.0107659
      vertex 0.061058 0.0653992 -0.010766
      vertex 0.061058 0.0641234 -0.010766
    endloop
  endfacet
  facet normal -0.991404 0 0.130837
    outer loop
      vertex 0.0617638 0.0653992 -0.00540352
      vertex 0.0617576 0.0641247 -0.0054505
      vertex 0.0617638 0.0641247 -0.00540352
    endloop
  endfacet
  facet normal -0.843456 -5.03632e-05 0.537198
    outer loop
      vertex 0.050787 0.0653992 -0.0355616
      vertex 0.0536674 0.0641253 -0.0310392
      vertex 0.0536928 0.0653992 -0.0309992
    endloop
  endfacet
  facet normal -0.84345 -5.90558e-06 0.537207
    outer loop
      vertex 0.050787 0.0653992 -0.0355616
      vertex 0.0507872 0.0641245 -0.0355613
      vertex 0.0536674 0.0641253 -0.0310392
    endloop
  endfacet
  facet normal -0.83205 0 0.5547
    outer loop
      vertex 0.0507872 0.0641245 -0.0355613
      vertex 0.050787 0.0653992 -0.0355616
      vertex 0.050787 0.0641245 -0.0355616
    endloop
  endfacet
  facet normal -0.844182 0 0.536056
    outer loop
      vertex 0.0536928 0.0653992 -0.0309992
      vertex 0.0536674 0.0641253 -0.0310392
      vertex 0.0536928 0.0641253 -0.0309992
    endloop
  endfacet
  facet normal -0.674867 0 0.737939
    outer loop
      vertex 0.0438404 0.0653992 -0.0438404
      vertex 0.0438053 0.0641239 -0.0438725
      vertex 0.0438404 0.0641239 -0.0438404
    endloop
  endfacet
  facet normal -0.675479 3.09404e-05 0.737379
    outer loop
      vertex 0.0398521 0.0653992 -0.0474939
      vertex 0.0438053 0.0641239 -0.0438725
      vertex 0.0438404 0.0653992 -0.0438404
    endloop
  endfacet
  facet normal -0.675485 0 0.737374
    outer loop
      vertex 0.0438053 0.0641239 -0.0438725
      vertex 0.0398521 0.0653992 -0.0474939
      vertex 0.0398521 0.0641247 -0.0474939
    endloop
  endfacet
  facet normal 0 0 1
    outer loop
      vertex 0.00540352 0.0653992 -0.0617638
      vertex 0.00540331 0.0641247 -0.0617638
      vertex 0.00540352 0.0641247 -0.0617638
    endloop
  endfacet
  facet normal -0.042068 6.93156e-06 0.999115
    outer loop
      vertex 0.00540352 0.0653992 -0.0617638
      vertex 0.00535581 0.0641248 -0.0617658
      vertex 0.00540331 0.0641247 -0.0617638
    endloop
  endfacet
  facet normal -0.0435414 6.21904e-05 0.999052
    outer loop
      vertex 0 0.0653992 -0.0619993
      vertex 0.00535581 0.0641248 -0.0617658
      vertex 0.00540352 0.0653992 -0.0617638
    endloop
  endfacet
  facet normal -0.0435561 0 0.999051
    outer loop
      vertex 0.00535581 0.0641248 -0.0617658
      vertex 0 0.0653992 -0.0619993
      vertex 0 0.0641248 -0.0619993
    endloop
  endfacet
  facet normal -0.30064 0 0.953738
    outer loop
      vertex 0.0212049 0.0653992 -0.0582609
      vertex 0.0160917 0.064125 -0.0598727
      vertex 0.0212049 0.0641245 -0.0582609
    endloop
  endfacet
  facet normal -0.300632 -3.56838e-05 0.95374
    outer loop
      vertex 0.0160465 0.0653992 -0.0598869
      vertex 0.0160917 0.064125 -0.0598727
      vertex 0.0212049 0.0653992 -0.0582609
    endloop
  endfacet
  facet normal -0.299717 0 0.954028
    outer loop
      vertex 0.0160917 0.064125 -0.0598727
      vertex 0.0160465 0.0653992 -0.0598869
      vertex 0.0160465 0.0641249 -0.0598869
    endloop
  endfacet
  facet normal -0.316228 0 0.948683
    outer loop
      vertex 0.0160465 0.0653992 -0.0598869
      vertex 0.0160462 0.064125 -0.059887
      vertex 0.0160465 0.0641249 -0.0598869
    endloop
  endfacet
  facet normal -0.216708 -2.55936e-05 0.976237
    outer loop
      vertex 0.0160465 0.0653992 -0.0598869
      vertex 0.0159998 0.064125 -0.0598973
      vertex 0.0160462 0.064125 -0.059887
    endloop
  endfacet
  facet normal -0.216517 -3.29126e-05 0.976279
    outer loop
      vertex 0.010766 0.0653992 -0.061058
      vertex 0.0159998 0.064125 -0.0598973
      vertex 0.0160465 0.0653992 -0.0598869
    endloop
  endfacet
  facet normal -0.21651 0 0.97628
    outer loop
      vertex 0.0159998 0.064125 -0.0598973
      vertex 0.010766 0.0653992 -0.061058
      vertex 0.010766 0.0641234 -0.061058
    endloop
  endfacet
  facet normal -0.447214 0 0.894427
    outer loop
      vertex 0.0309992 0.0653992 -0.0536928
      vertex 0.030999 0.0641253 -0.0536929
      vertex 0.0309992 0.0641253 -0.0536928
    endloop
  endfacet
  facet normal -0.462279 2.96906e-06 0.886735
    outer loop
      vertex 0.0309992 0.0653992 -0.0536928
      vertex 0.0309568 0.0641253 -0.0537149
      vertex 0.030999 0.0641253 -0.0536929
    endloop
  endfacet
  facet normal -0.461827 -1.61431e-05 0.88697
    outer loop
      vertex 0.0262022 0.0653992 -0.0561905
      vertex 0.0309568 0.0641253 -0.0537149
      vertex 0.0309992 0.0653992 -0.0536928
    endloop
  endfacet
  facet normal -0.461824 0 0.886972
    outer loop
      vertex 0.0309568 0.0641253 -0.0537149
      vertex 0.0262022 0.0653992 -0.0561905
      vertex 0.0262022 0.0641243 -0.0561905
    endloop
  endfacet
  facet normal -0.707107 0 0.707107
    outer loop
      vertex 0.0398521 0.0653992 -0.0474939
      vertex 0.039852 0.0641247 -0.047494
      vertex 0.0398521 0.0641247 -0.0474939
    endloop
  endfacet
  facet normal -0.608859 -1.44699e-05 0.793278
    outer loop
      vertex 0.0398521 0.0653992 -0.0474939
      vertex 0.0355991 0.0641245 -0.0507582
      vertex 0.039852 0.0641247 -0.047494
    endloop
  endfacet
  facet normal -0.608864 1.09003e-05 0.793274
    outer loop
      vertex 0.0355616 0.0653992 -0.050787
      vertex 0.0355991 0.0641245 -0.0507582
      vertex 0.0398521 0.0653992 -0.0474939
    endloop
  endfacet
  facet normal -0.609097 0 0.793095
    outer loop
      vertex 0.0355991 0.0641245 -0.0507582
      vertex 0.0355616 0.0653992 -0.050787
      vertex 0.0355616 0.0641245 -0.050787
    endloop
  endfacet
  facet normal 0.999051 0 0.0435561
    outer loop
      vertex -0.0617658 0.0641248 -0.00535581
      vertex -0.0619993 0.0653992 0
      vertex -0.0619993 0.0641248 0
    endloop
  endfacet
  facet normal 0.999052 6.21904e-05 0.0435414
    outer loop
      vertex -0.0619993 0.0653992 0
      vertex -0.0617658 0.0641248 -0.00535581
      vertex -0.0617638 0.0653992 -0.00540352
    endloop
  endfacet
  facet normal 0.999115 6.93156e-06 0.042068
    outer loop
      vertex -0.0617638 0.0641247 -0.00540331
      vertex -0.0617638 0.0653992 -0.00540352
      vertex -0.0617658 0.0641248 -0.00535581
    endloop
  endfacet
  facet normal 1 0 0
    outer loop
      vertex -0.0617638 0.0653992 -0.00540352
      vertex -0.0617638 0.0641247 -0.00540331
      vertex -0.0617638 0.0641247 -0.00540352
    endloop
  endfacet
  facet normal 0.95374 -3.56838e-05 0.300632
    outer loop
      vertex -0.0598869 0.0653992 -0.0160465
      vertex -0.0598727 0.064125 -0.0160917
      vertex -0.0582609 0.0653992 -0.0212049
    endloop
  endfacet
  facet normal 0.954028 0 0.299717
    outer loop
      vertex -0.0598727 0.064125 -0.0160917
      vertex -0.0598869 0.0653992 -0.0160465
      vertex -0.0598869 0.0641249 -0.0160465
    endloop
  endfacet
  facet normal 0.953738 0 0.30064
    outer loop
      vertex -0.0582609 0.0653992 -0.0212049
      vertex -0.0598727 0.064125 -0.0160917
      vertex -0.0582609 0.0641245 -0.0212049
    endloop
  endfacet
  facet normal 0.976279 -3.29126e-05 0.216517
    outer loop
      vertex -0.0598973 0.064125 -0.0159998
      vertex -0.0598869 0.0653992 -0.0160465
      vertex -0.061058 0.0653992 -0.010766
    endloop
  endfacet
  facet normal 0.976237 -2.55936e-05 0.216708
    outer loop
      vertex -0.0598869 0.0653992 -0.0160465
      vertex -0.0598973 0.064125 -0.0159998
      vertex -0.059887 0.064125 -0.0160462
    endloop
  endfacet
  facet normal 0.97628 0 0.21651
    outer loop
      vertex -0.0598973 0.064125 -0.0159998
      vertex -0.061058 0.0653992 -0.010766
      vertex -0.061058 0.0641234 -0.010766
    endloop
  endfacet
  facet normal 0.948683 0 0.316228
    outer loop
      vertex -0.0598869 0.0653992 -0.0160465
      vertex -0.059887 0.064125 -0.0160462
      vertex -0.0598869 0.0641249 -0.0160465
    endloop
  endfacet
  facet normal 0.793274 1.09003e-05 0.608864
    outer loop
      vertex -0.0507582 0.0641245 -0.0355991
      vertex -0.0474939 0.0653992 -0.0398521
      vertex -0.050787 0.0653992 -0.0355616
    endloop
  endfacet
  facet normal 0.793278 -1.44699e-05 0.608859
    outer loop
      vertex -0.0474939 0.0653992 -0.0398521
      vertex -0.0507582 0.0641245 -0.0355991
      vertex -0.047494 0.0641247 -0.039852
    endloop
  endfacet
  facet normal 0.793095 0 0.609097
    outer loop
      vertex -0.0507582 0.0641245 -0.0355991
      vertex -0.050787 0.0653992 -0.0355616
      vertex -0.050787 0.0641245 -0.0355616
    endloop
  endfacet
  facet normal 0.707107 0 0.707107
    outer loop
      vertex -0.0474939 0.0653992 -0.0398521
      vertex -0.047494 0.0641247 -0.039852
      vertex -0.0474939 0.0641247 -0.0398521
    endloop
  endfacet
  facet normal 0.299717 0 0.954028
    outer loop
      vertex -0.0160465 0.0653992 -0.0598869
      vertex -0.0160917 0.064125 -0.0598727
      vertex -0.0160465 0.0641249 -0.0598869
    endloop
  endfacet
  facet normal 0.300632 -3.56838e-05 0.95374
    outer loop
      vertex -0.0212049 0.0653992 -0.0582609
      vertex -0.0160917 0.064125 -0.0598727
      vertex -0.0160465 0.0653992 -0.0598869
    endloop
  endfacet
  facet normal 0.30064 0 0.953738
    outer loop
      vertex -0.0160917 0.064125 -0.0598727
      vertex -0.0212049 0.0653992 -0.0582609
      vertex -0.0212049 0.0641245 -0.0582609
    endloop
  endfacet
  facet normal 0.130837 0 0.991404
    outer loop
      vertex -0.00540352 0.0653992 -0.0617638
      vertex -0.0054505 0.0641247 -0.0617576
      vertex -0.00540352 0.0641247 -0.0617638
    endloop
  endfacet
  facet normal 0.130493 1.28952e-05 0.991449
    outer loop
      vertex -0.010766 0.0653992 -0.061058
      vertex -0.0054505 0.0641247 -0.0617576
      vertex -0.00540352 0.0653992 -0.0617638
    endloop
  endfacet
  facet normal 0.130474 -6.74853e-05 0.991452
    outer loop
      vertex -0.0054505 0.0641247 -0.0617576
      vertex -0.010766 0.0653992 -0.061058
      vertex -0.0107659 0.0641234 -0.0610581
    endloop
  endfacet
  facet normal 0.707107 0 0.707107
    outer loop
      vertex -0.0107659 0.0641234 -0.0610581
      vertex -0.010766 0.0653992 -0.061058
      vertex -0.010766 0.0641234 -0.061058
    endloop
  endfacet
  facet normal 0.536056 0 0.844182
    outer loop
      vertex -0.0309992 0.0653992 -0.0536928
      vertex -0.0310392 0.0641253 -0.0536674
      vertex -0.0309992 0.0641253 -0.0536928
    endloop
  endfacet
  facet normal 0.537198 -5.03632e-05 0.843456
    outer loop
      vertex -0.0355616 0.0653992 -0.050787
      vertex -0.0310392 0.0641253 -0.0536674
      vertex -0.0309992 0.0653992 -0.0536928
    endloop
  endfacet
  facet normal 0.537207 -5.90558e-06 0.84345
    outer loop
      vertex -0.0310392 0.0641253 -0.0536674
      vertex -0.0355616 0.0653992 -0.050787
      vertex -0.0355613 0.0641245 -0.0507872
    endloop
  endfacet
  facet normal 0.5547 0 0.83205
    outer loop
      vertex -0.0355613 0.0641245 -0.0507872
      vertex -0.0355616 0.0653992 -0.050787
      vertex -0.0355616 0.0641245 -0.050787
    endloop
  endfacet
  facet normal 0.609097 0 0.793095
    outer loop
      vertex -0.0355616 0.0653992 -0.050787
      vertex -0.0355991 0.0641245 -0.0507582
      vertex -0.0355616 0.0641245 -0.050787
    endloop
  endfacet
  facet normal 0.608864 1.09003e-05 0.793274
    outer loop
      vertex -0.0398521 0.0653992 -0.0474939
      vertex -0.0355991 0.0641245 -0.0507582
      vertex -0.0355616 0.0653992 -0.050787
    endloop
  endfacet
  facet normal 0.608859 -1.44699e-05 0.793278
    outer loop
      vertex -0.0355991 0.0641245 -0.0507582
      vertex -0.0398521 0.0653992 -0.0474939
      vertex -0.039852 0.0641247 -0.047494
    endloop
  endfacet
  facet normal 0.707107 0 0.707107
    outer loop
      vertex -0.039852 0.0641247 -0.047494
      vertex -0.0398521 0.0653992 -0.0474939
      vertex -0.0398521 0.0641247 -0.0474939
    endloop
  endfacet
  facet normal 0.461824 0 0.886972
    outer loop
      vertex -0.0262022 0.0653992 -0.0561905
      vertex -0.0309568 0.0641253 -0.0537149
      vertex -0.0262022 0.0641243 -0.0561905
    endloop
  endfacet
  facet normal 0.461827 -1.61431e-05 0.88697
    outer loop
      vertex -0.0309992 0.0653992 -0.0536928
      vertex -0.0309568 0.0641253 -0.0537149
      vertex -0.0262022 0.0653992 -0.0561905
    endloop
  endfacet
  facet normal 0.462279 2.96906e-06 0.886735
    outer loop
      vertex -0.0309568 0.0641253 -0.0537149
      vertex -0.0309992 0.0653992 -0.0536928
      vertex -0.030999 0.0641253 -0.0536929
    endloop
  endfacet
  facet normal 0.447214 0 0.894427
    outer loop
      vertex -0.030999 0.0641253 -0.0536929
      vertex -0.0309992 0.0653992 -0.0536928
      vertex -0.0309992 0.0641253 -0.0536928
    endloop
  endfacet
  facet normal 0.675485 0 0.737374
    outer loop
      vertex -0.0398521 0.0653992 -0.0474939
      vertex -0.0438053 0.0641239 -0.0438725
      vertex -0.0398521 0.0641247 -0.0474939
    endloop
  endfacet
  facet normal 0.675479 3.09404e-05 0.737379
    outer loop
      vertex -0.0438404 0.0653992 -0.0438404
      vertex -0.0438053 0.0641239 -0.0438725
      vertex -0.0398521 0.0653992 -0.0474939
    endloop
  endfacet
  facet normal 0.674867 0 0.737939
    outer loop
      vertex -0.0438053 0.0641239 -0.0438725
      vertex -0.0438404 0.0653992 -0.0438404
      vertex -0.0438404 0.0641239 -0.0438404
    endloop
  endfacet
  facet normal -0.95374 -3.56838e-05 -0.300632
    outer loop
      vertex 0.0598869 0.0653992 0.0160465
      vertex 0.0598727 0.064125 0.0160917
      vertex 0.0582609 0.0653992 0.0212049
    endloop
  endfacet
  facet normal -0.954028 0 -0.299717
    outer loop
      vertex 0.0598727 0.064125 0.0160917
      vertex 0.0598869 0.0653992 0.0160465
      vertex 0.0598869 0.0641249 0.0160465
    endloop
  endfacet
  facet normal -0.953738 -0 -0.30064
    outer loop
      vertex 0.0582609 0.0653992 0.0212049
      vertex 0.0598727 0.064125 0.0160917
      vertex 0.0582609 0.0641245 0.0212049
    endloop
  endfacet
  facet normal 0.793278 -1.44699e-05 -0.608859
    outer loop
      vertex -0.0507582 0.0641245 0.0355991
      vertex -0.0474939 0.0653992 0.0398521
      vertex -0.047494 0.0641247 0.039852
    endloop
  endfacet
  facet normal 0.707107 0 -0.707107
    outer loop
      vertex -0.047494 0.0641247 0.039852
      vertex -0.0474939 0.0653992 0.0398521
      vertex -0.0474939 0.0641247 0.0398521
    endloop
  endfacet
  facet normal 0.793274 1.09003e-05 -0.608864
    outer loop
      vertex -0.0474939 0.0653992 0.0398521
      vertex -0.0507582 0.0641245 0.0355991
      vertex -0.050787 0.0653992 0.0355616
    endloop
  endfacet
  facet normal 0.793095 0 -0.609097
    outer loop
      vertex -0.050787 0.0653992 0.0355616
      vertex -0.0507582 0.0641245 0.0355991
      vertex -0.050787 0.0641245 0.0355616
    endloop
  endfacet
  facet normal -0.707107 0 -0.707107
    outer loop
      vertex 0.0107659 0.0641234 0.0610581
      vertex 0.010766 0.0653992 0.061058
      vertex 0.010766 0.0641234 0.061058
    endloop
  endfacet
  facet normal -0.130474 -6.74853e-05 -0.991452
    outer loop
      vertex 0.0054505 0.0641247 0.0617576
      vertex 0.010766 0.0653992 0.061058
      vertex 0.0107659 0.0641234 0.0610581
    endloop
  endfacet
  facet normal -0.130837 -0 -0.991404
    outer loop
      vertex 0.00540352 0.0653992 0.0617638
      vertex 0.0054505 0.0641247 0.0617576
      vertex 0.00540352 0.0641247 0.0617638
    endloop
  endfacet
  facet normal -0.130493 1.28952e-05 -0.991449
    outer loop
      vertex 0.0054505 0.0641247 0.0617576
      vertex 0.00540352 0.0653992 0.0617638
      vertex 0.010766 0.0653992 0.061058
    endloop
  endfacet
  facet normal -0.92385 -5.13087e-05 0.382755
    outer loop
      vertex 0.0561905 0.0653992 -0.0262022
      vertex 0.0582427 0.0641245 -0.021249
      vertex 0.0582609 0.0653992 -0.0212049
    endloop
  endfacet
  facet normal -0.923841 4.76323e-05 0.382776
    outer loop
      vertex 0.0561905 0.0653992 -0.0262022
      vertex 0.0561906 0.0641243 -0.0262018
      vertex 0.0582427 0.0641245 -0.021249
    endloop
  endfacet
  facet normal -0.970143 0 0.242536
    outer loop
      vertex 0.0561906 0.0641243 -0.0262018
      vertex 0.0561905 0.0653992 -0.0262022
      vertex 0.0561905 0.0641243 -0.0262022
    endloop
  endfacet
  facet normal -0.924068 -2.99857e-05 0.382228
    outer loop
      vertex 0.0582609 0.0641245 -0.021205
      vertex 0.0582609 0.0653992 -0.0212049
      vertex 0.0582427 0.0641245 -0.021249
    endloop
  endfacet
  facet normal -1 -0 0
    outer loop
      vertex 0.0582609 0.0653992 -0.0212049
      vertex 0.0582609 0.0641245 -0.021205
      vertex 0.0582609 0.0641245 -0.0212049
    endloop
  endfacet
  facet normal -0.95374 -3.56838e-05 0.300632
    outer loop
      vertex 0.0582609 0.0653992 -0.0212049
      vertex 0.0598727 0.064125 -0.0160917
      vertex 0.0598869 0.0653992 -0.0160465
    endloop
  endfacet
  facet normal -0.953738 0 0.30064
    outer loop
      vertex 0.0598727 0.064125 -0.0160917
      vertex 0.0582609 0.0653992 -0.0212049
      vertex 0.0582609 0.0641245 -0.0212049
    endloop
  endfacet
  facet normal -0.954028 0 0.299717
    outer loop
      vertex 0.0598869 0.0653992 -0.0160465
      vertex 0.0598727 0.064125 -0.0160917
      vertex 0.0598869 0.0641249 -0.0160465
    endloop
  endfacet
  facet normal -0.793278 -1.44699e-05 0.608859
    outer loop
      vertex 0.0507582 0.0641245 -0.0355991
      vertex 0.0474939 0.0653992 -0.0398521
      vertex 0.047494 0.0641247 -0.039852
    endloop
  endfacet
  facet normal -0.707107 0 0.707107
    outer loop
      vertex 0.047494 0.0641247 -0.039852
      vertex 0.0474939 0.0653992 -0.0398521
      vertex 0.0474939 0.0641247 -0.0398521
    endloop
  endfacet
  facet normal -0.793274 1.09003e-05 0.608864
    outer loop
      vertex 0.0474939 0.0653992 -0.0398521
      vertex 0.0507582 0.0641245 -0.0355991
      vertex 0.050787 0.0653992 -0.0355616
    endloop
  endfacet
  facet normal -0.793095 0 0.609097
    outer loop
      vertex 0.050787 0.0653992 -0.0355616
      vertex 0.0507582 0.0641245 -0.0355991
      vertex 0.050787 0.0641245 -0.0355616
    endloop
  endfacet
  facet normal -0.737379 3.09404e-05 0.675479
    outer loop
      vertex 0.0438725 0.0641239 -0.0438053
      vertex 0.0474939 0.0653992 -0.0398521
      vertex 0.0438404 0.0653992 -0.0438404
    endloop
  endfacet
  facet normal -0.737374 0 0.675485
    outer loop
      vertex 0.0474939 0.0653992 -0.0398521
      vertex 0.0438725 0.0641239 -0.0438053
      vertex 0.0474939 0.0641247 -0.0398521
    endloop
  endfacet
  facet normal -0.737939 0 0.674867
    outer loop
      vertex 0.0438725 0.0641239 -0.0438053
      vertex 0.0438404 0.0653992 -0.0438404
      vertex 0.0438404 0.0641239 -0.0438404
    endloop
  endfacet
  facet normal 0.0435561 0 0.999051
    outer loop
      vertex 0 0.0653992 -0.0619993
      vertex -0.00535581 0.0641248 -0.0617658
      vertex 0 0.0641248 -0.0619993
    endloop
  endfacet
  facet normal 0.0435414 6.21904e-05 0.999052
    outer loop
      vertex -0.00540352 0.0653992 -0.0617638
      vertex -0.00535581 0.0641248 -0.0617658
      vertex 0 0.0653992 -0.0619993
    endloop
  endfacet
  facet normal 0.042068 6.93156e-06 0.999115
    outer loop
      vertex -0.00535581 0.0641248 -0.0617658
      vertex -0.00540352 0.0653992 -0.0617638
      vertex -0.00540331 0.0641247 -0.0617638
    endloop
  endfacet
  facet normal 0 0 1
    outer loop
      vertex -0.00540331 0.0641247 -0.0617638
      vertex -0.00540352 0.0653992 -0.0617638
      vertex -0.00540352 0.0641247 -0.0617638
    endloop
  endfacet
  facet normal 0.843456 -5.03632e-05 0.537198
    outer loop
      vertex -0.0536928 0.0653992 -0.0309992
      vertex -0.0536674 0.0641253 -0.0310392
      vertex -0.050787 0.0653992 -0.0355616
    endloop
  endfacet
  facet normal 0.844182 0 0.536056
    outer loop
      vertex -0.0536674 0.0641253 -0.0310392
      vertex -0.0536928 0.0653992 -0.0309992
      vertex -0.0536928 0.0641253 -0.0309992
    endloop
  endfacet
  facet normal 0.84345 -5.90558e-06 0.537207
    outer loop
      vertex -0.0507872 0.0641245 -0.0355613
      vertex -0.050787 0.0653992 -0.0355616
      vertex -0.0536674 0.0641253 -0.0310392
    endloop
  endfacet
  facet normal 0.83205 0 0.5547
    outer loop
      vertex -0.050787 0.0653992 -0.0355616
      vertex -0.0507872 0.0641245 -0.0355613
      vertex -0.050787 0.0641245 -0.0355616
    endloop
  endfacet
  facet normal 0.88697 -1.61431e-05 0.461827
    outer loop
      vertex -0.0561905 0.0653992 -0.0262022
      vertex -0.0537149 0.0641253 -0.0309568
      vertex -0.0536928 0.0653992 -0.0309992
    endloop
  endfacet
  facet normal 0.886972 0 0.461824
    outer loop
      vertex -0.0537149 0.0641253 -0.0309568
      vertex -0.0561905 0.0653992 -0.0262022
      vertex -0.0561905 0.0641243 -0.0262022
    endloop
  endfacet
  facet normal 0.886735 2.96906e-06 0.462279
    outer loop
      vertex -0.0536929 0.0641253 -0.030999
      vertex -0.0536928 0.0653992 -0.0309992
      vertex -0.0537149 0.0641253 -0.0309568
    endloop
  endfacet
  facet normal 0.894427 0 0.447214
    outer loop
      vertex -0.0536928 0.0653992 -0.0309992
      vertex -0.0536929 0.0641253 -0.030999
      vertex -0.0536928 0.0641253 -0.0309992
    endloop
  endfacet
  facet normal -0.999052 6.21904e-05 0.0435414
    outer loop
      vertex 0.0617658 0.0641248 -0.00535581
      vertex 0.0619993 0.0653992 0
      vertex 0.0617638 0.0653992 -0.00540352
    endloop
  endfacet
  facet normal -0.999051 0 0.0435561
    outer loop
      vertex 0.0619993 0.0653992 0
      vertex 0.0617658 0.0641248 -0.00535581
      vertex 0.0619993 0.0641248 0
    endloop
  endfacet
  facet normal -0.999115 6.93156e-06 0.042068
    outer loop
      vertex 0.0617638 0.0653992 -0.00540352
      vertex 0.0617638 0.0641247 -0.00540331
      vertex 0.0617658 0.0641248 -0.00535581
    endloop
  endfacet
  facet normal -1 0 0
    outer loop
      vertex 0.0617638 0.0641247 -0.00540331
      vertex 0.0617638 0.0653992 -0.00540352
      vertex 0.0617638 0.0641247 -0.00540352
    endloop
  endfacet
  facet normal -0.991449 1.28952e-05 -0.130493
    outer loop
      vertex 0.0617638 0.0653992 0.00540352
      vertex 0.0617576 0.0641247 0.0054505
      vertex 0.061058 0.0653992 0.010766
    endloop
  endfacet
  facet normal -0.991404 0 -0.130837
    outer loop
      vertex 0.0617576 0.0641247 0.0054505
      vertex 0.0617638 0.0653992 0.00540352
      vertex 0.0617638 0.0641247 0.00540352
    endloop
  endfacet
  facet normal -0.991452 -6.74853e-05 -0.130474
    outer loop
      vertex 0.0610581 0.0641234 0.0107659
      vertex 0.061058 0.0653992 0.010766
      vertex 0.0617576 0.0641247 0.0054505
    endloop
  endfacet
  facet normal -0.707107 -0 -0.707107
    outer loop
      vertex 0.061058 0.0653992 0.010766
      vertex 0.0610581 0.0641234 0.0107659
      vertex 0.061058 0.0641234 0.010766
    endloop
  endfacet
  facet normal -0.976279 -3.29126e-05 -0.216517
    outer loop
      vertex 0.0598973 0.064125 0.0159998
      vertex 0.0598869 0.0653992 0.0160465
      vertex 0.061058 0.0653992 0.010766
    endloop
  endfacet
  facet normal -0.976237 -2.55936e-05 -0.216708
    outer loop
      vertex 0.0598869 0.0653992 0.0160465
      vertex 0.0598973 0.064125 0.0159998
      vertex 0.059887 0.064125 0.0160462
    endloop
  endfacet
  facet normal -0.97628 0 -0.21651
    outer loop
      vertex 0.0598973 0.064125 0.0159998
      vertex 0.061058 0.0653992 0.010766
      vertex 0.061058 0.0641234 0.010766
    endloop
  endfacet
  facet normal -0.948683 -0 -0.316228
    outer loop
      vertex 0.0598869 0.0653992 0.0160465
      vertex 0.059887 0.064125 0.0160462
      vertex 0.0598869 0.0641249 0.0160465
    endloop
  endfacet
  facet normal -0.88697 -1.61431e-05 -0.461827
    outer loop
      vertex 0.0561905 0.0653992 0.0262022
      vertex 0.0537149 0.0641253 0.0309568
      vertex 0.0536928 0.0653992 0.0309992
    endloop
  endfacet
  facet normal -0.886972 0 -0.461824
    outer loop
      vertex 0.0537149 0.0641253 0.0309568
      vertex 0.0561905 0.0653992 0.0262022
      vertex 0.0561905 0.0641243 0.0262022
    endloop
  endfacet
  facet normal -0.886735 2.96906e-06 -0.462279
    outer loop
      vertex 0.0536929 0.0641253 0.030999
      vertex 0.0536928 0.0653992 0.0309992
      vertex 0.0537149 0.0641253 0.0309568
    endloop
  endfacet
  facet normal -0.894427 -0 -0.447214
    outer loop
      vertex 0.0536928 0.0653992 0.0309992
      vertex 0.0536929 0.0641253 0.030999
      vertex 0.0536928 0.0641253 0.0309992
    endloop
  endfacet
  facet normal 0.0435561 0 -0.999051
    outer loop
      vertex -0.00535581 0.0641248 0.0617658
      vertex 0 0.0653992 0.0619993
      vertex 0 0.0641248 0.0619993
    endloop
  endfacet
  facet normal 0.042068 6.93156e-06 -0.999115
    outer loop
      vertex -0.00540352 0.0653992 0.0617638
      vertex -0.00535581 0.0641248 0.0617658
      vertex -0.00540331 0.0641247 0.0617638
    endloop
  endfacet
  facet normal 0 0 -1
    outer loop
      vertex -0.00540352 0.0653992 0.0617638
      vertex -0.00540331 0.0641247 0.0617638
      vertex -0.00540352 0.0641247 0.0617638
    endloop
  endfacet
  facet normal 0.0435414 6.21904e-05 -0.999052
    outer loop
      vertex -0.00535581 0.0641248 0.0617658
      vertex -0.00540352 0.0653992 0.0617638
      vertex 0 0.0653992 0.0619993
    endloop
  endfacet
  facet normal 0.130837 0 -0.991404
    outer loop
      vertex -0.0054505 0.0641247 0.0617576
      vertex -0.00540352 0.0653992 0.0617638
      vertex -0.00540352 0.0641247 0.0617638
    endloop
  endfacet
  facet normal 0.130474 -6.74853e-05 -0.991452
    outer loop
      vertex -0.010766 0.0653992 0.061058
      vertex -0.0054505 0.0641247 0.0617576
      vertex -0.0107659 0.0641234 0.0610581
    endloop
  endfacet
  facet normal 0.707107 0 -0.707107
    outer loop
      vertex -0.010766 0.0653992 0.061058
      vertex -0.0107659 0.0641234 0.0610581
      vertex -0.010766 0.0641234 0.061058
    endloop
  endfacet
  facet normal 0.130493 1.28952e-05 -0.991449
    outer loop
      vertex -0.0054505 0.0641247 0.0617576
      vertex -0.010766 0.0653992 0.061058
      vertex -0.00540352 0.0653992 0.0617638
    endloop
  endfacet
  facet normal 0.999052 6.21904e-05 -0.0435414
    outer loop
      vertex -0.0617658 0.0641248 0.00535581
      vertex -0.0619993 0.0653992 0
      vertex -0.0617638 0.0653992 0.00540352
    endloop
  endfacet
  facet normal 0.999051 0 -0.0435561
    outer loop
      vertex -0.0619993 0.0653992 0
      vertex -0.0617658 0.0641248 0.00535581
      vertex -0.0619993 0.0641248 0
    endloop
  endfacet
  facet normal 0.999115 6.93156e-06 -0.042068
    outer loop
      vertex -0.0617638 0.0653992 0.00540352
      vertex -0.0617638 0.0641247 0.00540331
      vertex -0.0617658 0.0641248 0.00535581
    endloop
  endfacet
  facet normal 1 0 0
    outer loop
      vertex -0.0617638 0.0641247 0.00540331
      vertex -0.0617638 0.0653992 0.00540352
      vertex -0.0617638 0.0641247 0.00540352
    endloop
  endfacet
  facet normal 0.976237 -2.55936e-05 -0.216708
    outer loop
      vertex -0.0598973 0.064125 0.0159998
      vertex -0.0598869 0.0653992 0.0160465
      vertex -0.059887 0.064125 0.0160462
    endloop
  endfacet
  facet normal 0.948683 0 -0.316228
    outer loop
      vertex -0.059887 0.064125 0.0160462
      vertex -0.0598869 0.0653992 0.0160465
      vertex -0.0598869 0.0641249 0.0160465
    endloop
  endfacet
  facet normal 0.976279 -3.29126e-05 -0.216517
    outer loop
      vertex -0.0598869 0.0653992 0.0160465
      vertex -0.0598973 0.064125 0.0159998
      vertex -0.061058 0.0653992 0.010766
    endloop
  endfacet
  facet normal 0.97628 0 -0.21651
    outer loop
      vertex -0.061058 0.0653992 0.010766
      vertex -0.0598973 0.064125 0.0159998
      vertex -0.061058 0.0641234 0.010766
    endloop
  endfacet
  facet normal 0.737379 3.09404e-05 -0.675479
    outer loop
      vertex -0.0438725 0.0641239 0.0438053
      vertex -0.0474939 0.0653992 0.0398521
      vertex -0.0438404 0.0653992 0.0438404
    endloop
  endfacet
  facet normal 0.737374 0 -0.675485
    outer loop
      vertex -0.0474939 0.0653992 0.0398521
      vertex -0.0438725 0.0641239 0.0438053
      vertex -0.0474939 0.0641247 0.0398521
    endloop
  endfacet
  facet normal 0.737939 0 -0.674867
    outer loop
      vertex -0.0438725 0.0641239 0.0438053
      vertex -0.0438404 0.0653992 0.0438404
      vertex -0.0438404 0.0641239 0.0438404
    endloop
  endfacet
  facet normal -0.316228 0 -0.948683
    outer loop
      vertex 0.0160462 0.064125 0.059887
      vertex 0.0160465 0.0653992 0.0598869
      vertex 0.0160465 0.0641249 0.0598869
    endloop
  endfacet
  facet normal -0.216708 -2.55936e-05 -0.976237
    outer loop
      vertex 0.0159998 0.064125 0.0598973
      vertex 0.0160465 0.0653992 0.0598869
      vertex 0.0160462 0.064125 0.059887
    endloop
  endfacet
  facet normal -0.21651 -0 -0.97628
    outer loop
      vertex 0.010766 0.0653992 0.061058
      vertex 0.0159998 0.064125 0.0598973
      vertex 0.010766 0.0641234 0.061058
    endloop
  endfacet
  facet normal -0.216517 -3.29126e-05 -0.976279
    outer loop
      vertex 0.0159998 0.064125 0.0598973
      vertex 0.010766 0.0653992 0.061058
      vertex 0.0160465 0.0653992 0.0598869
    endloop
  endfacet
  facet normal -0.242536 0 -0.970143
    outer loop
      vertex 0.0262018 0.0641243 0.0561906
      vertex 0.0262022 0.0653992 0.0561905
      vertex 0.0262022 0.0641243 0.0561905
    endloop
  endfacet
  facet normal -0.382776 4.76323e-05 -0.923841
    outer loop
      vertex 0.021249 0.0641245 0.0582427
      vertex 0.0262022 0.0653992 0.0561905
      vertex 0.0262018 0.0641243 0.0561906
    endloop
  endfacet
  facet normal -0.382228 -2.99857e-05 -0.924068
    outer loop
      vertex 0.0212049 0.0653992 0.0582609
      vertex 0.021249 0.0641245 0.0582427
      vertex 0.021205 0.0641245 0.0582609
    endloop
  endfacet
  facet normal 0 0 -1
    outer loop
      vertex 0.0212049 0.0653992 0.0582609
      vertex 0.021205 0.0641245 0.0582609
      vertex 0.0212049 0.0641245 0.0582609
    endloop
  endfacet
  facet normal -0.382755 -5.13087e-05 -0.92385
    outer loop
      vertex 0.021249 0.0641245 0.0582427
      vertex 0.0212049 0.0653992 0.0582609
      vertex 0.0262022 0.0653992 0.0561905
    endloop
  endfacet
  facet normal -0.976237 -2.55936e-05 0.216708
    outer loop
      vertex 0.0598973 0.064125 -0.0159998
      vertex 0.0598869 0.0653992 -0.0160465
      vertex 0.059887 0.064125 -0.0160462
    endloop
  endfacet
  facet normal -0.948683 0 0.316228
    outer loop
      vertex 0.059887 0.064125 -0.0160462
      vertex 0.0598869 0.0653992 -0.0160465
      vertex 0.0598869 0.0641249 -0.0160465
    endloop
  endfacet
  facet normal -0.976279 -3.29126e-05 0.216517
    outer loop
      vertex 0.0598869 0.0653992 -0.0160465
      vertex 0.0598973 0.064125 -0.0159998
      vertex 0.061058 0.0653992 -0.010766
    endloop
  endfacet
  facet normal -0.97628 0 0.21651
    outer loop
      vertex 0.061058 0.0653992 -0.010766
      vertex 0.0598973 0.064125 -0.0159998
      vertex 0.061058 0.0641234 -0.010766
    endloop
  endfacet
  facet normal -0.707107 0 -0.707107
    outer loop
      vertex 0.039852 0.0641247 0.047494
      vertex 0.0398521 0.0653992 0.0474939
      vertex 0.0398521 0.0641247 0.0474939
    endloop
  endfacet
  facet normal -0.608859 -1.44699e-05 -0.793278
    outer loop
      vertex 0.0355991 0.0641245 0.0507582
      vertex 0.0398521 0.0653992 0.0474939
      vertex 0.039852 0.0641247 0.047494
    endloop
  endfacet
  facet normal -0.609097 -0 -0.793095
    outer loop
      vertex 0.0355616 0.0653992 0.050787
      vertex 0.0355991 0.0641245 0.0507582
      vertex 0.0355616 0.0641245 0.050787
    endloop
  endfacet
  facet normal -0.608864 1.09003e-05 -0.793274
    outer loop
      vertex 0.0355991 0.0641245 0.0507582
      vertex 0.0355616 0.0653992 0.050787
      vertex 0.0398521 0.0653992 0.0474939
    endloop
  endfacet
  facet normal -0.793274 1.09003e-05 -0.608864
    outer loop
      vertex 0.0507582 0.0641245 0.0355991
      vertex 0.0474939 0.0653992 0.0398521
      vertex 0.050787 0.0653992 0.0355616
    endloop
  endfacet
  facet normal -0.793278 -1.44699e-05 -0.608859
    outer loop
      vertex 0.0474939 0.0653992 0.0398521
      vertex 0.0507582 0.0641245 0.0355991
      vertex 0.047494 0.0641247 0.039852
    endloop
  endfacet
  facet normal -0.793095 0 -0.609097
    outer loop
      vertex 0.0507582 0.0641245 0.0355991
      vertex 0.050787 0.0653992 0.0355616
      vertex 0.050787 0.0641245 0.0355616
    endloop
  endfacet
  facet normal -0.707107 -0 -0.707107
    outer loop
      vertex 0.0474939 0.0653992 0.0398521
      vertex 0.047494 0.0641247 0.039852
      vertex 0.0474939 0.0641247 0.0398521
    endloop
  endfacet
  facet normal -0.843456 -5.03632e-05 -0.537198
    outer loop
      vertex 0.0536928 0.0653992 0.0309992
      vertex 0.0536674 0.0641253 0.0310392
      vertex 0.050787 0.0653992 0.0355616
    endloop
  endfacet
  facet normal -0.844182 0 -0.536056
    outer loop
      vertex 0.0536674 0.0641253 0.0310392
      vertex 0.0536928 0.0653992 0.0309992
      vertex 0.0536928 0.0641253 0.0309992
    endloop
  endfacet
  facet normal -0.84345 -5.90558e-06 -0.537207
    outer loop
      vertex 0.0507872 0.0641245 0.0355613
      vertex 0.050787 0.0653992 0.0355616
      vertex 0.0536674 0.0641253 0.0310392
    endloop
  endfacet
  facet normal -0.83205 -0 -0.5547
    outer loop
      vertex 0.050787 0.0653992 0.0355616
      vertex 0.0507872 0.0641245 0.0355613
      vertex 0.050787 0.0641245 0.0355616
    endloop
  endfacet
  facet normal -0.92385 -5.13087e-05 -0.382755
    outer loop
      vertex 0.0582609 0.0653992 0.0212049
      vertex 0.0582427 0.0641245 0.021249
      vertex 0.0561905 0.0653992 0.0262022
    endloop
  endfacet
  facet normal -0.924068 -2.99857e-05 -0.382228
    outer loop
      vertex 0.0582609 0.0653992 0.0212049
      vertex 0.0582609 0.0641245 0.021205
      vertex 0.0582427 0.0641245 0.021249
    endloop
  endfacet
  facet normal -1 0 0
    outer loop
      vertex 0.0582609 0.0641245 0.021205
      vertex 0.0582609 0.0653992 0.0212049
      vertex 0.0582609 0.0641245 0.0212049
    endloop
  endfacet
  facet normal -0.923841 4.76323e-05 -0.382776
    outer loop
      vertex 0.0561906 0.0641243 0.0262018
      vertex 0.0561905 0.0653992 0.0262022
      vertex 0.0582427 0.0641245 0.021249
    endloop
  endfacet
  facet normal -0.970143 -0 -0.242536
    outer loop
      vertex 0.0561905 0.0653992 0.0262022
      vertex 0.0561906 0.0641243 0.0262018
      vertex 0.0561905 0.0641243 0.0262022
    endloop
  endfacet
  facet normal 0.299717 0 -0.954028
    outer loop
      vertex -0.0160917 0.064125 0.0598727
      vertex -0.0160465 0.0653992 0.0598869
      vertex -0.0160465 0.0641249 0.0598869
    endloop
  endfacet
  facet normal 0.30064 0 -0.953738
    outer loop
      vertex -0.0212049 0.0653992 0.0582609
      vertex -0.0160917 0.064125 0.0598727
      vertex -0.0212049 0.0641245 0.0582609
    endloop
  endfacet
  facet normal 0.300632 -3.56838e-05 -0.95374
    outer loop
      vertex -0.0160917 0.064125 0.0598727
      vertex -0.0212049 0.0653992 0.0582609
      vertex -0.0160465 0.0653992 0.0598869
    endloop
  endfacet
  facet normal 0.991449 1.28952e-05 -0.130493
    outer loop
      vertex -0.061058 0.0653992 0.010766
      vertex -0.0617576 0.0641247 0.0054505
      vertex -0.0617638 0.0653992 0.00540352
    endloop
  endfacet
  facet normal 0.991452 -6.74853e-05 -0.130474
    outer loop
      vertex -0.061058 0.0653992 0.010766
      vertex -0.0610581 0.0641234 0.0107659
      vertex -0.0617576 0.0641247 0.0054505
    endloop
  endfacet
  facet normal 0.707107 0 -0.707107
    outer loop
      vertex -0.0610581 0.0641234 0.0107659
      vertex -0.061058 0.0653992 0.010766
      vertex -0.061058 0.0641234 0.010766
    endloop
  endfacet
  facet normal 0.991404 0 -0.130837
    outer loop
      vertex -0.0617638 0.0653992 0.00540352
      vertex -0.0617576 0.0641247 0.0054505
      vertex -0.0617638 0.0641247 0.00540352
    endloop
  endfacet
  facet normal 0.95374 -3.56838e-05 -0.300632
    outer loop
      vertex -0.0582609 0.0653992 0.0212049
      vertex -0.0598727 0.064125 0.0160917
      vertex -0.0598869 0.0653992 0.0160465
    endloop
  endfacet
  facet normal 0.953738 0 -0.30064
    outer loop
      vertex -0.0598727 0.064125 0.0160917
      vertex -0.0582609 0.0653992 0.0212049
      vertex -0.0582609 0.0641245 0.0212049
    endloop
  endfacet
  facet normal 0.954028 0 -0.299717
    outer loop
      vertex -0.0598869 0.0653992 0.0160465
      vertex -0.0598727 0.064125 0.0160917
      vertex -0.0598869 0.0641249 0.0160465
    endloop
  endfacet
  facet normal 0.843456 -5.03632e-05 -0.537198
    outer loop
      vertex -0.050787 0.0653992 0.0355616
      vertex -0.0536674 0.0641253 0.0310392
      vertex -0.0536928 0.0653992 0.0309992
    endloop
  endfacet
  facet normal 0.84345 -5.90558e-06 -0.537207
    outer loop
      vertex -0.050787 0.0653992 0.0355616
      vertex -0.0507872 0.0641245 0.0355613
      vertex -0.0536674 0.0641253 0.0310392
    endloop
  endfacet
  facet normal 0.83205 0 -0.5547
    outer loop
      vertex -0.0507872 0.0641245 0.0355613
      vertex -0.050787 0.0653992 0.0355616
      vertex -0.050787 0.0641245 0.0355616
    endloop
  endfacet
  facet normal 0.844182 0 -0.536056
    outer loop
      vertex -0.0536928 0.0653992 0.0309992
      vertex -0.0536674 0.0641253 0.0310392
      vertex -0.0536928 0.0641253 0.0309992
    endloop
  endfacet
  facet normal 0.88697 -1.61431e-05 -0.461827
    outer loop
      vertex -0.0536928 0.0653992 0.0309992
      vertex -0.0537149 0.0641253 0.0309568
      vertex -0.0561905 0.0653992 0.0262022
    endloop
  endfacet
  facet normal 0.886735 2.96906e-06 -0.462279
    outer loop
      vertex -0.0536928 0.0653992 0.0309992
      vertex -0.0536929 0.0641253 0.030999
      vertex -0.0537149 0.0641253 0.0309568
    endloop
  endfacet
  facet normal 0.894427 0 -0.447214
    outer loop
      vertex -0.0536929 0.0641253 0.030999
      vertex -0.0536928 0.0653992 0.0309992
      vertex -0.0536928 0.0641253 0.0309992
    endloop
  endfacet
  facet normal 0.886972 0 -0.461824
    outer loop
      vertex -0.0561905 0.0653992 0.0262022
      vertex -0.0537149 0.0641253 0.0309568
      vertex -0.0561905 0.0641243 0.0262022
    endloop
  endfacet
  facet normal -0.737374 0 -0.675485
    outer loop
      vertex 0.0438725 0.0641239 0.0438053
      vertex 0.0474939 0.0653992 0.0398521
      vertex 0.0474939 0.0641247 0.0398521
    endloop
  endfacet
  facet normal -0.737379 3.09404e-05 -0.675479
    outer loop
      vertex 0.0474939 0.0653992 0.0398521
      vertex 0.0438725 0.0641239 0.0438053
      vertex 0.0438404 0.0653992 0.0438404
    endloop
  endfacet
  facet normal -0.737939 -0 -0.674867
    outer loop
      vertex 0.0438404 0.0653992 0.0438404
      vertex 0.0438725 0.0641239 0.0438053
      vertex 0.0438404 0.0641239 0.0438404
    endloop
  endfacet
  facet normal -0.5547 0 -0.83205
    outer loop
      vertex 0.0355613 0.0641245 0.0507872
      vertex 0.0355616 0.0653992 0.050787
      vertex 0.0355616 0.0641245 0.050787
    endloop
  endfacet
  facet normal -0.537207 -5.90558e-06 -0.84345
    outer loop
      vertex 0.0310392 0.0641253 0.0536674
      vertex 0.0355616 0.0653992 0.050787
      vertex 0.0355613 0.0641245 0.0507872
    endloop
  endfacet
  facet normal -0.536056 -0 -0.844182
    outer loop
      vertex 0.0309992 0.0653992 0.0536928
      vertex 0.0310392 0.0641253 0.0536674
      vertex 0.0309992 0.0641253 0.0536928
    endloop
  endfacet
  facet normal -0.537198 -5.03632e-05 -0.843456
    outer loop
      vertex 0.0310392 0.0641253 0.0536674
      vertex 0.0309992 0.0653992 0.0536928
      vertex 0.0355616 0.0653992 0.050787
    endloop
  endfacet
  facet normal -0.447214 0 -0.894427
    outer loop
      vertex 0.030999 0.0641253 0.0536929
      vertex 0.0309992 0.0653992 0.0536928
      vertex 0.0309992 0.0641253 0.0536928
    endloop
  endfacet
  facet normal -0.462279 2.96906e-06 -0.886735
    outer loop
      vertex 0.0309568 0.0641253 0.0537149
      vertex 0.0309992 0.0653992 0.0536928
      vertex 0.030999 0.0641253 0.0536929
    endloop
  endfacet
  facet normal -0.461824 -0 -0.886972
    outer loop
      vertex 0.0262022 0.0653992 0.0561905
      vertex 0.0309568 0.0641253 0.0537149
      vertex 0.0262022 0.0641243 0.0561905
    endloop
  endfacet
  facet normal -0.461827 -1.61431e-05 -0.88697
    outer loop
      vertex 0.0309568 0.0641253 0.0537149
      vertex 0.0262022 0.0653992 0.0561905
      vertex 0.0309992 0.0653992 0.0536928
    endloop
  endfacet
  facet normal 0 0 -1
    outer loop
      vertex 0.00540331 0.0641247 0.0617638
      vertex 0.00540352 0.0653992 0.0617638
      vertex 0.00540352 0.0641247 0.0617638
    endloop
  endfacet
  facet normal -0.042068 6.93156e-06 -0.999115
    outer loop
      vertex 0.00535581 0.0641248 0.0617658
      vertex 0.00540352 0.0653992 0.0617638
      vertex 0.00540331 0.0641247 0.0617638
    endloop
  endfacet
  facet normal -0.0435561 -0 -0.999051
    outer loop
      vertex 0 0.0653992 0.0619993
      vertex 0.00535581 0.0641248 0.0617658
      vertex 0 0.0641248 0.0619993
    endloop
  endfacet
  facet normal -0.0435414 6.21904e-05 -0.999052
    outer loop
      vertex 0.00535581 0.0641248 0.0617658
      vertex 0 0.0653992 0.0619993
      vertex 0.00540352 0.0653992 0.0617638
    endloop
  endfacet
  facet normal 0.609097 0 -0.793095
    outer loop
      vertex -0.0355991 0.0641245 0.0507582
      vertex -0.0355616 0.0653992 0.050787
      vertex -0.0355616 0.0641245 0.050787
    endloop
  endfacet
  facet normal 0.608859 -1.44699e-05 -0.793278
    outer loop
      vertex -0.0398521 0.0653992 0.0474939
      vertex -0.0355991 0.0641245 0.0507582
      vertex -0.039852 0.0641247 0.047494
    endloop
  endfacet
  facet normal 0.707107 0 -0.707107
    outer loop
      vertex -0.0398521 0.0653992 0.0474939
      vertex -0.039852 0.0641247 0.047494
      vertex -0.0398521 0.0641247 0.0474939
    endloop
  endfacet
  facet normal 0.608864 1.09003e-05 -0.793274
    outer loop
      vertex -0.0355991 0.0641245 0.0507582
      vertex -0.0398521 0.0653992 0.0474939
      vertex -0.0355616 0.0653992 0.050787
    endloop
  endfacet
  facet normal 0 0 -1
    outer loop
      vertex -0.021205 0.0641245 0.0582609
      vertex -0.0212049 0.0653992 0.0582609
      vertex -0.0212049 0.0641245 0.0582609
    endloop
  endfacet
  facet normal 0.382228 -2.99857e-05 -0.924068
    outer loop
      vertex -0.021249 0.0641245 0.0582427
      vertex -0.0212049 0.0653992 0.0582609
      vertex -0.021205 0.0641245 0.0582609
    endloop
  endfacet
  facet normal 0.382776 4.76323e-05 -0.923841
    outer loop
      vertex -0.0262022 0.0653992 0.0561905
      vertex -0.021249 0.0641245 0.0582427
      vertex -0.0262018 0.0641243 0.0561906
    endloop
  endfacet
  facet normal 0.242536 0 -0.970143
    outer loop
      vertex -0.0262022 0.0653992 0.0561905
      vertex -0.0262018 0.0641243 0.0561906
      vertex -0.0262022 0.0641243 0.0561905
    endloop
  endfacet
  facet normal 0.382755 -5.13087e-05 -0.92385
    outer loop
      vertex -0.021249 0.0641245 0.0582427
      vertex -0.0262022 0.0653992 0.0561905
      vertex -0.0212049 0.0653992 0.0582609
    endloop
  endfacet
  facet normal 0.536056 0 -0.844182
    outer loop
      vertex -0.0310392 0.0641253 0.0536674
      vertex -0.0309992 0.0653992 0.0536928
      vertex -0.0309992 0.0641253 0.0536928
    endloop
  endfacet
  facet normal 0.537207 -5.90558e-06 -0.84345
    outer loop
      vertex -0.0355616 0.0653992 0.050787
      vertex -0.0310392 0.0641253 0.0536674
      vertex -0.0355613 0.0641245 0.0507872
    endloop
  endfacet
  facet normal 0.5547 0 -0.83205
    outer loop
      vertex -0.0355616 0.0653992 0.050787
      vertex -0.0355613 0.0641245 0.0507872
      vertex -0.0355616 0.0641245 0.050787
    endloop
  endfacet
  facet normal 0.537198 -5.03632e-05 -0.843456
    outer loop
      vertex -0.0310392 0.0641253 0.0536674
      vertex -0.0355616 0.0653992 0.050787
      vertex -0.0309992 0.0653992 0.0536928
    endloop
  endfacet
  facet normal 0.21651 0 -0.97628
    outer loop
      vertex -0.0159998 0.064125 0.0598973
      vertex -0.010766 0.0653992 0.061058
      vertex -0.010766 0.0641234 0.061058
    endloop
  endfacet
  facet normal 0.216708 -2.55936e-05 -0.976237
    outer loop
      vertex -0.0160465 0.0653992 0.0598869
      vertex -0.0159998 0.064125 0.0598973
      vertex -0.0160462 0.064125 0.059887
    endloop
  endfacet
  facet normal 0.316228 0 -0.948683
    outer loop
      vertex -0.0160465 0.0653992 0.0598869
      vertex -0.0160462 0.064125 0.059887
      vertex -0.0160465 0.0641249 0.0598869
    endloop
  endfacet
  facet normal 0.216517 -3.29126e-05 -0.976279
    outer loop
      vertex -0.0159998 0.064125 0.0598973
      vertex -0.0160465 0.0653992 0.0598869
      vertex -0.010766 0.0653992 0.061058
    endloop
  endfacet
  facet normal -0.30064 0 -0.953738
    outer loop
      vertex 0.0160917 0.064125 0.0598727
      vertex 0.0212049 0.0653992 0.0582609
      vertex 0.0212049 0.0641245 0.0582609
    endloop
  endfacet
  facet normal -0.299717 -0 -0.954028
    outer loop
      vertex 0.0160465 0.0653992 0.0598869
      vertex 0.0160917 0.064125 0.0598727
      vertex 0.0160465 0.0641249 0.0598869
    endloop
  endfacet
  facet normal -0.300632 -3.56838e-05 -0.95374
    outer loop
      vertex 0.0160917 0.064125 0.0598727
      vertex 0.0160465 0.0653992 0.0598869
      vertex 0.0212049 0.0653992 0.0582609
    endloop
  endfacet
  facet normal -0.674867 0 -0.737939
    outer loop
      vertex 0.0438053 0.0641239 0.0438725
      vertex 0.0438404 0.0653992 0.0438404
      vertex 0.0438404 0.0641239 0.0438404
    endloop
  endfacet
  facet normal -0.675485 -0 -0.737374
    outer loop
      vertex 0.0398521 0.0653992 0.0474939
      vertex 0.0438053 0.0641239 0.0438725
      vertex 0.0398521 0.0641247 0.0474939
    endloop
  endfacet
  facet normal -0.675479 3.09404e-05 -0.737379
    outer loop
      vertex 0.0438053 0.0641239 0.0438725
      vertex 0.0398521 0.0653992 0.0474939
      vertex 0.0438404 0.0653992 0.0438404
    endloop
  endfacet
  facet normal 0.461824 0 -0.886972
    outer loop
      vertex -0.0309568 0.0641253 0.0537149
      vertex -0.0262022 0.0653992 0.0561905
      vertex -0.0262022 0.0641243 0.0561905
    endloop
  endfacet
  facet normal 0.462279 2.96906e-06 -0.886735
    outer loop
      vertex -0.0309992 0.0653992 0.0536928
      vertex -0.0309568 0.0641253 0.0537149
      vertex -0.030999 0.0641253 0.0536929
    endloop
  endfacet
  facet normal 0.447214 0 -0.894427
    outer loop
      vertex -0.0309992 0.0653992 0.0536928
      vertex -0.030999 0.0641253 0.0536929
      vertex -0.0309992 0.0641253 0.0536928
    endloop
  endfacet
  facet normal 0.461827 -1.61431e-05 -0.88697
    outer loop
      vertex -0.0309568 0.0641253 0.0537149
      vertex -0.0309992 0.0653992 0.0536928
      vertex -0.0262022 0.0653992 0.0561905
    endloop
  endfacet
  facet normal 0.778412 0.626836 -0.0339368
    outer loop
      vertex 0.0617658 0.0641248 -0.00535581
      vertex 0.00999928 0.128699 0
      vertex 0.0619993 0.0641248 0
    endloop
  endfacet
  facet normal -0.0341057 0.626841 -0.7784
    outer loop
      vertex -0.00535581 0.0641248 -0.0617658
      vertex -0.000870705 0.128699 -0.00996113
      vertex 0 0.128699 -0.00999928
    endloop
  endfacet
  facet normal -0.0340945 0.626841 -0.778401
    outer loop
      vertex -0.000870705 0.128699 -0.00996113
      vertex -0.00535581 0.0641248 -0.0617658
      vertex -0.00540331 0.0641247 -0.0617638
    endloop
  endfacet
  facet normal 0.526377 0.62683 -0.574466
    outer loop
      vertex 0.0398521 0.0641247 -0.0474939
      vertex 0.00642776 0.128699 -0.00765991
      vertex 0.0438053 0.0641239 -0.0438725
    endloop
  endfacet
  facet normal 0.551565 0.625741 -0.551565
    outer loop
      vertex 0.00642776 0.128699 -0.00765991
      vertex 0.0398521 0.0641247 -0.0474939
      vertex 0.039852 0.0641247 -0.047494
    endloop
  endfacet
  facet normal -0.551565 0.625741 -0.551565
    outer loop
      vertex -0.00765991 0.128699 -0.00642776
      vertex -0.0474939 0.0641247 -0.0398521
      vertex -0.047494 0.0641247 -0.039852
    endloop
  endfacet
  facet normal -0.574466 0.62683 -0.526377
    outer loop
      vertex -0.0474939 0.0641247 -0.0398521
      vertex -0.00765991 0.128699 -0.00642776
      vertex -0.0438725 0.0641239 -0.0438053
    endloop
  endfacet
  facet normal -0.298263 0.626833 -0.719806
    outer loop
      vertex -0.021249 0.0641245 -0.0582427
      vertex -0.0262018 0.0641243 -0.0561906
      vertex -0.00422573 0.128699 -0.00906277
    endloop
  endfacet
  facet normal -0.719806 0.626833 0.298263
    outer loop
      vertex -0.00906277 0.128699 0.00422573
      vertex -0.0582427 0.0641245 0.021249
      vertex -0.0561906 0.0641243 0.0262018
    endloop
  endfacet
  facet normal 0.526377 0.62683 0.574466
    outer loop
      vertex 0.00642776 0.128699 0.00765991
      vertex 0.0398521 0.0641247 0.0474939
      vertex 0.0438053 0.0641239 0.0438725
    endloop
  endfacet
  facet normal 0.551565 0.625741 0.551565
    outer loop
      vertex 0.0398521 0.0641247 0.0474939
      vertex 0.00642776 0.128699 0.00765991
      vertex 0.039852 0.0641247 0.047494
    endloop
  endfacet
  facet normal 0.298263 0.626833 -0.719806
    outer loop
      vertex 0.021249 0.0641245 -0.0582427
      vertex 0.00422573 0.128699 -0.00906277
      vertex 0.0262018 0.0641243 -0.0561906
    endloop
  endfacet
  facet normal 0.691149 0.626832 -0.359716
    outer loop
      vertex 0.0561906 0.0641243 -0.0262018
      vertex 0.0537149 0.0641253 -0.0309568
      vertex 0.00906277 0.128699 -0.00422573
    endloop
  endfacet
  facet normal 0.000777031 1 -0.000194258
    outer loop
      vertex 0.0537149 0.0641253 -0.0309568
      vertex 0.0561906 0.0641243 -0.0262018
      vertex 0.0561905 0.0641243 -0.0262022
    endloop
  endfacet
  facet normal 0.598017 0.657167 -0.458812
    outer loop
      vertex 0.00819111 0.128699 -0.0057354
      vertex 0.00773185 0.128695 -0.00633973
      vertex 0.00776468 0.128699 -0.00629121
    endloop
  endfacet
  facet normal -0.078861 0.995458 0.0533415
    outer loop
      vertex 0.00819111 0.128699 -0.0057354
      vertex 0.00772907 0.128695 -0.00634384
      vertex 0.00773185 0.128695 -0.00633973
    endloop
  endfacet
  facet normal -0.282769 0.918378 0.276809
    outer loop
      vertex 0.00765991 0.128699 -0.00642776
      vertex 0.00772489 0.128695 -0.00634811
      vertex 0.00772907 0.128695 -0.00634384
    endloop
  endfacet
  facet normal 0.629625 0.608425 -0.483106
    outer loop
      vertex 0.00772489 0.128695 -0.00634811
      vertex 0.00765991 0.128699 -0.00642776
      vertex 0.00770706 0.128699 -0.00636631
    endloop
  endfacet
  facet normal 0.618182 0.626835 -0.474267
    outer loop
      vertex 0.0507582 0.0641245 -0.0355991
      vertex 0.00819111 0.128699 -0.0057354
      vertex 0.0507872 0.0641245 -0.0355613
    endloop
  endfacet
  facet normal 0.618517 0.626847 -0.473814
    outer loop
      vertex 0.00819111 0.128699 -0.0057354
      vertex 0.0507582 0.0641245 -0.0355991
      vertex 0.00772907 0.128695 -0.00634384
    endloop
  endfacet
  facet normal 0 1 0
    outer loop
      vertex 0.0507582 0.0641245 -0.0355991
      vertex 0.0507872 0.0641245 -0.0355613
      vertex 0.050787 0.0641245 -0.0355616
    endloop
  endfacet
  facet normal 0.615752 0.626711 -0.477581
    outer loop
      vertex 0.00772907 0.128695 -0.00634384
      vertex 0.0507582 0.0641245 -0.0355991
      vertex 0.00765991 0.128699 -0.00642776
    endloop
  endfacet
  facet normal 0.74309 0.626835 0.234296
    outer loop
      vertex 0.0582609 0.0641245 0.021205
      vertex 0.0598727 0.064125 0.0160917
      vertex 0.00939655 0.128699 0.00341988
    endloop
  endfacet
  facet normal 0.000310212 -1 0
    outer loop
      vertex 0.0598727 0.064125 0.0160917
      vertex 0.0582609 0.0641245 0.021205
      vertex 0.0582609 0.0641245 0.0212049
    endloop
  endfacet
  facet normal -0.760632 0.626841 -0.168847
    outer loop
      vertex -0.0598973 0.064125 -0.0159998
      vertex -0.00965881 0.128699 -0.00258732
      vertex -0.059887 0.064125 -0.0160462
    endloop
  endfacet
  facet normal -0.760676 0.626837 -0.168663
    outer loop
      vertex -0.00965881 0.128699 -0.00258732
      vertex -0.0598973 0.064125 -0.0159998
      vertex -0.00984764 0.128699 -0.00173569
    endloop
  endfacet
  facet normal -0.598017 0.657167 -0.458812
    outer loop
      vertex -0.00773185 0.128695 -0.00633973
      vertex -0.00819111 0.128699 -0.0057354
      vertex -0.00776468 0.128699 -0.00629121
    endloop
  endfacet
  facet normal 0.078861 0.995458 0.0533415
    outer loop
      vertex -0.00772907 0.128695 -0.00634384
      vertex -0.00819111 0.128699 -0.0057354
      vertex -0.00773185 0.128695 -0.00633973
    endloop
  endfacet
  facet normal -0.629625 0.608425 -0.483106
    outer loop
      vertex -0.00765991 0.128699 -0.00642776
      vertex -0.00772489 0.128695 -0.00634811
      vertex -0.00770706 0.128699 -0.00636631
    endloop
  endfacet
  facet normal 0.282769 0.918378 0.276809
    outer loop
      vertex -0.00772489 0.128695 -0.00634811
      vertex -0.00765991 0.128699 -0.00642776
      vertex -0.00772907 0.128695 -0.00634384
    endloop
  endfacet
  facet normal -0.618517 0.626847 -0.473814
    outer loop
      vertex -0.0507582 0.0641245 -0.0355991
      vertex -0.00819111 0.128699 -0.0057354
      vertex -0.00772907 0.128695 -0.00634384
    endloop
  endfacet
  facet normal -0.615752 0.626711 -0.477581
    outer loop
      vertex -0.0507582 0.0641245 -0.0355991
      vertex -0.00772907 0.128695 -0.00634384
      vertex -0.00765991 0.128699 -0.00642776
    endloop
  endfacet
  facet normal -0.618182 0.626835 -0.474267
    outer loop
      vertex -0.00819111 0.128699 -0.0057354
      vertex -0.0507582 0.0641245 -0.0355991
      vertex -0.0507872 0.0641245 -0.0355613
    endloop
  endfacet
  facet normal 0 1 0
    outer loop
      vertex -0.0507872 0.0641245 -0.0355613
      vertex -0.0507582 0.0641245 -0.0355991
      vertex -0.050787 0.0641245 -0.0355616
    endloop
  endfacet
  facet normal -0.000194258 1 -0.000777031
    outer loop
      vertex -0.0309568 0.0641253 -0.0537149
      vertex -0.0262018 0.0641243 -0.0561906
      vertex -0.0262022 0.0641243 -0.0561905
    endloop
  endfacet
  facet normal -0.359716 0.626832 -0.691149
    outer loop
      vertex -0.0262018 0.0641243 -0.0561906
      vertex -0.0309568 0.0641253 -0.0537149
      vertex -0.00422573 0.128699 -0.00906277
    endloop
  endfacet
  facet normal -0.689425 0.628793 0.3596
    outer loop
      vertex -0.00906277 0.128699 0.00422573
      vertex -0.00882137 0.12869 0.00470428
      vertex -0.00885745 0.128699 0.00461937
    endloop
  endfacet
  facet normal -0.712189 0.59627 0.370471
    outer loop
      vertex -0.00906277 0.128699 0.00422573
      vertex -0.00881764 0.128689 0.00471306
      vertex -0.00882137 0.12869 0.00470428
    endloop
  endfacet
  facet normal -0.690804 0.626852 0.360342
    outer loop
      vertex -0.00881764 0.128689 0.00471306
      vertex -0.00906277 0.128699 0.00422573
      vertex -0.0537149 0.0641253 0.0309568
    endloop
  endfacet
  facet normal -0.691637 0.625688 0.360767
    outer loop
      vertex -0.00881764 0.128689 0.00471306
      vertex -0.00865936 0.128699 0.00499916
      vertex -0.00877279 0.128699 0.0047817
    endloop
  endfacet
  facet normal -0.690836 0.626851 0.360283
    outer loop
      vertex -0.0537149 0.0641253 0.0309568
      vertex -0.00865936 0.128699 0.00499916
      vertex -0.00881764 0.128689 0.00471306
    endloop
  endfacet
  facet normal -0.690892 0.626848 0.36018
    outer loop
      vertex -0.00865936 0.128699 0.00499916
      vertex -0.0537149 0.0641253 0.0309568
      vertex -0.0536929 0.0641253 0.030999
    endloop
  endfacet
  facet normal -0.298158 0.626836 0.719847
    outer loop
      vertex -0.00422573 0.128699 0.00906277
      vertex -0.021205 0.0641245 0.0582609
      vertex -0.00341988 0.128699 0.00939655
    endloop
  endfacet
  facet normal -0.29781 0.626847 0.719981
    outer loop
      vertex -0.021205 0.0641245 0.0582609
      vertex -0.00422573 0.128699 0.00906277
      vertex -0.021249 0.0641245 0.0582427
    endloop
  endfacet
  facet normal 0 -1 -0.000310212
    outer loop
      vertex 0.0160917 0.064125 -0.0598727
      vertex 0.021205 0.0641245 -0.0582609
      vertex 0.0212049 0.0641245 -0.0582609
    endloop
  endfacet
  facet normal 0.234296 0.626835 -0.74309
    outer loop
      vertex 0.021205 0.0641245 -0.0582609
      vertex 0.0160917 0.064125 -0.0598727
      vertex 0.00341988 0.128699 -0.00939655
    endloop
  endfacet
  facet normal 0.525834 0.626816 -0.574978
    outer loop
      vertex 0.0438053 0.0641239 -0.0438725
      vertex 0.00707054 0.128699 -0.00707054
      vertex 0.0438404 0.0641239 -0.0438404
    endloop
  endfacet
  facet normal 0.526566 0.626837 -0.574285
    outer loop
      vertex 0.00707054 0.128699 -0.00707054
      vertex 0.0438053 0.0641239 -0.0438725
      vertex 0.00642776 0.128699 -0.00765991
    endloop
  endfacet
  facet normal 0.74309 0.626835 -0.234296
    outer loop
      vertex 0.0598727 0.064125 -0.0160917
      vertex 0.0582609 0.0641245 -0.021205
      vertex 0.00939655 0.128699 -0.00341988
    endloop
  endfacet
  facet normal 0.000310212 -1 0
    outer loop
      vertex 0.0582609 0.0641245 -0.021205
      vertex 0.0598727 0.064125 -0.0160917
      vertex 0.0582609 0.0641245 -0.0212049
    endloop
  endfacet
  facet normal 0.691637 0.625688 0.360767
    outer loop
      vertex 0.00865936 0.128699 0.00499916
      vertex 0.00881764 0.128689 0.00471306
      vertex 0.00877279 0.128699 0.0047817
    endloop
  endfacet
  facet normal 0.690836 0.626851 0.360283
    outer loop
      vertex 0.00865936 0.128699 0.00499916
      vertex 0.0537149 0.0641253 0.0309568
      vertex 0.00881764 0.128689 0.00471306
    endloop
  endfacet
  facet normal 0.690892 0.626848 0.36018
    outer loop
      vertex 0.0537149 0.0641253 0.0309568
      vertex 0.00865936 0.128699 0.00499916
      vertex 0.0536929 0.0641253 0.030999
    endloop
  endfacet
  facet normal 0.689425 0.628793 0.3596
    outer loop
      vertex 0.00882137 0.12869 0.00470428
      vertex 0.00906277 0.128699 0.00422573
      vertex 0.00885745 0.128699 0.00461937
    endloop
  endfacet
  facet normal 0.712189 0.59627 0.370471
    outer loop
      vertex 0.00881764 0.128689 0.00471306
      vertex 0.00906277 0.128699 0.00422573
      vertex 0.00882137 0.12869 0.00470428
    endloop
  endfacet
  facet normal 0.690804 0.626852 0.360342
    outer loop
      vertex 0.00906277 0.128699 0.00422573
      vertex 0.00881764 0.128689 0.00471306
      vertex 0.0537149 0.0641253 0.0309568
    endloop
  endfacet
  facet normal 0.7784 0.626841 0.0341057
    outer loop
      vertex 0.00996113 0.128699 0.000870705
      vertex 0.0617658 0.0641248 0.00535581
      vertex 0.00999928 0.128699 0
    endloop
  endfacet
  facet normal 0.778401 0.626841 0.0340945
    outer loop
      vertex 0.0617658 0.0641248 0.00535581
      vertex 0.00996113 0.128699 0.000870705
      vertex 0.0617638 0.0641247 0.00540331
    endloop
  endfacet
  facet normal 0.772474 0.626833 0.10181
    outer loop
      vertex 0.0617576 0.0641247 0.0054505
      vertex 0.00984764 0.128699 0.00173569
      vertex 0.0610581 0.0641234 0.0107659
    endloop
  endfacet
  facet normal -0.618101 0.626831 -0.474377
    outer loop
      vertex -0.047494 0.0641247 -0.039852
      vertex -0.0507582 0.0641245 -0.0355991
      vertex -0.00765991 0.128699 -0.00642776
    endloop
  endfacet
  facet normal -0.526377 0.62683 -0.574466
    outer loop
      vertex -0.00642776 0.128699 -0.00765991
      vertex -0.0398521 0.0641247 -0.0474939
      vertex -0.0438053 0.0641239 -0.0438725
    endloop
  endfacet
  facet normal -0.551565 0.625741 -0.551565
    outer loop
      vertex -0.0398521 0.0641247 -0.0474939
      vertex -0.00642776 0.128699 -0.00765991
      vertex -0.039852 0.0641247 -0.047494
    endloop
  endfacet
  facet normal -0.772474 0.626833 0.10181
    outer loop
      vertex -0.00984764 0.128699 0.00173569
      vertex -0.0617576 0.0641247 0.0054505
      vertex -0.0610581 0.0641234 0.0107659
    endloop
  endfacet
  facet normal -0.719981 0.626847 -0.29781
    outer loop
      vertex -0.0582609 0.0641245 -0.021205
      vertex -0.00906277 0.128699 -0.00422573
      vertex -0.0582427 0.0641245 -0.021249
    endloop
  endfacet
  facet normal -0.719847 0.626836 -0.298158
    outer loop
      vertex -0.00906277 0.128699 -0.00422573
      vertex -0.0582609 0.0641245 -0.021205
      vertex -0.00939655 0.128699 -0.00341988
    endloop
  endfacet
  facet normal -0.76071 0.626833 -0.168522
    outer loop
      vertex -0.0598973 0.064125 -0.0159998
      vertex -0.0610581 0.0641234 -0.0107659
      vertex -0.00984764 0.128699 -0.00173569
    endloop
  endfacet
  facet normal -0.000392821 -1 -0.000392821
    outer loop
      vertex -0.0610581 0.0641234 -0.0107659
      vertex -0.0598973 0.064125 -0.0159998
      vertex -0.061058 0.0641234 -0.010766
    endloop
  endfacet
  facet normal -0.574466 0.62683 0.526377
    outer loop
      vertex -0.00765991 0.128699 0.00642776
      vertex -0.0474939 0.0641247 0.0398521
      vertex -0.0438725 0.0641239 0.0438053
    endloop
  endfacet
  facet normal -0.551565 0.625741 0.551565
    outer loop
      vertex -0.0474939 0.0641247 0.0398521
      vertex -0.00765991 0.128699 0.00642776
      vertex -0.047494 0.0641247 0.039852
    endloop
  endfacet
  facet normal 0.298263 0.626833 0.719806
    outer loop
      vertex 0.0262018 0.0641243 0.0561906
      vertex 0.00422573 0.128699 0.00906277
      vertex 0.021249 0.0641245 0.0582427
    endloop
  endfacet
  facet normal 0.000392821 -1 0.000392821
    outer loop
      vertex 0.0159998 0.064125 0.0598973
      vertex 0.0107659 0.0641234 0.0610581
      vertex 0.010766 0.0641234 0.061058
    endloop
  endfacet
  facet normal 0.168522 0.626833 0.76071
    outer loop
      vertex 0.0107659 0.0641234 0.0610581
      vertex 0.0159998 0.064125 0.0598973
      vertex 0.00173569 0.128699 0.00984764
    endloop
  endfacet
  facet normal -0.418646 0.626834 0.657126
    outer loop
      vertex -0.0057354 0.128699 0.00819111
      vertex -0.0355613 0.0641245 0.0507872
      vertex -0.0310392 0.0641253 0.0536674
    endloop
  endfacet
  facet normal 0.474377 0.626831 0.618101
    outer loop
      vertex 0.039852 0.0641247 0.047494
      vertex 0.00642776 0.128699 0.00765991
      vertex 0.0355991 0.0641245 0.0507582
    endloop
  endfacet
  facet normal 0.0339368 0.626836 -0.778412
    outer loop
      vertex 0.00535581 0.0641248 -0.0617658
      vertex 0 0.0641248 -0.0619993
      vertex 0 0.128699 -0.00999928
    endloop
  endfacet
  facet normal 0.168847 0.626841 -0.760632
    outer loop
      vertex 0.0159998 0.064125 -0.0598973
      vertex 0.00258732 0.128699 -0.00965881
      vertex 0.0160462 0.064125 -0.059887
    endloop
  endfacet
  facet normal 0.168663 0.626837 -0.760676
    outer loop
      vertex 0.00258732 0.128699 -0.00965881
      vertex 0.0159998 0.064125 -0.0598973
      vertex 0.00173569 0.128699 -0.00984764
    endloop
  endfacet
  facet normal 0.29781 0.626847 -0.719981
    outer loop
      vertex 0.021205 0.0641245 -0.0582609
      vertex 0.00422573 0.128699 -0.00906277
      vertex 0.021249 0.0641245 -0.0582427
    endloop
  endfacet
  facet normal 0.298158 0.626836 -0.719847
    outer loop
      vertex 0.00422573 0.128699 -0.00906277
      vertex 0.021205 0.0641245 -0.0582609
      vertex 0.00341988 0.128699 -0.00939655
    endloop
  endfacet
  facet normal -0.000392821 -1 -0.000392821
    outer loop
      vertex -0.0159998 0.064125 -0.0598973
      vertex -0.0107659 0.0641234 -0.0610581
      vertex -0.010766 0.0641234 -0.061058
    endloop
  endfacet
  facet normal -0.168522 0.626833 -0.76071
    outer loop
      vertex -0.0107659 0.0641234 -0.0610581
      vertex -0.0159998 0.064125 -0.0598973
      vertex -0.00173569 0.128699 -0.00984764
    endloop
  endfacet
  facet normal -0.10181 0.626833 -0.772474
    outer loop
      vertex -0.0054505 0.0641247 -0.0617576
      vertex -0.0107659 0.0641234 -0.0610581
      vertex -0.00173569 0.128699 -0.00984764
    endloop
  endfacet
  facet normal 0.551565 0.625741 -0.551565
    outer loop
      vertex 0.0474939 0.0641247 -0.0398521
      vertex 0.00765991 0.128699 -0.00642776
      vertex 0.047494 0.0641247 -0.039852
    endloop
  endfacet
  facet normal 0.574466 0.62683 -0.526377
    outer loop
      vertex 0.00765991 0.128699 -0.00642776
      vertex 0.0474939 0.0641247 -0.0398521
      vertex 0.0438725 0.0641239 -0.0438053
    endloop
  endfacet
  facet normal 0.618101 0.626831 -0.474377
    outer loop
      vertex 0.047494 0.0641247 -0.039852
      vertex 0.00765991 0.128699 -0.00642776
      vertex 0.0507582 0.0641245 -0.0355991
    endloop
  endfacet
  facet normal 0.719847 0.626836 -0.298158
    outer loop
      vertex 0.0582609 0.0641245 -0.021205
      vertex 0.00906277 0.128699 -0.00422573
      vertex 0.00939655 0.128699 -0.00341988
    endloop
  endfacet
  facet normal 0.719981 0.626847 -0.29781
    outer loop
      vertex 0.00906277 0.128699 -0.00422573
      vertex 0.0582609 0.0641245 -0.021205
      vertex 0.0582427 0.0641245 -0.021249
    endloop
  endfacet
  facet normal 0.719806 0.626833 -0.298263
    outer loop
      vertex 0.0561906 0.0641243 -0.0262018
      vertex 0.00906277 0.128699 -0.00422573
      vertex 0.0582427 0.0641245 -0.021249
    endloop
  endfacet
  facet normal 0.657126 0.626834 -0.418646
    outer loop
      vertex 0.0507872 0.0641245 -0.0355613
      vertex 0.00819111 0.128699 -0.0057354
      vertex 0.0536674 0.0641253 -0.0310392
    endloop
  endfacet
  facet normal 0.551565 0.625741 0.551565
    outer loop
      vertex 0.00765991 0.128699 0.00642776
      vertex 0.0474939 0.0641247 0.0398521
      vertex 0.047494 0.0641247 0.039852
    endloop
  endfacet
  facet normal 0.574466 0.62683 0.526377
    outer loop
      vertex 0.0474939 0.0641247 0.0398521
      vertex 0.00765991 0.128699 0.00642776
      vertex 0.0438725 0.0641239 0.0438053
    endloop
  endfacet
  facet normal 0.719981 0.626847 0.29781
    outer loop
      vertex 0.0582609 0.0641245 0.021205
      vertex 0.00906277 0.128699 0.00422573
      vertex 0.0582427 0.0641245 0.021249
    endloop
  endfacet
  facet normal 0.719847 0.626836 0.298158
    outer loop
      vertex 0.00906277 0.128699 0.00422573
      vertex 0.0582609 0.0641245 0.021205
      vertex 0.00939655 0.128699 0.00341988
    endloop
  endfacet
  facet normal 0.778412 0.626836 0.0339368
    outer loop
      vertex 0.0619993 0.0641248 0
      vertex 0.00999928 0.128699 0
      vertex 0.0617658 0.0641248 0.00535581
    endloop
  endfacet
  facet normal -0.298158 0.626836 -0.719847
    outer loop
      vertex -0.021205 0.0641245 -0.0582609
      vertex -0.00422573 0.128699 -0.00906277
      vertex -0.00341988 0.128699 -0.00939655
    endloop
  endfacet
  facet normal -0.29781 0.626847 -0.719981
    outer loop
      vertex -0.00422573 0.128699 -0.00906277
      vertex -0.021205 0.0641245 -0.0582609
      vertex -0.021249 0.0641245 -0.0582427
    endloop
  endfacet
  facet normal -0.741231 0.629336 0.23348
    outer loop
      vertex -0.00965881 0.128699 0.00258732
      vertex -0.00956817 0.128689 0.00290203
      vertex -0.00958543 0.128699 0.00282028
    endloop
  endfacet
  facet normal -0.743187 0.626844 0.233964
    outer loop
      vertex -0.00956817 0.128689 0.00290203
      vertex -0.00965881 0.128699 0.00258732
      vertex -0.059887 0.064125 0.0160462
    endloop
  endfacet
  facet normal -0.741294 0.629246 0.23352
    outer loop
      vertex -0.00956817 0.128689 0.00290203
      vertex -0.00939655 0.128699 0.00341988
      vertex -0.00952961 0.128699 0.00299749
    endloop
  endfacet
  facet normal -0.743126 0.626839 0.234174
    outer loop
      vertex -0.059887 0.064125 0.0160462
      vertex -0.00939655 0.128699 0.00341988
      vertex -0.00956817 0.128689 0.00290203
    endloop
  endfacet
  facet normal -0.74329 0.626856 0.233605
    outer loop
      vertex -0.059887 0.064125 0.0160462
      vertex -0.0598727 0.064125 0.0160917
      vertex -0.00939655 0.128699 0.00341988
    endloop
  endfacet
  facet normal -0.952579 -0.0544331 0.299382
    outer loop
      vertex -0.0598727 0.064125 0.0160917
      vertex -0.059887 0.064125 0.0160462
      vertex -0.0598869 0.0641249 0.0160465
    endloop
  endfacet
  facet normal -0.76071 0.626833 0.168522
    outer loop
      vertex -0.0610581 0.0641234 0.0107659
      vertex -0.0598973 0.064125 0.0159998
      vertex -0.00984764 0.128699 0.00173569
    endloop
  endfacet
  facet normal -0.000392821 -1 0.000392821
    outer loop
      vertex -0.0598973 0.064125 0.0159998
      vertex -0.0610581 0.0641234 0.0107659
      vertex -0.061058 0.0641234 0.010766
    endloop
  endfacet
  facet normal -0.778412 0.626836 0.0339368
    outer loop
      vertex -0.00999928 0.128699 0
      vertex -0.0619993 0.0641248 0
      vertex -0.0617658 0.0641248 0.00535581
    endloop
  endfacet
  facet normal -0.657126 0.626834 0.418646
    outer loop
      vertex -0.00819111 0.128699 0.0057354
      vertex -0.0536674 0.0641253 0.0310392
      vertex -0.0507872 0.0641245 0.0355613
    endloop
  endfacet
  facet normal -0.574978 0.626816 0.525834
    outer loop
      vertex -0.00707054 0.128699 0.00707054
      vertex -0.0438725 0.0641239 0.0438053
      vertex -0.0438404 0.0641239 0.0438404
    endloop
  endfacet
  facet normal -0.574285 0.626837 0.526566
    outer loop
      vertex -0.0438725 0.0641239 0.0438053
      vertex -0.00707054 0.128699 0.00707054
      vertex -0.00765991 0.128699 0.00642776
    endloop
  endfacet
  facet normal -0.760448 0.641684 0.099807
    outer loop
      vertex -0.00996113 0.128699 0.000870705
      vertex -0.00995108 0.128694 0.000979424
      vertex -0.00995159 0.128699 0.000943392
    endloop
  endfacet
  facet normal -0.772648 0.626869 0.100253
    outer loop
      vertex -0.00995108 0.128694 0.000979424
      vertex -0.00996113 0.128699 0.000870705
      vertex -0.0617638 0.0641247 0.00540331
    endloop
  endfacet
  facet normal -0.78263 0.61396 0.102679
    outer loop
      vertex -0.00995013 0.128694 0.000984394
      vertex -0.00984764 0.128699 0.00173569
      vertex -0.0099377 0.128699 0.00104924
    endloop
  endfacet
  facet normal 0.12068 0.992423 -0.0230677
    outer loop
      vertex -0.00995108 0.128694 0.000979424
      vertex -0.00984764 0.128699 0.00173569
      vertex -0.00995013 0.128694 0.000984394
    endloop
  endfacet
  facet normal -0.772505 0.626841 0.101517
    outer loop
      vertex -0.0617638 0.0641247 0.00540331
      vertex -0.00984764 0.128699 0.00173569
      vertex -0.00995108 0.128694 0.000979424
    endloop
  endfacet
  facet normal -0.772508 0.626842 0.101495
    outer loop
      vertex -0.0617638 0.0641247 0.00540331
      vertex -0.0617576 0.0641247 0.0054505
      vertex -0.00984764 0.128699 0.00173569
    endloop
  endfacet
  facet normal 0 1 0
    outer loop
      vertex -0.0617576 0.0641247 0.0054505
      vertex -0.0617638 0.0641247 0.00540331
      vertex -0.0617638 0.0641247 0.00540352
    endloop
  endfacet
  facet normal -0.691149 0.626832 -0.359716
    outer loop
      vertex -0.0537149 0.0641253 -0.0309568
      vertex -0.0561906 0.0641243 -0.0262018
      vertex -0.00906277 0.128699 -0.00422573
    endloop
  endfacet
  facet normal -0.000777031 1 -0.000194258
    outer loop
      vertex -0.0561906 0.0641243 -0.0262018
      vertex -0.0537149 0.0641253 -0.0309568
      vertex -0.0561905 0.0641243 -0.0262022
    endloop
  endfacet
  facet normal 0 1 0
    outer loop
      vertex 0.00999928 0.128699 0
      vertex 0.00995159 0.128699 0.000943392
      vertex 0.00996113 0.128699 0.000870705
    endloop
  endfacet
  facet normal 0 1 0
    outer loop
      vertex 0.00995159 0.128699 -0.000943392
      vertex 0.00999928 0.128699 0
      vertex 0.00996113 0.128699 -0.000870705
    endloop
  endfacet
  facet normal 0 1 0
    outer loop
      vertex 0.00999928 0.128699 0
      vertex 0.00995159 0.128699 -0.000943392
      vertex 0.00995159 0.128699 0.000943392
    endloop
  endfacet
  facet normal 0 1 0
    outer loop
      vertex 0 0.128699 -0.00999928
      vertex 0.000943392 0.128699 -0.00995159
      vertex 0.000870705 0.128699 -0.00996113
    endloop
  endfacet
  facet normal 0 1 0
    outer loop
      vertex 0.000943392 0.128699 -0.00995159
      vertex 0 0.128699 -0.00999928
      vertex -0.000943392 0.128699 -0.00995159
    endloop
  endfacet
  facet normal 0 1 0
    outer loop
      vertex -0.000943392 0.128699 -0.00995159
      vertex 0 0.128699 -0.00999928
      vertex -0.000870705 0.128699 -0.00996113
    endloop
  endfacet
  facet normal 0 1 0
    outer loop
      vertex 0.00906277 0.128699 -0.00422573
      vertex 0.00952961 0.128699 -0.00299749
      vertex 0.00939655 0.128699 -0.00341988
    endloop
  endfacet
  facet normal 0 1 0
    outer loop
      vertex 0.00952961 0.128699 -0.00299749
      vertex 0.00906277 0.128699 -0.00422573
      vertex 0.00885745 0.128699 -0.00461937
    endloop
  endfacet
  facet normal 0 1 0
    outer loop
      vertex 0.00939655 0.128699 0.00341988
      vertex 0.00885745 0.128699 0.00461937
      vertex 0.00906277 0.128699 0.00422573
    endloop
  endfacet
  facet normal 0 1 0
    outer loop
      vertex 0.00885745 0.128699 0.00461937
      vertex 0.00939655 0.128699 0.00341988
      vertex 0.00952961 0.128699 0.00299749
    endloop
  endfacet
  facet normal 0 1 0
    outer loop
      vertex -0.00461937 0.128699 -0.00885745
      vertex -0.00341988 0.128699 -0.00939655
      vertex -0.00422573 0.128699 -0.00906277
    endloop
  endfacet
  facet normal -0 1 -0
    outer loop
      vertex -0.00341988 0.128699 -0.00939655
      vertex -0.00461937 0.128699 -0.00885745
      vertex -0.00299749 0.128699 -0.00952961
    endloop
  endfacet
  facet normal 0 1 0
    outer loop
      vertex -0.00952961 0.128699 -0.00299749
      vertex -0.00906277 0.128699 -0.00422573
      vertex -0.00939655 0.128699 -0.00341988
    endloop
  endfacet
  facet normal -0 1 -0
    outer loop
      vertex -0.00906277 0.128699 -0.00422573
      vertex -0.00952961 0.128699 -0.00299749
      vertex -0.00885745 0.128699 -0.00461937
    endloop
  endfacet
  facet normal 0 1 0
    outer loop
      vertex -0.00877279 0.128699 0.0047817
      vertex -0.00819111 0.128699 0.0057354
      vertex -0.00776468 0.128699 0.00629121
    endloop
  endfacet
  facet normal 0 1 0
    outer loop
      vertex -0.00819111 0.128699 0.0057354
      vertex -0.00877279 0.128699 0.0047817
      vertex -0.00865936 0.128699 0.00499916
    endloop
  endfacet
  facet normal 0 1 0
    outer loop
      vertex -0.00885745 0.128699 0.00461937
      vertex -0.00939655 0.128699 0.00341988
      vertex -0.00906277 0.128699 0.00422573
    endloop
  endfacet
  facet normal -0 1 0
    outer loop
      vertex -0.00939655 0.128699 0.00341988
      vertex -0.00885745 0.128699 0.00461937
      vertex -0.00952961 0.128699 0.00299749
    endloop
  endfacet
  facet normal 0 1 0
    outer loop
      vertex -0.00299749 0.128699 0.00952961
      vertex -0.00422573 0.128699 0.00906277
      vertex -0.00341988 0.128699 0.00939655
    endloop
  endfacet
  facet normal -0 1 0
    outer loop
      vertex -0.00422573 0.128699 0.00906277
      vertex -0.00299749 0.128699 0.00952961
      vertex -0.00461937 0.128699 0.00885745
    endloop
  endfacet
  facet normal 0 1 0
    outer loop
      vertex 0.00341988 0.128699 -0.00939655
      vertex 0.00461937 0.128699 -0.00885745
      vertex 0.00422573 0.128699 -0.00906277
    endloop
  endfacet
  facet normal 0 1 0
    outer loop
      vertex 0.00461937 0.128699 -0.00885745
      vertex 0.00341988 0.128699 -0.00939655
      vertex 0.00299749 0.128699 -0.00952961
    endloop
  endfacet
  facet normal 0 1 0
    outer loop
      vertex 0.00707054 0.128699 -0.00707054
      vertex 0.00770706 0.128699 -0.00636631
      vertex 0.00765991 0.128699 -0.00642776
    endloop
  endfacet
  facet normal 0 1 0
    outer loop
      vertex 0.00636631 0.128699 -0.00770706
      vertex 0.00707054 0.128699 -0.00707054
      vertex 0.00642776 0.128699 -0.00765991
    endloop
  endfacet
  facet normal 0 1 -0
    outer loop
      vertex 0.00707054 0.128699 -0.00707054
      vertex 0.00636631 0.128699 -0.00770706
      vertex 0.00770706 0.128699 -0.00636631
    endloop
  endfacet
  facet normal 0 1 0
    outer loop
      vertex 0.00877279 0.128699 0.0047817
      vertex 0.00819111 0.128699 0.0057354
      vertex 0.00865936 0.128699 0.00499916
    endloop
  endfacet
  facet normal 0 1 0
    outer loop
      vertex 0.00819111 0.128699 0.0057354
      vertex 0.00877279 0.128699 0.0047817
      vertex 0.00776468 0.128699 0.00629121
    endloop
  endfacet
  facet normal 0 1 0
    outer loop
      vertex -0.00770706 0.128699 -0.00636631
      vertex -0.00707054 0.128699 -0.00707054
      vertex -0.00765991 0.128699 -0.00642776
    endloop
  endfacet
  facet normal 0 1 0
    outer loop
      vertex -0.00636631 0.128699 -0.00770706
      vertex -0.00707054 0.128699 -0.00707054
      vertex -0.00770706 0.128699 -0.00636631
    endloop
  endfacet
  facet normal 0 1 0
    outer loop
      vertex -0.00707054 0.128699 -0.00707054
      vertex -0.00636631 0.128699 -0.00770706
      vertex -0.00642776 0.128699 -0.00765991
    endloop
  endfacet
  facet normal 0 1 0
    outer loop
      vertex -0.00636631 0.128699 0.00770706
      vertex -0.00707054 0.128699 0.00707054
      vertex -0.00642776 0.128699 0.00765991
    endloop
  endfacet
  facet normal 0 1 0
    outer loop
      vertex -0.00770706 0.128699 0.00636631
      vertex -0.00707054 0.128699 0.00707054
      vertex -0.00636631 0.128699 0.00770706
    endloop
  endfacet
  facet normal 0 1 0
    outer loop
      vertex -0.00707054 0.128699 0.00707054
      vertex -0.00770706 0.128699 0.00636631
      vertex -0.00765991 0.128699 0.00642776
    endloop
  endfacet
  facet normal 0 1 0
    outer loop
      vertex -0.0047817 0.128699 0.00877279
      vertex -0.0057354 0.128699 0.00819111
      vertex -0.00499916 0.128699 0.00865936
    endloop
  endfacet
  facet normal -0 1 0
    outer loop
      vertex -0.0057354 0.128699 0.00819111
      vertex -0.0047817 0.128699 0.00877279
      vertex -0.00629121 0.128699 0.00776468
    endloop
  endfacet
  facet normal 0 1 0
    outer loop
      vertex 0.00282028 0.128699 0.00958543
      vertex 0.00173569 0.128699 0.00984764
      vertex 0.00258732 0.128699 0.00965881
    endloop
  endfacet
  facet normal 0 1 0
    outer loop
      vertex 0.00173569 0.128699 0.00984764
      vertex 0.00282028 0.128699 0.00958543
      vertex 0.00104924 0.128699 0.0099377
    endloop
  endfacet
  facet normal 0 1 0
    outer loop
      vertex 0.00422573 0.128699 0.00906277
      vertex 0.00299749 0.128699 0.00952961
      vertex 0.00341988 0.128699 0.00939655
    endloop
  endfacet
  facet normal 0 1 0
    outer loop
      vertex 0.00299749 0.128699 0.00952961
      vertex 0.00422573 0.128699 0.00906277
      vertex 0.00461937 0.128699 0.00885745
    endloop
  endfacet
  facet normal 0 1 0
    outer loop
      vertex 0.00707054 0.128699 0.00707054
      vertex 0.00636631 0.128699 0.00770706
      vertex 0.00642776 0.128699 0.00765991
    endloop
  endfacet
  facet normal 0 1 0
    outer loop
      vertex 0.00770706 0.128699 0.00636631
      vertex 0.00707054 0.128699 0.00707054
      vertex 0.00765991 0.128699 0.00642776
    endloop
  endfacet
  facet normal 0 1 0
    outer loop
      vertex 0.00707054 0.128699 0.00707054
      vertex 0.00770706 0.128699 0.00636631
      vertex 0.00636631 0.128699 0.00770706
    endloop
  endfacet
  facet normal 0 1 0
    outer loop
      vertex 0.00173569 0.128699 -0.00984764
      vertex 0.00282028 0.128699 -0.00958543
      vertex 0.00258732 0.128699 -0.00965881
    endloop
  endfacet
  facet normal 0 1 0
    outer loop
      vertex 0.00282028 0.128699 -0.00958543
      vertex 0.00173569 0.128699 -0.00984764
      vertex 0.00104924 0.128699 -0.0099377
    endloop
  endfacet
  facet normal 0 1 0
    outer loop
      vertex 0.00819111 0.128699 -0.0057354
      vertex 0.00877279 0.128699 -0.0047817
      vertex 0.00865936 0.128699 -0.00499916
    endloop
  endfacet
  facet normal 0 1 0
    outer loop
      vertex 0.00877279 0.128699 -0.0047817
      vertex 0.00819111 0.128699 -0.0057354
      vertex 0.00776468 0.128699 -0.00629121
    endloop
  endfacet
  facet normal 0 1 0
    outer loop
      vertex 0.00984764 0.128699 0.00173569
      vertex 0.00958543 0.128699 0.00282028
      vertex 0.00965881 0.128699 0.00258732
    endloop
  endfacet
  facet normal 0 1 0
    outer loop
      vertex 0.00958543 0.128699 0.00282028
      vertex 0.00984764 0.128699 0.00173569
      vertex 0.0099377 0.128699 0.00104924
    endloop
  endfacet
  facet normal 0 1 0
    outer loop
      vertex -0.0047817 0.128699 -0.00877279
      vertex -0.0057354 0.128699 -0.00819111
      vertex -0.00629121 0.128699 -0.00776468
    endloop
  endfacet
  facet normal 0 1 0
    outer loop
      vertex -0.0057354 0.128699 -0.00819111
      vertex -0.0047817 0.128699 -0.00877279
      vertex -0.00499916 0.128699 -0.00865936
    endloop
  endfacet
  facet normal 0 1 0
    outer loop
      vertex -0.00958543 0.128699 0.00282028
      vertex -0.00984764 0.128699 0.00173569
      vertex -0.00965881 0.128699 0.00258732
    endloop
  endfacet
  facet normal -0 1 0
    outer loop
      vertex -0.00984764 0.128699 0.00173569
      vertex -0.00958543 0.128699 0.00282028
      vertex -0.0099377 0.128699 0.00104924
    endloop
  endfacet
  facet normal 0 1 0
    outer loop
      vertex -0.00995159 0.128699 0.000943392
      vertex -0.00999928 0.128699 0
      vertex -0.00996113 0.128699 0.000870705
    endloop
  endfacet
  facet normal 0 1 -0
    outer loop
      vertex -0.00995159 0.128699 -0.000943392
      vertex -0.00999928 0.128699 0
      vertex -0.00995159 0.128699 0.000943392
    endloop
  endfacet
  facet normal 0 1 0
    outer loop
      vertex -0.00999928 0.128699 0
      vertex -0.00995159 0.128699 -0.000943392
      vertex -0.00996113 0.128699 -0.000870705
    endloop
  endfacet
  facet normal 0 1 0
    outer loop
      vertex -0.00958543 0.128699 -0.00282028
      vertex -0.00984764 0.128699 -0.00173569
      vertex -0.0099377 0.128699 -0.00104924
    endloop
  endfacet
  facet normal 0 1 0
    outer loop
      vertex -0.00984764 0.128699 -0.00173569
      vertex -0.00958543 0.128699 -0.00282028
      vertex -0.00965881 0.128699 -0.00258732
    endloop
  endfacet
  facet normal 0 1 0
    outer loop
      vertex -0.00282028 0.128699 -0.00958543
      vertex -0.00173569 0.128699 -0.00984764
      vertex -0.00258732 0.128699 -0.00965881
    endloop
  endfacet
  facet normal -0 1 -0
    outer loop
      vertex -0.00173569 0.128699 -0.00984764
      vertex -0.00282028 0.128699 -0.00958543
      vertex -0.00104924 0.128699 -0.0099377
    endloop
  endfacet
  facet normal 0 1 0
    outer loop
      vertex 0.0047817 0.128699 -0.00877279
      vertex 0.0057354 0.128699 -0.00819111
      vertex 0.00499916 0.128699 -0.00865936
    endloop
  endfacet
  facet normal 0 1 -0
    outer loop
      vertex 0.0057354 0.128699 -0.00819111
      vertex 0.0047817 0.128699 -0.00877279
      vertex 0.00629121 0.128699 -0.00776468
    endloop
  endfacet
  facet normal 0 1 0
    outer loop
      vertex 0.000943392 0.128699 0.00995159
      vertex 0 0.128699 0.00999928
      vertex 0.000870705 0.128699 0.00996113
    endloop
  endfacet
  facet normal 0 1 0
    outer loop
      vertex -0.000943392 0.128699 0.00995159
      vertex 0 0.128699 0.00999928
      vertex 0.000943392 0.128699 0.00995159
    endloop
  endfacet
  facet normal 0 1 0
    outer loop
      vertex 0 0.128699 0.00999928
      vertex -0.000943392 0.128699 0.00995159
      vertex -0.000870705 0.128699 0.00996113
    endloop
  endfacet
  facet normal 0 1 0
    outer loop
      vertex -0.00877279 0.128699 -0.0047817
      vertex -0.00819111 0.128699 -0.0057354
      vertex -0.00865936 0.128699 -0.00499916
    endloop
  endfacet
  facet normal -0 1 -0
    outer loop
      vertex -0.00819111 0.128699 -0.0057354
      vertex -0.00877279 0.128699 -0.0047817
      vertex -0.00776468 0.128699 -0.00629121
    endloop
  endfacet
  facet normal 0 1 0
    outer loop
      vertex 0.0057354 0.128699 0.00819111
      vertex 0.0047817 0.128699 0.00877279
      vertex 0.00499916 0.128699 0.00865936
    endloop
  endfacet
  facet normal 0 1 0
    outer loop
      vertex 0.0047817 0.128699 0.00877279
      vertex 0.0057354 0.128699 0.00819111
      vertex 0.00629121 0.128699 0.00776468
    endloop
  endfacet
  facet normal 0 1 0
    outer loop
      vertex -0.00282028 0.128699 0.00958543
      vertex -0.00173569 0.128699 0.00984764
      vertex -0.00104924 0.128699 0.0099377
    endloop
  endfacet
  facet normal 0 1 0
    outer loop
      vertex -0.00173569 0.128699 0.00984764
      vertex -0.00282028 0.128699 0.00958543
      vertex -0.00258732 0.128699 0.00965881
    endloop
  endfacet
  facet normal 0 1 0
    outer loop
      vertex 0.00958543 0.128699 -0.00282028
      vertex 0.00984764 0.128699 -0.00173569
      vertex 0.00965881 0.128699 -0.00258732
    endloop
  endfacet
  facet normal 0 1 -0
    outer loop
      vertex 0.00984764 0.128699 -0.00173569
      vertex 0.00958543 0.128699 -0.00282028
      vertex 0.0099377 0.128699 -0.00104924
    endloop
  endfacet
  facet normal -0.526566 0.626837 0.574285
    outer loop
      vertex -0.00707054 0.128699 0.00707054
      vertex -0.0438053 0.0641239 0.0438725
      vertex -0.00642776 0.128699 0.00765991
    endloop
  endfacet
  facet normal -0.525834 0.626816 0.574978
    outer loop
      vertex -0.0438053 0.0641239 0.0438725
      vertex -0.00707054 0.128699 0.00707054
      vertex -0.0438404 0.0641239 0.0438404
    endloop
  endfacet
  facet normal 0.0339368 0.626836 0.778412
    outer loop
      vertex 0 0.128699 0.00999928
      vertex 0 0.0641248 0.0619993
      vertex 0.00535581 0.0641248 0.0617658
    endloop
  endfacet
  facet normal 0 -1 0.000310212
    outer loop
      vertex 0.021205 0.0641245 0.0582609
      vertex 0.0160917 0.064125 0.0598727
      vertex 0.0212049 0.0641245 0.0582609
    endloop
  endfacet
  facet normal 0.234296 0.626835 0.74309
    outer loop
      vertex 0.0160917 0.064125 0.0598727
      vertex 0.021205 0.0641245 0.0582609
      vertex 0.00341988 0.128699 0.00939655
    endloop
  endfacet
  facet normal 0.29781 0.626847 0.719981
    outer loop
      vertex 0.00422573 0.128699 0.00906277
      vertex 0.021205 0.0641245 0.0582609
      vertex 0.021249 0.0641245 0.0582427
    endloop
  endfacet
  facet normal 0.298158 0.626836 0.719847
    outer loop
      vertex 0.021205 0.0641245 0.0582609
      vertex 0.00422573 0.128699 0.00906277
      vertex 0.00341988 0.128699 0.00939655
    endloop
  endfacet
  facet normal 0.36018 0.626848 0.690892
    outer loop
      vertex 0.00499916 0.128699 0.00865936
      vertex 0.0309568 0.0641253 0.0537149
      vertex 0.030999 0.0641253 0.0536929
    endloop
  endfacet
  facet normal 0.353733 0.644191 0.678152
    outer loop
      vertex 0.00471203 0.128689 0.00881863
      vertex 0.00499916 0.128699 0.00865936
      vertex 0.0047817 0.128699 0.00877279
    endloop
  endfacet
  facet normal 0.36112 0.62687 0.690381
    outer loop
      vertex 0.00499916 0.128699 0.00865936
      vertex 0.00471203 0.128689 0.00881863
      vertex 0.0309568 0.0641253 0.0537149
    endloop
  endfacet
  facet normal 0.373481 0.584934 0.719975
    outer loop
      vertex 0.00422573 0.128699 0.00906277
      vertex 0.00471203 0.128689 0.00881863
      vertex 0.00468763 0.128692 0.00882885
    endloop
  endfacet
  facet normal 0.345951 0.663633 0.663257
    outer loop
      vertex 0.00422573 0.128699 0.00906277
      vertex 0.00468763 0.128692 0.00882885
      vertex 0.00461937 0.128699 0.00885745
    endloop
  endfacet
  facet normal 0.359838 0.626836 0.691082
    outer loop
      vertex 0.00471203 0.128689 0.00881863
      vertex 0.00422573 0.128699 0.00906277
      vertex 0.0309568 0.0641253 0.0537149
    endloop
  endfacet
  facet normal 0.418646 0.626834 0.657126
    outer loop
      vertex 0.0355613 0.0641245 0.0507872
      vertex 0.0057354 0.128699 0.00819111
      vertex 0.0310392 0.0641253 0.0536674
    endloop
  endfacet
  facet normal -0.359716 0.626832 0.691149
    outer loop
      vertex -0.0309568 0.0641253 0.0537149
      vertex -0.0262018 0.0641243 0.0561906
      vertex -0.00422573 0.128699 0.00906277
    endloop
  endfacet
  facet normal -0.000194258 1 0.000777031
    outer loop
      vertex -0.0262018 0.0641243 0.0561906
      vertex -0.0309568 0.0641253 0.0537149
      vertex -0.0262022 0.0641243 0.0561905
    endloop
  endfacet
  facet normal 0 1 0
    outer loop
      vertex -0.0355613 0.0641245 0.0507872
      vertex -0.0355991 0.0641245 0.0507582
      vertex -0.0355616 0.0641245 0.050787
    endloop
  endfacet
  facet normal -0.474267 0.626835 0.618182
    outer loop
      vertex -0.0057354 0.128699 0.00819111
      vertex -0.0355991 0.0641245 0.0507582
      vertex -0.0355613 0.0641245 0.0507872
    endloop
  endfacet
  facet normal -0.468113 0.639217 0.61014
    outer loop
      vertex -0.0063361 0.128695 0.00773443
      vertex -0.0057354 0.128699 0.00819111
      vertex -0.00629121 0.128699 0.00776468
    endloop
  endfacet
  facet normal 0.0518158 0.995693 -0.0768778
    outer loop
      vertex -0.00634337 0.128695 0.00772953
      vertex -0.0057354 0.128699 0.00819111
      vertex -0.0063361 0.128695 0.00773443
    endloop
  endfacet
  facet normal -0.473749 0.626848 0.618566
    outer loop
      vertex -0.0057354 0.128699 0.00819111
      vertex -0.00634337 0.128695 0.00772953
      vertex -0.0355991 0.0641245 0.0507582
    endloop
  endfacet
  facet normal -0.437913 0.694625 0.570726
    outer loop
      vertex -0.00642776 0.128699 0.00765991
      vertex -0.00634337 0.128695 0.00772953
      vertex -0.00636631 0.128699 0.00770706
    endloop
  endfacet
  facet normal -0.478015 0.626694 0.615433
    outer loop
      vertex -0.00634337 0.128695 0.00772953
      vertex -0.00642776 0.128699 0.00765991
      vertex -0.0355991 0.0641245 0.0507582
    endloop
  endfacet
  facet normal -0.10181 0.626833 0.772474
    outer loop
      vertex -0.00173569 0.128699 0.00984764
      vertex -0.0107659 0.0641234 0.0610581
      vertex -0.0054505 0.0641247 0.0617576
    endloop
  endfacet
  facet normal -0.234296 0.626835 0.74309
    outer loop
      vertex -0.021205 0.0641245 0.0582609
      vertex -0.0160917 0.064125 0.0598727
      vertex -0.00341988 0.128699 0.00939655
    endloop
  endfacet
  facet normal 0 -1 0.000310212
    outer loop
      vertex -0.0160917 0.064125 0.0598727
      vertex -0.021205 0.0641245 0.0582609
      vertex -0.0212049 0.0641245 0.0582609
    endloop
  endfacet
  facet normal -0.0339368 0.626836 0.778412
    outer loop
      vertex 0 0.128699 0.00999928
      vertex -0.00535581 0.0641248 0.0617658
      vertex 0 0.0641248 0.0619993
    endloop
  endfacet
  facet normal -0.168663 0.626837 -0.760676
    outer loop
      vertex -0.0159998 0.064125 -0.0598973
      vertex -0.00258732 0.128699 -0.00965881
      vertex -0.00173569 0.128699 -0.00984764
    endloop
  endfacet
  facet normal -0.168847 0.626841 -0.760632
    outer loop
      vertex -0.00258732 0.128699 -0.00965881
      vertex -0.0159998 0.064125 -0.0598973
      vertex -0.0160462 0.064125 -0.059887
    endloop
  endfacet
  facet normal -0.0339368 0.626836 -0.778412
    outer loop
      vertex 0 0.0641248 -0.0619993
      vertex -0.00535581 0.0641248 -0.0617658
      vertex 0 0.128699 -0.00999928
    endloop
  endfacet
  facet normal 0 1 0
    outer loop
      vertex 0.030999 0.0641253 -0.0536929
      vertex 0.0310392 0.0641253 -0.0536674
      vertex 0.0309992 0.0641253 -0.0536928
    endloop
  endfacet
  facet normal 0.417336 0.626878 -0.657917
    outer loop
      vertex 0.030999 0.0641253 -0.0536929
      vertex 0.0057354 0.128699 -0.00819111
      vertex 0.0310392 0.0641253 -0.0536674
    endloop
  endfacet
  facet normal 0.418131 0.626851 -0.657437
    outer loop
      vertex 0.0057354 0.128699 -0.00819111
      vertex 0.030999 0.0641253 -0.0536929
      vertex 0.00499916 0.128699 -0.00865936
    endloop
  endfacet
  facet normal 0.000194258 1 -0.000777031
    outer loop
      vertex 0.0262018 0.0641243 -0.0561906
      vertex 0.0309568 0.0641253 -0.0537149
      vertex 0.0262022 0.0641243 -0.0561905
    endloop
  endfacet
  facet normal 0.359716 0.626832 -0.691149
    outer loop
      vertex 0.0309568 0.0641253 -0.0537149
      vertex 0.0262018 0.0641243 -0.0561906
      vertex 0.00422573 0.128699 -0.00906277
    endloop
  endfacet
  facet normal 0.418646 0.626834 -0.657126
    outer loop
      vertex 0.0310392 0.0641253 -0.0536674
      vertex 0.0057354 0.128699 -0.00819111
      vertex 0.0355613 0.0641245 -0.0507872
    endloop
  endfacet
  facet normal 0.474377 0.626831 -0.618101
    outer loop
      vertex 0.0355991 0.0641245 -0.0507582
      vertex 0.00642776 0.128699 -0.00765991
      vertex 0.039852 0.0641247 -0.047494
    endloop
  endfacet
  facet normal 0.437913 0.694625 -0.570726
    outer loop
      vertex 0.00642776 0.128699 -0.00765991
      vertex 0.00634337 0.128695 -0.00772953
      vertex 0.00636631 0.128699 -0.00770706
    endloop
  endfacet
  facet normal 0.468113 0.639217 -0.61014
    outer loop
      vertex 0.0063361 0.128695 -0.00773443
      vertex 0.0057354 0.128699 -0.00819111
      vertex 0.00629121 0.128699 -0.00776468
    endloop
  endfacet
  facet normal -0.0518158 0.995693 0.0768778
    outer loop
      vertex 0.00634337 0.128695 -0.00772953
      vertex 0.0057354 0.128699 -0.00819111
      vertex 0.0063361 0.128695 -0.00773443
    endloop
  endfacet
  facet normal 0.478015 0.626694 -0.615433
    outer loop
      vertex 0.0355991 0.0641245 -0.0507582
      vertex 0.00634337 0.128695 -0.00772953
      vertex 0.00642776 0.128699 -0.00765991
    endloop
  endfacet
  facet normal 0.473749 0.626848 -0.618566
    outer loop
      vertex 0.0355991 0.0641245 -0.0507582
      vertex 0.0057354 0.128699 -0.00819111
      vertex 0.00634337 0.128695 -0.00772953
    endloop
  endfacet
  facet normal 0 1 0
    outer loop
      vertex 0.0355613 0.0641245 -0.0507872
      vertex 0.0355991 0.0641245 -0.0507582
      vertex 0.0355616 0.0641245 -0.050787
    endloop
  endfacet
  facet normal 0.474267 0.626835 -0.618182
    outer loop
      vertex 0.0355991 0.0641245 -0.0507582
      vertex 0.0355613 0.0641245 -0.0507872
      vertex 0.0057354 0.128699 -0.00819111
    endloop
  endfacet
  facet normal 0.741231 0.629336 -0.23348
    outer loop
      vertex 0.00965881 0.128699 -0.00258732
      vertex 0.00956817 0.128689 -0.00290203
      vertex 0.00958543 0.128699 -0.00282028
    endloop
  endfacet
  facet normal 0.743187 0.626844 -0.233964
    outer loop
      vertex 0.00956817 0.128689 -0.00290203
      vertex 0.00965881 0.128699 -0.00258732
      vertex 0.059887 0.064125 -0.0160462
    endloop
  endfacet
  facet normal 0.741294 0.629246 -0.23352
    outer loop
      vertex 0.00956817 0.128689 -0.00290203
      vertex 0.00939655 0.128699 -0.00341988
      vertex 0.00952961 0.128699 -0.00299749
    endloop
  endfacet
  facet normal 0.743126 0.626839 -0.234174
    outer loop
      vertex 0.059887 0.064125 -0.0160462
      vertex 0.00939655 0.128699 -0.00341988
      vertex 0.00956817 0.128689 -0.00290203
    endloop
  endfacet
  facet normal 0.74329 0.626856 -0.233605
    outer loop
      vertex 0.059887 0.064125 -0.0160462
      vertex 0.0598727 0.064125 -0.0160917
      vertex 0.00939655 0.128699 -0.00341988
    endloop
  endfacet
  facet normal 0.952579 -0.0544331 -0.299382
    outer loop
      vertex 0.0598727 0.064125 -0.0160917
      vertex 0.059887 0.064125 -0.0160462
      vertex 0.0598869 0.0641249 -0.0160465
    endloop
  endfacet
  facet normal 0.689425 0.628793 -0.3596
    outer loop
      vertex 0.00906277 0.128699 -0.00422573
      vertex 0.00882137 0.12869 -0.00470428
      vertex 0.00885745 0.128699 -0.00461937
    endloop
  endfacet
  facet normal 0.712189 0.59627 -0.370471
    outer loop
      vertex 0.00906277 0.128699 -0.00422573
      vertex 0.00881764 0.128689 -0.00471306
      vertex 0.00882137 0.12869 -0.00470428
    endloop
  endfacet
  facet normal 0.690804 0.626852 -0.360342
    outer loop
      vertex 0.00881764 0.128689 -0.00471306
      vertex 0.00906277 0.128699 -0.00422573
      vertex 0.0537149 0.0641253 -0.0309568
    endloop
  endfacet
  facet normal 0.691637 0.625688 -0.360767
    outer loop
      vertex 0.00881764 0.128689 -0.00471306
      vertex 0.00865936 0.128699 -0.00499916
      vertex 0.00877279 0.128699 -0.0047817
    endloop
  endfacet
  facet normal 0.690836 0.626851 -0.360283
    outer loop
      vertex 0.0537149 0.0641253 -0.0309568
      vertex 0.00865936 0.128699 -0.00499916
      vertex 0.00881764 0.128689 -0.00471306
    endloop
  endfacet
  facet normal 0.690892 0.626848 -0.36018
    outer loop
      vertex 0.00865936 0.128699 -0.00499916
      vertex 0.0537149 0.0641253 -0.0309568
      vertex 0.0536929 0.0641253 -0.030999
    endloop
  endfacet
  facet normal 0.657437 0.626851 -0.418131
    outer loop
      vertex 0.0536929 0.0641253 -0.030999
      vertex 0.00819111 0.128699 -0.0057354
      vertex 0.00865936 0.128699 -0.00499916
    endloop
  endfacet
  facet normal 0.657917 0.626878 -0.417336
    outer loop
      vertex 0.00819111 0.128699 -0.0057354
      vertex 0.0536929 0.0641253 -0.030999
      vertex 0.0536674 0.0641253 -0.0310392
    endloop
  endfacet
  facet normal 0 1 0
    outer loop
      vertex 0.0536674 0.0641253 -0.0310392
      vertex 0.0536929 0.0641253 -0.030999
      vertex 0.0536928 0.0641253 -0.0309992
    endloop
  endfacet
  facet normal 0.719806 0.626833 0.298263
    outer loop
      vertex 0.0582427 0.0641245 0.021249
      vertex 0.00906277 0.128699 0.00422573
      vertex 0.0561906 0.0641243 0.0262018
    endloop
  endfacet
  facet normal 0.691149 0.626832 0.359716
    outer loop
      vertex 0.0537149 0.0641253 0.0309568
      vertex 0.0561906 0.0641243 0.0262018
      vertex 0.00906277 0.128699 0.00422573
    endloop
  endfacet
  facet normal 0.000777031 1 0.000194258
    outer loop
      vertex 0.0561906 0.0641243 0.0262018
      vertex 0.0537149 0.0641253 0.0309568
      vertex 0.0561905 0.0641243 0.0262022
    endloop
  endfacet
  facet normal 0 1 0
    outer loop
      vertex 0.0507872 0.0641245 0.0355613
      vertex 0.0507582 0.0641245 0.0355991
      vertex 0.050787 0.0641245 0.0355616
    endloop
  endfacet
  facet normal 0.618182 0.626835 0.474267
    outer loop
      vertex 0.00819111 0.128699 0.0057354
      vertex 0.0507582 0.0641245 0.0355991
      vertex 0.0507872 0.0641245 0.0355613
    endloop
  endfacet
  facet normal 0.615752 0.626711 0.477581
    outer loop
      vertex 0.0507582 0.0641245 0.0355991
      vertex 0.00772907 0.128695 0.00634384
      vertex 0.00765991 0.128699 0.00642776
    endloop
  endfacet
  facet normal 0.629625 0.608425 0.483106
    outer loop
      vertex 0.00765991 0.128699 0.00642776
      vertex 0.00772489 0.128695 0.00634811
      vertex 0.00770706 0.128699 0.00636631
    endloop
  endfacet
  facet normal -0.282769 0.918378 -0.276809
    outer loop
      vertex 0.00765991 0.128699 0.00642776
      vertex 0.00772907 0.128695 0.00634384
      vertex 0.00772489 0.128695 0.00634811
    endloop
  endfacet
  facet normal 0.618517 0.626847 0.473814
    outer loop
      vertex 0.0507582 0.0641245 0.0355991
      vertex 0.00819111 0.128699 0.0057354
      vertex 0.00772907 0.128695 0.00634384
    endloop
  endfacet
  facet normal -0.078861 0.995458 -0.0533415
    outer loop
      vertex 0.00772907 0.128695 0.00634384
      vertex 0.00819111 0.128699 0.0057354
      vertex 0.00773185 0.128695 0.00633973
    endloop
  endfacet
  facet normal 0.598017 0.657167 0.458812
    outer loop
      vertex 0.00773185 0.128695 0.00633973
      vertex 0.00819111 0.128699 0.0057354
      vertex 0.00776468 0.128699 0.00629121
    endloop
  endfacet
  facet normal 0.657126 0.626834 0.418646
    outer loop
      vertex 0.0536674 0.0641253 0.0310392
      vertex 0.00819111 0.128699 0.0057354
      vertex 0.0507872 0.0641245 0.0355613
    endloop
  endfacet
  facet normal 0.525834 0.626816 0.574978
    outer loop
      vertex 0.00707054 0.128699 0.00707054
      vertex 0.0438053 0.0641239 0.0438725
      vertex 0.0438404 0.0641239 0.0438404
    endloop
  endfacet
  facet normal 0.526566 0.626837 0.574285
    outer loop
      vertex 0.0438053 0.0641239 0.0438725
      vertex 0.00707054 0.128699 0.00707054
      vertex 0.00642776 0.128699 0.00765991
    endloop
  endfacet
  facet normal 0.574978 0.626816 0.525834
    outer loop
      vertex 0.0438725 0.0641239 0.0438053
      vertex 0.00707054 0.128699 0.00707054
      vertex 0.0438404 0.0641239 0.0438404
    endloop
  endfacet
  facet normal 0.574285 0.626837 0.526566
    outer loop
      vertex 0.00707054 0.128699 0.00707054
      vertex 0.0438725 0.0641239 0.0438053
      vertex 0.00765991 0.128699 0.00642776
    endloop
  endfacet
  facet normal 0.618101 0.626831 0.474377
    outer loop
      vertex 0.0507582 0.0641245 0.0355991
      vertex 0.00765991 0.128699 0.00642776
      vertex 0.047494 0.0641247 0.039852
    endloop
  endfacet
  facet normal 0.76071 0.626833 0.168522
    outer loop
      vertex 0.0598973 0.064125 0.0159998
      vertex 0.0610581 0.0641234 0.0107659
      vertex 0.00984764 0.128699 0.00173569
    endloop
  endfacet
  facet normal 0.000392821 -1 0.000392821
    outer loop
      vertex 0.0610581 0.0641234 0.0107659
      vertex 0.0598973 0.064125 0.0159998
      vertex 0.061058 0.0641234 0.010766
    endloop
  endfacet
  facet normal 0.741294 0.629246 0.23352
    outer loop
      vertex 0.00939655 0.128699 0.00341988
      vertex 0.00956817 0.128689 0.00290203
      vertex 0.00952961 0.128699 0.00299749
    endloop
  endfacet
  facet normal 0.743126 0.626839 0.234174
    outer loop
      vertex 0.00939655 0.128699 0.00341988
      vertex 0.059887 0.064125 0.0160462
      vertex 0.00956817 0.128689 0.00290203
    endloop
  endfacet
  facet normal 0.74329 0.626856 0.233605
    outer loop
      vertex 0.0598727 0.064125 0.0160917
      vertex 0.059887 0.064125 0.0160462
      vertex 0.00939655 0.128699 0.00341988
    endloop
  endfacet
  facet normal 0.952579 -0.0544331 0.299382
    outer loop
      vertex 0.059887 0.064125 0.0160462
      vertex 0.0598727 0.064125 0.0160917
      vertex 0.0598869 0.0641249 0.0160465
    endloop
  endfacet
  facet normal 0.741231 0.629336 0.23348
    outer loop
      vertex 0.00956817 0.128689 0.00290203
      vertex 0.00965881 0.128699 0.00258732
      vertex 0.00958543 0.128699 0.00282028
    endloop
  endfacet
  facet normal 0.743187 0.626844 0.233964
    outer loop
      vertex 0.00965881 0.128699 0.00258732
      vertex 0.00956817 0.128689 0.00290203
      vertex 0.059887 0.064125 0.0160462
    endloop
  endfacet
  facet normal 0.78263 0.61396 0.102679
    outer loop
      vertex 0.00984764 0.128699 0.00173569
      vertex 0.00995013 0.128694 0.000984394
      vertex 0.0099377 0.128699 0.00104924
    endloop
  endfacet
  facet normal -0.12068 0.992423 -0.0230677
    outer loop
      vertex 0.00984764 0.128699 0.00173569
      vertex 0.00995108 0.128694 0.000979424
      vertex 0.00995013 0.128694 0.000984394
    endloop
  endfacet
  facet normal 0.772508 0.626842 0.101495
    outer loop
      vertex 0.0617638 0.0641247 0.00540331
      vertex 0.00984764 0.128699 0.00173569
      vertex 0.0617576 0.0641247 0.0054505
    endloop
  endfacet
  facet normal 0.760448 0.641684 0.099807
    outer loop
      vertex 0.00995108 0.128694 0.000979424
      vertex 0.00996113 0.128699 0.000870705
      vertex 0.00995159 0.128699 0.000943392
    endloop
  endfacet
  facet normal 0.772505 0.626841 0.101517
    outer loop
      vertex 0.00984764 0.128699 0.00173569
      vertex 0.0617638 0.0641247 0.00540331
      vertex 0.00995108 0.128694 0.000979424
    endloop
  endfacet
  facet normal 0.772648 0.626869 0.100253
    outer loop
      vertex 0.00995108 0.128694 0.000979424
      vertex 0.0617638 0.0641247 0.00540331
      vertex 0.00996113 0.128699 0.000870705
    endloop
  endfacet
  facet normal 0 1 -0
    outer loop
      vertex 0.0617638 0.0641247 0.00540331
      vertex 0.0617576 0.0641247 0.0054505
      vertex 0.0617638 0.0641247 0.00540352
    endloop
  endfacet
  facet normal -0.418646 0.626834 -0.657126
    outer loop
      vertex -0.0310392 0.0641253 -0.0536674
      vertex -0.0355613 0.0641245 -0.0507872
      vertex -0.0057354 0.128699 -0.00819111
    endloop
  endfacet
  facet normal -0.345951 0.663633 -0.663257
    outer loop
      vertex -0.00422573 0.128699 -0.00906277
      vertex -0.00468763 0.128692 -0.00882885
      vertex -0.00461937 0.128699 -0.00885745
    endloop
  endfacet
  facet normal -0.373481 0.584934 -0.719975
    outer loop
      vertex -0.00422573 0.128699 -0.00906277
      vertex -0.00471203 0.128689 -0.00881863
      vertex -0.00468763 0.128692 -0.00882885
    endloop
  endfacet
  facet normal -0.353733 0.644191 -0.678152
    outer loop
      vertex -0.00471203 0.128689 -0.00881863
      vertex -0.00499916 0.128699 -0.00865936
      vertex -0.0047817 0.128699 -0.00877279
    endloop
  endfacet
  facet normal -0.359838 0.626836 -0.691082
    outer loop
      vertex -0.0309568 0.0641253 -0.0537149
      vertex -0.00471203 0.128689 -0.00881863
      vertex -0.00422573 0.128699 -0.00906277
    endloop
  endfacet
  facet normal -0.36112 0.62687 -0.690381
    outer loop
      vertex -0.0309568 0.0641253 -0.0537149
      vertex -0.00499916 0.128699 -0.00865936
      vertex -0.00471203 0.128689 -0.00881863
    endloop
  endfacet
  facet normal -0.36018 0.626848 -0.690892
    outer loop
      vertex -0.00499916 0.128699 -0.00865936
      vertex -0.0309568 0.0641253 -0.0537149
      vertex -0.030999 0.0641253 -0.0536929
    endloop
  endfacet
  facet normal -0.219559 0.682596 -0.697034
    outer loop
      vertex -0.00258732 0.128699 -0.00965881
      vertex -0.00285478 0.128695 -0.00957848
      vertex -0.00282028 0.128699 -0.00958543
    endloop
  endfacet
  facet normal -0.244481 0.568234 -0.785709
    outer loop
      vertex -0.00258732 0.128699 -0.00965881
      vertex -0.00290097 0.128688 -0.00956917
      vertex -0.00285478 0.128695 -0.00957848
    endloop
  endfacet
  facet normal -0.235333 0.62172 -0.74705
    outer loop
      vertex -0.00290097 0.128688 -0.00956917
      vertex -0.00341988 0.128699 -0.00939655
      vertex -0.00299749 0.128699 -0.00952961
    endloop
  endfacet
  facet normal -0.234351 0.626836 -0.743072
    outer loop
      vertex -0.0160462 0.064125 -0.059887
      vertex -0.00290097 0.128688 -0.00956917
      vertex -0.00258732 0.128699 -0.00965881
    endloop
  endfacet
  facet normal -0.233942 0.626846 -0.743193
    outer loop
      vertex -0.0160462 0.064125 -0.059887
      vertex -0.00341988 0.128699 -0.00939655
      vertex -0.00290097 0.128688 -0.00956917
    endloop
  endfacet
  facet normal -0.299382 -0.0544331 -0.952579
    outer loop
      vertex -0.0160917 0.064125 -0.0598727
      vertex -0.0160462 0.064125 -0.059887
      vertex -0.0160465 0.0641249 -0.0598869
    endloop
  endfacet
  facet normal -0.233605 0.626856 -0.74329
    outer loop
      vertex -0.0160462 0.064125 -0.059887
      vertex -0.0160917 0.064125 -0.0598727
      vertex -0.00341988 0.128699 -0.00939655
    endloop
  endfacet
  facet normal 0 -1 -0.000310212
    outer loop
      vertex -0.021205 0.0641245 -0.0582609
      vertex -0.0160917 0.064125 -0.0598727
      vertex -0.0212049 0.0641245 -0.0582609
    endloop
  endfacet
  facet normal -0.234296 0.626835 -0.74309
    outer loop
      vertex -0.0160917 0.064125 -0.0598727
      vertex -0.021205 0.0641245 -0.0582609
      vertex -0.00341988 0.128699 -0.00939655
    endloop
  endfacet
  facet normal -0.437913 0.694625 -0.570726
    outer loop
      vertex -0.00634337 0.128695 -0.00772953
      vertex -0.00642776 0.128699 -0.00765991
      vertex -0.00636631 0.128699 -0.00770706
    endloop
  endfacet
  facet normal -0.468113 0.639217 -0.61014
    outer loop
      vertex -0.0057354 0.128699 -0.00819111
      vertex -0.0063361 0.128695 -0.00773443
      vertex -0.00629121 0.128699 -0.00776468
    endloop
  endfacet
  facet normal 0.0518158 0.995693 0.0768778
    outer loop
      vertex -0.0057354 0.128699 -0.00819111
      vertex -0.00634337 0.128695 -0.00772953
      vertex -0.0063361 0.128695 -0.00773443
    endloop
  endfacet
  facet normal -0.478015 0.626694 -0.615433
    outer loop
      vertex -0.00634337 0.128695 -0.00772953
      vertex -0.0355991 0.0641245 -0.0507582
      vertex -0.00642776 0.128699 -0.00765991
    endloop
  endfacet
  facet normal -0.473749 0.626848 -0.618566
    outer loop
      vertex -0.0057354 0.128699 -0.00819111
      vertex -0.0355991 0.0641245 -0.0507582
      vertex -0.00634337 0.128695 -0.00772953
    endloop
  endfacet
  facet normal -0.474267 0.626835 -0.618182
    outer loop
      vertex -0.0355613 0.0641245 -0.0507872
      vertex -0.0355991 0.0641245 -0.0507582
      vertex -0.0057354 0.128699 -0.00819111
    endloop
  endfacet
  facet normal 0 1 0
    outer loop
      vertex -0.0355991 0.0641245 -0.0507582
      vertex -0.0355613 0.0641245 -0.0507872
      vertex -0.0355616 0.0641245 -0.050787
    endloop
  endfacet
  facet normal -0.474377 0.626831 -0.618101
    outer loop
      vertex -0.0355991 0.0641245 -0.0507582
      vertex -0.039852 0.0641247 -0.047494
      vertex -0.00642776 0.128699 -0.00765991
    endloop
  endfacet
  facet normal -0.74309 0.626835 0.234296
    outer loop
      vertex -0.0598727 0.064125 0.0160917
      vertex -0.0582609 0.0641245 0.021205
      vertex -0.00939655 0.128699 0.00341988
    endloop
  endfacet
  facet normal -0.000310212 -1 -0
    outer loop
      vertex -0.0582609 0.0641245 0.021205
      vertex -0.0598727 0.064125 0.0160917
      vertex -0.0582609 0.0641245 0.0212049
    endloop
  endfacet
  facet normal -0.719847 0.626836 0.298158
    outer loop
      vertex -0.0582609 0.0641245 0.021205
      vertex -0.00906277 0.128699 0.00422573
      vertex -0.00939655 0.128699 0.00341988
    endloop
  endfacet
  facet normal -0.719981 0.626847 0.29781
    outer loop
      vertex -0.00906277 0.128699 0.00422573
      vertex -0.0582609 0.0641245 0.021205
      vertex -0.0582427 0.0641245 0.021249
    endloop
  endfacet
  facet normal -0.691149 0.626832 0.359716
    outer loop
      vertex -0.0561906 0.0641243 0.0262018
      vertex -0.0537149 0.0641253 0.0309568
      vertex -0.00906277 0.128699 0.00422573
    endloop
  endfacet
  facet normal -0.000777031 1 0.000194258
    outer loop
      vertex -0.0537149 0.0641253 0.0309568
      vertex -0.0561906 0.0641243 0.0262018
      vertex -0.0561905 0.0641243 0.0262022
    endloop
  endfacet
  facet normal -0.657437 0.626851 0.418131
    outer loop
      vertex -0.0536929 0.0641253 0.030999
      vertex -0.00819111 0.128699 0.0057354
      vertex -0.00865936 0.128699 0.00499916
    endloop
  endfacet
  facet normal -0.657917 0.626878 0.417336
    outer loop
      vertex -0.00819111 0.128699 0.0057354
      vertex -0.0536929 0.0641253 0.030999
      vertex -0.0536674 0.0641253 0.0310392
    endloop
  endfacet
  facet normal 0 1 0
    outer loop
      vertex -0.0536674 0.0641253 0.0310392
      vertex -0.0536929 0.0641253 0.030999
      vertex -0.0536928 0.0641253 0.0309992
    endloop
  endfacet
  facet normal 0 1 0
    outer loop
      vertex -0.0507582 0.0641245 0.0355991
      vertex -0.0507872 0.0641245 0.0355613
      vertex -0.050787 0.0641245 0.0355616
    endloop
  endfacet
  facet normal -0.615752 0.626711 0.477581
    outer loop
      vertex -0.00772907 0.128695 0.00634384
      vertex -0.0507582 0.0641245 0.0355991
      vertex -0.00765991 0.128699 0.00642776
    endloop
  endfacet
  facet normal -0.629625 0.608425 0.483106
    outer loop
      vertex -0.00772489 0.128695 0.00634811
      vertex -0.00765991 0.128699 0.00642776
      vertex -0.00770706 0.128699 0.00636631
    endloop
  endfacet
  facet normal 0.282769 0.918378 -0.276809
    outer loop
      vertex -0.00772907 0.128695 0.00634384
      vertex -0.00765991 0.128699 0.00642776
      vertex -0.00772489 0.128695 0.00634811
    endloop
  endfacet
  facet normal -0.618517 0.626847 0.473814
    outer loop
      vertex -0.00819111 0.128699 0.0057354
      vertex -0.0507582 0.0641245 0.0355991
      vertex -0.00772907 0.128695 0.00634384
    endloop
  endfacet
  facet normal 0.078861 0.995458 -0.0533415
    outer loop
      vertex -0.00819111 0.128699 0.0057354
      vertex -0.00772907 0.128695 0.00634384
      vertex -0.00773185 0.128695 0.00633973
    endloop
  endfacet
  facet normal -0.598017 0.657167 0.458812
    outer loop
      vertex -0.00819111 0.128699 0.0057354
      vertex -0.00773185 0.128695 0.00633973
      vertex -0.00776468 0.128699 0.00629121
    endloop
  endfacet
  facet normal -0.618182 0.626835 0.474267
    outer loop
      vertex -0.0507582 0.0641245 0.0355991
      vertex -0.00819111 0.128699 0.0057354
      vertex -0.0507872 0.0641245 0.0355613
    endloop
  endfacet
  facet normal -0.618101 0.626831 0.474377
    outer loop
      vertex -0.00765991 0.128699 0.00642776
      vertex -0.0507582 0.0641245 0.0355991
      vertex -0.047494 0.0641247 0.039852
    endloop
  endfacet
  facet normal -0.772474 0.626833 -0.10181
    outer loop
      vertex -0.0610581 0.0641234 -0.0107659
      vertex -0.0617576 0.0641247 -0.0054505
      vertex -0.00984764 0.128699 -0.00173569
    endloop
  endfacet
  facet normal -0.7784 0.626841 0.0341057
    outer loop
      vertex -0.0617658 0.0641248 0.00535581
      vertex -0.00996113 0.128699 0.000870705
      vertex -0.00999928 0.128699 0
    endloop
  endfacet
  facet normal -0.778401 0.626841 0.0340945
    outer loop
      vertex -0.00996113 0.128699 0.000870705
      vertex -0.0617658 0.0641248 0.00535581
      vertex -0.0617638 0.0641247 0.00540331
    endloop
  endfacet
  facet normal -0.657126 0.626834 -0.418646
    outer loop
      vertex -0.0507872 0.0641245 -0.0355613
      vertex -0.0536674 0.0641253 -0.0310392
      vertex -0.00819111 0.128699 -0.0057354
    endloop
  endfacet
  facet normal -0.719806 0.626833 -0.298263
    outer loop
      vertex -0.0561906 0.0641243 -0.0262018
      vertex -0.0582427 0.0641245 -0.021249
      vertex -0.00906277 0.128699 -0.00422573
    endloop
  endfacet
  facet normal -0.74309 0.626835 -0.234296
    outer loop
      vertex -0.0582609 0.0641245 -0.021205
      vertex -0.0598727 0.064125 -0.0160917
      vertex -0.00939655 0.128699 -0.00341988
    endloop
  endfacet
  facet normal -0.000310212 -1 0
    outer loop
      vertex -0.0598727 0.064125 -0.0160917
      vertex -0.0582609 0.0641245 -0.021205
      vertex -0.0582609 0.0641245 -0.0212049
    endloop
  endfacet
  facet normal -0.741294 0.629246 -0.23352
    outer loop
      vertex -0.00939655 0.128699 -0.00341988
      vertex -0.00956817 0.128689 -0.00290203
      vertex -0.00952961 0.128699 -0.00299749
    endloop
  endfacet
  facet normal -0.743126 0.626839 -0.234174
    outer loop
      vertex -0.00939655 0.128699 -0.00341988
      vertex -0.059887 0.064125 -0.0160462
      vertex -0.00956817 0.128689 -0.00290203
    endloop
  endfacet
  facet normal -0.74329 0.626856 -0.233605
    outer loop
      vertex -0.0598727 0.064125 -0.0160917
      vertex -0.059887 0.064125 -0.0160462
      vertex -0.00939655 0.128699 -0.00341988
    endloop
  endfacet
  facet normal -0.952579 -0.0544331 -0.299382
    outer loop
      vertex -0.059887 0.064125 -0.0160462
      vertex -0.0598727 0.064125 -0.0160917
      vertex -0.0598869 0.0641249 -0.0160465
    endloop
  endfacet
  facet normal -0.741231 0.629336 -0.23348
    outer loop
      vertex -0.00956817 0.128689 -0.00290203
      vertex -0.00965881 0.128699 -0.00258732
      vertex -0.00958543 0.128699 -0.00282028
    endloop
  endfacet
  facet normal -0.743187 0.626844 -0.233964
    outer loop
      vertex -0.00965881 0.128699 -0.00258732
      vertex -0.00956817 0.128689 -0.00290203
      vertex -0.059887 0.064125 -0.0160462
    endloop
  endfacet
  facet normal 0.299382 -0.0544331 0.952579
    outer loop
      vertex 0.0160917 0.064125 0.0598727
      vertex 0.0160462 0.064125 0.059887
      vertex 0.0160465 0.0641249 0.0598869
    endloop
  endfacet
  facet normal 0.233605 0.626856 0.74329
    outer loop
      vertex 0.00341988 0.128699 0.00939655
      vertex 0.0160462 0.064125 0.059887
      vertex 0.0160917 0.064125 0.0598727
    endloop
  endfacet
  facet normal 0.235333 0.62172 0.74705
    outer loop
      vertex 0.00290097 0.128688 0.00956917
      vertex 0.00341988 0.128699 0.00939655
      vertex 0.00299749 0.128699 0.00952961
    endloop
  endfacet
  facet normal 0.233942 0.626846 0.743193
    outer loop
      vertex 0.00341988 0.128699 0.00939655
      vertex 0.00290097 0.128688 0.00956917
      vertex 0.0160462 0.064125 0.059887
    endloop
  endfacet
  facet normal 0.244481 0.568234 0.785709
    outer loop
      vertex 0.00258732 0.128699 0.00965881
      vertex 0.00290097 0.128688 0.00956917
      vertex 0.00285478 0.128695 0.00957848
    endloop
  endfacet
  facet normal 0.219559 0.682596 0.697034
    outer loop
      vertex 0.00258732 0.128699 0.00965881
      vertex 0.00285478 0.128695 0.00957848
      vertex 0.00282028 0.128699 0.00958543
    endloop
  endfacet
  facet normal 0.234351 0.626836 0.743072
    outer loop
      vertex 0.00290097 0.128688 0.00956917
      vertex 0.00258732 0.128699 0.00965881
      vertex 0.0160462 0.064125 0.059887
    endloop
  endfacet
  facet normal 0.000194258 1 0.000777031
    outer loop
      vertex 0.0309568 0.0641253 0.0537149
      vertex 0.0262018 0.0641243 0.0561906
      vertex 0.0262022 0.0641243 0.0561905
    endloop
  endfacet
  facet normal 0.359716 0.626832 0.691149
    outer loop
      vertex 0.0262018 0.0641243 0.0561906
      vertex 0.0309568 0.0641253 0.0537149
      vertex 0.00422573 0.128699 0.00906277
    endloop
  endfacet
  facet normal 0 1 0
    outer loop
      vertex 0.0355991 0.0641245 0.0507582
      vertex 0.0355613 0.0641245 0.0507872
      vertex 0.0355616 0.0641245 0.050787
    endloop
  endfacet
  facet normal 0.474267 0.626835 0.618182
    outer loop
      vertex 0.0355991 0.0641245 0.0507582
      vertex 0.0057354 0.128699 0.00819111
      vertex 0.0355613 0.0641245 0.0507872
    endloop
  endfacet
  facet normal 0.473749 0.626848 0.618566
    outer loop
      vertex 0.00634337 0.128695 0.00772953
      vertex 0.0057354 0.128699 0.00819111
      vertex 0.0355991 0.0641245 0.0507582
    endloop
  endfacet
  facet normal 0.468113 0.639217 0.61014
    outer loop
      vertex 0.0057354 0.128699 0.00819111
      vertex 0.0063361 0.128695 0.00773443
      vertex 0.00629121 0.128699 0.00776468
    endloop
  endfacet
  facet normal -0.0518158 0.995693 -0.0768778
    outer loop
      vertex 0.0057354 0.128699 0.00819111
      vertex 0.00634337 0.128695 0.00772953
      vertex 0.0063361 0.128695 0.00773443
    endloop
  endfacet
  facet normal 0.478015 0.626694 0.615433
    outer loop
      vertex 0.00642776 0.128699 0.00765991
      vertex 0.00634337 0.128695 0.00772953
      vertex 0.0355991 0.0641245 0.0507582
    endloop
  endfacet
  facet normal 0.437913 0.694625 0.570726
    outer loop
      vertex 0.00634337 0.128695 0.00772953
      vertex 0.00642776 0.128699 0.00765991
      vertex 0.00636631 0.128699 0.00770706
    endloop
  endfacet
  facet normal -0.298263 0.626833 0.719806
    outer loop
      vertex -0.00422573 0.128699 0.00906277
      vertex -0.0262018 0.0641243 0.0561906
      vertex -0.021249 0.0641245 0.0582427
    endloop
  endfacet
  facet normal -0.418131 0.626851 0.657437
    outer loop
      vertex -0.0057354 0.128699 0.00819111
      vertex -0.030999 0.0641253 0.0536929
      vertex -0.00499916 0.128699 0.00865936
    endloop
  endfacet
  facet normal -0.417336 0.626878 0.657917
    outer loop
      vertex -0.0310392 0.0641253 0.0536674
      vertex -0.030999 0.0641253 0.0536929
      vertex -0.0057354 0.128699 0.00819111
    endloop
  endfacet
  facet normal 0 1 0
    outer loop
      vertex -0.030999 0.0641253 0.0536929
      vertex -0.0310392 0.0641253 0.0536674
      vertex -0.0309992 0.0641253 0.0536928
    endloop
  endfacet
  facet normal -0.345951 0.663633 0.663257
    outer loop
      vertex -0.00468763 0.128692 0.00882885
      vertex -0.00422573 0.128699 0.00906277
      vertex -0.00461937 0.128699 0.00885745
    endloop
  endfacet
  facet normal -0.373481 0.584934 0.719975
    outer loop
      vertex -0.00471203 0.128689 0.00881863
      vertex -0.00422573 0.128699 0.00906277
      vertex -0.00468763 0.128692 0.00882885
    endloop
  endfacet
  facet normal -0.353733 0.644191 0.678152
    outer loop
      vertex -0.00499916 0.128699 0.00865936
      vertex -0.00471203 0.128689 0.00881863
      vertex -0.0047817 0.128699 0.00877279
    endloop
  endfacet
  facet normal -0.359838 0.626836 0.691082
    outer loop
      vertex -0.00471203 0.128689 0.00881863
      vertex -0.0309568 0.0641253 0.0537149
      vertex -0.00422573 0.128699 0.00906277
    endloop
  endfacet
  facet normal -0.36112 0.62687 0.690381
    outer loop
      vertex -0.00499916 0.128699 0.00865936
      vertex -0.0309568 0.0641253 0.0537149
      vertex -0.00471203 0.128689 0.00881863
    endloop
  endfacet
  facet normal -0.36018 0.626848 0.690892
    outer loop
      vertex -0.0309568 0.0641253 0.0537149
      vertex -0.00499916 0.128699 0.00865936
      vertex -0.030999 0.0641253 0.0536929
    endloop
  endfacet
  facet normal -0.551565 0.625741 0.551565
    outer loop
      vertex -0.00642776 0.128699 0.00765991
      vertex -0.0398521 0.0641247 0.0474939
      vertex -0.039852 0.0641247 0.047494
    endloop
  endfacet
  facet normal -0.526377 0.62683 0.574466
    outer loop
      vertex -0.0398521 0.0641247 0.0474939
      vertex -0.00642776 0.128699 0.00765991
      vertex -0.0438053 0.0641239 0.0438725
    endloop
  endfacet
  facet normal -0.474377 0.626831 0.618101
    outer loop
      vertex -0.00642776 0.128699 0.00765991
      vertex -0.039852 0.0641247 0.047494
      vertex -0.0355991 0.0641245 0.0507582
    endloop
  endfacet
  facet normal -0.0341057 0.626841 0.7784
    outer loop
      vertex -0.000870705 0.128699 0.00996113
      vertex -0.00535581 0.0641248 0.0617658
      vertex 0 0.128699 0.00999928
    endloop
  endfacet
  facet normal -0.0340945 0.626841 0.778401
    outer loop
      vertex -0.00535581 0.0641248 0.0617658
      vertex -0.000870705 0.128699 0.00996113
      vertex -0.00540331 0.0641247 0.0617638
    endloop
  endfacet
  facet normal -0.0955977 0.678476 0.728376
    outer loop
      vertex -0.000978878 0.128694 0.00995159
      vertex -0.000870705 0.128699 0.00996113
      vertex -0.000943392 0.128699 0.00995159
    endloop
  endfacet
  facet normal -0.0955488 0.678579 0.728287
    outer loop
      vertex -0.00173569 0.128699 0.00984764
      vertex -0.000978878 0.128694 0.00995159
      vertex -0.00104924 0.128699 0.0099377
    endloop
  endfacet
  facet normal -0.0971501 0.62693 0.772995
    outer loop
      vertex -0.000978878 0.128694 0.00995159
      vertex -0.00540331 0.0641247 0.0617638
      vertex -0.000870705 0.128699 0.00996113
    endloop
  endfacet
  facet normal -0.101958 0.626828 0.772458
    outer loop
      vertex -0.00173569 0.128699 0.00984764
      vertex -0.00540331 0.0641247 0.0617638
      vertex -0.000978878 0.128694 0.00995159
    endloop
  endfacet
  facet normal -0.101495 0.626842 0.772508
    outer loop
      vertex -0.0054505 0.0641247 0.0617576
      vertex -0.00540331 0.0641247 0.0617638
      vertex -0.00173569 0.128699 0.00984764
    endloop
  endfacet
  facet normal 0 1 0
    outer loop
      vertex -0.00540331 0.0641247 0.0617638
      vertex -0.0054505 0.0641247 0.0617576
      vertex -0.00540352 0.0641247 0.0617638
    endloop
  endfacet
  facet normal -0.0955977 0.678476 -0.728376
    outer loop
      vertex -0.000870705 0.128699 -0.00996113
      vertex -0.000978878 0.128694 -0.00995159
      vertex -0.000943392 0.128699 -0.00995159
    endloop
  endfacet
  facet normal -0.0955488 0.678579 -0.728287
    outer loop
      vertex -0.000978878 0.128694 -0.00995159
      vertex -0.00173569 0.128699 -0.00984764
      vertex -0.00104924 0.128699 -0.0099377
    endloop
  endfacet
  facet normal -0.0971501 0.62693 -0.772995
    outer loop
      vertex -0.00540331 0.0641247 -0.0617638
      vertex -0.000978878 0.128694 -0.00995159
      vertex -0.000870705 0.128699 -0.00996113
    endloop
  endfacet
  facet normal -0.101958 0.626828 -0.772458
    outer loop
      vertex -0.00540331 0.0641247 -0.0617638
      vertex -0.00173569 0.128699 -0.00984764
      vertex -0.000978878 0.128694 -0.00995159
    endloop
  endfacet
  facet normal 0 1 0
    outer loop
      vertex -0.0054505 0.0641247 -0.0617576
      vertex -0.00540331 0.0641247 -0.0617638
      vertex -0.00540352 0.0641247 -0.0617638
    endloop
  endfacet
  facet normal -0.101495 0.626842 -0.772508
    outer loop
      vertex -0.00540331 0.0641247 -0.0617638
      vertex -0.0054505 0.0641247 -0.0617576
      vertex -0.00173569 0.128699 -0.00984764
    endloop
  endfacet
  facet normal 0.299382 -0.0544331 -0.952579
    outer loop
      vertex 0.0160462 0.064125 -0.059887
      vertex 0.0160917 0.064125 -0.0598727
      vertex 0.0160465 0.0641249 -0.0598869
    endloop
  endfacet
  facet normal 0.233605 0.626856 -0.74329
    outer loop
      vertex 0.0160462 0.064125 -0.059887
      vertex 0.00341988 0.128699 -0.00939655
      vertex 0.0160917 0.064125 -0.0598727
    endloop
  endfacet
  facet normal 0.233942 0.626846 -0.743193
    outer loop
      vertex 0.00290097 0.128688 -0.00956917
      vertex 0.00341988 0.128699 -0.00939655
      vertex 0.0160462 0.064125 -0.059887
    endloop
  endfacet
  facet normal 0.235333 0.62172 -0.74705
    outer loop
      vertex 0.00341988 0.128699 -0.00939655
      vertex 0.00290097 0.128688 -0.00956917
      vertex 0.00299749 0.128699 -0.00952961
    endloop
  endfacet
  facet normal 0.234351 0.626836 -0.743072
    outer loop
      vertex 0.00258732 0.128699 -0.00965881
      vertex 0.00290097 0.128688 -0.00956917
      vertex 0.0160462 0.064125 -0.059887
    endloop
  endfacet
  facet normal 0.244481 0.568234 -0.785709
    outer loop
      vertex 0.00290097 0.128688 -0.00956917
      vertex 0.00258732 0.128699 -0.00965881
      vertex 0.00285478 0.128695 -0.00957848
    endloop
  endfacet
  facet normal 0.219559 0.682596 -0.697034
    outer loop
      vertex 0.00285478 0.128695 -0.00957848
      vertex 0.00258732 0.128699 -0.00965881
      vertex 0.00282028 0.128699 -0.00958543
    endloop
  endfacet
  facet normal 0.10181 0.626833 -0.772474
    outer loop
      vertex 0.0054505 0.0641247 -0.0617576
      vertex 0.00173569 0.128699 -0.00984764
      vertex 0.0107659 0.0641234 -0.0610581
    endloop
  endfacet
  facet normal 0.000392821 -1 -0.000392821
    outer loop
      vertex 0.0107659 0.0641234 -0.0610581
      vertex 0.0159998 0.064125 -0.0598973
      vertex 0.010766 0.0641234 -0.061058
    endloop
  endfacet
  facet normal 0.168522 0.626833 -0.76071
    outer loop
      vertex 0.0159998 0.064125 -0.0598973
      vertex 0.0107659 0.0641234 -0.0610581
      vertex 0.00173569 0.128699 -0.00984764
    endloop
  endfacet
  facet normal 0 1 0
    outer loop
      vertex 0.00540331 0.0641247 -0.0617638
      vertex 0.0054505 0.0641247 -0.0617576
      vertex 0.00540352 0.0641247 -0.0617638
    endloop
  endfacet
  facet normal 0.101495 0.626842 -0.772508
    outer loop
      vertex 0.00540331 0.0641247 -0.0617638
      vertex 0.00173569 0.128699 -0.00984764
      vertex 0.0054505 0.0641247 -0.0617576
    endloop
  endfacet
  facet normal 0.101958 0.626828 -0.772458
    outer loop
      vertex 0.000978878 0.128694 -0.00995159
      vertex 0.00173569 0.128699 -0.00984764
      vertex 0.00540331 0.0641247 -0.0617638
    endloop
  endfacet
  facet normal 0.0955488 0.678579 -0.728287
    outer loop
      vertex 0.00173569 0.128699 -0.00984764
      vertex 0.000978878 0.128694 -0.00995159
      vertex 0.00104924 0.128699 -0.0099377
    endloop
  endfacet
  facet normal 0.0971501 0.62693 -0.772995
    outer loop
      vertex 0.000870705 0.128699 -0.00996113
      vertex 0.000978878 0.128694 -0.00995159
      vertex 0.00540331 0.0641247 -0.0617638
    endloop
  endfacet
  facet normal 0.0955977 0.678476 -0.728376
    outer loop
      vertex 0.000978878 0.128694 -0.00995159
      vertex 0.000870705 0.128699 -0.00996113
      vertex 0.000943392 0.128699 -0.00995159
    endloop
  endfacet
  facet normal 0.0340945 0.626841 -0.778401
    outer loop
      vertex 0.00535581 0.0641248 -0.0617658
      vertex 0.000870705 0.128699 -0.00996113
      vertex 0.00540331 0.0641247 -0.0617638
    endloop
  endfacet
  facet normal 0.0341057 0.626841 -0.7784
    outer loop
      vertex 0.000870705 0.128699 -0.00996113
      vertex 0.00535581 0.0641248 -0.0617658
      vertex 0 0.128699 -0.00999928
    endloop
  endfacet
  facet normal 0.36018 0.626848 -0.690892
    outer loop
      vertex 0.0309568 0.0641253 -0.0537149
      vertex 0.00499916 0.128699 -0.00865936
      vertex 0.030999 0.0641253 -0.0536929
    endloop
  endfacet
  facet normal 0.36112 0.62687 -0.690381
    outer loop
      vertex 0.00471203 0.128689 -0.00881863
      vertex 0.00499916 0.128699 -0.00865936
      vertex 0.0309568 0.0641253 -0.0537149
    endloop
  endfacet
  facet normal 0.353733 0.644191 -0.678152
    outer loop
      vertex 0.00499916 0.128699 -0.00865936
      vertex 0.00471203 0.128689 -0.00881863
      vertex 0.0047817 0.128699 -0.00877279
    endloop
  endfacet
  facet normal 0.359838 0.626836 -0.691082
    outer loop
      vertex 0.00422573 0.128699 -0.00906277
      vertex 0.00471203 0.128689 -0.00881863
      vertex 0.0309568 0.0641253 -0.0537149
    endloop
  endfacet
  facet normal 0.373481 0.584934 -0.719975
    outer loop
      vertex 0.00471203 0.128689 -0.00881863
      vertex 0.00422573 0.128699 -0.00906277
      vertex 0.00468763 0.128692 -0.00882885
    endloop
  endfacet
  facet normal 0.345951 0.663633 -0.663257
    outer loop
      vertex 0.00468763 0.128692 -0.00882885
      vertex 0.00422573 0.128699 -0.00906277
      vertex 0.00461937 0.128699 -0.00885745
    endloop
  endfacet
  facet normal 0.574285 0.626837 -0.526566
    outer loop
      vertex 0.0438725 0.0641239 -0.0438053
      vertex 0.00707054 0.128699 -0.00707054
      vertex 0.00765991 0.128699 -0.00642776
    endloop
  endfacet
  facet normal 0.574978 0.626816 -0.525834
    outer loop
      vertex 0.00707054 0.128699 -0.00707054
      vertex 0.0438725 0.0641239 -0.0438053
      vertex 0.0438404 0.0641239 -0.0438404
    endloop
  endfacet
  facet normal 0.760448 0.641684 -0.099807
    outer loop
      vertex 0.00996113 0.128699 -0.000870705
      vertex 0.00995108 0.128694 -0.000979424
      vertex 0.00995159 0.128699 -0.000943392
    endloop
  endfacet
  facet normal 0.772648 0.626869 -0.100253
    outer loop
      vertex 0.00995108 0.128694 -0.000979424
      vertex 0.00996113 0.128699 -0.000870705
      vertex 0.0617638 0.0641247 -0.00540331
    endloop
  endfacet
  facet normal 0.78263 0.61396 -0.102679
    outer loop
      vertex 0.00995013 0.128694 -0.000984394
      vertex 0.00984764 0.128699 -0.00173569
      vertex 0.0099377 0.128699 -0.00104924
    endloop
  endfacet
  facet normal -0.12068 0.992423 0.0230677
    outer loop
      vertex 0.00995108 0.128694 -0.000979424
      vertex 0.00984764 0.128699 -0.00173569
      vertex 0.00995013 0.128694 -0.000984394
    endloop
  endfacet
  facet normal 0.772505 0.626841 -0.101517
    outer loop
      vertex 0.0617638 0.0641247 -0.00540331
      vertex 0.00984764 0.128699 -0.00173569
      vertex 0.00995108 0.128694 -0.000979424
    endloop
  endfacet
  facet normal 0.772508 0.626842 -0.101495
    outer loop
      vertex 0.0617638 0.0641247 -0.00540331
      vertex 0.0617576 0.0641247 -0.0054505
      vertex 0.00984764 0.128699 -0.00173569
    endloop
  endfacet
  facet normal 0 1 0
    outer loop
      vertex 0.0617576 0.0641247 -0.0054505
      vertex 0.0617638 0.0641247 -0.00540331
      vertex 0.0617638 0.0641247 -0.00540352
    endloop
  endfacet
  facet normal 0.657917 0.626878 0.417336
    outer loop
      vertex 0.0536929 0.0641253 0.030999
      vertex 0.00819111 0.128699 0.0057354
      vertex 0.0536674 0.0641253 0.0310392
    endloop
  endfacet
  facet normal 0.657437 0.626851 0.418131
    outer loop
      vertex 0.00819111 0.128699 0.0057354
      vertex 0.0536929 0.0641253 0.030999
      vertex 0.00865936 0.128699 0.00499916
    endloop
  endfacet
  facet normal 0 1 0
    outer loop
      vertex 0.0536929 0.0641253 0.030999
      vertex 0.0536674 0.0641253 0.0310392
      vertex 0.0536928 0.0641253 0.0309992
    endloop
  endfacet
  facet normal 0.760632 0.626841 0.168847
    outer loop
      vertex 0.0598973 0.064125 0.0159998
      vertex 0.00965881 0.128699 0.00258732
      vertex 0.059887 0.064125 0.0160462
    endloop
  endfacet
  facet normal 0.760676 0.626837 0.168663
    outer loop
      vertex 0.00965881 0.128699 0.00258732
      vertex 0.0598973 0.064125 0.0159998
      vertex 0.00984764 0.128699 0.00173569
    endloop
  endfacet
  facet normal -0.418131 0.626851 -0.657437
    outer loop
      vertex -0.030999 0.0641253 -0.0536929
      vertex -0.0057354 0.128699 -0.00819111
      vertex -0.00499916 0.128699 -0.00865936
    endloop
  endfacet
  facet normal 0 1 0
    outer loop
      vertex -0.0310392 0.0641253 -0.0536674
      vertex -0.030999 0.0641253 -0.0536929
      vertex -0.0309992 0.0641253 -0.0536928
    endloop
  endfacet
  facet normal -0.417336 0.626878 -0.657917
    outer loop
      vertex -0.030999 0.0641253 -0.0536929
      vertex -0.0310392 0.0641253 -0.0536674
      vertex -0.0057354 0.128699 -0.00819111
    endloop
  endfacet
  facet normal -0.526566 0.626837 -0.574285
    outer loop
      vertex -0.0438053 0.0641239 -0.0438725
      vertex -0.00707054 0.128699 -0.00707054
      vertex -0.00642776 0.128699 -0.00765991
    endloop
  endfacet
  facet normal -0.525834 0.626816 -0.574978
    outer loop
      vertex -0.00707054 0.128699 -0.00707054
      vertex -0.0438053 0.0641239 -0.0438725
      vertex -0.0438404 0.0641239 -0.0438404
    endloop
  endfacet
  facet normal -0.574285 0.626837 -0.526566
    outer loop
      vertex -0.00707054 0.128699 -0.00707054
      vertex -0.0438725 0.0641239 -0.0438053
      vertex -0.00765991 0.128699 -0.00642776
    endloop
  endfacet
  facet normal -0.574978 0.626816 -0.525834
    outer loop
      vertex -0.0438725 0.0641239 -0.0438053
      vertex -0.00707054 0.128699 -0.00707054
      vertex -0.0438404 0.0641239 -0.0438404
    endloop
  endfacet
  facet normal -0.760676 0.626837 0.168663
    outer loop
      vertex -0.0598973 0.064125 0.0159998
      vertex -0.00965881 0.128699 0.00258732
      vertex -0.00984764 0.128699 0.00173569
    endloop
  endfacet
  facet normal -0.760632 0.626841 0.168847
    outer loop
      vertex -0.00965881 0.128699 0.00258732
      vertex -0.0598973 0.064125 0.0159998
      vertex -0.059887 0.064125 0.0160462
    endloop
  endfacet
  facet normal -0.778412 0.626836 -0.0339368
    outer loop
      vertex -0.0617658 0.0641248 -0.00535581
      vertex -0.0619993 0.0641248 0
      vertex -0.00999928 0.128699 0
    endloop
  endfacet
  facet normal -0.657917 0.626878 -0.417336
    outer loop
      vertex -0.0536929 0.0641253 -0.030999
      vertex -0.00819111 0.128699 -0.0057354
      vertex -0.0536674 0.0641253 -0.0310392
    endloop
  endfacet
  facet normal -0.657437 0.626851 -0.418131
    outer loop
      vertex -0.00819111 0.128699 -0.0057354
      vertex -0.0536929 0.0641253 -0.030999
      vertex -0.00865936 0.128699 -0.00499916
    endloop
  endfacet
  facet normal 0 1 0
    outer loop
      vertex -0.0536929 0.0641253 -0.030999
      vertex -0.0536674 0.0641253 -0.0310392
      vertex -0.0536928 0.0641253 -0.0309992
    endloop
  endfacet
  facet normal -0.691637 0.625688 -0.360767
    outer loop
      vertex -0.00865936 0.128699 -0.00499916
      vertex -0.00881764 0.128689 -0.00471306
      vertex -0.00877279 0.128699 -0.0047817
    endloop
  endfacet
  facet normal -0.690836 0.626851 -0.360283
    outer loop
      vertex -0.00865936 0.128699 -0.00499916
      vertex -0.0537149 0.0641253 -0.0309568
      vertex -0.00881764 0.128689 -0.00471306
    endloop
  endfacet
  facet normal -0.690892 0.626848 -0.36018
    outer loop
      vertex -0.0537149 0.0641253 -0.0309568
      vertex -0.00865936 0.128699 -0.00499916
      vertex -0.0536929 0.0641253 -0.030999
    endloop
  endfacet
  facet normal -0.689425 0.628793 -0.3596
    outer loop
      vertex -0.00882137 0.12869 -0.00470428
      vertex -0.00906277 0.128699 -0.00422573
      vertex -0.00885745 0.128699 -0.00461937
    endloop
  endfacet
  facet normal -0.712189 0.59627 -0.370471
    outer loop
      vertex -0.00881764 0.128689 -0.00471306
      vertex -0.00906277 0.128699 -0.00422573
      vertex -0.00882137 0.12869 -0.00470428
    endloop
  endfacet
  facet normal -0.690804 0.626852 -0.360342
    outer loop
      vertex -0.00906277 0.128699 -0.00422573
      vertex -0.00881764 0.128689 -0.00471306
      vertex -0.0537149 0.0641253 -0.0309568
    endloop
  endfacet
  facet normal 0 1 0
    outer loop
      vertex 0.0054505 0.0641247 0.0617576
      vertex 0.00540331 0.0641247 0.0617638
      vertex 0.00540352 0.0641247 0.0617638
    endloop
  endfacet
  facet normal 0.101495 0.626842 0.772508
    outer loop
      vertex 0.00173569 0.128699 0.00984764
      vertex 0.00540331 0.0641247 0.0617638
      vertex 0.0054505 0.0641247 0.0617576
    endloop
  endfacet
  facet normal 0.0955488 0.678579 0.728287
    outer loop
      vertex 0.000978878 0.128694 0.00995159
      vertex 0.00173569 0.128699 0.00984764
      vertex 0.00104924 0.128699 0.0099377
    endloop
  endfacet
  facet normal 0.101958 0.626828 0.772458
    outer loop
      vertex 0.00173569 0.128699 0.00984764
      vertex 0.000978878 0.128694 0.00995159
      vertex 0.00540331 0.0641247 0.0617638
    endloop
  endfacet
  facet normal 0.0955977 0.678476 0.728376
    outer loop
      vertex 0.000870705 0.128699 0.00996113
      vertex 0.000978878 0.128694 0.00995159
      vertex 0.000943392 0.128699 0.00995159
    endloop
  endfacet
  facet normal 0.0971501 0.62693 0.772995
    outer loop
      vertex 0.000978878 0.128694 0.00995159
      vertex 0.000870705 0.128699 0.00996113
      vertex 0.00540331 0.0641247 0.0617638
    endloop
  endfacet
  facet normal 0.10181 0.626833 0.772474
    outer loop
      vertex 0.0107659 0.0641234 0.0610581
      vertex 0.00173569 0.128699 0.00984764
      vertex 0.0054505 0.0641247 0.0617576
    endloop
  endfacet
  facet normal 0 1 0
    outer loop
      vertex 0.0310392 0.0641253 0.0536674
      vertex 0.030999 0.0641253 0.0536929
      vertex 0.0309992 0.0641253 0.0536928
    endloop
  endfacet
  facet normal 0.417336 0.626878 0.657917
    outer loop
      vertex 0.0057354 0.128699 0.00819111
      vertex 0.030999 0.0641253 0.0536929
      vertex 0.0310392 0.0641253 0.0536674
    endloop
  endfacet
  facet normal 0.418131 0.626851 0.657437
    outer loop
      vertex 0.030999 0.0641253 0.0536929
      vertex 0.0057354 0.128699 0.00819111
      vertex 0.00499916 0.128699 0.00865936
    endloop
  endfacet
  facet normal -0.168663 0.626837 0.760676
    outer loop
      vertex -0.00258732 0.128699 0.00965881
      vertex -0.0159998 0.064125 0.0598973
      vertex -0.00173569 0.128699 0.00984764
    endloop
  endfacet
  facet normal -0.168847 0.626841 0.760632
    outer loop
      vertex -0.0159998 0.064125 0.0598973
      vertex -0.00258732 0.128699 0.00965881
      vertex -0.0160462 0.064125 0.059887
    endloop
  endfacet
  facet normal -0.168522 0.626833 0.76071
    outer loop
      vertex -0.0159998 0.064125 0.0598973
      vertex -0.0107659 0.0641234 0.0610581
      vertex -0.00173569 0.128699 0.00984764
    endloop
  endfacet
  facet normal -0.000392821 -1 0.000392821
    outer loop
      vertex -0.0107659 0.0641234 0.0610581
      vertex -0.0159998 0.064125 0.0598973
      vertex -0.010766 0.0641234 0.061058
    endloop
  endfacet
  facet normal 0.772474 0.626833 -0.10181
    outer loop
      vertex 0.0610581 0.0641234 -0.0107659
      vertex 0.00984764 0.128699 -0.00173569
      vertex 0.0617576 0.0641247 -0.0054505
    endloop
  endfacet
  facet normal 0.76071 0.626833 -0.168522
    outer loop
      vertex 0.0610581 0.0641234 -0.0107659
      vertex 0.0598973 0.064125 -0.0159998
      vertex 0.00984764 0.128699 -0.00173569
    endloop
  endfacet
  facet normal 0.000392821 -1 -0.000392821
    outer loop
      vertex 0.0598973 0.064125 -0.0159998
      vertex 0.0610581 0.0641234 -0.0107659
      vertex 0.061058 0.0641234 -0.010766
    endloop
  endfacet
  facet normal -0.78263 0.61396 -0.102679
    outer loop
      vertex -0.00984764 0.128699 -0.00173569
      vertex -0.00995013 0.128694 -0.000984394
      vertex -0.0099377 0.128699 -0.00104924
    endloop
  endfacet
  facet normal 0.12068 0.992423 0.0230677
    outer loop
      vertex -0.00984764 0.128699 -0.00173569
      vertex -0.00995108 0.128694 -0.000979424
      vertex -0.00995013 0.128694 -0.000984394
    endloop
  endfacet
  facet normal -0.772508 0.626842 -0.101495
    outer loop
      vertex -0.0617638 0.0641247 -0.00540331
      vertex -0.00984764 0.128699 -0.00173569
      vertex -0.0617576 0.0641247 -0.0054505
    endloop
  endfacet
  facet normal -0.760448 0.641684 -0.099807
    outer loop
      vertex -0.00995108 0.128694 -0.000979424
      vertex -0.00996113 0.128699 -0.000870705
      vertex -0.00995159 0.128699 -0.000943392
    endloop
  endfacet
  facet normal -0.772505 0.626841 -0.101517
    outer loop
      vertex -0.00984764 0.128699 -0.00173569
      vertex -0.0617638 0.0641247 -0.00540331
      vertex -0.00995108 0.128694 -0.000979424
    endloop
  endfacet
  facet normal -0.772648 0.626869 -0.100253
    outer loop
      vertex -0.00995108 0.128694 -0.000979424
      vertex -0.0617638 0.0641247 -0.00540331
      vertex -0.00996113 0.128699 -0.000870705
    endloop
  endfacet
  facet normal 0 1 0
    outer loop
      vertex -0.0617638 0.0641247 -0.00540331
      vertex -0.0617576 0.0641247 -0.0054505
      vertex -0.0617638 0.0641247 -0.00540352
    endloop
  endfacet
  facet normal -0.7784 0.626841 -0.0341057
    outer loop
      vertex -0.00996113 0.128699 -0.000870705
      vertex -0.0617658 0.0641248 -0.00535581
      vertex -0.00999928 0.128699 0
    endloop
  endfacet
  facet normal -0.778401 0.626841 -0.0340945
    outer loop
      vertex -0.0617658 0.0641248 -0.00535581
      vertex -0.00996113 0.128699 -0.000870705
      vertex -0.0617638 0.0641247 -0.00540331
    endloop
  endfacet
  facet normal 0.168847 0.626841 0.760632
    outer loop
      vertex 0.00258732 0.128699 0.00965881
      vertex 0.0159998 0.064125 0.0598973
      vertex 0.0160462 0.064125 0.059887
    endloop
  endfacet
  facet normal 0.168663 0.626837 0.760676
    outer loop
      vertex 0.0159998 0.064125 0.0598973
      vertex 0.00258732 0.128699 0.00965881
      vertex 0.00173569 0.128699 0.00984764
    endloop
  endfacet
  facet normal 0.0340945 0.626841 0.778401
    outer loop
      vertex 0.000870705 0.128699 0.00996113
      vertex 0.00535581 0.0641248 0.0617658
      vertex 0.00540331 0.0641247 0.0617638
    endloop
  endfacet
  facet normal 0.0341057 0.626841 0.7784
    outer loop
      vertex 0.00535581 0.0641248 0.0617658
      vertex 0.000870705 0.128699 0.00996113
      vertex 0 0.128699 0.00999928
    endloop
  endfacet
  facet normal -0.219559 0.682596 0.697034
    outer loop
      vertex -0.00285478 0.128695 0.00957848
      vertex -0.00258732 0.128699 0.00965881
      vertex -0.00282028 0.128699 0.00958543
    endloop
  endfacet
  facet normal -0.244481 0.568234 0.785709
    outer loop
      vertex -0.00290097 0.128688 0.00956917
      vertex -0.00258732 0.128699 0.00965881
      vertex -0.00285478 0.128695 0.00957848
    endloop
  endfacet
  facet normal -0.235333 0.62172 0.74705
    outer loop
      vertex -0.00341988 0.128699 0.00939655
      vertex -0.00290097 0.128688 0.00956917
      vertex -0.00299749 0.128699 0.00952961
    endloop
  endfacet
  facet normal -0.234351 0.626836 0.743072
    outer loop
      vertex -0.00290097 0.128688 0.00956917
      vertex -0.0160462 0.064125 0.059887
      vertex -0.00258732 0.128699 0.00965881
    endloop
  endfacet
  facet normal -0.233942 0.626846 0.743193
    outer loop
      vertex -0.00341988 0.128699 0.00939655
      vertex -0.0160462 0.064125 0.059887
      vertex -0.00290097 0.128688 0.00956917
    endloop
  endfacet
  facet normal -0.233605 0.626856 0.74329
    outer loop
      vertex -0.0160917 0.064125 0.0598727
      vertex -0.0160462 0.064125 0.059887
      vertex -0.00341988 0.128699 0.00939655
    endloop
  endfacet
  facet normal -0.299382 -0.0544331 0.952579
    outer loop
      vertex -0.0160462 0.064125 0.059887
      vertex -0.0160917 0.064125 0.0598727
      vertex -0.0160465 0.0641249 0.0598869
    endloop
  endfacet
  facet normal 0.760676 0.626837 -0.168663
    outer loop
      vertex 0.0598973 0.064125 -0.0159998
      vertex 0.00965881 0.128699 -0.00258732
      vertex 0.00984764 0.128699 -0.00173569
    endloop
  endfacet
  facet normal 0.760632 0.626841 -0.168847
    outer loop
      vertex 0.00965881 0.128699 -0.00258732
      vertex 0.0598973 0.064125 -0.0159998
      vertex 0.059887 0.064125 -0.0160462
    endloop
  endfacet
  facet normal 0.7784 0.626841 -0.0341057
    outer loop
      vertex 0.0617658 0.0641248 -0.00535581
      vertex 0.00996113 0.128699 -0.000870705
      vertex 0.00999928 0.128699 0
    endloop
  endfacet
  facet normal 0.778401 0.626841 -0.0340945
    outer loop
      vertex 0.00996113 0.128699 -0.000870705
      vertex 0.0617658 0.0641248 -0.00535581
      vertex 0.0617638 0.0641247 -0.00540331
    endloop
  endfacet
  facet normal 0.622589 0.758251 -0.193488
    outer loop
      vertex 0.00676632 0.135467 -0.00290203
      vertex 0.00552845 0.136974 -0.000979424
      vertex 0.00703621 0.135736 -0.000979424
    endloop
  endfacet
  facet normal 0.181258 0.338981 0.923167
    outer loop
      vertex 0.0018034 0.133055 0.00881863
      vertex 0.00161266 0.131113 0.00956917
      vertex 0.00261879 0.132619 0.00881863
    endloop
  endfacet
  facet normal -0.0979434 0.995192 0
    outer loop
      vertex 0 0.138651 -0.000979424
      vertex -0.00194073 0.13846 0.000979424
      vertex 0 0.138651 0.000979424
    endloop
  endfacet
  facet normal -0.0979434 0.995192 0
    outer loop
      vertex -0.00194073 0.13846 0.000979424
      vertex 0 0.138651 -0.000979424
      vertex -0.00194073 0.13846 -0.000979424
    endloop
  endfacet
  facet normal 0.333905 0.625281 -0.705359
    outer loop
      vertex 0.0042944 0.135127 -0.00634384
      vertex 0.0024271 0.134561 -0.00772953
      vertex 0.00295734 0.135841 -0.00634384
    endloop
  endfacet
  facet normal -0.625082 0.334204 -0.705393
    outer loop
      vertex -0.00527477 0.132224 -0.00772953
      vertex -0.00714111 0.131658 -0.00634384
      vertex -0.00642681 0.132994 -0.00634384
    endloop
  endfacet
  facet normal -0.882039 0.471176 0
    outer loop
      vertex -0.00919342 0.132508 -0.000979424
      vertex -0.00827408 0.134229 0.000979424
      vertex -0.00827408 0.134229 -0.000979424
    endloop
  endfacet
  facet normal -0.882039 0.471176 0
    outer loop
      vertex -0.00827408 0.134229 0.000979424
      vertex -0.00919342 0.132508 -0.000979424
      vertex -0.00919342 0.132508 0.000979424
    endloop
  endfacet
  facet normal -0.919962 0.0907454 0.381359
    outer loop
      vertex -0.00864887 0.13042 0.00471306
      vertex -0.00938511 0.130567 0.00290203
      vertex -0.00881863 0.128699 0.00471306
    endloop
  endfacet
  facet normal 0.0918611 0.173264 0.980582
    outer loop
      vertex 0.00161266 0.131113 0.00956917
      vertex 0.000374794 0.129605 0.00995159
      vertex 0.000544548 0.129515 0.00995159
    endloop
  endfacet
  facet normal -0.353891 0.430638 -0.830248
    outer loop
      vertex -0.00333309 0.132032 -0.00881863
      vertex -0.00448513 0.133185 -0.00772953
      vertex -0.00261879 0.132619 -0.00881863
    endloop
  endfacet
  facet normal -0.865262 0.462202 -0.194143
    outer loop
      vertex -0.00884056 0.132361 -0.00290203
      vertex -0.00919342 0.132508 -0.000979424
      vertex -0.0079565 0.134016 -0.00290203
    endloop
  endfacet
  facet normal -0.436024 0.815202 -0.381221
    outer loop
      vertex -0.00489902 0.136032 -0.00471306
      vertex -0.00531578 0.136656 -0.00290203
      vertex -0.00366116 0.137541 -0.00290203
    endloop
  endfacet
  facet normal -0.714477 0.586513 -0.381478
    outer loop
      vertex -0.00623608 0.134935 -0.00471306
      vertex -0.0073328 0.133599 -0.00471306
      vertex -0.00676632 0.135467 -0.00290203
    endloop
  endfacet
  facet normal 0.625082 0.334204 0.705393
    outer loop
      vertex 0.00642681 0.132994 0.00634384
      vertex 0.00527477 0.132224 0.00772953
      vertex 0.00714111 0.131658 0.00634384
    endloop
  endfacet
  facet normal 0.976254 0.0963636 -0.194018
    outer loop
      vertex 0.00995159 0.128699 -0.000979424
      vertex 0.00938511 0.130567 -0.00290203
      vertex 0.0097599 0.130641 -0.000979424
    endloop
  endfacet
  facet normal 0.554564 0.0545975 0.830348
    outer loop
      vertex 0.00462246 0.12962 0.00881863
      vertex 0.00629121 0.128699 0.00776468
      vertex 0.00634384 0.128699 0.00772953
    endloop
  endfacet
  facet normal 0.554548 0.0545521 0.830362
    outer loop
      vertex 0.00629121 0.128699 0.00776468
      vertex 0.00462246 0.12962 0.00881863
      vertex 0.0047817 0.128699 0.00877279
    endloop
  endfacet
  facet normal 0.554544 0.0545512 0.830364
    outer loop
      vertex 0.0047817 0.128699 0.00877279
      vertex 0.00462246 0.12962 0.00881863
      vertex 0.00471306 0.128699 0.00881863
    endloop
  endfacet
  facet normal 0.0697059 0.705368 -0.705406
    outer loop
      vertex 0.00123692 0.134922 -0.00772953
      vertex 0 0.13643 -0.00634384
      vertex 0.00150776 0.136281 -0.00634384
    endloop
  endfacet
  facet normal 0.09608 0.976258 0.194135
    outer loop
      vertex 0.00194073 0.13846 0.000979424
      vertex 0 0.138651 0.000979424
      vertex 0.00186634 0.138085 0.00290203
    endloop
  endfacet
  facet normal -0.244191 0.297148 0.923078
    outer loop
      vertex -0.00261879 0.132619 0.00881863
      vertex -0.00333309 0.132032 0.00881863
      vertex -0.00205231 0.130753 0.00956917
    endloop
  endfacet
  facet normal -0.557703 -0.0655301 0.82745
    outer loop
      vertex -0.0063361 0.128695 0.00773443
      vertex -0.00634384 0.128699 0.00772953
      vertex -0.00634337 0.128695 0.00772953
    endloop
  endfacet
  facet normal -0.956922 0.290347 0
    outer loop
      vertex -0.0097599 0.130641 -0.000979424
      vertex -0.00919342 0.132508 0.000979424
      vertex -0.00919342 0.132508 -0.000979424
    endloop
  endfacet
  facet normal -0.956922 0.290347 0
    outer loop
      vertex -0.00919342 0.132508 0.000979424
      vertex -0.0097599 0.130641 -0.000979424
      vertex -0.0097599 0.130641 0.000979424
    endloop
  endfacet
  facet normal 0.392323 0.734678 0.553472
    outer loop
      vertex 0.0033741 0.136847 0.00471306
      vertex 0.00295734 0.135841 0.00634384
      vertex 0.0042944 0.135127 0.00634384
    endloop
  endfacet
  facet normal 0.430831 0.35333 -0.830387
    outer loop
      vertex 0.00391865 0.131318 -0.00881863
      vertex 0.00333309 0.132032 -0.00881863
      vertex 0.00527477 0.132224 -0.00772953
    endloop
  endfacet
  facet normal 0.547401 0.449792 -0.705719
    outer loop
      vertex 0.00527477 0.132224 -0.00772953
      vertex 0.00448513 0.133185 -0.00772953
      vertex 0.00546551 0.134166 -0.00634384
    endloop
  endfacet
  facet normal 0.995164 0.0982301 -0
    outer loop
      vertex 0.00995159 0.128699 0.000943392
      vertex 0.0097599 0.130641 0.000979424
      vertex 0.00995159 0.128699 0.000979424
    endloop
  endfacet
  facet normal 0.995164 0.0982301 0
    outer loop
      vertex 0.0097599 0.130641 0.000979424
      vertex 0.00995159 0.128699 0.000943392
      vertex 0.0097599 0.130641 -0.000979424
    endloop
  endfacet
  facet normal 0.995164 0.0982301 -0
    outer loop
      vertex 0.00995159 0.128699 -0.000943392
      vertex 0.0097599 0.130641 -0.000979424
      vertex 0.00995159 0.128699 0.000943392
    endloop
  endfacet
  facet normal 0.995164 0.0982301 0
    outer loop
      vertex 0.0097599 0.130641 -0.000979424
      vertex 0.00995159 0.128699 -0.000943392
      vertex 0.00995159 0.128699 -0.000979424
    endloop
  endfacet
  facet normal 0.338918 0.181463 0.92315
    outer loop
      vertex 0.00391865 0.131318 0.00881863
      vertex 0.00268173 0.12981 0.00956917
      vertex 0.00435448 0.130504 0.00881863
    endloop
  endfacet
  facet normal -0.297604 0.243273 0.923174
    outer loop
      vertex -0.00205231 0.130753 0.00956917
      vertex -0.00391865 0.131318 0.00881863
      vertex -0.0024128 0.130312 0.00956917
    endloop
  endfacet
  facet normal -0.353891 0.430638 0.830248
    outer loop
      vertex -0.00261879 0.132619 0.00881863
      vertex -0.00448513 0.133185 0.00772953
      vertex -0.00333309 0.132032 0.00881863
    endloop
  endfacet
  facet normal -0.338918 0.181463 0.92315
    outer loop
      vertex -0.00391865 0.131318 0.00881863
      vertex -0.00435448 0.130504 0.00881863
      vertex -0.00268173 0.12981 0.00956917
    endloop
  endfacet
  facet normal -0.0818987 0.82883 0.553475
    outer loop
      vertex 0 0.137519 0.00471306
      vertex -0.00172043 0.137349 0.00471306
      vertex 0 0.13643 0.00634384
    endloop
  endfacet
  facet normal 0.0818987 0.82883 -0.553475
    outer loop
      vertex 0.00172043 0.137349 -0.00471306
      vertex 0 0.13643 -0.00634384
      vertex 0 0.137519 -0.00471306
    endloop
  endfacet
  facet normal -0.268126 0.884629 -0.381496
    outer loop
      vertex -0.0033741 0.136847 -0.00471306
      vertex -0.00366116 0.137541 -0.00290203
      vertex -0.00186634 0.138085 -0.00290203
    endloop
  endfacet
  facet normal -0.262839 0.491552 -0.830236
    outer loop
      vertex -0.0018034 0.133055 -0.00881863
      vertex -0.00261879 0.132619 -0.00881863
      vertex -0.0024271 0.134561 -0.00772953
    endloop
  endfacet
  facet normal 0.26855 0.884647 -0.381156
    outer loop
      vertex 0.0033741 0.136847 -0.00471306
      vertex 0.00172043 0.137349 -0.00471306
      vertex 0.00186634 0.138085 -0.00290203
    endloop
  endfacet
  facet normal -0.586299 0.7146 -0.381576
    outer loop
      vertex -0.00623608 0.134935 -0.00471306
      vertex -0.00676632 0.135467 -0.00290203
      vertex -0.00489902 0.136032 -0.00471306
    endloop
  endfacet
  facet normal -0.382665 0.0376432 0.92312
    outer loop
      vertex -0.00462246 0.12962 0.00881863
      vertex -0.00471306 0.128699 0.00881863
      vertex -0.00284672 0.129266 0.00956917
    endloop
  endfacet
  facet normal -0.194816 -0.0187731 0.98066
    outer loop
      vertex -0.00285478 0.128695 0.00957848
      vertex -0.00290203 0.128699 0.00956917
      vertex -0.00290097 0.128688 0.00956917
    endloop
  endfacet
  facet normal 0.430685 0.353888 0.830225
    outer loop
      vertex 0.00448513 0.133185 0.00772953
      vertex 0.00333309 0.132032 0.00881863
      vertex 0.00527477 0.132224 0.00772953
    endloop
  endfacet
  facet normal 0.17274 0.0926041 0.980605
    outer loop
      vertex 0.0024128 0.130312 0.00956917
      vertex 0.000814438 0.129244 0.00995159
      vertex 0.000905037 0.129075 0.00995159
    endloop
  endfacet
  facet normal 0.262839 0.491552 0.830236
    outer loop
      vertex 0.0024271 0.134561 0.00772953
      vertex 0.0018034 0.133055 0.00881863
      vertex 0.00261879 0.132619 0.00881863
    endloop
  endfacet
  facet normal -0.865262 0.462202 0.194143
    outer loop
      vertex -0.0079565 0.134016 0.00290203
      vertex -0.00919342 0.132508 0.000979424
      vertex -0.00884056 0.132361 0.00290203
    endloop
  endfacet
  facet normal -0.554595 0.0546845 0.830322
    outer loop
      vertex -0.00622177 0.129937 0.00772953
      vertex -0.00634384 0.128699 0.00772953
      vertex -0.00462246 0.12962 0.00881863
    endloop
  endfacet
  facet normal -0.381915 -0.0393372 0.92336
    outer loop
      vertex -0.00468763 0.128692 0.00882885
      vertex -0.00471306 0.128699 0.00881863
      vertex -0.00471203 0.128689 0.00881863
    endloop
  endfacet
  facet normal -0.554544 0.0545512 0.830364
    outer loop
      vertex -0.00462246 0.12962 0.00881863
      vertex -0.0047817 0.128699 0.00877279
      vertex -0.00471306 0.128699 0.00881863
    endloop
  endfacet
  facet normal -0.554548 0.0545521 0.830362
    outer loop
      vertex -0.00462246 0.12962 0.00881863
      vertex -0.00629121 0.128699 0.00776468
      vertex -0.0047817 0.128699 0.00877279
    endloop
  endfacet
  facet normal -0.554564 0.0545975 0.830348
    outer loop
      vertex -0.00629121 0.128699 0.00776468
      vertex -0.00462246 0.12962 0.00881863
      vertex -0.00634384 0.128699 0.00772953
    endloop
  endfacet
  facet normal 0.533364 0.161686 -0.83029
    outer loop
      vertex 0.00462246 0.12962 -0.00881863
      vertex 0.00435448 0.130504 -0.00881863
      vertex 0.00622177 0.129937 -0.00772953
    endloop
  endfacet
  facet normal -0.353728 0.430975 -0.830143
    outer loop
      vertex -0.00261879 0.132619 -0.00881863
      vertex -0.00448513 0.133185 -0.00772953
      vertex -0.00352383 0.133974 -0.00772953
    endloop
  endfacet
  facet normal 0.865262 0.462202 0.194143
    outer loop
      vertex 0.00919342 0.132508 0.000979424
      vertex 0.0079565 0.134016 0.00290203
      vertex 0.00884056 0.132361 0.00290203
    endloop
  endfacet
  facet normal 0.88462 0.26829 -0.381402
    outer loop
      vertex 0.00864887 0.13042 -0.00471306
      vertex 0.00814724 0.132074 -0.00471306
      vertex 0.00938511 0.130567 -0.00290203
    endloop
  endfacet
  facet normal 0.187368 0.0572968 -0.980617
    outer loop
      vertex 0.000961304 0.128891 -0.00995159
      vertex 0.000905037 0.129075 -0.00995159
      vertex 0.00268173 0.12981 -0.00956917
    endloop
  endfacet
  facet normal 0.919937 -0.0917842 -0.381171
    outer loop
      vertex 0.00882137 0.12869 -0.00470428
      vertex 0.00881863 0.128699 -0.00471306
      vertex 0.00885745 0.128699 -0.00461937
    endloop
  endfacet
  facet normal 0.919897 -0.0919897 -0.381219
    outer loop
      vertex 0.00956817 0.128689 -0.00290203
      vertex 0.00952961 0.128699 -0.00299749
      vertex 0.00956917 0.128699 -0.00290203
    endloop
  endfacet
  facet normal 0.919897 -0.0919897 0.381219
    outer loop
      vertex 0.00956917 0.128699 0.00290203
      vertex 0.00952961 0.128699 0.00299749
      vertex 0.00956817 0.128689 0.00290203
    endloop
  endfacet
  facet normal 0.919937 -0.0917842 0.381171
    outer loop
      vertex 0.00885745 0.128699 0.00461937
      vertex 0.00881863 0.128699 0.00471306
      vertex 0.00882137 0.12869 0.00470428
    endloop
  endfacet
  facet normal 0.976615 -0.0920383 0.194299
    outer loop
      vertex 0.00995159 0.128699 0.000979424
      vertex 0.0099377 0.128699 0.00104924
      vertex 0.00995013 0.128694 0.000984394
    endloop
  endfacet
  facet normal 0.976104 -0.0976104 0.194146
    outer loop
      vertex 0.00956917 0.128699 0.00290203
      vertex 0.00956817 0.128689 0.00290203
      vertex 0.00958543 0.128699 0.00282028
    endloop
  endfacet
  facet normal 0.920252 -0.0911049 0.380573
    outer loop
      vertex 0.00881863 0.128699 0.00471306
      vertex 0.00881764 0.128689 0.00471306
      vertex 0.00882137 0.12869 0.00470428
    endloop
  endfacet
  facet normal -0.828834 0.0817565 0.553489
    outer loop
      vertex -0.00864887 0.13042 0.00471306
      vertex -0.00881863 0.128699 0.00471306
      vertex -0.00758076 0.130208 0.00634384
    endloop
  endfacet
  facet normal -0.712197 -0.0819026 0.697186
    outer loop
      vertex -0.00772489 0.128695 0.00634811
      vertex -0.00772953 0.128699 0.00634384
      vertex -0.00772907 0.128695 0.00634384
    endloop
  endfacet
  facet normal -0.26855 0.884647 0.381156
    outer loop
      vertex -0.00186634 0.138085 0.00290203
      vertex -0.0033741 0.136847 0.00471306
      vertex -0.00172043 0.137349 0.00471306
    endloop
  endfacet
  facet normal 0.20587 0.678239 -0.705414
    outer loop
      vertex 0.00295734 0.135841 -0.00634384
      vertex 0.00123692 0.134922 -0.00772953
      vertex 0.00150776 0.136281 -0.00634384
    endloop
  endfacet
  facet normal -0.0918611 0.173264 -0.980582
    outer loop
      vertex -0.000544548 0.129515 -0.00995159
      vertex -0.00161266 0.131113 -0.00956917
      vertex -0.000374794 0.129605 -0.00995159
    endloop
  endfacet
  facet normal -0.268126 0.884629 0.381496
    outer loop
      vertex -0.00186634 0.138085 0.00290203
      vertex -0.00366116 0.137541 0.00290203
      vertex -0.0033741 0.136847 0.00471306
    endloop
  endfacet
  facet normal -0.09608 0.976258 -0.194135
    outer loop
      vertex -0.00186634 0.138085 -0.00290203
      vertex -0.00194073 0.13846 -0.000979424
      vertex 0 0.138651 -0.000979424
    endloop
  endfacet
  facet normal -0.976234 0.0961468 0.194223
    outer loop
      vertex -0.0099377 0.128699 0.00104924
      vertex -0.00938511 0.130567 0.00290203
      vertex -0.00995159 0.128699 0.000979424
    endloop
  endfacet
  facet normal -0.976238 0.0961916 0.194179
    outer loop
      vertex -0.00958543 0.128699 0.00282028
      vertex -0.00938511 0.130567 0.00290203
      vertex -0.0099377 0.128699 0.00104924
    endloop
  endfacet
  facet normal -0.97624 0.096192 0.194173
    outer loop
      vertex -0.00938511 0.130567 0.00290203
      vertex -0.00958543 0.128699 0.00282028
      vertex -0.00956917 0.128699 0.00290203
    endloop
  endfacet
  facet normal -0.622589 0.758251 -0.193488
    outer loop
      vertex -0.00676632 0.135467 -0.00290203
      vertex -0.00703621 0.135736 -0.000979424
      vertex -0.00552845 0.136974 -0.000979424
    endloop
  endfacet
  facet normal -0.643876 0.528121 -0.553636
    outer loop
      vertex -0.00642681 0.132994 -0.00634384
      vertex -0.0073328 0.133599 -0.00471306
      vertex -0.00546551 0.134166 -0.00634384
    endloop
  endfacet
  facet normal -0.0818987 0.82883 -0.553475
    outer loop
      vertex 0 0.13643 -0.00634384
      vertex -0.00172043 0.137349 -0.00471306
      vertex 0 0.137519 -0.00471306
    endloop
  endfacet
  facet normal 0.333905 0.625281 0.705359
    outer loop
      vertex 0.00295734 0.135841 0.00634384
      vertex 0.0024271 0.134561 0.00772953
      vertex 0.0042944 0.135127 0.00634384
    endloop
  endfacet
  facet normal -0.547401 0.449792 -0.705719
    outer loop
      vertex -0.00527477 0.132224 -0.00772953
      vertex -0.00546551 0.134166 -0.00634384
      vertex -0.00448513 0.133185 -0.00772953
    endloop
  endfacet
  facet normal -0.621861 0.758649 -0.194268
    outer loop
      vertex -0.00531578 0.136656 -0.00290203
      vertex -0.00676632 0.135467 -0.00290203
      vertex -0.00552845 0.136974 -0.000979424
    endloop
  endfacet
  facet normal 0.353728 0.430975 0.830143
    outer loop
      vertex 0.00352383 0.133974 0.00772953
      vertex 0.00261879 0.132619 0.00881863
      vertex 0.00448513 0.133185 0.00772953
    endloop
  endfacet
  facet normal 0.462657 0.864995 0.194248
    outer loop
      vertex 0.00552845 0.136974 0.000979424
      vertex 0.00366116 0.137541 0.00290203
      vertex 0.00531578 0.136656 0.00290203
    endloop
  endfacet
  facet normal 0.0957218 0.976226 0.194473
    outer loop
      vertex 0 0.138651 0.000979424
      vertex 0 0.138268 0.00290203
      vertex 0.00186634 0.138085 0.00290203
    endloop
  endfacet
  facet normal -0.284562 0.938798 0.194121
    outer loop
      vertex -0.00194073 0.13846 0.000979424
      vertex -0.00380802 0.137894 0.000979424
      vertex -0.00186634 0.138085 0.00290203
    endloop
  endfacet
  facet normal 0.382665 0.0376432 0.92312
    outer loop
      vertex 0.00462246 0.12962 0.00881863
      vertex 0.00284672 0.129266 0.00956917
      vertex 0.00471306 0.128699 0.00881863
    endloop
  endfacet
  facet normal -0.195032 -0.0215678 0.98056
    outer loop
      vertex -0.00282028 0.128699 0.00958543
      vertex -0.00290203 0.128699 0.00956917
      vertex -0.00285478 0.128695 0.00957848
    endloop
  endfacet
  facet normal -0.195083 -0.0213031 0.980555
    outer loop
      vertex -0.000979424 0.128699 0.00995159
      vertex -0.00104924 0.128699 0.0099377
      vertex -0.000978878 0.128694 0.00995159
    endloop
  endfacet
  facet normal -0.491193 0.262993 0.8304
    outer loop
      vertex -0.00391865 0.131318 0.00881863
      vertex -0.00527477 0.132224 0.00772953
      vertex -0.00435448 0.130504 0.00881863
    endloop
  endfacet
  facet normal -0.625098 0.333667 0.705634
    outer loop
      vertex -0.00527477 0.132224 0.00772953
      vertex -0.00714111 0.131658 0.00634384
      vertex -0.00586033 0.131127 0.00772953
    endloop
  endfacet
  facet normal -0.678282 0.20566 0.705434
    outer loop
      vertex -0.00714111 0.131658 0.00634384
      vertex -0.00758076 0.130208 0.00634384
      vertex -0.00622177 0.129937 0.00772953
    endloop
  endfacet
  facet normal -0.430685 0.353888 -0.830225
    outer loop
      vertex -0.00333309 0.132032 -0.00881863
      vertex -0.00527477 0.132224 -0.00772953
      vertex -0.00448513 0.133185 -0.00772953
    endloop
  endfacet
  facet normal -0.828799 -0.0820511 -0.553498
    outer loop
      vertex -0.00881764 0.128689 -0.00471306
      vertex -0.00881863 0.128699 -0.00471306
      vertex -0.00877279 0.128699 -0.0047817
    endloop
  endfacet
  facet normal -0.828362 -0.0880022 -0.553238
    outer loop
      vertex -0.00773185 0.128695 -0.00633973
      vertex -0.00776468 0.128699 -0.00629121
      vertex -0.00772953 0.128699 -0.00634384
    endloop
  endfacet
  facet normal 0.678022 0.205936 0.705604
    outer loop
      vertex 0.00714111 0.131658 0.00634384
      vertex 0.00586033 0.131127 0.00772953
      vertex 0.00622177 0.129937 0.00772953
    endloop
  endfacet
  facet normal 0.533409 0.162013 0.830197
    outer loop
      vertex 0.00586033 0.131127 0.00772953
      vertex 0.00435448 0.130504 0.00881863
      vertex 0.00622177 0.129937 0.00772953
    endloop
  endfacet
  facet normal 0.430831 0.35333 0.830387
    outer loop
      vertex 0.00527477 0.132224 0.00772953
      vertex 0.00333309 0.132032 0.00881863
      vertex 0.00391865 0.131318 0.00881863
    endloop
  endfacet
  facet normal -0.976254 0.0963636 0.194018
    outer loop
      vertex -0.0097599 0.130641 0.000979424
      vertex -0.00995159 0.128699 0.000979424
      vertex -0.00938511 0.130567 0.00290203
    endloop
  endfacet
  facet normal -0.977325 -0.0996871 0.186813
    outer loop
      vertex -0.00995013 0.128694 0.000984394
      vertex -0.00995159 0.128699 0.000979424
      vertex -0.00995108 0.128694 0.000979424
    endloop
  endfacet
  facet normal -0.0689744 0.705089 -0.705756
    outer loop
      vertex 0 0.135043 -0.00772953
      vertex -0.00123692 0.134922 -0.00772953
      vertex 0 0.13643 -0.00634384
    endloop
  endfacet
  facet normal 0.0189752 0.195109 -0.980598
    outer loop
      vertex 0.000565529 0.131547 -0.00956917
      vertex 0 0.12968 -0.00995159
      vertex 0 0.131602 -0.00956917
    endloop
  endfacet
  facet normal 0.449514 0.547678 -0.705681
    outer loop
      vertex 0.00448513 0.133185 -0.00772953
      vertex 0.00352383 0.133974 -0.00772953
      vertex 0.0042944 0.135127 -0.00634384
    endloop
  endfacet
  facet normal 0.241932 0.796963 -0.553461
    outer loop
      vertex 0.00295734 0.135841 -0.00634384
      vertex 0.00172043 0.137349 -0.00471306
      vertex 0.0033741 0.136847 -0.00471306
    endloop
  endfacet
  facet normal 0.678282 0.20566 -0.705434
    outer loop
      vertex 0.00758076 0.130208 -0.00634384
      vertex 0.00622177 0.129937 -0.00772953
      vertex 0.00714111 0.131658 -0.00634384
    endloop
  endfacet
  facet normal 0.243515 0.297393 -0.923178
    outer loop
      vertex 0.00205231 0.130753 -0.00956917
      vertex 0.00161266 0.131113 -0.00956917
      vertex 0.00261879 0.132619 -0.00881863
    endloop
  endfacet
  facet normal 0.533409 0.162013 -0.830197
    outer loop
      vertex 0.00622177 0.129937 -0.00772953
      vertex 0.00435448 0.130504 -0.00881863
      vertex 0.00586033 0.131127 -0.00772953
    endloop
  endfacet
  facet normal 0.382453 -0.0417734 -0.92303
    outer loop
      vertex 0.00468763 0.128692 -0.00882885
      vertex 0.00461937 0.128699 -0.00885745
      vertex 0.00471306 0.128699 -0.00881863
    endloop
  endfacet
  facet normal 0.382582 -0.0368669 -0.923186
    outer loop
      vertex 0.00299749 0.128699 -0.00952961
      vertex 0.00290097 0.128688 -0.00956917
      vertex 0.00290203 0.128699 -0.00956917
    endloop
  endfacet
  facet normal 0.491193 0.262993 -0.8304
    outer loop
      vertex 0.00435448 0.130504 -0.00881863
      vertex 0.00391865 0.131318 -0.00881863
      vertex 0.00527477 0.132224 -0.00772953
    endloop
  endfacet
  facet normal 0.758453 0.62212 -0.194206
    outer loop
      vertex 0.0079565 0.134016 -0.00290203
      vertex 0.00676632 0.135467 -0.00290203
      vertex 0.00827408 0.134229 -0.000979424
    endloop
  endfacet
  facet normal 0.435714 0.81525 -0.381473
    outer loop
      vertex 0.00489902 0.136032 -0.00471306
      vertex 0.0033741 0.136847 -0.00471306
      vertex 0.00366116 0.137541 -0.00290203
    endloop
  endfacet
  facet normal 0.284562 0.938798 -0.194121
    outer loop
      vertex 0.00380802 0.137894 -0.000979424
      vertex 0.00186634 0.138085 -0.00290203
      vertex 0.00194073 0.13846 -0.000979424
    endloop
  endfacet
  facet normal 0.976234 0.0961468 -0.194223
    outer loop
      vertex 0.0099377 0.128699 -0.00104924
      vertex 0.00938511 0.130567 -0.00290203
      vertex 0.00995159 0.128699 -0.000979424
    endloop
  endfacet
  facet normal 0.976238 0.0961916 -0.194179
    outer loop
      vertex 0.00958543 0.128699 -0.00282028
      vertex 0.00938511 0.130567 -0.00290203
      vertex 0.0099377 0.128699 -0.00104924
    endloop
  endfacet
  facet normal 0.97624 0.096192 -0.194173
    outer loop
      vertex 0.00938511 0.130567 -0.00290203
      vertex 0.00958543 0.128699 -0.00282028
      vertex 0.00956917 0.128699 -0.00290203
    endloop
  endfacet
  facet normal 0.920252 -0.0911049 -0.380573
    outer loop
      vertex 0.00882137 0.12869 -0.00470428
      vertex 0.00881764 0.128689 -0.00471306
      vertex 0.00881863 0.128699 -0.00471306
    endloop
  endfacet
  facet normal 0.81548 0.435514 -0.381209
    outer loop
      vertex 0.00814724 0.132074 -0.00471306
      vertex 0.0073328 0.133599 -0.00471306
      vertex 0.00884056 0.132361 -0.00290203
    endloop
  endfacet
  facet normal 0.828799 -0.0820511 0.553498
    outer loop
      vertex 0.00881863 0.128699 0.00471306
      vertex 0.00877279 0.128699 0.0047817
      vertex 0.00881764 0.128689 0.00471306
    endloop
  endfacet
  facet normal 0.828362 -0.0880022 0.553238
    outer loop
      vertex 0.00776468 0.128699 0.00629121
      vertex 0.00772953 0.128699 0.00634384
      vertex 0.00773185 0.128695 0.00633973
    endloop
  endfacet
  facet normal 0.97624 0.096192 0.194173
    outer loop
      vertex 0.00958543 0.128699 0.00282028
      vertex 0.00938511 0.130567 0.00290203
      vertex 0.00956917 0.128699 0.00290203
    endloop
  endfacet
  facet normal 0.976238 0.0961916 0.194179
    outer loop
      vertex 0.0099377 0.128699 0.00104924
      vertex 0.00938511 0.130567 0.00290203
      vertex 0.00958543 0.128699 0.00282028
    endloop
  endfacet
  facet normal 0.976234 0.0961468 0.194223
    outer loop
      vertex 0.00938511 0.130567 0.00290203
      vertex 0.0099377 0.128699 0.00104924
      vertex 0.00995159 0.128699 0.000979424
    endloop
  endfacet
  facet normal 0.920039 0.0905812 0.381214
    outer loop
      vertex 0.00885745 0.128699 0.00461937
      vertex 0.00938511 0.130567 0.00290203
      vertex 0.00881863 0.128699 0.00471306
    endloop
  endfacet
  facet normal 0.920004 0.0906518 0.38128
    outer loop
      vertex 0.00952961 0.128699 0.00299749
      vertex 0.00938511 0.130567 0.00290203
      vertex 0.00885745 0.128699 0.00461937
    endloop
  endfacet
  facet normal 0.92001 0.0906515 0.381266
    outer loop
      vertex 0.00938511 0.130567 0.00290203
      vertex 0.00952961 0.128699 0.00299749
      vertex 0.00956917 0.128699 0.00290203
    endloop
  endfacet
  facet normal -0.714477 0.586513 0.381478
    outer loop
      vertex -0.00676632 0.135467 0.00290203
      vertex -0.0073328 0.133599 0.00471306
      vertex -0.00623608 0.134935 0.00471306
    endloop
  endfacet
  facet normal -0.554465 -0.0571099 0.830245
    outer loop
      vertex -0.00471306 0.128699 0.00881863
      vertex -0.0047817 0.128699 0.00877279
      vertex -0.00471203 0.128689 0.00881863
    endloop
  endfacet
  facet normal -0.554524 -0.055902 0.830288
    outer loop
      vertex -0.00629121 0.128699 0.00776468
      vertex -0.00634384 0.128699 0.00772953
      vertex -0.0063361 0.128695 0.00773443
    endloop
  endfacet
  facet normal -0.824578 -0.0948265 0.557744
    outer loop
      vertex -0.00772953 0.128699 0.00634384
      vertex -0.00773185 0.128695 0.00633973
      vertex -0.00772907 0.128695 0.00634384
    endloop
  endfacet
  facet normal -0.0542667 0.554741 0.830252
    outer loop
      vertex 0 0.135043 0.00772953
      vertex -0.00123692 0.134922 0.00772953
      vertex 0 0.133413 0.00881863
    endloop
  endfacet
  facet normal -0.241932 0.796963 0.553461
    outer loop
      vertex -0.00172043 0.137349 0.00471306
      vertex -0.0033741 0.136847 0.00471306
      vertex -0.00295734 0.135841 0.00634384
    endloop
  endfacet
  facet normal -0.16179 0.533405 -0.830242
    outer loop
      vertex -0.0018034 0.133055 -0.00881863
      vertex -0.0024271 0.134561 -0.00772953
      vertex -0.00123692 0.134922 -0.00772953
    endloop
  endfacet
  facet normal -0.586067 0.714982 -0.381218
    outer loop
      vertex -0.00489902 0.136032 -0.00471306
      vertex -0.00676632 0.135467 -0.00290203
      vertex -0.00531578 0.136656 -0.00290203
    endloop
  endfacet
  facet normal -0.462586 0.865052 0.194163
    outer loop
      vertex -0.00380802 0.137894 0.000979424
      vertex -0.00552845 0.136974 0.000979424
      vertex -0.00366116 0.137541 0.00290203
    endloop
  endfacet
  facet normal -0.284547 0.938806 -0.194105
    outer loop
      vertex -0.00366116 0.137541 -0.00290203
      vertex -0.00380802 0.137894 -0.000979424
      vertex -0.00186634 0.138085 -0.00290203
    endloop
  endfacet
  facet normal -0.75812 0.62273 0.193551
    outer loop
      vertex -0.00703621 0.135736 0.000979424
      vertex -0.00827408 0.134229 0.000979424
      vertex -0.00676632 0.135467 0.00290203
    endloop
  endfacet
  facet normal -0.241932 0.796963 -0.553461
    outer loop
      vertex -0.00295734 0.135841 -0.00634384
      vertex -0.0033741 0.136847 -0.00471306
      vertex -0.00172043 0.137349 -0.00471306
    endloop
  endfacet
  facet normal -0.977325 -0.0996871 -0.186813
    outer loop
      vertex -0.00995108 0.128694 -0.000979424
      vertex -0.00995159 0.128699 -0.000979424
      vertex -0.00995013 0.128694 -0.000984394
    endloop
  endfacet
  facet normal -0.643781 0.528479 -0.553403
    outer loop
      vertex -0.00546551 0.134166 -0.00634384
      vertex -0.0073328 0.133599 -0.00471306
      vertex -0.00623608 0.134935 -0.00471306
    endloop
  endfacet
  facet normal -0.865259 0.462212 -0.194132
    outer loop
      vertex -0.0079565 0.134016 -0.00290203
      vertex -0.00919342 0.132508 -0.000979424
      vertex -0.00827408 0.134229 -0.000979424
    endloop
  endfacet
  facet normal 0.0957218 0.976226 -0.194473
    outer loop
      vertex 0.00186634 0.138085 -0.00290203
      vertex 0 0.138268 -0.00290203
      vertex 0 0.138651 -0.000979424
    endloop
  endfacet
  facet normal 0.0909081 0.920006 -0.381214
    outer loop
      vertex 0.00172043 0.137349 -0.00471306
      vertex 0 0.137519 -0.00471306
      vertex 0.00186634 0.138085 -0.00290203
    endloop
  endfacet
  facet normal 0.0819062 0.828825 -0.55348
    outer loop
      vertex 0.00150776 0.136281 -0.00634384
      vertex 0 0.13643 -0.00634384
      vertex 0.00172043 0.137349 -0.00471306
    endloop
  endfacet
  facet normal 0.241906 0.79696 -0.553477
    outer loop
      vertex 0.00295734 0.135841 -0.00634384
      vertex 0.00150776 0.136281 -0.00634384
      vertex 0.00172043 0.137349 -0.00471306
    endloop
  endfacet
  facet normal -0.205754 0.678349 -0.705342
    outer loop
      vertex -0.0024271 0.134561 -0.00772953
      vertex -0.00295734 0.135841 -0.00634384
      vertex -0.00123692 0.134922 -0.00772953
    endloop
  endfacet
  facet normal -0.263084 0.491537 -0.830167
    outer loop
      vertex -0.00261879 0.132619 -0.00881863
      vertex -0.00352383 0.133974 -0.00772953
      vertex -0.0024271 0.134561 -0.00772953
    endloop
  endfacet
  facet normal 0.815466 0.435602 0.381138
    outer loop
      vertex 0.0079565 0.134016 0.00290203
      vertex 0.0073328 0.133599 0.00471306
      vertex 0.00884056 0.132361 0.00290203
    endloop
  endfacet
  facet normal 0.554524 -0.055902 0.830288
    outer loop
      vertex 0.00634384 0.128699 0.00772953
      vertex 0.00629121 0.128699 0.00776468
      vertex 0.0063361 0.128695 0.00773443
    endloop
  endfacet
  facet normal 0.554465 -0.0571099 0.830245
    outer loop
      vertex 0.00471306 0.128699 0.00881863
      vertex 0.00471203 0.128689 0.00881863
      vertex 0.0047817 0.128699 0.00877279
    endloop
  endfacet
  facet normal 0.554595 0.0546845 0.830322
    outer loop
      vertex 0.00622177 0.129937 0.00772953
      vertex 0.00462246 0.12962 0.00881863
      vertex 0.00634384 0.128699 0.00772953
    endloop
  endfacet
  facet normal 0.0979434 0.995192 -0
    outer loop
      vertex 0.00194073 0.13846 -0.000979424
      vertex 0 0.138651 0.000979424
      vertex 0.00194073 0.13846 0.000979424
    endloop
  endfacet
  facet normal 0.0979434 0.995192 0
    outer loop
      vertex 0 0.138651 0.000979424
      vertex 0.00194073 0.13846 -0.000979424
      vertex 0 0.138651 -0.000979424
    endloop
  endfacet
  facet normal 0.284547 0.938806 0.194105
    outer loop
      vertex 0.00380802 0.137894 0.000979424
      vertex 0.00186634 0.138085 0.00290203
      vertex 0.00366116 0.137541 0.00290203
    endloop
  endfacet
  facet normal -0.0909081 0.920006 0.381214
    outer loop
      vertex 0 0.137519 0.00471306
      vertex -0.00186634 0.138085 0.00290203
      vertex -0.00172043 0.137349 0.00471306
    endloop
  endfacet
  facet normal 0.241906 0.79696 0.553477
    outer loop
      vertex 0.00172043 0.137349 0.00471306
      vertex 0.00150776 0.136281 0.00634384
      vertex 0.00295734 0.135841 0.00634384
    endloop
  endfacet
  facet normal 0.714477 0.586513 0.381478
    outer loop
      vertex 0.00676632 0.135467 0.00290203
      vertex 0.00623608 0.134935 0.00471306
      vertex 0.0073328 0.133599 0.00471306
    endloop
  endfacet
  facet normal 0.0818987 0.82883 0.553475
    outer loop
      vertex 0 0.137519 0.00471306
      vertex 0 0.13643 0.00634384
      vertex 0.00172043 0.137349 0.00471306
    endloop
  endfacet
  facet normal 0.187368 0.0572968 0.980617
    outer loop
      vertex 0.00268173 0.12981 0.00956917
      vertex 0.000905037 0.129075 0.00995159
      vertex 0.000961304 0.128891 0.00995159
    endloop
  endfacet
  facet normal 0.19511 0.0190326 0.980597
    outer loop
      vertex 0.00284672 0.129266 0.00956917
      vertex 0.000961304 0.128891 0.00995159
      vertex 0.00290203 0.128699 0.00956917
    endloop
  endfacet
  facet normal 0.0189752 0.195109 0.980598
    outer loop
      vertex 0 0.131602 0.00956917
      vertex 0 0.12968 0.00995159
      vertex 0.000565529 0.131547 0.00956917
    endloop
  endfacet
  facet normal 0.0372086 0.382592 0.923168
    outer loop
      vertex 0 0.133413 0.00881863
      vertex 0 0.131602 0.00956917
      vertex 0.000565529 0.131547 0.00956917
    endloop
  endfacet
  facet normal -0.382575 0.0373196 0.92317
    outer loop
      vertex -0.00284672 0.129266 0.00956917
      vertex -0.00299749 0.128699 0.00952961
      vertex -0.00290203 0.128699 0.00956917
    endloop
  endfacet
  facet normal -0.382589 0.0373239 0.923164
    outer loop
      vertex -0.00284672 0.129266 0.00956917
      vertex -0.00461937 0.128699 0.00885745
      vertex -0.00299749 0.128699 0.00952961
    endloop
  endfacet
  facet normal -0.382524 0.0370729 0.923201
    outer loop
      vertex -0.00461937 0.128699 0.00885745
      vertex -0.00284672 0.129266 0.00956917
      vertex -0.00471306 0.128699 0.00881863
    endloop
  endfacet
  facet normal -0.382453 -0.0417734 0.92303
    outer loop
      vertex -0.00461937 0.128699 0.00885745
      vertex -0.00471306 0.128699 0.00881863
      vertex -0.00468763 0.128692 0.00882885
    endloop
  endfacet
  facet normal -0.382582 -0.0368669 0.923186
    outer loop
      vertex -0.00290203 0.128699 0.00956917
      vertex -0.00299749 0.128699 0.00952961
      vertex -0.00290097 0.128688 0.00956917
    endloop
  endfacet
  facet normal -0.920252 -0.0911049 0.380573
    outer loop
      vertex -0.00881863 0.128699 0.00471306
      vertex -0.00882137 0.12869 0.00470428
      vertex -0.00881764 0.128689 0.00471306
    endloop
  endfacet
  facet normal -0.81548 0.435514 0.381209
    outer loop
      vertex -0.0073328 0.133599 0.00471306
      vertex -0.00884056 0.132361 0.00290203
      vertex -0.00814724 0.132074 0.00471306
    endloop
  endfacet
  facet normal -0.994838 -0.101474 -0
    outer loop
      vertex -0.00995159 0.128699 0.000979424
      vertex -0.00995159 0.128699 0.000943392
      vertex -0.00995108 0.128694 0.000979424
    endloop
  endfacet
  facet normal -0.994838 -0.101474 -0
    outer loop
      vertex -0.00995159 0.128699 -0.000943392
      vertex -0.00995159 0.128699 -0.000979424
      vertex -0.00995108 0.128694 -0.000979424
    endloop
  endfacet
  facet normal -0.938749 0.284833 -0.193961
    outer loop
      vertex -0.00938511 0.130567 -0.00290203
      vertex -0.0097599 0.130641 -0.000979424
      vertex -0.00919342 0.132508 -0.000979424
    endloop
  endfacet
  facet normal -0.0374603 0.382654 -0.923132
    outer loop
      vertex -0.000565529 0.131547 -0.00956917
      vertex -0.000919342 0.133323 -0.00881863
      vertex 0 0.133413 -0.00881863
    endloop
  endfacet
  facet normal 0.180798 0.339051 -0.923232
    outer loop
      vertex 0.00161266 0.131113 -0.00956917
      vertex 0.00111008 0.131381 -0.00956917
      vertex 0.0018034 0.133055 -0.00881863
    endloop
  endfacet
  facet normal 0.824578 -0.0948265 0.557744
    outer loop
      vertex 0.00772953 0.128699 0.00634384
      vertex 0.00772907 0.128695 0.00634384
      vertex 0.00773185 0.128695 0.00633973
    endloop
  endfacet
  facet normal -0.919937 -0.0917842 0.381171
    outer loop
      vertex -0.00881863 0.128699 0.00471306
      vertex -0.00885745 0.128699 0.00461937
      vertex -0.00882137 0.12869 0.00470428
    endloop
  endfacet
  facet normal -0.919897 -0.0919897 0.381219
    outer loop
      vertex -0.00952961 0.128699 0.00299749
      vertex -0.00956917 0.128699 0.00290203
      vertex -0.00956817 0.128689 0.00290203
    endloop
  endfacet
  facet normal -0.976104 -0.0976104 0.194146
    outer loop
      vertex -0.00956917 0.128699 0.00290203
      vertex -0.00958543 0.128699 0.00282028
      vertex -0.00956817 0.128689 0.00290203
    endloop
  endfacet
  facet normal -0.976615 -0.0920383 0.194299
    outer loop
      vertex -0.0099377 0.128699 0.00104924
      vertex -0.00995159 0.128699 0.000979424
      vertex -0.00995013 0.128694 0.000984394
    endloop
  endfacet
  facet normal -0.382665 0.0376432 -0.92312
    outer loop
      vertex -0.00284672 0.129266 -0.00956917
      vertex -0.00471306 0.128699 -0.00881863
      vertex -0.00462246 0.12962 -0.00881863
    endloop
  endfacet
  facet normal -0.554595 0.0546845 -0.830322
    outer loop
      vertex -0.00462246 0.12962 -0.00881863
      vertex -0.00634384 0.128699 -0.00772953
      vertex -0.00622177 0.129937 -0.00772953
    endloop
  endfacet
  facet normal 0.181258 0.338981 -0.923167
    outer loop
      vertex 0.00261879 0.132619 -0.00881863
      vertex 0.00161266 0.131113 -0.00956917
      vertex 0.0018034 0.133055 -0.00881863
    endloop
  endfacet
  facet normal -0.0697059 0.705368 -0.705406
    outer loop
      vertex -0.00123692 0.134922 -0.00772953
      vertex -0.00150776 0.136281 -0.00634384
      vertex 0 0.13643 -0.00634384
    endloop
  endfacet
  facet normal 0.268126 0.884629 -0.381496
    outer loop
      vertex 0.0033741 0.136847 -0.00471306
      vertex 0.00186634 0.138085 -0.00290203
      vertex 0.00366116 0.137541 -0.00290203
    endloop
  endfacet
  facet normal 0.865259 0.462212 0.194132
    outer loop
      vertex 0.00827408 0.134229 0.000979424
      vertex 0.0079565 0.134016 0.00290203
      vertex 0.00919342 0.132508 0.000979424
    endloop
  endfacet
  facet normal 0.205754 0.678349 -0.705342
    outer loop
      vertex 0.0024271 0.134561 -0.00772953
      vertex 0.00123692 0.134922 -0.00772953
      vertex 0.00295734 0.135841 -0.00634384
    endloop
  endfacet
  facet normal 0.392323 0.734678 -0.553472
    outer loop
      vertex 0.0042944 0.135127 -0.00634384
      vertex 0.00295734 0.135841 -0.00634384
      vertex 0.0033741 0.136847 -0.00471306
    endloop
  endfacet
  facet normal 0.797073 0.241678 -0.553414
    outer loop
      vertex 0.00758076 0.130208 -0.00634384
      vertex 0.00714111 0.131658 -0.00634384
      vertex 0.00814724 0.132074 -0.00471306
    endloop
  endfacet
  facet normal -0.0372086 0.382592 -0.923168
    outer loop
      vertex 0 0.131602 -0.00956917
      vertex -0.000565529 0.131547 -0.00956917
      vertex 0 0.133413 -0.00881863
    endloop
  endfacet
  facet normal 0.554465 -0.0571099 -0.830245
    outer loop
      vertex 0.0047817 0.128699 -0.00877279
      vertex 0.00471203 0.128689 -0.00881863
      vertex 0.00471306 0.128699 -0.00881863
    endloop
  endfacet
  facet normal 0.554524 -0.055902 -0.830288
    outer loop
      vertex 0.0063361 0.128695 -0.00773443
      vertex 0.00629121 0.128699 -0.00776468
      vertex 0.00634384 0.128699 -0.00772953
    endloop
  endfacet
  facet normal 0.0918611 0.173264 -0.980582
    outer loop
      vertex 0.000544548 0.129515 -0.00995159
      vertex 0.000374794 0.129605 -0.00995159
      vertex 0.00161266 0.131113 -0.00956917
    endloop
  endfacet
  facet normal 0.705389 0.0695532 -0.7054
    outer loop
      vertex 0.00634384 0.128699 -0.00772953
      vertex 0.00622177 0.129937 -0.00772953
      vertex 0.00758076 0.130208 -0.00634384
    endloop
  endfacet
  facet normal 0.734713 0.39238 -0.553384
    outer loop
      vertex 0.00814724 0.132074 -0.00471306
      vertex 0.00714111 0.131658 -0.00634384
      vertex 0.0073328 0.133599 -0.00471306
    endloop
  endfacet
  facet normal 0.625098 0.333667 -0.705634
    outer loop
      vertex 0.00586033 0.131127 -0.00772953
      vertex 0.00527477 0.132224 -0.00772953
      vertex 0.00714111 0.131658 -0.00634384
    endloop
  endfacet
  facet normal 0.678022 0.205936 -0.705604
    outer loop
      vertex 0.00622177 0.129937 -0.00772953
      vertex 0.00586033 0.131127 -0.00772953
      vertex 0.00714111 0.131658 -0.00634384
    endloop
  endfacet
  facet normal 0.491814 0.262522 -0.830181
    outer loop
      vertex 0.00586033 0.131127 -0.00772953
      vertex 0.00435448 0.130504 -0.00881863
      vertex 0.00527477 0.132224 -0.00772953
    endloop
  endfacet
  facet normal 0.586299 0.7146 -0.381576
    outer loop
      vertex 0.00623608 0.134935 -0.00471306
      vertex 0.00489902 0.136032 -0.00471306
      vertex 0.00676632 0.135467 -0.00290203
    endloop
  endfacet
  facet normal 0.938749 0.284833 -0.193961
    outer loop
      vertex 0.00938511 0.130567 -0.00290203
      vertex 0.00919342 0.132508 -0.000979424
      vertex 0.0097599 0.130641 -0.000979424
    endloop
  endfacet
  facet normal 0.194816 -0.0187731 -0.98066
    outer loop
      vertex 0.00290097 0.128688 -0.00956917
      vertex 0.00285478 0.128695 -0.00957848
      vertex 0.00290203 0.128699 -0.00956917
    endloop
  endfacet
  facet normal 0.112038 0.367532 -0.923238
    outer loop
      vertex 0.00111008 0.131381 -0.00956917
      vertex 0.000565529 0.131547 -0.00956917
      vertex 0.0018034 0.133055 -0.00881863
    endloop
  endfacet
  facet normal 0.919962 0.0907454 -0.381359
    outer loop
      vertex 0.00881863 0.128699 -0.00471306
      vertex 0.00864887 0.13042 -0.00471306
      vertex 0.00938511 0.130567 -0.00290203
    endloop
  endfacet
  facet normal 0.828834 0.0817565 -0.553489
    outer loop
      vertex 0.00881863 0.128699 -0.00471306
      vertex 0.00758076 0.130208 -0.00634384
      vertex 0.00864887 0.13042 -0.00471306
    endloop
  endfacet
  facet normal 0.705395 0.0695438 -0.705395
    outer loop
      vertex 0.00770706 0.128699 -0.00636631
      vertex 0.00758076 0.130208 -0.00634384
      vertex 0.00772953 0.128699 -0.00634384
    endloop
  endfacet
  facet normal 0.705395 0.0695438 -0.705395
    outer loop
      vertex 0.00636631 0.128699 -0.00770706
      vertex 0.00758076 0.130208 -0.00634384
      vertex 0.00770706 0.128699 -0.00636631
    endloop
  endfacet
  facet normal 0.705395 0.0695438 -0.705395
    outer loop
      vertex 0.00758076 0.130208 -0.00634384
      vertex 0.00636631 0.128699 -0.00770706
      vertex 0.00634384 0.128699 -0.00772953
    endloop
  endfacet
  facet normal 0.976104 -0.0976104 -0.194146
    outer loop
      vertex 0.00958543 0.128699 -0.00282028
      vertex 0.00956817 0.128689 -0.00290203
      vertex 0.00956917 0.128699 -0.00290203
    endloop
  endfacet
  facet normal 0.976615 -0.0920383 -0.194299
    outer loop
      vertex 0.00995013 0.128694 -0.000984394
      vertex 0.0099377 0.128699 -0.00104924
      vertex 0.00995159 0.128699 -0.000979424
    endloop
  endfacet
  facet normal 0.938697 0.284932 0.194067
    outer loop
      vertex 0.00919342 0.132508 0.000979424
      vertex 0.00884056 0.132361 0.00290203
      vertex 0.00938511 0.130567 0.00290203
    endloop
  endfacet
  facet normal 0.938749 0.284833 0.193961
    outer loop
      vertex 0.0097599 0.130641 0.000979424
      vertex 0.00919342 0.132508 0.000979424
      vertex 0.00938511 0.130567 0.00290203
    endloop
  endfacet
  facet normal 0.705389 0.0695532 0.7054
    outer loop
      vertex 0.00758076 0.130208 0.00634384
      vertex 0.00622177 0.129937 0.00772953
      vertex 0.00634384 0.128699 0.00772953
    endloop
  endfacet
  facet normal 0.88462 0.26829 0.381402
    outer loop
      vertex 0.00938511 0.130567 0.00290203
      vertex 0.00814724 0.132074 0.00471306
      vertex 0.00864887 0.13042 0.00471306
    endloop
  endfacet
  facet normal 0.79703 0.241726 0.553454
    outer loop
      vertex 0.00814724 0.132074 0.00471306
      vertex 0.00758076 0.130208 0.00634384
      vertex 0.00864887 0.13042 0.00471306
    endloop
  endfacet
  facet normal 0.919962 0.0907454 0.381359
    outer loop
      vertex 0.00938511 0.130567 0.00290203
      vertex 0.00864887 0.13042 0.00471306
      vertex 0.00881863 0.128699 0.00471306
    endloop
  endfacet
  facet normal 0.994838 -0.101474 0
    outer loop
      vertex 0.00995159 0.128699 0.000979424
      vertex 0.00995108 0.128694 0.000979424
      vertex 0.00995159 0.128699 0.000943392
    endloop
  endfacet
  facet normal 0.994838 -0.101474 0
    outer loop
      vertex 0.00995159 0.128699 -0.000943392
      vertex 0.00995108 0.128694 -0.000979424
      vertex 0.00995159 0.128699 -0.000979424
    endloop
  endfacet
  facet normal -0.92001 0.0906515 0.381266
    outer loop
      vertex -0.00952961 0.128699 0.00299749
      vertex -0.00938511 0.130567 0.00290203
      vertex -0.00956917 0.128699 0.00290203
    endloop
  endfacet
  facet normal -0.920004 0.0906518 0.38128
    outer loop
      vertex -0.00885745 0.128699 0.00461937
      vertex -0.00938511 0.130567 0.00290203
      vertex -0.00952961 0.128699 0.00299749
    endloop
  endfacet
  facet normal -0.920039 0.0905812 0.381214
    outer loop
      vertex -0.00938511 0.130567 0.00290203
      vertex -0.00885745 0.128699 0.00461937
      vertex -0.00881863 0.128699 0.00471306
    endloop
  endfacet
  facet normal -0.705599 -0.0652679 0.705599
    outer loop
      vertex -0.00770706 0.128699 0.00636631
      vertex -0.00772953 0.128699 0.00634384
      vertex -0.00772489 0.128695 0.00634811
    endloop
  endfacet
  facet normal -0.704679 -0.0827997 0.704679
    outer loop
      vertex -0.00634384 0.128699 0.00772953
      vertex -0.00636631 0.128699 0.00770706
      vertex -0.00634337 0.128695 0.00772953
    endloop
  endfacet
  facet normal -0.367927 0.111535 0.923141
    outer loop
      vertex -0.00435448 0.130504 0.00881863
      vertex -0.00462246 0.12962 0.00881863
      vertex -0.00268173 0.12981 0.00956917
    endloop
  endfacet
  facet normal -0.533364 0.161686 0.83029
    outer loop
      vertex -0.00435448 0.130504 0.00881863
      vertex -0.00622177 0.129937 0.00772953
      vertex -0.00462246 0.12962 0.00881863
    endloop
  endfacet
  facet normal -0.797073 0.241678 0.553414
    outer loop
      vertex -0.00714111 0.131658 0.00634384
      vertex -0.00814724 0.132074 0.00471306
      vertex -0.00758076 0.130208 0.00634384
    endloop
  endfacet
  facet normal -0.79703 0.241726 0.553454
    outer loop
      vertex -0.00814724 0.132074 0.00471306
      vertex -0.00864887 0.13042 0.00471306
      vertex -0.00758076 0.130208 0.00634384
    endloop
  endfacet
  facet normal 0.0922327 0.172964 0.9806
    outer loop
      vertex 0.00111008 0.131381 0.00956917
      vertex 0.000374794 0.129605 0.00995159
      vertex 0.00161266 0.131113 0.00956917
    endloop
  endfacet
  facet normal -0.11153 0.367906 0.92315
    outer loop
      vertex -0.000919342 0.133323 0.00881863
      vertex -0.0018034 0.133055 0.00881863
      vertex -0.000565529 0.131547 0.00956917
    endloop
  endfacet
  facet normal -0.528364 0.643987 0.553274
    outer loop
      vertex -0.00489902 0.136032 0.00471306
      vertex -0.00623608 0.134935 0.00471306
      vertex -0.0042944 0.135127 0.00634384
    endloop
  endfacet
  facet normal -0.392323 0.734678 0.553472
    outer loop
      vertex -0.0033741 0.136847 0.00471306
      vertex -0.0042944 0.135127 0.00634384
      vertex -0.00295734 0.135841 0.00634384
    endloop
  endfacet
  facet normal -0.284547 0.938806 0.194105
    outer loop
      vertex -0.00186634 0.138085 0.00290203
      vertex -0.00380802 0.137894 0.000979424
      vertex -0.00366116 0.137541 0.00290203
    endloop
  endfacet
  facet normal 0.0909081 0.920006 0.381214
    outer loop
      vertex 0.00186634 0.138085 0.00290203
      vertex 0 0.137519 0.00471306
      vertex 0.00172043 0.137349 0.00471306
    endloop
  endfacet
  facet normal -0.634581 0.772856 0
    outer loop
      vertex -0.00552845 0.136974 -0.000979424
      vertex -0.00703621 0.135736 0.000979424
      vertex -0.00552845 0.136974 0.000979424
    endloop
  endfacet
  facet normal -0.634581 0.772856 0
    outer loop
      vertex -0.00703621 0.135736 0.000979424
      vertex -0.00552845 0.136974 -0.000979424
      vertex -0.00703621 0.135736 -0.000979424
    endloop
  endfacet
  facet normal -0.471561 0.881834 0
    outer loop
      vertex -0.00380802 0.137894 -0.000979424
      vertex -0.00552845 0.136974 0.000979424
      vertex -0.00380802 0.137894 0.000979424
    endloop
  endfacet
  facet normal -0.471561 0.881834 0
    outer loop
      vertex -0.00552845 0.136974 0.000979424
      vertex -0.00380802 0.137894 -0.000979424
      vertex -0.00552845 0.136974 -0.000979424
    endloop
  endfacet
  facet normal -0.815466 0.435602 0.381138
    outer loop
      vertex -0.0079565 0.134016 0.00290203
      vertex -0.00884056 0.132361 0.00290203
      vertex -0.0073328 0.133599 0.00471306
    endloop
  endfacet
  facet normal -0.533364 0.161686 -0.83029
    outer loop
      vertex -0.00462246 0.12962 -0.00881863
      vertex -0.00622177 0.129937 -0.00772953
      vertex -0.00435448 0.130504 -0.00881863
    endloop
  endfacet
  facet normal -0.995164 0.0982301 0
    outer loop
      vertex -0.00995159 0.128699 -0.000943392
      vertex -0.0097599 0.130641 -0.000979424
      vertex -0.00995159 0.128699 -0.000979424
    endloop
  endfacet
  facet normal -0.995164 0.0982301 0
    outer loop
      vertex -0.0097599 0.130641 -0.000979424
      vertex -0.00995159 0.128699 -0.000943392
      vertex -0.0097599 0.130641 0.000979424
    endloop
  endfacet
  facet normal -0.995164 0.0982301 0
    outer loop
      vertex -0.00995159 0.128699 0.000943392
      vertex -0.0097599 0.130641 0.000979424
      vertex -0.00995159 0.128699 -0.000943392
    endloop
  endfacet
  facet normal -0.995164 0.0982301 0
    outer loop
      vertex -0.0097599 0.130641 0.000979424
      vertex -0.00995159 0.128699 0.000943392
      vertex -0.00995159 0.128699 0.000979424
    endloop
  endfacet
  facet normal -0.758453 0.62212 -0.194206
    outer loop
      vertex -0.0079565 0.134016 -0.00290203
      vertex -0.00827408 0.134229 -0.000979424
      vertex -0.00676632 0.135467 -0.00290203
    endloop
  endfacet
  facet normal -0.75812 0.62273 -0.193551
    outer loop
      vertex -0.00676632 0.135467 -0.00290203
      vertex -0.00827408 0.134229 -0.000979424
      vertex -0.00703621 0.135736 -0.000979424
    endloop
  endfacet
  facet normal -0.284562 0.938798 -0.194121
    outer loop
      vertex -0.00186634 0.138085 -0.00290203
      vertex -0.00380802 0.137894 -0.000979424
      vertex -0.00194073 0.13846 -0.000979424
    endloop
  endfacet
  facet normal -0.0957218 0.976226 -0.194473
    outer loop
      vertex 0 0.138268 -0.00290203
      vertex -0.00186634 0.138085 -0.00290203
      vertex 0 0.138651 -0.000979424
    endloop
  endfacet
  facet normal 0.33434 0.624669 -0.705695
    outer loop
      vertex 0.00352383 0.133974 -0.00772953
      vertex 0.0024271 0.134561 -0.00772953
      vertex 0.0042944 0.135127 -0.00634384
    endloop
  endfacet
  facet normal 0.161697 0.533393 -0.830269
    outer loop
      vertex 0.0018034 0.133055 -0.00881863
      vertex 0.000919342 0.133323 -0.00881863
      vertex 0.00123692 0.134922 -0.00772953
    endloop
  endfacet
  facet normal -0.20587 0.678239 -0.705414
    outer loop
      vertex -0.00123692 0.134922 -0.00772953
      vertex -0.00295734 0.135841 -0.00634384
      vertex -0.00150776 0.136281 -0.00634384
    endloop
  endfacet
  facet normal 0.16179 0.533405 -0.830242
    outer loop
      vertex 0.0018034 0.133055 -0.00881863
      vertex 0.00123692 0.134922 -0.00772953
      vertex 0.0024271 0.134561 -0.00772953
    endloop
  endfacet
  facet normal -0.528364 0.643987 -0.553274
    outer loop
      vertex -0.0042944 0.135127 -0.00634384
      vertex -0.00623608 0.134935 -0.00471306
      vertex -0.00489902 0.136032 -0.00471306
    endloop
  endfacet
  facet normal -0.392641 0.734658 -0.553272
    outer loop
      vertex -0.0042944 0.135127 -0.00634384
      vertex -0.00489902 0.136032 -0.00471306
      vertex -0.0033741 0.136847 -0.00471306
    endloop
  endfacet
  facet normal -0.241906 0.79696 -0.553477
    outer loop
      vertex -0.00150776 0.136281 -0.00634384
      vertex -0.00295734 0.135841 -0.00634384
      vertex -0.00172043 0.137349 -0.00471306
    endloop
  endfacet
  facet normal -0.0819062 0.828825 -0.55348
    outer loop
      vertex -0.00150776 0.136281 -0.00634384
      vertex -0.00172043 0.137349 -0.00471306
      vertex 0 0.13643 -0.00634384
    endloop
  endfacet
  facet normal 0.297382 0.243886 0.923084
    outer loop
      vertex 0.00333309 0.132032 0.00881863
      vertex 0.00205231 0.130753 0.00956917
      vertex 0.00391865 0.131318 0.00881863
    endloop
  endfacet
  facet normal 0.297604 0.243273 0.923174
    outer loop
      vertex 0.00391865 0.131318 0.00881863
      vertex 0.00205231 0.130753 0.00956917
      vertex 0.0024128 0.130312 0.00956917
    endloop
  endfacet
  facet normal 0.0902397 0.920317 0.380622
    outer loop
      vertex 0 0.138268 0.00290203
      vertex 0 0.137519 0.00471306
      vertex 0.00186634 0.138085 0.00290203
    endloop
  endfacet
  facet normal 0.29008 0.957002 -0
    outer loop
      vertex 0.00380802 0.137894 -0.000979424
      vertex 0.00194073 0.13846 0.000979424
      vertex 0.00380802 0.137894 0.000979424
    endloop
  endfacet
  facet normal 0.29008 0.957002 0
    outer loop
      vertex 0.00194073 0.13846 0.000979424
      vertex 0.00380802 0.137894 -0.000979424
      vertex 0.00194073 0.13846 -0.000979424
    endloop
  endfacet
  facet normal 0.284562 0.938798 0.194121
    outer loop
      vertex 0.00194073 0.13846 0.000979424
      vertex 0.00186634 0.138085 0.00290203
      vertex 0.00380802 0.137894 0.000979424
    endloop
  endfacet
  facet normal 0.09608 0.976258 -0.194135
    outer loop
      vertex 0.00186634 0.138085 -0.00290203
      vertex 0 0.138651 -0.000979424
      vertex 0.00194073 0.13846 -0.000979424
    endloop
  endfacet
  facet normal -0.20587 0.678239 0.705414
    outer loop
      vertex -0.00150776 0.136281 0.00634384
      vertex -0.00295734 0.135841 0.00634384
      vertex -0.00123692 0.134922 0.00772953
    endloop
  endfacet
  facet normal -0.0819062 0.828825 0.55348
    outer loop
      vertex 0 0.13643 0.00634384
      vertex -0.00172043 0.137349 0.00471306
      vertex -0.00150776 0.136281 0.00634384
    endloop
  endfacet
  facet normal 0.26855 0.884647 0.381156
    outer loop
      vertex 0.00186634 0.138085 0.00290203
      vertex 0.00172043 0.137349 0.00471306
      vertex 0.0033741 0.136847 0.00471306
    endloop
  endfacet
  facet normal 0.462586 0.865052 0.194163
    outer loop
      vertex 0.00380802 0.137894 0.000979424
      vertex 0.00366116 0.137541 0.00290203
      vertex 0.00552845 0.136974 0.000979424
    endloop
  endfacet
  facet normal 0.0542667 0.554741 0.830252
    outer loop
      vertex 0 0.135043 0.00772953
      vertex 0 0.133413 0.00881863
      vertex 0.00123692 0.134922 0.00772953
    endloop
  endfacet
  facet normal 0.161697 0.533393 0.830269
    outer loop
      vertex 0.00123692 0.134922 0.00772953
      vertex 0.000919342 0.133323 0.00881863
      vertex 0.0018034 0.133055 0.00881863
    endloop
  endfacet
  facet normal 0.435714 0.81525 0.381473
    outer loop
      vertex 0.00366116 0.137541 0.00290203
      vertex 0.0033741 0.136847 0.00471306
      vertex 0.00489902 0.136032 0.00471306
    endloop
  endfacet
  facet normal 0.705395 0.0695438 0.705395
    outer loop
      vertex 0.00636631 0.128699 0.00770706
      vertex 0.00758076 0.130208 0.00634384
      vertex 0.00634384 0.128699 0.00772953
    endloop
  endfacet
  facet normal 0.705395 0.0695438 0.705395
    outer loop
      vertex 0.00770706 0.128699 0.00636631
      vertex 0.00758076 0.130208 0.00634384
      vertex 0.00636631 0.128699 0.00770706
    endloop
  endfacet
  facet normal 0.705395 0.0695438 0.705395
    outer loop
      vertex 0.00758076 0.130208 0.00634384
      vertex 0.00770706 0.128699 0.00636631
      vertex 0.00772953 0.128699 0.00634384
    endloop
  endfacet
  facet normal -0.338848 0.181527 0.923163
    outer loop
      vertex -0.0024128 0.130312 0.00956917
      vertex -0.00391865 0.131318 0.00881863
      vertex -0.00268173 0.12981 0.00956917
    endloop
  endfacet
  facet normal 0.0697059 0.705368 0.705406
    outer loop
      vertex 0.00150776 0.136281 0.00634384
      vertex 0 0.13643 0.00634384
      vertex 0.00123692 0.134922 0.00772953
    endloop
  endfacet
  facet normal 0.0689744 0.705089 0.705756
    outer loop
      vertex 0 0.13643 0.00634384
      vertex 0 0.135043 0.00772953
      vertex 0.00123692 0.134922 0.00772953
    endloop
  endfacet
  facet normal -0.18758 0.0568913 0.9806
    outer loop
      vertex -0.00268173 0.12981 0.00956917
      vertex -0.00284672 0.129266 0.00956917
      vertex -0.000961304 0.128891 0.00995159
    endloop
  endfacet
  facet normal -0.88462 0.26829 0.381402
    outer loop
      vertex -0.00814724 0.132074 0.00471306
      vertex -0.00938511 0.130567 0.00290203
      vertex -0.00864887 0.13042 0.00471306
    endloop
  endfacet
  facet normal -0.88463 0.26852 0.381218
    outer loop
      vertex -0.00884056 0.132361 0.00290203
      vertex -0.00938511 0.130567 0.00290203
      vertex -0.00814724 0.132074 0.00471306
    endloop
  endfacet
  facet normal -0.734713 0.39238 -0.553384
    outer loop
      vertex -0.00714111 0.131658 -0.00634384
      vertex -0.00814724 0.132074 -0.00471306
      vertex -0.0073328 0.133599 -0.00471306
    endloop
  endfacet
  facet normal -0.81548 0.435514 -0.381209
    outer loop
      vertex -0.00814724 0.132074 -0.00471306
      vertex -0.00884056 0.132361 -0.00290203
      vertex -0.0073328 0.133599 -0.00471306
    endloop
  endfacet
  facet normal -0.181258 0.338981 -0.923167
    outer loop
      vertex -0.00161266 0.131113 -0.00956917
      vertex -0.00261879 0.132619 -0.00881863
      vertex -0.0018034 0.133055 -0.00881863
    endloop
  endfacet
  facet normal -0.180798 0.339051 -0.923232
    outer loop
      vertex -0.00161266 0.131113 -0.00956917
      vertex -0.0018034 0.133055 -0.00881863
      vertex -0.00111008 0.131381 -0.00956917
    endloop
  endfacet
  facet normal 0.381915 -0.0393372 0.92336
    outer loop
      vertex 0.00471306 0.128699 0.00881863
      vertex 0.00468763 0.128692 0.00882885
      vertex 0.00471203 0.128689 0.00881863
    endloop
  endfacet
  facet normal 0.195045 0.0183286 0.980623
    outer loop
      vertex 0.000961304 0.128891 0.00995159
      vertex 0.00282028 0.128699 0.00958543
      vertex 0.00290203 0.128699 0.00956917
    endloop
  endfacet
  facet normal 0.195051 0.0183916 0.980621
    outer loop
      vertex 0.00282028 0.128699 0.00958543
      vertex 0.000961304 0.128891 0.00995159
      vertex 0.00104924 0.128699 0.0099377
    endloop
  endfacet
  facet normal 0.195094 0.018412 0.980612
    outer loop
      vertex 0.00104924 0.128699 0.0099377
      vertex 0.000961304 0.128891 0.00995159
      vertex 0.000979424 0.128699 0.00995159
    endloop
  endfacet
  facet normal 0.367929 0.111589 0.923134
    outer loop
      vertex 0.00462246 0.12962 0.00881863
      vertex 0.00268173 0.12981 0.00956917
      vertex 0.00284672 0.129266 0.00956917
    endloop
  endfacet
  facet normal 0.712197 -0.0819026 0.697186
    outer loop
      vertex 0.00772953 0.128699 0.00634384
      vertex 0.00772489 0.128695 0.00634811
      vertex 0.00772907 0.128695 0.00634384
    endloop
  endfacet
  facet normal 0.0570466 0.187499 -0.980607
    outer loop
      vertex 0.000374794 0.129605 -0.00995159
      vertex 0.000190735 0.129661 -0.00995159
      vertex 0.000565529 0.131547 -0.00956917
    endloop
  endfacet
  facet normal -0.0189752 0.195109 -0.980598
    outer loop
      vertex 0 0.12968 -0.00995159
      vertex -0.000565529 0.131547 -0.00956917
      vertex 0 0.131602 -0.00956917
    endloop
  endfacet
  facet normal 0.436024 0.815202 -0.381221
    outer loop
      vertex 0.00489902 0.136032 -0.00471306
      vertex 0.00366116 0.137541 -0.00290203
      vertex 0.00531578 0.136656 -0.00290203
    endloop
  endfacet
  facet normal 0.815466 0.435602 -0.381138
    outer loop
      vertex 0.00884056 0.132361 -0.00290203
      vertex 0.0073328 0.133599 -0.00471306
      vertex 0.0079565 0.134016 -0.00290203
    endloop
  endfacet
  facet normal 0.392641 0.734658 -0.553272
    outer loop
      vertex 0.0042944 0.135127 -0.00634384
      vertex 0.0033741 0.136847 -0.00471306
      vertex 0.00489902 0.136032 -0.00471306
    endloop
  endfacet
  facet normal 0.528364 0.643987 -0.553274
    outer loop
      vertex 0.00623608 0.134935 -0.00471306
      vertex 0.0042944 0.135127 -0.00634384
      vertex 0.00489902 0.136032 -0.00471306
    endloop
  endfacet
  facet normal 0.263084 0.491537 -0.830167
    outer loop
      vertex 0.00261879 0.132619 -0.00881863
      vertex 0.0024271 0.134561 -0.00772953
      vertex 0.00352383 0.133974 -0.00772953
    endloop
  endfacet
  facet normal 0.262839 0.491552 -0.830236
    outer loop
      vertex 0.00261879 0.132619 -0.00881863
      vertex 0.0018034 0.133055 -0.00881863
      vertex 0.0024271 0.134561 -0.00772953
    endloop
  endfacet
  facet normal 0.244191 0.297148 -0.923078
    outer loop
      vertex 0.00333309 0.132032 -0.00881863
      vertex 0.00205231 0.130753 -0.00956917
      vertex 0.00261879 0.132619 -0.00881863
    endloop
  endfacet
  facet normal 0.430685 0.353888 -0.830225
    outer loop
      vertex 0.00527477 0.132224 -0.00772953
      vertex 0.00333309 0.132032 -0.00881863
      vertex 0.00448513 0.133185 -0.00772953
    endloop
  endfacet
  facet normal 0.554595 0.0546845 -0.830322
    outer loop
      vertex 0.00634384 0.128699 -0.00772953
      vertex 0.00462246 0.12962 -0.00881863
      vertex 0.00622177 0.129937 -0.00772953
    endloop
  endfacet
  facet normal 0.195051 0.0183916 -0.980621
    outer loop
      vertex 0.000961304 0.128891 -0.00995159
      vertex 0.00282028 0.128699 -0.00958543
      vertex 0.00104924 0.128699 -0.0099377
    endloop
  endfacet
  facet normal 0.195094 0.018412 -0.980612
    outer loop
      vertex 0.000961304 0.128891 -0.00995159
      vertex 0.00104924 0.128699 -0.0099377
      vertex 0.000979424 0.128699 -0.00995159
    endloop
  endfacet
  facet normal 0.195045 0.0183286 -0.980623
    outer loop
      vertex 0.00282028 0.128699 -0.00958543
      vertex 0.000961304 0.128891 -0.00995159
      vertex 0.00290203 0.128699 -0.00956917
    endloop
  endfacet
  facet normal 0.88463 0.26852 -0.381218
    outer loop
      vertex 0.00938511 0.130567 -0.00290203
      vertex 0.00814724 0.132074 -0.00471306
      vertex 0.00884056 0.132361 -0.00290203
    endloop
  endfacet
  facet normal 0.714802 0.586315 -0.381173
    outer loop
      vertex 0.0073328 0.133599 -0.00471306
      vertex 0.00676632 0.135467 -0.00290203
      vertex 0.0079565 0.134016 -0.00290203
    endloop
  endfacet
  facet normal 0.92001 0.0906515 -0.381266
    outer loop
      vertex 0.00952961 0.128699 -0.00299749
      vertex 0.00938511 0.130567 -0.00290203
      vertex 0.00956917 0.128699 -0.00290203
    endloop
  endfacet
  facet normal 0.920004 0.0906518 -0.38128
    outer loop
      vertex 0.00885745 0.128699 -0.00461937
      vertex 0.00938511 0.130567 -0.00290203
      vertex 0.00952961 0.128699 -0.00299749
    endloop
  endfacet
  facet normal 0.920039 0.0905812 -0.381214
    outer loop
      vertex 0.00938511 0.130567 -0.00290203
      vertex 0.00885745 0.128699 -0.00461937
      vertex 0.00881863 0.128699 -0.00471306
    endloop
  endfacet
  facet normal 0.79703 0.241726 -0.553454
    outer loop
      vertex 0.00864887 0.13042 -0.00471306
      vertex 0.00758076 0.130208 -0.00634384
      vertex 0.00814724 0.132074 -0.00471306
    endloop
  endfacet
  facet normal 0.449434 0.547697 -0.705718
    outer loop
      vertex 0.00448513 0.133185 -0.00772953
      vertex 0.0042944 0.135127 -0.00634384
      vertex 0.00546551 0.134166 -0.00634384
    endloop
  endfacet
  facet normal 0.528396 0.643922 -0.553319
    outer loop
      vertex 0.00546551 0.134166 -0.00634384
      vertex 0.0042944 0.135127 -0.00634384
      vertex 0.00623608 0.134935 -0.00471306
    endloop
  endfacet
  facet normal 0.367927 0.111535 -0.923141
    outer loop
      vertex 0.00462246 0.12962 -0.00881863
      vertex 0.00268173 0.12981 -0.00956917
      vertex 0.00435448 0.130504 -0.00881863
    endloop
  endfacet
  facet normal 0.338918 0.181463 -0.92315
    outer loop
      vertex 0.00435448 0.130504 -0.00881863
      vertex 0.00268173 0.12981 -0.00956917
      vertex 0.00391865 0.131318 -0.00881863
    endloop
  endfacet
  facet normal 0.625082 0.334204 -0.705393
    outer loop
      vertex 0.00714111 0.131658 -0.00634384
      vertex 0.00527477 0.132224 -0.00772953
      vertex 0.00642681 0.132994 -0.00634384
    endloop
  endfacet
  facet normal 0.734375 0.392638 -0.553651
    outer loop
      vertex 0.00714111 0.131658 -0.00634384
      vertex 0.00642681 0.132994 -0.00634384
      vertex 0.0073328 0.133599 -0.00471306
    endloop
  endfacet
  facet normal 0.381915 -0.0393372 -0.92336
    outer loop
      vertex 0.00471203 0.128689 -0.00881863
      vertex 0.00468763 0.128692 -0.00882885
      vertex 0.00471306 0.128699 -0.00881863
    endloop
  endfacet
  facet normal 0.865259 0.462212 -0.194132
    outer loop
      vertex 0.00919342 0.132508 -0.000979424
      vertex 0.0079565 0.134016 -0.00290203
      vertex 0.00827408 0.134229 -0.000979424
    endloop
  endfacet
  facet normal 0.268126 0.884629 0.381496
    outer loop
      vertex 0.00366116 0.137541 0.00290203
      vertex 0.00186634 0.138085 0.00290203
      vertex 0.0033741 0.136847 0.00471306
    endloop
  endfacet
  facet normal 0.734375 0.392638 0.553651
    outer loop
      vertex 0.0073328 0.133599 0.00471306
      vertex 0.00642681 0.132994 0.00634384
      vertex 0.00714111 0.131658 0.00634384
    endloop
  endfacet
  facet normal 0.88463 0.26852 0.381218
    outer loop
      vertex 0.00884056 0.132361 0.00290203
      vertex 0.00814724 0.132074 0.00471306
      vertex 0.00938511 0.130567 0.00290203
    endloop
  endfacet
  facet normal 0.625098 0.333667 0.705634
    outer loop
      vertex 0.00714111 0.131658 0.00634384
      vertex 0.00527477 0.132224 0.00772953
      vertex 0.00586033 0.131127 0.00772953
    endloop
  endfacet
  facet normal 0.678282 0.20566 0.705434
    outer loop
      vertex 0.00714111 0.131658 0.00634384
      vertex 0.00622177 0.129937 0.00772953
      vertex 0.00758076 0.130208 0.00634384
    endloop
  endfacet
  facet normal 0.977325 -0.0996871 0.186813
    outer loop
      vertex 0.00995159 0.128699 0.000979424
      vertex 0.00995013 0.128694 0.000984394
      vertex 0.00995108 0.128694 0.000979424
    endloop
  endfacet
  facet normal -0.462657 0.864995 0.194248
    outer loop
      vertex -0.00366116 0.137541 0.00290203
      vertex -0.00552845 0.136974 0.000979424
      vertex -0.00531578 0.136656 0.00290203
    endloop
  endfacet
  facet normal -0.678022 0.205936 0.705604
    outer loop
      vertex -0.00586033 0.131127 0.00772953
      vertex -0.00714111 0.131658 0.00634384
      vertex -0.00622177 0.129937 0.00772953
    endloop
  endfacet
  facet normal -0.705395 0.0695438 0.705395
    outer loop
      vertex -0.00770706 0.128699 0.00636631
      vertex -0.00758076 0.130208 0.00634384
      vertex -0.00772953 0.128699 0.00634384
    endloop
  endfacet
  facet normal -0.705395 0.0695438 0.705395
    outer loop
      vertex -0.00636631 0.128699 0.00770706
      vertex -0.00758076 0.130208 0.00634384
      vertex -0.00770706 0.128699 0.00636631
    endloop
  endfacet
  facet normal -0.705395 0.0695438 0.705395
    outer loop
      vertex -0.00758076 0.130208 0.00634384
      vertex -0.00636631 0.128699 0.00770706
      vertex -0.00634384 0.128699 0.00772953
    endloop
  endfacet
  facet normal -0.705389 0.0695532 0.7054
    outer loop
      vertex -0.00622177 0.129937 0.00772953
      vertex -0.00758076 0.130208 0.00634384
      vertex -0.00634384 0.128699 0.00772953
    endloop
  endfacet
  facet normal -0.714802 0.586315 0.381173
    outer loop
      vertex -0.00676632 0.135467 0.00290203
      vertex -0.0079565 0.134016 0.00290203
      vertex -0.0073328 0.133599 0.00471306
    endloop
  endfacet
  facet normal -0.436024 0.815202 0.381221
    outer loop
      vertex -0.00366116 0.137541 0.00290203
      vertex -0.00531578 0.136656 0.00290203
      vertex -0.00489902 0.136032 0.00471306
    endloop
  endfacet
  facet normal -0.09608 0.976258 0.194135
    outer loop
      vertex 0 0.138651 0.000979424
      vertex -0.00194073 0.13846 0.000979424
      vertex -0.00186634 0.138085 0.00290203
    endloop
  endfacet
  facet normal -0.29008 0.957002 0
    outer loop
      vertex -0.00194073 0.13846 -0.000979424
      vertex -0.00380802 0.137894 0.000979424
      vertex -0.00194073 0.13846 0.000979424
    endloop
  endfacet
  facet normal -0.29008 0.957002 0
    outer loop
      vertex -0.00380802 0.137894 0.000979424
      vertex -0.00194073 0.13846 -0.000979424
      vertex -0.00380802 0.137894 -0.000979424
    endloop
  endfacet
  facet normal -0.621861 0.758649 0.194268
    outer loop
      vertex -0.00552845 0.136974 0.000979424
      vertex -0.00676632 0.135467 0.00290203
      vertex -0.00531578 0.136656 0.00290203
    endloop
  endfacet
  facet normal -0.392641 0.734658 0.553272
    outer loop
      vertex -0.0033741 0.136847 0.00471306
      vertex -0.00489902 0.136032 0.00471306
      vertex -0.0042944 0.135127 0.00634384
    endloop
  endfacet
  facet normal -0.462657 0.864995 -0.194248
    outer loop
      vertex -0.00531578 0.136656 -0.00290203
      vertex -0.00552845 0.136974 -0.000979424
      vertex -0.00366116 0.137541 -0.00290203
    endloop
  endfacet
  facet normal -0.462586 0.865052 -0.194163
    outer loop
      vertex -0.00366116 0.137541 -0.00290203
      vertex -0.00552845 0.136974 -0.000979424
      vertex -0.00380802 0.137894 -0.000979424
    endloop
  endfacet
  facet normal -0.938749 0.284833 0.193961
    outer loop
      vertex -0.00919342 0.132508 0.000979424
      vertex -0.0097599 0.130641 0.000979424
      vertex -0.00938511 0.130567 0.00290203
    endloop
  endfacet
  facet normal -0.938697 0.284932 0.194067
    outer loop
      vertex -0.00919342 0.132508 0.000979424
      vertex -0.00938511 0.130567 0.00290203
      vertex -0.00884056 0.132361 0.00290203
    endloop
  endfacet
  facet normal -0.828834 0.0817565 -0.553489
    outer loop
      vertex -0.00758076 0.130208 -0.00634384
      vertex -0.00881863 0.128699 -0.00471306
      vertex -0.00864887 0.13042 -0.00471306
    endloop
  endfacet
  facet normal -0.938697 0.284932 -0.194067
    outer loop
      vertex -0.00884056 0.132361 -0.00290203
      vertex -0.00938511 0.130567 -0.00290203
      vertex -0.00919342 0.132508 -0.000979424
    endloop
  endfacet
  facet normal -0.678282 0.20566 -0.705434
    outer loop
      vertex -0.00622177 0.129937 -0.00772953
      vertex -0.00758076 0.130208 -0.00634384
      vertex -0.00714111 0.131658 -0.00634384
    endloop
  endfacet
  facet normal -0.0902397 0.920317 -0.380622
    outer loop
      vertex 0 0.137519 -0.00471306
      vertex -0.00186634 0.138085 -0.00290203
      vertex 0 0.138268 -0.00290203
    endloop
  endfacet
  facet normal 0.0902397 0.920317 -0.380622
    outer loop
      vertex 0.00186634 0.138085 -0.00290203
      vertex 0 0.137519 -0.00471306
      vertex 0 0.138268 -0.00290203
    endloop
  endfacet
  facet normal -0.528396 0.643922 -0.553319
    outer loop
      vertex -0.00546551 0.134166 -0.00634384
      vertex -0.00623608 0.134935 -0.00471306
      vertex -0.0042944 0.135127 -0.00634384
    endloop
  endfacet
  facet normal -0.0542667 0.554741 -0.830252
    outer loop
      vertex 0 0.133413 -0.00881863
      vertex -0.00123692 0.134922 -0.00772953
      vertex 0 0.135043 -0.00772953
    endloop
  endfacet
  facet normal -0.0543048 0.554718 -0.830264
    outer loop
      vertex -0.000919342 0.133323 -0.00881863
      vertex -0.00123692 0.134922 -0.00772953
      vertex 0 0.133413 -0.00881863
    endloop
  endfacet
  facet normal 0.244191 0.297148 0.923078
    outer loop
      vertex 0.00261879 0.132619 0.00881863
      vertex 0.00205231 0.130753 0.00956917
      vertex 0.00333309 0.132032 0.00881863
    endloop
  endfacet
  facet normal 0.353891 0.430638 0.830248
    outer loop
      vertex 0.00448513 0.133185 0.00772953
      vertex 0.00261879 0.132619 0.00881863
      vertex 0.00333309 0.132032 0.00881863
    endloop
  endfacet
  facet normal 0.367927 0.111535 0.923141
    outer loop
      vertex 0.00435448 0.130504 0.00881863
      vertex 0.00268173 0.12981 0.00956917
      vertex 0.00462246 0.12962 0.00881863
    endloop
  endfacet
  facet normal 0.533364 0.161686 0.83029
    outer loop
      vertex 0.00622177 0.129937 0.00772953
      vertex 0.00435448 0.130504 0.00881863
      vertex 0.00462246 0.12962 0.00881863
    endloop
  endfacet
  facet normal -0.241906 0.79696 0.553477
    outer loop
      vertex -0.00172043 0.137349 0.00471306
      vertex -0.00295734 0.135841 0.00634384
      vertex -0.00150776 0.136281 0.00634384
    endloop
  endfacet
  facet normal -0.430685 0.353888 0.830225
    outer loop
      vertex -0.00448513 0.133185 0.00772953
      vertex -0.00527477 0.132224 0.00772953
      vertex -0.00333309 0.132032 0.00881863
    endloop
  endfacet
  facet normal -0.0957218 0.976226 0.194473
    outer loop
      vertex 0 0.138651 0.000979424
      vertex -0.00186634 0.138085 0.00290203
      vertex 0 0.138268 0.00290203
    endloop
  endfacet
  facet normal -0.0902397 0.920317 0.380622
    outer loop
      vertex 0 0.138268 0.00290203
      vertex -0.00186634 0.138085 0.00290203
      vertex 0 0.137519 0.00471306
    endloop
  endfacet
  facet normal 0.0819062 0.828825 0.55348
    outer loop
      vertex 0.00172043 0.137349 0.00471306
      vertex 0 0.13643 0.00634384
      vertex 0.00150776 0.136281 0.00634384
    endloop
  endfacet
  facet normal 0.16179 0.533405 0.830242
    outer loop
      vertex 0.0024271 0.134561 0.00772953
      vertex 0.00123692 0.134922 0.00772953
      vertex 0.0018034 0.133055 0.00881863
    endloop
  endfacet
  facet normal 0.643876 0.528121 0.553636
    outer loop
      vertex 0.0073328 0.133599 0.00471306
      vertex 0.00546551 0.134166 0.00634384
      vertex 0.00642681 0.132994 0.00634384
    endloop
  endfacet
  facet normal 0.643781 0.528479 0.553403
    outer loop
      vertex 0.00623608 0.134935 0.00471306
      vertex 0.00546551 0.134166 0.00634384
      vertex 0.0073328 0.133599 0.00471306
    endloop
  endfacet
  facet normal 0.392641 0.734658 0.553272
    outer loop
      vertex 0.00489902 0.136032 0.00471306
      vertex 0.0033741 0.136847 0.00471306
      vertex 0.0042944 0.135127 0.00634384
    endloop
  endfacet
  facet normal 0.758453 0.62212 0.194206
    outer loop
      vertex 0.00827408 0.134229 0.000979424
      vertex 0.00676632 0.135467 0.00290203
      vertex 0.0079565 0.134016 0.00290203
    endloop
  endfacet
  facet normal 0.449514 0.547678 0.705681
    outer loop
      vertex 0.0042944 0.135127 0.00634384
      vertex 0.00352383 0.133974 0.00772953
      vertex 0.00448513 0.133185 0.00772953
    endloop
  endfacet
  facet normal 0.586299 0.7146 0.381576
    outer loop
      vertex 0.00676632 0.135467 0.00290203
      vertex 0.00489902 0.136032 0.00471306
      vertex 0.00623608 0.134935 0.00471306
    endloop
  endfacet
  facet normal 0.124681 0.151068 0.980629
    outer loop
      vertex 0.00205231 0.130753 0.00956917
      vertex 0.000544548 0.129515 0.00995159
      vertex 0.000692368 0.129393 0.00995159
    endloop
  endfacet
  facet normal 0.11153 0.367906 0.92315
    outer loop
      vertex 0.000919342 0.133323 0.00881863
      vertex 0.000565529 0.131547 0.00956917
      vertex 0.0018034 0.133055 0.00881863
    endloop
  endfacet
  facet normal -0.0372086 0.382592 0.923168
    outer loop
      vertex 0 0.133413 0.00881863
      vertex -0.000565529 0.131547 0.00956917
      vertex 0 0.131602 0.00956917
    endloop
  endfacet
  facet normal -0.0374603 0.382654 0.923132
    outer loop
      vertex 0 0.133413 0.00881863
      vertex -0.000919342 0.133323 0.00881863
      vertex -0.000565529 0.131547 0.00956917
    endloop
  endfacet
  facet normal -0.435714 0.81525 0.381473
    outer loop
      vertex -0.00366116 0.137541 0.00290203
      vertex -0.00489902 0.136032 0.00471306
      vertex -0.0033741 0.136847 0.00471306
    endloop
  endfacet
  facet normal 0.205754 0.678349 0.705342
    outer loop
      vertex 0.00295734 0.135841 0.00634384
      vertex 0.00123692 0.134922 0.00772953
      vertex 0.0024271 0.134561 0.00772953
    endloop
  endfacet
  facet normal 0.20587 0.678239 0.705414
    outer loop
      vertex 0.00150776 0.136281 0.00634384
      vertex 0.00123692 0.134922 0.00772953
      vertex 0.00295734 0.135841 0.00634384
    endloop
  endfacet
  facet normal -0.367929 0.111589 0.923134
    outer loop
      vertex -0.00268173 0.12981 0.00956917
      vertex -0.00462246 0.12962 0.00881863
      vertex -0.00284672 0.129266 0.00956917
    endloop
  endfacet
  facet normal -0.297382 0.243886 0.923084
    outer loop
      vertex -0.00333309 0.132032 0.00881863
      vertex -0.00391865 0.131318 0.00881863
      vertex -0.00205231 0.130753 0.00956917
    endloop
  endfacet
  facet normal -0.19511 0.0190326 0.980597
    outer loop
      vertex -0.00284672 0.129266 0.00956917
      vertex -0.00290203 0.128699 0.00956917
      vertex -0.000961304 0.128891 0.00995159
    endloop
  endfacet
  facet normal -0.548033 0.449509 -0.705409
    outer loop
      vertex -0.00527477 0.132224 -0.00772953
      vertex -0.00642681 0.132994 -0.00634384
      vertex -0.00546551 0.134166 -0.00634384
    endloop
  endfacet
  facet normal -0.244191 0.297148 -0.923078
    outer loop
      vertex -0.00205231 0.130753 -0.00956917
      vertex -0.00333309 0.132032 -0.00881863
      vertex -0.00261879 0.132619 -0.00881863
    endloop
  endfacet
  facet normal -0.734375 0.392638 -0.553651
    outer loop
      vertex -0.00714111 0.131658 -0.00634384
      vertex -0.0073328 0.133599 -0.00471306
      vertex -0.00642681 0.132994 -0.00634384
    endloop
  endfacet
  facet normal -0.625098 0.333667 -0.705634
    outer loop
      vertex -0.00586033 0.131127 -0.00772953
      vertex -0.00714111 0.131658 -0.00634384
      vertex -0.00527477 0.132224 -0.00772953
    endloop
  endfacet
  facet normal -0.195083 -0.0213031 -0.980555
    outer loop
      vertex -0.000978878 0.128694 -0.00995159
      vertex -0.00104924 0.128699 -0.0099377
      vertex -0.000979424 0.128699 -0.00995159
    endloop
  endfacet
  facet normal -0.195032 -0.0215678 -0.98056
    outer loop
      vertex -0.00285478 0.128695 -0.00957848
      vertex -0.00290203 0.128699 -0.00956917
      vertex -0.00282028 0.128699 -0.00958543
    endloop
  endfacet
  facet normal -0.112038 0.367532 -0.923238
    outer loop
      vertex -0.00111008 0.131381 -0.00956917
      vertex -0.0018034 0.133055 -0.00881863
      vertex -0.000565529 0.131547 -0.00956917
    endloop
  endfacet
  facet normal -0.491193 0.262993 -0.8304
    outer loop
      vertex -0.00435448 0.130504 -0.00881863
      vertex -0.00527477 0.132224 -0.00772953
      vertex -0.00391865 0.131318 -0.00881863
    endloop
  endfacet
  facet normal 0.18758 0.0568913 0.9806
    outer loop
      vertex 0.00268173 0.12981 0.00956917
      vertex 0.000961304 0.128891 0.00995159
      vertex 0.00284672 0.129266 0.00956917
    endloop
  endfacet
  facet normal 0.195032 -0.0215678 0.98056
    outer loop
      vertex 0.00290203 0.128699 0.00956917
      vertex 0.00282028 0.128699 0.00958543
      vertex 0.00285478 0.128695 0.00957848
    endloop
  endfacet
  facet normal 0.195083 -0.0213031 0.980555
    outer loop
      vertex 0.000979424 0.128699 0.00995159
      vertex 0.000978878 0.128694 0.00995159
      vertex 0.00104924 0.128699 0.0099377
    endloop
  endfacet
  facet normal 0.557703 -0.0655301 0.82745
    outer loop
      vertex 0.00634384 0.128699 0.00772953
      vertex 0.0063361 0.128695 0.00773443
      vertex 0.00634337 0.128695 0.00772953
    endloop
  endfacet
  facet normal 0.704679 -0.0827997 0.704679
    outer loop
      vertex 0.00634384 0.128699 0.00772953
      vertex 0.00634337 0.128695 0.00772953
      vertex 0.00636631 0.128699 0.00770706
    endloop
  endfacet
  facet normal 0.705599 -0.0652679 0.705599
    outer loop
      vertex 0.00772953 0.128699 0.00634384
      vertex 0.00770706 0.128699 0.00636631
      vertex 0.00772489 0.128695 0.00634811
    endloop
  endfacet
  facet normal -0.828799 -0.0820511 0.553498
    outer loop
      vertex -0.00877279 0.128699 0.0047817
      vertex -0.00881863 0.128699 0.00471306
      vertex -0.00881764 0.128689 0.00471306
    endloop
  endfacet
  facet normal -0.828362 -0.0880022 0.553238
    outer loop
      vertex -0.00772953 0.128699 0.00634384
      vertex -0.00776468 0.128699 0.00629121
      vertex -0.00773185 0.128695 0.00633973
    endloop
  endfacet
  facet normal -0.828821 0.0817192 0.553514
    outer loop
      vertex -0.00877279 0.128699 0.0047817
      vertex -0.00758076 0.130208 0.00634384
      vertex -0.00881863 0.128699 0.00471306
    endloop
  endfacet
  facet normal -0.828819 0.0817129 0.553518
    outer loop
      vertex -0.00776468 0.128699 0.00629121
      vertex -0.00758076 0.130208 0.00634384
      vertex -0.00877279 0.128699 0.0047817
    endloop
  endfacet
  facet normal -0.828807 0.0817109 0.553536
    outer loop
      vertex -0.00758076 0.130208 0.00634384
      vertex -0.00776468 0.128699 0.00629121
      vertex -0.00772953 0.128699 0.00634384
    endloop
  endfacet
  facet normal 0.0542667 0.554741 -0.830252
    outer loop
      vertex 0.00123692 0.134922 -0.00772953
      vertex 0 0.133413 -0.00881863
      vertex 0 0.135043 -0.00772953
    endloop
  endfacet
  facet normal 0.0689744 0.705089 -0.705756
    outer loop
      vertex 0.00123692 0.134922 -0.00772953
      vertex 0 0.135043 -0.00772953
      vertex 0 0.13643 -0.00634384
    endloop
  endfacet
  facet normal 0.0372086 0.382592 -0.923168
    outer loop
      vertex 0.000565529 0.131547 -0.00956917
      vertex 0 0.131602 -0.00956917
      vertex 0 0.133413 -0.00881863
    endloop
  endfacet
  facet normal 0.11153 0.367906 -0.92315
    outer loop
      vertex 0.0018034 0.133055 -0.00881863
      vertex 0.000565529 0.131547 -0.00956917
      vertex 0.000919342 0.133323 -0.00881863
    endloop
  endfacet
  facet normal 0.297382 0.243886 -0.923084
    outer loop
      vertex 0.00391865 0.131318 -0.00881863
      vertex 0.00205231 0.130753 -0.00956917
      vertex 0.00333309 0.132032 -0.00881863
    endloop
  endfacet
  facet normal 0.338848 0.181527 -0.923163
    outer loop
      vertex 0.00268173 0.12981 -0.00956917
      vertex 0.0024128 0.130312 -0.00956917
      vertex 0.00391865 0.131318 -0.00881863
    endloop
  endfacet
  facet normal 0.151571 0.124176 -0.980615
    outer loop
      vertex 0.000814438 0.129244 -0.00995159
      vertex 0.000692368 0.129393 -0.00995159
      vertex 0.00205231 0.130753 -0.00956917
    endloop
  endfacet
  facet normal 0.297604 0.243273 -0.923174
    outer loop
      vertex 0.0024128 0.130312 -0.00956917
      vertex 0.00205231 0.130753 -0.00956917
      vertex 0.00391865 0.131318 -0.00881863
    endloop
  endfacet
  facet normal 0.557703 -0.0655301 -0.82745
    outer loop
      vertex 0.00634337 0.128695 -0.00772953
      vertex 0.0063361 0.128695 -0.00773443
      vertex 0.00634384 0.128699 -0.00772953
    endloop
  endfacet
  facet normal 0.586067 0.714982 -0.381218
    outer loop
      vertex 0.00676632 0.135467 -0.00290203
      vertex 0.00489902 0.136032 -0.00471306
      vertex 0.00531578 0.136656 -0.00290203
    endloop
  endfacet
  facet normal 0.462657 0.864995 -0.194248
    outer loop
      vertex 0.00531578 0.136656 -0.00290203
      vertex 0.00366116 0.137541 -0.00290203
      vertex 0.00552845 0.136974 -0.000979424
    endloop
  endfacet
  facet normal 0.865262 0.462202 -0.194143
    outer loop
      vertex 0.00884056 0.132361 -0.00290203
      vertex 0.0079565 0.134016 -0.00290203
      vertex 0.00919342 0.132508 -0.000979424
    endloop
  endfacet
  facet normal 0.938697 0.284932 -0.194067
    outer loop
      vertex 0.00938511 0.130567 -0.00290203
      vertex 0.00884056 0.132361 -0.00290203
      vertex 0.00919342 0.132508 -0.000979424
    endloop
  endfacet
  facet normal 0.643781 0.528479 -0.553403
    outer loop
      vertex 0.0073328 0.133599 -0.00471306
      vertex 0.00546551 0.134166 -0.00634384
      vertex 0.00623608 0.134935 -0.00471306
    endloop
  endfacet
  facet normal 0.714477 0.586513 -0.381478
    outer loop
      vertex 0.0073328 0.133599 -0.00471306
      vertex 0.00623608 0.134935 -0.00471306
      vertex 0.00676632 0.135467 -0.00290203
    endloop
  endfacet
  facet normal 0.828821 0.0817192 -0.553514
    outer loop
      vertex 0.00877279 0.128699 -0.0047817
      vertex 0.00758076 0.130208 -0.00634384
      vertex 0.00881863 0.128699 -0.00471306
    endloop
  endfacet
  facet normal 0.828819 0.0817129 -0.553518
    outer loop
      vertex 0.00776468 0.128699 -0.00629121
      vertex 0.00758076 0.130208 -0.00634384
      vertex 0.00877279 0.128699 -0.0047817
    endloop
  endfacet
  facet normal 0.828807 0.0817109 -0.553536
    outer loop
      vertex 0.00758076 0.130208 -0.00634384
      vertex 0.00776468 0.128699 -0.00629121
      vertex 0.00772953 0.128699 -0.00634384
    endloop
  endfacet
  facet normal 0.353891 0.430638 -0.830248
    outer loop
      vertex 0.00333309 0.132032 -0.00881863
      vertex 0.00261879 0.132619 -0.00881863
      vertex 0.00448513 0.133185 -0.00772953
    endloop
  endfacet
  facet normal 0.353728 0.430975 -0.830143
    outer loop
      vertex 0.00448513 0.133185 -0.00772953
      vertex 0.00261879 0.132619 -0.00881863
      vertex 0.00352383 0.133974 -0.00772953
    endloop
  endfacet
  facet normal 0.554548 0.0545521 -0.830362
    outer loop
      vertex 0.00462246 0.12962 -0.00881863
      vertex 0.00629121 0.128699 -0.00776468
      vertex 0.0047817 0.128699 -0.00877279
    endloop
  endfacet
  facet normal 0.554544 0.0545512 -0.830364
    outer loop
      vertex 0.00462246 0.12962 -0.00881863
      vertex 0.0047817 0.128699 -0.00877279
      vertex 0.00471306 0.128699 -0.00881863
    endloop
  endfacet
  facet normal 0.554564 0.0545975 -0.830348
    outer loop
      vertex 0.00629121 0.128699 -0.00776468
      vertex 0.00462246 0.12962 -0.00881863
      vertex 0.00634384 0.128699 -0.00772953
    endloop
  endfacet
  facet normal 0.367929 0.111589 -0.923134
    outer loop
      vertex 0.00284672 0.129266 -0.00956917
      vertex 0.00268173 0.12981 -0.00956917
      vertex 0.00462246 0.12962 -0.00881863
    endloop
  endfacet
  facet normal 0.382665 0.0376432 -0.92312
    outer loop
      vertex 0.00471306 0.128699 -0.00881863
      vertex 0.00284672 0.129266 -0.00956917
      vertex 0.00462246 0.12962 -0.00881863
    endloop
  endfacet
  facet normal 0.382589 0.0373239 -0.923164
    outer loop
      vertex 0.00284672 0.129266 -0.00956917
      vertex 0.00461937 0.128699 -0.00885745
      vertex 0.00299749 0.128699 -0.00952961
    endloop
  endfacet
  facet normal 0.382575 0.0373196 -0.92317
    outer loop
      vertex 0.00284672 0.129266 -0.00956917
      vertex 0.00299749 0.128699 -0.00952961
      vertex 0.00290203 0.128699 -0.00956917
    endloop
  endfacet
  facet normal 0.382524 0.0370729 -0.923201
    outer loop
      vertex 0.00461937 0.128699 -0.00885745
      vertex 0.00284672 0.129266 -0.00956917
      vertex 0.00471306 0.128699 -0.00881863
    endloop
  endfacet
  facet normal 0.195032 -0.0215678 -0.98056
    outer loop
      vertex 0.00285478 0.128695 -0.00957848
      vertex 0.00282028 0.128699 -0.00958543
      vertex 0.00290203 0.128699 -0.00956917
    endloop
  endfacet
  facet normal 0.195083 -0.0213031 -0.980555
    outer loop
      vertex 0.00104924 0.128699 -0.0099377
      vertex 0.000978878 0.128694 -0.00995159
      vertex 0.000979424 0.128699 -0.00995159
    endloop
  endfacet
  facet normal 0.977325 -0.0996871 -0.186813
    outer loop
      vertex 0.00995108 0.128694 -0.000979424
      vertex 0.00995013 0.128694 -0.000984394
      vertex 0.00995159 0.128699 -0.000979424
    endloop
  endfacet
  facet normal 0.976254 0.0963636 0.194018
    outer loop
      vertex 0.0097599 0.130641 0.000979424
      vertex 0.00938511 0.130567 0.00290203
      vertex 0.00995159 0.128699 0.000979424
    endloop
  endfacet
  facet normal 0.828807 0.0817109 0.553536
    outer loop
      vertex 0.00776468 0.128699 0.00629121
      vertex 0.00758076 0.130208 0.00634384
      vertex 0.00772953 0.128699 0.00634384
    endloop
  endfacet
  facet normal 0.828819 0.0817129 0.553518
    outer loop
      vertex 0.00877279 0.128699 0.0047817
      vertex 0.00758076 0.130208 0.00634384
      vertex 0.00776468 0.128699 0.00629121
    endloop
  endfacet
  facet normal 0.828821 0.0817192 0.553514
    outer loop
      vertex 0.00758076 0.130208 0.00634384
      vertex 0.00877279 0.128699 0.0047817
      vertex 0.00881863 0.128699 0.00471306
    endloop
  endfacet
  facet normal 0.828834 0.0817565 0.553489
    outer loop
      vertex 0.00864887 0.13042 0.00471306
      vertex 0.00758076 0.130208 0.00634384
      vertex 0.00881863 0.128699 0.00471306
    endloop
  endfacet
  facet normal -0.533409 0.162013 0.830197
    outer loop
      vertex -0.00586033 0.131127 0.00772953
      vertex -0.00622177 0.129937 0.00772953
      vertex -0.00435448 0.130504 0.00881863
    endloop
  endfacet
  facet normal -0.491814 0.262522 0.830181
    outer loop
      vertex -0.00527477 0.132224 0.00772953
      vertex -0.00586033 0.131127 0.00772953
      vertex -0.00435448 0.130504 0.00881863
    endloop
  endfacet
  facet normal -0.734713 0.39238 0.553384
    outer loop
      vertex -0.0073328 0.133599 0.00471306
      vertex -0.00814724 0.132074 0.00471306
      vertex -0.00714111 0.131658 0.00634384
    endloop
  endfacet
  facet normal -0.643876 0.528121 0.553636
    outer loop
      vertex -0.00546551 0.134166 0.00634384
      vertex -0.0073328 0.133599 0.00471306
      vertex -0.00642681 0.132994 0.00634384
    endloop
  endfacet
  facet normal -0.548033 0.449509 0.705409
    outer loop
      vertex -0.00546551 0.134166 0.00634384
      vertex -0.00642681 0.132994 0.00634384
      vertex -0.00527477 0.132224 0.00772953
    endloop
  endfacet
  facet normal -0.643781 0.528479 0.553403
    outer loop
      vertex -0.00623608 0.134935 0.00471306
      vertex -0.0073328 0.133599 0.00471306
      vertex -0.00546551 0.134166 0.00634384
    endloop
  endfacet
  facet normal -0.586067 0.714982 0.381218
    outer loop
      vertex -0.00531578 0.136656 0.00290203
      vertex -0.00676632 0.135467 0.00290203
      vertex -0.00489902 0.136032 0.00471306
    endloop
  endfacet
  facet normal -0.586299 0.7146 0.381576
    outer loop
      vertex -0.00489902 0.136032 0.00471306
      vertex -0.00676632 0.135467 0.00290203
      vertex -0.00623608 0.134935 0.00471306
    endloop
  endfacet
  facet normal -0.0909081 0.920006 -0.381214
    outer loop
      vertex -0.00172043 0.137349 -0.00471306
      vertex -0.00186634 0.138085 -0.00290203
      vertex 0 0.137519 -0.00471306
    endloop
  endfacet
  facet normal -0.26855 0.884647 -0.381156
    outer loop
      vertex -0.00172043 0.137349 -0.00471306
      vertex -0.0033741 0.136847 -0.00471306
      vertex -0.00186634 0.138085 -0.00290203
    endloop
  endfacet
  facet normal -0.392323 0.734678 -0.553472
    outer loop
      vertex -0.00295734 0.135841 -0.00634384
      vertex -0.0042944 0.135127 -0.00634384
      vertex -0.0033741 0.136847 -0.00471306
    endloop
  endfacet
  facet normal -0.435714 0.81525 -0.381473
    outer loop
      vertex -0.0033741 0.136847 -0.00471306
      vertex -0.00489902 0.136032 -0.00471306
      vertex -0.00366116 0.137541 -0.00290203
    endloop
  endfacet
  facet normal -0.772732 0.634732 0
    outer loop
      vertex -0.00827408 0.134229 -0.000979424
      vertex -0.00703621 0.135736 0.000979424
      vertex -0.00703621 0.135736 -0.000979424
    endloop
  endfacet
  facet normal -0.772732 0.634732 0
    outer loop
      vertex -0.00703621 0.135736 0.000979424
      vertex -0.00827408 0.134229 -0.000979424
      vertex -0.00827408 0.134229 0.000979424
    endloop
  endfacet
  facet normal -0.976254 0.0963636 -0.194018
    outer loop
      vertex -0.00938511 0.130567 -0.00290203
      vertex -0.00995159 0.128699 -0.000979424
      vertex -0.0097599 0.130641 -0.000979424
    endloop
  endfacet
  facet normal -0.714802 0.586315 -0.381173
    outer loop
      vertex -0.0073328 0.133599 -0.00471306
      vertex -0.0079565 0.134016 -0.00290203
      vertex -0.00676632 0.135467 -0.00290203
    endloop
  endfacet
  facet normal -0.815466 0.435602 -0.381138
    outer loop
      vertex -0.0073328 0.133599 -0.00471306
      vertex -0.00884056 0.132361 -0.00290203
      vertex -0.0079565 0.134016 -0.00290203
    endloop
  endfacet
  facet normal -0.557703 -0.0655301 -0.82745
    outer loop
      vertex -0.00634337 0.128695 -0.00772953
      vertex -0.00634384 0.128699 -0.00772953
      vertex -0.0063361 0.128695 -0.00773443
    endloop
  endfacet
  facet normal -0.88462 0.26829 -0.381402
    outer loop
      vertex -0.00864887 0.13042 -0.00471306
      vertex -0.00938511 0.130567 -0.00290203
      vertex -0.00814724 0.132074 -0.00471306
    endloop
  endfacet
  facet normal -0.88463 0.26852 -0.381218
    outer loop
      vertex -0.00814724 0.132074 -0.00471306
      vertex -0.00938511 0.130567 -0.00290203
      vertex -0.00884056 0.132361 -0.00290203
    endloop
  endfacet
  facet normal -0.919897 -0.0919897 -0.381219
    outer loop
      vertex -0.00956817 0.128689 -0.00290203
      vertex -0.00956917 0.128699 -0.00290203
      vertex -0.00952961 0.128699 -0.00299749
    endloop
  endfacet
  facet normal -0.919937 -0.0917842 -0.381171
    outer loop
      vertex -0.00882137 0.12869 -0.00470428
      vertex -0.00885745 0.128699 -0.00461937
      vertex -0.00881863 0.128699 -0.00471306
    endloop
  endfacet
  facet normal -0.976615 -0.0920383 -0.194299
    outer loop
      vertex -0.00995013 0.128694 -0.000984394
      vertex -0.00995159 0.128699 -0.000979424
      vertex -0.0099377 0.128699 -0.00104924
    endloop
  endfacet
  facet normal -0.976104 -0.0976104 -0.194146
    outer loop
      vertex -0.00956817 0.128689 -0.00290203
      vertex -0.00958543 0.128699 -0.00282028
      vertex -0.00956917 0.128699 -0.00290203
    endloop
  endfacet
  facet normal -0.333905 0.625281 -0.705359
    outer loop
      vertex -0.0024271 0.134561 -0.00772953
      vertex -0.0042944 0.135127 -0.00634384
      vertex -0.00295734 0.135841 -0.00634384
    endloop
  endfacet
  facet normal -0.33434 0.624669 -0.705695
    outer loop
      vertex -0.00352383 0.133974 -0.00772953
      vertex -0.0042944 0.135127 -0.00634384
      vertex -0.0024271 0.134561 -0.00772953
    endloop
  endfacet
  facet normal -0.11153 0.367906 -0.92315
    outer loop
      vertex -0.000565529 0.131547 -0.00956917
      vertex -0.0018034 0.133055 -0.00881863
      vertex -0.000919342 0.133323 -0.00881863
    endloop
  endfacet
  facet normal -0.161697 0.533393 -0.830269
    outer loop
      vertex -0.000919342 0.133323 -0.00881863
      vertex -0.0018034 0.133055 -0.00881863
      vertex -0.00123692 0.134922 -0.00772953
    endloop
  endfacet
  facet normal 0.449434 0.547697 0.705718
    outer loop
      vertex 0.00546551 0.134166 0.00634384
      vertex 0.0042944 0.135127 0.00634384
      vertex 0.00448513 0.133185 0.00772953
    endloop
  endfacet
  facet normal 0.263084 0.491537 0.830167
    outer loop
      vertex 0.00352383 0.133974 0.00772953
      vertex 0.0024271 0.134561 0.00772953
      vertex 0.00261879 0.132619 0.00881863
    endloop
  endfacet
  facet normal 0.172777 0.0925593 0.980602
    outer loop
      vertex 0.0024128 0.130312 0.00956917
      vertex 0.000905037 0.129075 0.00995159
      vertex 0.00268173 0.12981 0.00956917
    endloop
  endfacet
  facet normal 0.338848 0.181527 0.923163
    outer loop
      vertex 0.00391865 0.131318 0.00881863
      vertex 0.0024128 0.130312 0.00956917
      vertex 0.00268173 0.12981 0.00956917
    endloop
  endfacet
  facet normal 0.491814 0.262522 0.830181
    outer loop
      vertex 0.00527477 0.132224 0.00772953
      vertex 0.00435448 0.130504 0.00881863
      vertex 0.00586033 0.131127 0.00772953
    endloop
  endfacet
  facet normal 0.491193 0.262993 0.8304
    outer loop
      vertex 0.00527477 0.132224 0.00772953
      vertex 0.00391865 0.131318 0.00881863
      vertex 0.00435448 0.130504 0.00881863
    endloop
  endfacet
  facet normal -0.0689744 0.705089 0.705756
    outer loop
      vertex 0 0.13643 0.00634384
      vertex -0.00123692 0.134922 0.00772953
      vertex 0 0.135043 0.00772953
    endloop
  endfacet
  facet normal -0.0697059 0.705368 0.705406
    outer loop
      vertex 0 0.13643 0.00634384
      vertex -0.00150776 0.136281 0.00634384
      vertex -0.00123692 0.134922 0.00772953
    endloop
  endfacet
  facet normal 0.797073 0.241678 0.553414
    outer loop
      vertex 0.00814724 0.132074 0.00471306
      vertex 0.00714111 0.131658 0.00634384
      vertex 0.00758076 0.130208 0.00634384
    endloop
  endfacet
  facet normal 0.714802 0.586315 0.381173
    outer loop
      vertex 0.0079565 0.134016 0.00290203
      vertex 0.00676632 0.135467 0.00290203
      vertex 0.0073328 0.133599 0.00471306
    endloop
  endfacet
  facet normal 0.734713 0.39238 0.553384
    outer loop
      vertex 0.0073328 0.133599 0.00471306
      vertex 0.00714111 0.131658 0.00634384
      vertex 0.00814724 0.132074 0.00471306
    endloop
  endfacet
  facet normal 0.81548 0.435514 0.381209
    outer loop
      vertex 0.00884056 0.132361 0.00290203
      vertex 0.0073328 0.133599 0.00471306
      vertex 0.00814724 0.132074 0.00471306
    endloop
  endfacet
  facet normal 0.547401 0.449792 0.705719
    outer loop
      vertex 0.00546551 0.134166 0.00634384
      vertex 0.00448513 0.133185 0.00772953
      vertex 0.00527477 0.132224 0.00772953
    endloop
  endfacet
  facet normal 0.548033 0.449509 0.705409
    outer loop
      vertex 0.00546551 0.134166 0.00634384
      vertex 0.00527477 0.132224 0.00772953
      vertex 0.00642681 0.132994 0.00634384
    endloop
  endfacet
  facet normal 0.621861 0.758649 0.194268
    outer loop
      vertex 0.00552845 0.136974 0.000979424
      vertex 0.00531578 0.136656 0.00290203
      vertex 0.00676632 0.135467 0.00290203
    endloop
  endfacet
  facet normal 0.621861 0.758649 -0.194268
    outer loop
      vertex 0.00676632 0.135467 -0.00290203
      vertex 0.00531578 0.136656 -0.00290203
      vertex 0.00552845 0.136974 -0.000979424
    endloop
  endfacet
  facet normal 0.241932 0.796963 0.553461
    outer loop
      vertex 0.0033741 0.136847 0.00471306
      vertex 0.00172043 0.137349 0.00471306
      vertex 0.00295734 0.135841 0.00634384
    endloop
  endfacet
  facet normal 0.33434 0.624669 0.705695
    outer loop
      vertex 0.0042944 0.135127 0.00634384
      vertex 0.0024271 0.134561 0.00772953
      vertex 0.00352383 0.133974 0.00772953
    endloop
  endfacet
  facet normal 0.0571534 0.187488 0.980603
    outer loop
      vertex 0.000565529 0.131547 0.00956917
      vertex 0.000374794 0.129605 0.00995159
      vertex 0.00111008 0.131381 0.00956917
    endloop
  endfacet
  facet normal -0.0189752 0.195109 0.980598
    outer loop
      vertex 0 0.131602 0.00956917
      vertex -0.000565529 0.131547 0.00956917
      vertex 0 0.12968 0.00995159
    endloop
  endfacet
  facet normal 0.0543048 0.554718 0.830264
    outer loop
      vertex 0.00123692 0.134922 0.00772953
      vertex 0 0.133413 0.00881863
      vertex 0.000919342 0.133323 0.00881863
    endloop
  endfacet
  facet normal 0.0374603 0.382654 0.923132
    outer loop
      vertex 0.000919342 0.133323 0.00881863
      vertex 0 0.133413 0.00881863
      vertex 0.000565529 0.131547 0.00956917
    endloop
  endfacet
  facet normal -0.16179 0.533405 0.830242
    outer loop
      vertex -0.00123692 0.134922 0.00772953
      vertex -0.0024271 0.134561 0.00772953
      vertex -0.0018034 0.133055 0.00881863
    endloop
  endfacet
  facet normal -0.205754 0.678349 0.705342
    outer loop
      vertex -0.00123692 0.134922 0.00772953
      vertex -0.00295734 0.135841 0.00634384
      vertex -0.0024271 0.134561 0.00772953
    endloop
  endfacet
  facet normal -0.0543048 0.554718 0.830264
    outer loop
      vertex 0 0.133413 0.00881863
      vertex -0.00123692 0.134922 0.00772953
      vertex -0.000919342 0.133323 0.00881863
    endloop
  endfacet
  facet normal -0.161697 0.533393 0.830269
    outer loop
      vertex -0.00123692 0.134922 0.00772953
      vertex -0.0018034 0.133055 0.00881863
      vertex -0.000919342 0.133323 0.00881863
    endloop
  endfacet
  facet normal -0.17274 0.0926041 0.980605
    outer loop
      vertex -0.000814438 0.129244 0.00995159
      vertex -0.0024128 0.130312 0.00956917
      vertex -0.000905037 0.129075 0.00995159
    endloop
  endfacet
  facet normal -0.172777 0.0925593 0.980602
    outer loop
      vertex -0.0024128 0.130312 0.00956917
      vertex -0.00268173 0.12981 0.00956917
      vertex -0.000905037 0.129075 0.00995159
    endloop
  endfacet
  facet normal -0.449434 0.547697 -0.705718
    outer loop
      vertex -0.00448513 0.133185 -0.00772953
      vertex -0.00546551 0.134166 -0.00634384
      vertex -0.0042944 0.135127 -0.00634384
    endloop
  endfacet
  facet normal -0.449514 0.547678 -0.705681
    outer loop
      vertex -0.00352383 0.133974 -0.00772953
      vertex -0.00448513 0.133185 -0.00772953
      vertex -0.0042944 0.135127 -0.00634384
    endloop
  endfacet
  facet normal -0.338848 0.181527 -0.923163
    outer loop
      vertex -0.00268173 0.12981 -0.00956917
      vertex -0.00391865 0.131318 -0.00881863
      vertex -0.0024128 0.130312 -0.00956917
    endloop
  endfacet
  facet normal -0.18758 0.0568913 -0.9806
    outer loop
      vertex -0.000961304 0.128891 -0.00995159
      vertex -0.00284672 0.129266 -0.00956917
      vertex -0.00268173 0.12981 -0.00956917
    endloop
  endfacet
  facet normal -0.705389 0.0695532 -0.7054
    outer loop
      vertex -0.00634384 0.128699 -0.00772953
      vertex -0.00758076 0.130208 -0.00634384
      vertex -0.00622177 0.129937 -0.00772953
    endloop
  endfacet
  facet normal -0.678022 0.205936 -0.705604
    outer loop
      vertex -0.00622177 0.129937 -0.00772953
      vertex -0.00714111 0.131658 -0.00634384
      vertex -0.00586033 0.131127 -0.00772953
    endloop
  endfacet
  facet normal -0.338918 0.181463 -0.92315
    outer loop
      vertex -0.00268173 0.12981 -0.00956917
      vertex -0.00435448 0.130504 -0.00881863
      vertex -0.00391865 0.131318 -0.00881863
    endloop
  endfacet
  facet normal -0.382575 0.0373196 -0.92317
    outer loop
      vertex -0.00299749 0.128699 -0.00952961
      vertex -0.00284672 0.129266 -0.00956917
      vertex -0.00290203 0.128699 -0.00956917
    endloop
  endfacet
  facet normal -0.382589 0.0373239 -0.923164
    outer loop
      vertex -0.00461937 0.128699 -0.00885745
      vertex -0.00284672 0.129266 -0.00956917
      vertex -0.00299749 0.128699 -0.00952961
    endloop
  endfacet
  facet normal -0.382524 0.0370729 -0.923201
    outer loop
      vertex -0.00284672 0.129266 -0.00956917
      vertex -0.00461937 0.128699 -0.00885745
      vertex -0.00471306 0.128699 -0.00881863
    endloop
  endfacet
  facet normal -0.297382 0.243886 -0.923084
    outer loop
      vertex -0.00205231 0.130753 -0.00956917
      vertex -0.00391865 0.131318 -0.00881863
      vertex -0.00333309 0.132032 -0.00881863
    endloop
  endfacet
  facet normal -0.19511 0.0190326 -0.980597
    outer loop
      vertex -0.000961304 0.128891 -0.00995159
      vertex -0.00290203 0.128699 -0.00956917
      vertex -0.00284672 0.129266 -0.00956917
    endloop
  endfacet
  facet normal -0.382453 -0.0417734 -0.92303
    outer loop
      vertex -0.00468763 0.128692 -0.00882885
      vertex -0.00471306 0.128699 -0.00881863
      vertex -0.00461937 0.128699 -0.00885745
    endloop
  endfacet
  facet normal -0.382582 -0.0368669 -0.923186
    outer loop
      vertex -0.00290097 0.128688 -0.00956917
      vertex -0.00299749 0.128699 -0.00952961
      vertex -0.00290203 0.128699 -0.00956917
    endloop
  endfacet
  facet normal 0.194816 -0.0187731 0.98066
    outer loop
      vertex 0.00290203 0.128699 0.00956917
      vertex 0.00285478 0.128695 0.00957848
      vertex 0.00290097 0.128688 0.00956917
    endloop
  endfacet
  facet normal 0.382582 -0.0368669 0.923186
    outer loop
      vertex 0.00290203 0.128699 0.00956917
      vertex 0.00290097 0.128688 0.00956917
      vertex 0.00299749 0.128699 0.00952961
    endloop
  endfacet
  facet normal 0.382453 -0.0417734 0.92303
    outer loop
      vertex 0.00471306 0.128699 0.00881863
      vertex 0.00461937 0.128699 0.00885745
      vertex 0.00468763 0.128692 0.00882885
    endloop
  endfacet
  facet normal 0.382524 0.0370729 0.923201
    outer loop
      vertex 0.00284672 0.129266 0.00956917
      vertex 0.00461937 0.128699 0.00885745
      vertex 0.00471306 0.128699 0.00881863
    endloop
  endfacet
  facet normal 0.382589 0.0373239 0.923164
    outer loop
      vertex 0.00461937 0.128699 0.00885745
      vertex 0.00284672 0.129266 0.00956917
      vertex 0.00299749 0.128699 0.00952961
    endloop
  endfacet
  facet normal 0.382575 0.0373196 0.92317
    outer loop
      vertex 0.00299749 0.128699 0.00952961
      vertex 0.00284672 0.129266 0.00956917
      vertex 0.00290203 0.128699 0.00956917
    endloop
  endfacet
  facet normal 0.0374603 0.382654 -0.923132
    outer loop
      vertex 0.000565529 0.131547 -0.00956917
      vertex 0 0.133413 -0.00881863
      vertex 0.000919342 0.133323 -0.00881863
    endloop
  endfacet
  facet normal 0.0543048 0.554718 -0.830264
    outer loop
      vertex 0.000919342 0.133323 -0.00881863
      vertex 0 0.133413 -0.00881863
      vertex 0.00123692 0.134922 -0.00772953
    endloop
  endfacet
  facet normal 0.0922327 0.172964 -0.9806
    outer loop
      vertex 0.00161266 0.131113 -0.00956917
      vertex 0.000374794 0.129605 -0.00995159
      vertex 0.00111008 0.131381 -0.00956917
    endloop
  endfacet
  facet normal 0.0571534 0.187488 -0.980603
    outer loop
      vertex 0.00111008 0.131381 -0.00956917
      vertex 0.000374794 0.129605 -0.00995159
      vertex 0.000565529 0.131547 -0.00956917
    endloop
  endfacet
  facet normal 0.124186 0.151662 -0.9806
    outer loop
      vertex 0.00205231 0.130753 -0.00956917
      vertex 0.000544548 0.129515 -0.00995159
      vertex 0.00161266 0.131113 -0.00956917
    endloop
  endfacet
  facet normal 0.124681 0.151068 -0.980629
    outer loop
      vertex 0.000692368 0.129393 -0.00995159
      vertex 0.000544548 0.129515 -0.00995159
      vertex 0.00205231 0.130753 -0.00956917
    endloop
  endfacet
  facet normal 0.172777 0.0925593 -0.980602
    outer loop
      vertex 0.00268173 0.12981 -0.00956917
      vertex 0.000905037 0.129075 -0.00995159
      vertex 0.0024128 0.130312 -0.00956917
    endloop
  endfacet
  facet normal 0.151738 0.124037 -0.980607
    outer loop
      vertex 0.0024128 0.130312 -0.00956917
      vertex 0.000814438 0.129244 -0.00995159
      vertex 0.00205231 0.130753 -0.00956917
    endloop
  endfacet
  facet normal 0.882039 0.471176 0
    outer loop
      vertex 0.00919342 0.132508 0.000979424
      vertex 0.00827408 0.134229 -0.000979424
      vertex 0.00827408 0.134229 0.000979424
    endloop
  endfacet
  facet normal 0.882039 0.471176 0
    outer loop
      vertex 0.00827408 0.134229 -0.000979424
      vertex 0.00919342 0.132508 0.000979424
      vertex 0.00919342 0.132508 -0.000979424
    endloop
  endfacet
  facet normal 0.956922 0.290347 0
    outer loop
      vertex 0.0097599 0.130641 0.000979424
      vertex 0.00919342 0.132508 -0.000979424
      vertex 0.00919342 0.132508 0.000979424
    endloop
  endfacet
  facet normal 0.956922 0.290347 0
    outer loop
      vertex 0.00919342 0.132508 -0.000979424
      vertex 0.0097599 0.130641 0.000979424
      vertex 0.0097599 0.130641 -0.000979424
    endloop
  endfacet
  facet normal 0.548033 0.449509 -0.705409
    outer loop
      vertex 0.00642681 0.132994 -0.00634384
      vertex 0.00527477 0.132224 -0.00772953
      vertex 0.00546551 0.134166 -0.00634384
    endloop
  endfacet
  facet normal 0.643876 0.528121 -0.553636
    outer loop
      vertex 0.00642681 0.132994 -0.00634384
      vertex 0.00546551 0.134166 -0.00634384
      vertex 0.0073328 0.133599 -0.00471306
    endloop
  endfacet
  facet normal 0.712197 -0.0819026 -0.697186
    outer loop
      vertex 0.00772907 0.128695 -0.00634384
      vertex 0.00772489 0.128695 -0.00634811
      vertex 0.00772953 0.128699 -0.00634384
    endloop
  endfacet
  facet normal 0.704679 -0.0827997 -0.704679
    outer loop
      vertex 0.00636631 0.128699 -0.00770706
      vertex 0.00634337 0.128695 -0.00772953
      vertex 0.00634384 0.128699 -0.00772953
    endloop
  endfacet
  facet normal 0.705599 -0.0652679 -0.705599
    outer loop
      vertex 0.00772489 0.128695 -0.00634811
      vertex 0.00770706 0.128699 -0.00636631
      vertex 0.00772953 0.128699 -0.00634384
    endloop
  endfacet
  facet normal 0.828799 -0.0820511 -0.553498
    outer loop
      vertex 0.00881764 0.128689 -0.00471306
      vertex 0.00877279 0.128699 -0.0047817
      vertex 0.00881863 0.128699 -0.00471306
    endloop
  endfacet
  facet normal 0.828362 -0.0880022 -0.553238
    outer loop
      vertex 0.00773185 0.128695 -0.00633973
      vertex 0.00772953 0.128699 -0.00634384
      vertex 0.00776468 0.128699 -0.00629121
    endloop
  endfacet
  facet normal -0.734375 0.392638 0.553651
    outer loop
      vertex -0.00642681 0.132994 0.00634384
      vertex -0.0073328 0.133599 0.00471306
      vertex -0.00714111 0.131658 0.00634384
    endloop
  endfacet
  facet normal -0.625082 0.334204 0.705393
    outer loop
      vertex -0.00642681 0.132994 0.00634384
      vertex -0.00714111 0.131658 0.00634384
      vertex -0.00527477 0.132224 0.00772953
    endloop
  endfacet
  facet normal -0.758453 0.62212 0.194206
    outer loop
      vertex -0.00676632 0.135467 0.00290203
      vertex -0.00827408 0.134229 0.000979424
      vertex -0.0079565 0.134016 0.00290203
    endloop
  endfacet
  facet normal -0.865259 0.462212 0.194132
    outer loop
      vertex -0.00827408 0.134229 0.000979424
      vertex -0.00919342 0.132508 0.000979424
      vertex -0.0079565 0.134016 0.00290203
    endloop
  endfacet
  facet normal -0.622589 0.758251 0.193488
    outer loop
      vertex -0.00552845 0.136974 0.000979424
      vertex -0.00703621 0.135736 0.000979424
      vertex -0.00676632 0.135467 0.00290203
    endloop
  endfacet
  facet normal -0.97624 0.096192 -0.194173
    outer loop
      vertex -0.00958543 0.128699 -0.00282028
      vertex -0.00938511 0.130567 -0.00290203
      vertex -0.00956917 0.128699 -0.00290203
    endloop
  endfacet
  facet normal -0.976238 0.0961916 -0.194179
    outer loop
      vertex -0.0099377 0.128699 -0.00104924
      vertex -0.00938511 0.130567 -0.00290203
      vertex -0.00958543 0.128699 -0.00282028
    endloop
  endfacet
  facet normal -0.976234 0.0961468 -0.194223
    outer loop
      vertex -0.00938511 0.130567 -0.00290203
      vertex -0.0099377 0.128699 -0.00104924
      vertex -0.00995159 0.128699 -0.000979424
    endloop
  endfacet
  facet normal -0.797073 0.241678 -0.553414
    outer loop
      vertex -0.00758076 0.130208 -0.00634384
      vertex -0.00814724 0.132074 -0.00471306
      vertex -0.00714111 0.131658 -0.00634384
    endloop
  endfacet
  facet normal -0.79703 0.241726 -0.553454
    outer loop
      vertex -0.00758076 0.130208 -0.00634384
      vertex -0.00864887 0.13042 -0.00471306
      vertex -0.00814724 0.132074 -0.00471306
    endloop
  endfacet
  facet normal 0.151738 0.124037 0.980607
    outer loop
      vertex 0.00205231 0.130753 0.00956917
      vertex 0.000814438 0.129244 0.00995159
      vertex 0.0024128 0.130312 0.00956917
    endloop
  endfacet
  facet normal 0.151571 0.124176 0.980615
    outer loop
      vertex 0.00205231 0.130753 0.00956917
      vertex 0.000692368 0.129393 0.00995159
      vertex 0.000814438 0.129244 0.00995159
    endloop
  endfacet
  facet normal -0.449514 0.547678 0.705681
    outer loop
      vertex -0.0042944 0.135127 0.00634384
      vertex -0.00448513 0.133185 0.00772953
      vertex -0.00352383 0.133974 0.00772953
    endloop
  endfacet
  facet normal -0.262839 0.491552 0.830236
    outer loop
      vertex -0.0024271 0.134561 0.00772953
      vertex -0.00261879 0.132619 0.00881863
      vertex -0.0018034 0.133055 0.00881863
    endloop
  endfacet
  facet normal 0.528396 0.643922 0.553319
    outer loop
      vertex 0.00623608 0.134935 0.00471306
      vertex 0.0042944 0.135127 0.00634384
      vertex 0.00546551 0.134166 0.00634384
    endloop
  endfacet
  facet normal 0.528364 0.643987 0.553274
    outer loop
      vertex 0.00489902 0.136032 0.00471306
      vertex 0.0042944 0.135127 0.00634384
      vertex 0.00623608 0.134935 0.00471306
    endloop
  endfacet
  facet normal 0.622589 0.758251 0.193488
    outer loop
      vertex 0.00703621 0.135736 0.000979424
      vertex 0.00552845 0.136974 0.000979424
      vertex 0.00676632 0.135467 0.00290203
    endloop
  endfacet
  facet normal 0.75812 0.62273 0.193551
    outer loop
      vertex 0.00703621 0.135736 0.000979424
      vertex 0.00676632 0.135467 0.00290203
      vertex 0.00827408 0.134229 0.000979424
    endloop
  endfacet
  facet normal 0.462586 0.865052 -0.194163
    outer loop
      vertex 0.00552845 0.136974 -0.000979424
      vertex 0.00366116 0.137541 -0.00290203
      vertex 0.00380802 0.137894 -0.000979424
    endloop
  endfacet
  facet normal 0.284547 0.938806 -0.194105
    outer loop
      vertex 0.00366116 0.137541 -0.00290203
      vertex 0.00186634 0.138085 -0.00290203
      vertex 0.00380802 0.137894 -0.000979424
    endloop
  endfacet
  facet normal 0.436024 0.815202 0.381221
    outer loop
      vertex 0.00531578 0.136656 0.00290203
      vertex 0.00366116 0.137541 0.00290203
      vertex 0.00489902 0.136032 0.00471306
    endloop
  endfacet
  facet normal 0.586067 0.714982 0.381218
    outer loop
      vertex 0.00531578 0.136656 0.00290203
      vertex 0.00489902 0.136032 0.00471306
      vertex 0.00676632 0.135467 0.00290203
    endloop
  endfacet
  facet normal 0.124186 0.151662 0.9806
    outer loop
      vertex 0.00161266 0.131113 0.00956917
      vertex 0.000544548 0.129515 0.00995159
      vertex 0.00205231 0.130753 0.00956917
    endloop
  endfacet
  facet normal 0.243515 0.297393 0.923178
    outer loop
      vertex 0.00261879 0.132619 0.00881863
      vertex 0.00161266 0.131113 0.00956917
      vertex 0.00205231 0.130753 0.00956917
    endloop
  endfacet
  facet normal 0.0194226 0.194977 0.980615
    outer loop
      vertex 0.000565529 0.131547 0.00956917
      vertex 0 0.12968 0.00995159
      vertex 0.000190735 0.129661 0.00995159
    endloop
  endfacet
  facet normal -0.151738 0.124037 0.980607
    outer loop
      vertex -0.00205231 0.130753 0.00956917
      vertex -0.0024128 0.130312 0.00956917
      vertex -0.000814438 0.129244 0.00995159
    endloop
  endfacet
  facet normal -0.430831 0.35333 0.830387
    outer loop
      vertex -0.00333309 0.132032 0.00881863
      vertex -0.00527477 0.132224 0.00772953
      vertex -0.00391865 0.131318 0.00881863
    endloop
  endfacet
  facet normal -0.180798 0.339051 0.923232
    outer loop
      vertex -0.00111008 0.131381 0.00956917
      vertex -0.0018034 0.133055 0.00881863
      vertex -0.00161266 0.131113 0.00956917
    endloop
  endfacet
  facet normal -0.0922327 0.172964 0.9806
    outer loop
      vertex -0.00111008 0.131381 0.00956917
      vertex -0.00161266 0.131113 0.00956917
      vertex -0.000374794 0.129605 0.00995159
    endloop
  endfacet
  facet normal -0.187368 0.0572968 0.980617
    outer loop
      vertex -0.000905037 0.129075 0.00995159
      vertex -0.00268173 0.12981 0.00956917
      vertex -0.000961304 0.128891 0.00995159
    endloop
  endfacet
  facet normal -0.17274 0.0926041 -0.980605
    outer loop
      vertex -0.000905037 0.129075 -0.00995159
      vertex -0.0024128 0.130312 -0.00956917
      vertex -0.000814438 0.129244 -0.00995159
    endloop
  endfacet
  facet normal -0.430831 0.35333 -0.830387
    outer loop
      vertex -0.00391865 0.131318 -0.00881863
      vertex -0.00527477 0.132224 -0.00772953
      vertex -0.00333309 0.132032 -0.00881863
    endloop
  endfacet
  facet normal -0.195094 0.018412 -0.980612
    outer loop
      vertex -0.00104924 0.128699 -0.0099377
      vertex -0.000961304 0.128891 -0.00995159
      vertex -0.000979424 0.128699 -0.00995159
    endloop
  endfacet
  facet normal -0.195051 0.0183916 -0.980621
    outer loop
      vertex -0.00282028 0.128699 -0.00958543
      vertex -0.000961304 0.128891 -0.00995159
      vertex -0.00104924 0.128699 -0.0099377
    endloop
  endfacet
  facet normal -0.195045 0.0183286 -0.980623
    outer loop
      vertex -0.000961304 0.128891 -0.00995159
      vertex -0.00282028 0.128699 -0.00958543
      vertex -0.00290203 0.128699 -0.00956917
    endloop
  endfacet
  facet normal 0 0 -1
    outer loop
      vertex 0.000943392 0.128699 -0.00995159
      vertex 0.000979424 0.128699 -0.00995159
      vertex 0.000978878 0.128694 -0.00995159
    endloop
  endfacet
  facet normal 0 0 -1
    outer loop
      vertex 0.000979424 0.128699 -0.00995159
      vertex 0.000943392 0.128699 -0.00995159
      vertex 0.000961304 0.128891 -0.00995159
    endloop
  endfacet
  facet normal 0 0 -1
    outer loop
      vertex 0.000943392 0.128699 -0.00995159
      vertex 0.000905037 0.129075 -0.00995159
      vertex 0.000961304 0.128891 -0.00995159
    endloop
  endfacet
  facet normal 0 0 -1
    outer loop
      vertex 0.000943392 0.128699 -0.00995159
      vertex 0.000814438 0.129244 -0.00995159
      vertex 0.000905037 0.129075 -0.00995159
    endloop
  endfacet
  facet normal 0 0 -1
    outer loop
      vertex 0.000943392 0.128699 -0.00995159
      vertex 0.000692368 0.129393 -0.00995159
      vertex 0.000814438 0.129244 -0.00995159
    endloop
  endfacet
  facet normal 0 0 -1
    outer loop
      vertex 0.000943392 0.128699 -0.00995159
      vertex 0.000544548 0.129515 -0.00995159
      vertex 0.000692368 0.129393 -0.00995159
    endloop
  endfacet
  facet normal 0 0 -1
    outer loop
      vertex 0.000943392 0.128699 -0.00995159
      vertex 0.000374794 0.129605 -0.00995159
      vertex 0.000544548 0.129515 -0.00995159
    endloop
  endfacet
  facet normal 0 0 -1
    outer loop
      vertex 0.000943392 0.128699 -0.00995159
      vertex 0.000190735 0.129661 -0.00995159
      vertex 0.000374794 0.129605 -0.00995159
    endloop
  endfacet
  facet normal 0 0 -1
    outer loop
      vertex 0.000943392 0.128699 -0.00995159
      vertex 0 0.12968 -0.00995159
      vertex 0.000190735 0.129661 -0.00995159
    endloop
  endfacet
  facet normal 0 0 -1
    outer loop
      vertex 0.000943392 0.128699 -0.00995159
      vertex -0.000190735 0.129661 -0.00995159
      vertex 0 0.12968 -0.00995159
    endloop
  endfacet
  facet normal 0 0 -1
    outer loop
      vertex -0.000943392 0.128699 -0.00995159
      vertex -0.000190735 0.129661 -0.00995159
      vertex 0.000943392 0.128699 -0.00995159
    endloop
  endfacet
  facet normal 0 0 -1
    outer loop
      vertex -0.000190735 0.129661 -0.00995159
      vertex -0.000943392 0.128699 -0.00995159
      vertex -0.000374794 0.129605 -0.00995159
    endloop
  endfacet
  facet normal 0 0 -1
    outer loop
      vertex -0.000374794 0.129605 -0.00995159
      vertex -0.000943392 0.128699 -0.00995159
      vertex -0.000544548 0.129515 -0.00995159
    endloop
  endfacet
  facet normal 0 0 -1
    outer loop
      vertex -0.000544548 0.129515 -0.00995159
      vertex -0.000943392 0.128699 -0.00995159
      vertex -0.000692368 0.129393 -0.00995159
    endloop
  endfacet
  facet normal 0 0 -1
    outer loop
      vertex -0.000692368 0.129393 -0.00995159
      vertex -0.000943392 0.128699 -0.00995159
      vertex -0.000814438 0.129244 -0.00995159
    endloop
  endfacet
  facet normal 0 0 -1
    outer loop
      vertex -0.000814438 0.129244 -0.00995159
      vertex -0.000943392 0.128699 -0.00995159
      vertex -0.000905037 0.129075 -0.00995159
    endloop
  endfacet
  facet normal 0 0 -1
    outer loop
      vertex -0.000943392 0.128699 -0.00995159
      vertex -0.000961304 0.128891 -0.00995159
      vertex -0.000905037 0.129075 -0.00995159
    endloop
  endfacet
  facet normal 0 0 -1
    outer loop
      vertex -0.000979424 0.128699 -0.00995159
      vertex -0.000943392 0.128699 -0.00995159
      vertex -0.000978878 0.128694 -0.00995159
    endloop
  endfacet
  facet normal 0 0 -1
    outer loop
      vertex -0.000943392 0.128699 -0.00995159
      vertex -0.000979424 0.128699 -0.00995159
      vertex -0.000961304 0.128891 -0.00995159
    endloop
  endfacet
  facet normal -0.554465 -0.0571099 -0.830245
    outer loop
      vertex -0.00471203 0.128689 -0.00881863
      vertex -0.0047817 0.128699 -0.00877279
      vertex -0.00471306 0.128699 -0.00881863
    endloop
  endfacet
  facet normal -0.554524 -0.055902 -0.830288
    outer loop
      vertex -0.0063361 0.128695 -0.00773443
      vertex -0.00634384 0.128699 -0.00772953
      vertex -0.00629121 0.128699 -0.00776468
    endloop
  endfacet
  facet normal -0.554544 0.0545512 -0.830364
    outer loop
      vertex -0.0047817 0.128699 -0.00877279
      vertex -0.00462246 0.12962 -0.00881863
      vertex -0.00471306 0.128699 -0.00881863
    endloop
  endfacet
  facet normal -0.554548 0.0545521 -0.830362
    outer loop
      vertex -0.00629121 0.128699 -0.00776468
      vertex -0.00462246 0.12962 -0.00881863
      vertex -0.0047817 0.128699 -0.00877279
    endloop
  endfacet
  facet normal -0.554564 0.0545975 -0.830348
    outer loop
      vertex -0.00462246 0.12962 -0.00881863
      vertex -0.00629121 0.128699 -0.00776468
      vertex -0.00634384 0.128699 -0.00772953
    endloop
  endfacet
  facet normal -0.381915 -0.0393372 -0.92336
    outer loop
      vertex -0.00471203 0.128689 -0.00881863
      vertex -0.00471306 0.128699 -0.00881863
      vertex -0.00468763 0.128692 -0.00882885
    endloop
  endfacet
  facet normal 0.0194226 0.194977 -0.980615
    outer loop
      vertex 0.000190735 0.129661 -0.00995159
      vertex 0 0.12968 -0.00995159
      vertex 0.000565529 0.131547 -0.00956917
    endloop
  endfacet
  facet normal -0.0571534 0.187488 -0.980603
    outer loop
      vertex -0.000374794 0.129605 -0.00995159
      vertex -0.00111008 0.131381 -0.00956917
      vertex -0.000565529 0.131547 -0.00956917
    endloop
  endfacet
  facet normal -0.0922327 0.172964 -0.9806
    outer loop
      vertex -0.000374794 0.129605 -0.00995159
      vertex -0.00161266 0.131113 -0.00956917
      vertex -0.00111008 0.131381 -0.00956917
    endloop
  endfacet
  facet normal -0.533409 0.162013 -0.830197
    outer loop
      vertex -0.00435448 0.130504 -0.00881863
      vertex -0.00622177 0.129937 -0.00772953
      vertex -0.00586033 0.131127 -0.00772953
    endloop
  endfacet
  facet normal -0.491814 0.262522 -0.830181
    outer loop
      vertex -0.00435448 0.130504 -0.00881863
      vertex -0.00586033 0.131127 -0.00772953
      vertex -0.00527477 0.132224 -0.00772953
    endloop
  endfacet
  facet normal -0.151738 0.124037 -0.980607
    outer loop
      vertex -0.000814438 0.129244 -0.00995159
      vertex -0.0024128 0.130312 -0.00956917
      vertex -0.00205231 0.130753 -0.00956917
    endloop
  endfacet
  facet normal -0.297604 0.243273 -0.923174
    outer loop
      vertex -0.0024128 0.130312 -0.00956917
      vertex -0.00391865 0.131318 -0.00881863
      vertex -0.00205231 0.130753 -0.00956917
    endloop
  endfacet
  facet normal 0.18758 0.0568913 -0.9806
    outer loop
      vertex 0.00284672 0.129266 -0.00956917
      vertex 0.000961304 0.128891 -0.00995159
      vertex 0.00268173 0.12981 -0.00956917
    endloop
  endfacet
  facet normal 0.19511 0.0190326 -0.980597
    outer loop
      vertex 0.00290203 0.128699 -0.00956917
      vertex 0.000961304 0.128891 -0.00995159
      vertex 0.00284672 0.129266 -0.00956917
    endloop
  endfacet
  facet normal 0.17274 0.0926041 -0.980605
    outer loop
      vertex 0.000905037 0.129075 -0.00995159
      vertex 0.000814438 0.129244 -0.00995159
      vertex 0.0024128 0.130312 -0.00956917
    endloop
  endfacet
  facet normal 0.824578 -0.0948265 -0.557744
    outer loop
      vertex 0.00773185 0.128695 -0.00633973
      vertex 0.00772907 0.128695 -0.00634384
      vertex 0.00772953 0.128699 -0.00634384
    endloop
  endfacet
  facet normal -0.920039 0.0905812 -0.381214
    outer loop
      vertex -0.00885745 0.128699 -0.00461937
      vertex -0.00938511 0.130567 -0.00290203
      vertex -0.00881863 0.128699 -0.00471306
    endloop
  endfacet
  facet normal -0.920004 0.0906518 -0.38128
    outer loop
      vertex -0.00952961 0.128699 -0.00299749
      vertex -0.00938511 0.130567 -0.00290203
      vertex -0.00885745 0.128699 -0.00461937
    endloop
  endfacet
  facet normal -0.92001 0.0906515 -0.381266
    outer loop
      vertex -0.00938511 0.130567 -0.00290203
      vertex -0.00952961 0.128699 -0.00299749
      vertex -0.00956917 0.128699 -0.00290203
    endloop
  endfacet
  facet normal -0.919962 0.0907454 -0.381359
    outer loop
      vertex -0.00881863 0.128699 -0.00471306
      vertex -0.00938511 0.130567 -0.00290203
      vertex -0.00864887 0.13042 -0.00471306
    endloop
  endfacet
  facet normal -0.705395 0.0695438 -0.705395
    outer loop
      vertex -0.00636631 0.128699 -0.00770706
      vertex -0.00758076 0.130208 -0.00634384
      vertex -0.00634384 0.128699 -0.00772953
    endloop
  endfacet
  facet normal -0.705395 0.0695438 -0.705395
    outer loop
      vertex -0.00770706 0.128699 -0.00636631
      vertex -0.00758076 0.130208 -0.00634384
      vertex -0.00636631 0.128699 -0.00770706
    endloop
  endfacet
  facet normal -0.705395 0.0695438 -0.705395
    outer loop
      vertex -0.00758076 0.130208 -0.00634384
      vertex -0.00770706 0.128699 -0.00636631
      vertex -0.00772953 0.128699 -0.00634384
    endloop
  endfacet
  facet normal -0.828807 0.0817109 -0.553536
    outer loop
      vertex -0.00776468 0.128699 -0.00629121
      vertex -0.00758076 0.130208 -0.00634384
      vertex -0.00772953 0.128699 -0.00634384
    endloop
  endfacet
  facet normal -0.828819 0.0817129 -0.553518
    outer loop
      vertex -0.00877279 0.128699 -0.0047817
      vertex -0.00758076 0.130208 -0.00634384
      vertex -0.00776468 0.128699 -0.00629121
    endloop
  endfacet
  facet normal -0.828821 0.0817192 -0.553514
    outer loop
      vertex -0.00758076 0.130208 -0.00634384
      vertex -0.00877279 0.128699 -0.0047817
      vertex -0.00881863 0.128699 -0.00471306
    endloop
  endfacet
  facet normal -0.824578 -0.0948265 -0.557744
    outer loop
      vertex -0.00772907 0.128695 -0.00634384
      vertex -0.00773185 0.128695 -0.00633973
      vertex -0.00772953 0.128699 -0.00634384
    endloop
  endfacet
  facet normal -0.712197 -0.0819026 -0.697186
    outer loop
      vertex -0.00772907 0.128695 -0.00634384
      vertex -0.00772953 0.128699 -0.00634384
      vertex -0.00772489 0.128695 -0.00634811
    endloop
  endfacet
  facet normal -0.704679 -0.0827997 -0.704679
    outer loop
      vertex -0.00634337 0.128695 -0.00772953
      vertex -0.00636631 0.128699 -0.00770706
      vertex -0.00634384 0.128699 -0.00772953
    endloop
  endfacet
  facet normal -0.705599 -0.0652679 -0.705599
    outer loop
      vertex -0.00772489 0.128695 -0.00634811
      vertex -0.00772953 0.128699 -0.00634384
      vertex -0.00770706 0.128699 -0.00636631
    endloop
  endfacet
  facet normal -0.33434 0.624669 0.705695
    outer loop
      vertex -0.0024271 0.134561 0.00772953
      vertex -0.0042944 0.135127 0.00634384
      vertex -0.00352383 0.133974 0.00772953
    endloop
  endfacet
  facet normal -0.547401 0.449792 0.705719
    outer loop
      vertex -0.00448513 0.133185 0.00772953
      vertex -0.00546551 0.134166 0.00634384
      vertex -0.00527477 0.132224 0.00772953
    endloop
  endfacet
  facet normal -0.333905 0.625281 0.705359
    outer loop
      vertex -0.00295734 0.135841 0.00634384
      vertex -0.0042944 0.135127 0.00634384
      vertex -0.0024271 0.134561 0.00772953
    endloop
  endfacet
  facet normal -0.181258 0.338981 0.923167
    outer loop
      vertex -0.0018034 0.133055 0.00881863
      vertex -0.00261879 0.132619 0.00881863
      vertex -0.00161266 0.131113 0.00956917
    endloop
  endfacet
  facet normal -0.528396 0.643922 0.553319
    outer loop
      vertex -0.0042944 0.135127 0.00634384
      vertex -0.00623608 0.134935 0.00471306
      vertex -0.00546551 0.134166 0.00634384
    endloop
  endfacet
  facet normal -0.449434 0.547697 0.705718
    outer loop
      vertex -0.0042944 0.135127 0.00634384
      vertex -0.00546551 0.134166 0.00634384
      vertex -0.00448513 0.133185 0.00772953
    endloop
  endfacet
  facet normal 0.772732 0.634732 0
    outer loop
      vertex 0.00827408 0.134229 0.000979424
      vertex 0.00703621 0.135736 -0.000979424
      vertex 0.00703621 0.135736 0.000979424
    endloop
  endfacet
  facet normal 0.772732 0.634732 0
    outer loop
      vertex 0.00703621 0.135736 -0.000979424
      vertex 0.00827408 0.134229 0.000979424
      vertex 0.00827408 0.134229 -0.000979424
    endloop
  endfacet
  facet normal 0.75812 0.62273 -0.193551
    outer loop
      vertex 0.00827408 0.134229 -0.000979424
      vertex 0.00676632 0.135467 -0.00290203
      vertex 0.00703621 0.135736 -0.000979424
    endloop
  endfacet
  facet normal 0.180798 0.339051 0.923232
    outer loop
      vertex 0.0018034 0.133055 0.00881863
      vertex 0.00111008 0.131381 0.00956917
      vertex 0.00161266 0.131113 0.00956917
    endloop
  endfacet
  facet normal 0.112038 0.367532 0.923238
    outer loop
      vertex 0.0018034 0.133055 0.00881863
      vertex 0.000565529 0.131547 0.00956917
      vertex 0.00111008 0.131381 0.00956917
    endloop
  endfacet
  facet normal -0.0194226 0.194977 0.980615
    outer loop
      vertex 0 0.12968 0.00995159
      vertex -0.000565529 0.131547 0.00956917
      vertex -0.000190735 0.129661 0.00995159
    endloop
  endfacet
  facet normal -0.0570466 0.187499 0.980607
    outer loop
      vertex -0.000190735 0.129661 0.00995159
      vertex -0.000565529 0.131547 0.00956917
      vertex -0.000374794 0.129605 0.00995159
    endloop
  endfacet
  facet normal 0.0570466 0.187499 0.980607
    outer loop
      vertex 0.000565529 0.131547 0.00956917
      vertex 0.000190735 0.129661 0.00995159
      vertex 0.000374794 0.129605 0.00995159
    endloop
  endfacet
  facet normal -0.263084 0.491537 0.830167
    outer loop
      vertex -0.0024271 0.134561 0.00772953
      vertex -0.00352383 0.133974 0.00772953
      vertex -0.00261879 0.132619 0.00881863
    endloop
  endfacet
  facet normal -0.353728 0.430975 0.830143
    outer loop
      vertex -0.00352383 0.133974 0.00772953
      vertex -0.00448513 0.133185 0.00772953
      vertex -0.00261879 0.132619 0.00881863
    endloop
  endfacet
  facet normal -0.243515 0.297393 0.923178
    outer loop
      vertex -0.00161266 0.131113 0.00956917
      vertex -0.00261879 0.132619 0.00881863
      vertex -0.00205231 0.130753 0.00956917
    endloop
  endfacet
  facet normal -0.0571534 0.187488 0.980603
    outer loop
      vertex -0.000565529 0.131547 0.00956917
      vertex -0.00111008 0.131381 0.00956917
      vertex -0.000374794 0.129605 0.00995159
    endloop
  endfacet
  facet normal -0.112038 0.367532 0.923238
    outer loop
      vertex -0.000565529 0.131547 0.00956917
      vertex -0.0018034 0.133055 0.00881863
      vertex -0.00111008 0.131381 0.00956917
    endloop
  endfacet
  facet normal 0 0 1
    outer loop
      vertex 0.000943392 0.128699 0.00995159
      vertex 0.000979424 0.128699 0.00995159
      vertex 0.000961304 0.128891 0.00995159
    endloop
  endfacet
  facet normal 0 0 1
    outer loop
      vertex 0.000979424 0.128699 0.00995159
      vertex 0.000943392 0.128699 0.00995159
      vertex 0.000978878 0.128694 0.00995159
    endloop
  endfacet
  facet normal 0 0 1
    outer loop
      vertex 0.000905037 0.129075 0.00995159
      vertex 0.000943392 0.128699 0.00995159
      vertex 0.000961304 0.128891 0.00995159
    endloop
  endfacet
  facet normal 0 0 1
    outer loop
      vertex 0.000814438 0.129244 0.00995159
      vertex 0.000943392 0.128699 0.00995159
      vertex 0.000905037 0.129075 0.00995159
    endloop
  endfacet
  facet normal 0 0 1
    outer loop
      vertex 0.000692368 0.129393 0.00995159
      vertex 0.000943392 0.128699 0.00995159
      vertex 0.000814438 0.129244 0.00995159
    endloop
  endfacet
  facet normal 0 0 1
    outer loop
      vertex 0.000544548 0.129515 0.00995159
      vertex 0.000943392 0.128699 0.00995159
      vertex 0.000692368 0.129393 0.00995159
    endloop
  endfacet
  facet normal 0 0 1
    outer loop
      vertex 0.000374794 0.129605 0.00995159
      vertex 0.000943392 0.128699 0.00995159
      vertex 0.000544548 0.129515 0.00995159
    endloop
  endfacet
  facet normal 0 0 1
    outer loop
      vertex 0.000190735 0.129661 0.00995159
      vertex 0.000943392 0.128699 0.00995159
      vertex 0.000374794 0.129605 0.00995159
    endloop
  endfacet
  facet normal 0 0 1
    outer loop
      vertex 0 0.12968 0.00995159
      vertex 0.000943392 0.128699 0.00995159
      vertex 0.000190735 0.129661 0.00995159
    endloop
  endfacet
  facet normal -0 0 1
    outer loop
      vertex -0.000190735 0.129661 0.00995159
      vertex 0.000943392 0.128699 0.00995159
      vertex 0 0.12968 0.00995159
    endloop
  endfacet
  facet normal 0 0 1
    outer loop
      vertex -0.000943392 0.128699 0.00995159
      vertex -0.000190735 0.129661 0.00995159
      vertex -0.000374794 0.129605 0.00995159
    endloop
  endfacet
  facet normal 0 0 1
    outer loop
      vertex -0.000943392 0.128699 0.00995159
      vertex -0.000374794 0.129605 0.00995159
      vertex -0.000544548 0.129515 0.00995159
    endloop
  endfacet
  facet normal 0 0 1
    outer loop
      vertex -0.000943392 0.128699 0.00995159
      vertex -0.000544548 0.129515 0.00995159
      vertex -0.000692368 0.129393 0.00995159
    endloop
  endfacet
  facet normal 0 0 1
    outer loop
      vertex -0.000943392 0.128699 0.00995159
      vertex -0.000692368 0.129393 0.00995159
      vertex -0.000814438 0.129244 0.00995159
    endloop
  endfacet
  facet normal 0 0 1
    outer loop
      vertex -0.000943392 0.128699 0.00995159
      vertex -0.000814438 0.129244 0.00995159
      vertex -0.000905037 0.129075 0.00995159
    endloop
  endfacet
  facet normal 0 0 1
    outer loop
      vertex -0.000190735 0.129661 0.00995159
      vertex -0.000943392 0.128699 0.00995159
      vertex 0.000943392 0.128699 0.00995159
    endloop
  endfacet
  facet normal -0 0 1
    outer loop
      vertex -0.000961304 0.128891 0.00995159
      vertex -0.000943392 0.128699 0.00995159
      vertex -0.000905037 0.129075 0.00995159
    endloop
  endfacet
  facet normal 0 0 1
    outer loop
      vertex -0.000979424 0.128699 0.00995159
      vertex -0.000943392 0.128699 0.00995159
      vertex -0.000961304 0.128891 0.00995159
    endloop
  endfacet
  facet normal 0 0 1
    outer loop
      vertex -0.000943392 0.128699 0.00995159
      vertex -0.000979424 0.128699 0.00995159
      vertex -0.000978878 0.128694 0.00995159
    endloop
  endfacet
  facet normal -0.195094 0.018412 0.980612
    outer loop
      vertex -0.000961304 0.128891 0.00995159
      vertex -0.00104924 0.128699 0.0099377
      vertex -0.000979424 0.128699 0.00995159
    endloop
  endfacet
  facet normal -0.195051 0.0183916 0.980621
    outer loop
      vertex -0.000961304 0.128891 0.00995159
      vertex -0.00282028 0.128699 0.00958543
      vertex -0.00104924 0.128699 0.0099377
    endloop
  endfacet
  facet normal -0.195045 0.0183286 0.980623
    outer loop
      vertex -0.00282028 0.128699 0.00958543
      vertex -0.000961304 0.128891 0.00995159
      vertex -0.00290203 0.128699 0.00956917
    endloop
  endfacet
  facet normal -0.243515 0.297393 -0.923178
    outer loop
      vertex -0.00205231 0.130753 -0.00956917
      vertex -0.00261879 0.132619 -0.00881863
      vertex -0.00161266 0.131113 -0.00956917
    endloop
  endfacet
  facet normal -0.124186 0.151662 -0.9806
    outer loop
      vertex -0.000544548 0.129515 -0.00995159
      vertex -0.00205231 0.130753 -0.00956917
      vertex -0.00161266 0.131113 -0.00956917
    endloop
  endfacet
  facet normal -0.194816 -0.0187731 -0.98066
    outer loop
      vertex -0.00290097 0.128688 -0.00956917
      vertex -0.00290203 0.128699 -0.00956917
      vertex -0.00285478 0.128695 -0.00957848
    endloop
  endfacet
  facet normal -0.0570466 0.187499 -0.980607
    outer loop
      vertex -0.000374794 0.129605 -0.00995159
      vertex -0.000565529 0.131547 -0.00956917
      vertex -0.000190735 0.129661 -0.00995159
    endloop
  endfacet
  facet normal -0.367929 0.111589 -0.923134
    outer loop
      vertex -0.00284672 0.129266 -0.00956917
      vertex -0.00462246 0.12962 -0.00881863
      vertex -0.00268173 0.12981 -0.00956917
    endloop
  endfacet
  facet normal -0.367927 0.111535 -0.923141
    outer loop
      vertex -0.00268173 0.12981 -0.00956917
      vertex -0.00462246 0.12962 -0.00881863
      vertex -0.00435448 0.130504 -0.00881863
    endloop
  endfacet
  facet normal -0.920252 -0.0911049 -0.380573
    outer loop
      vertex -0.00881764 0.128689 -0.00471306
      vertex -0.00882137 0.12869 -0.00470428
      vertex -0.00881863 0.128699 -0.00471306
    endloop
  endfacet
  facet normal 0.471561 0.881834 -0
    outer loop
      vertex 0.00552845 0.136974 -0.000979424
      vertex 0.00380802 0.137894 0.000979424
      vertex 0.00552845 0.136974 0.000979424
    endloop
  endfacet
  facet normal 0.471561 0.881834 0
    outer loop
      vertex 0.00380802 0.137894 0.000979424
      vertex 0.00552845 0.136974 -0.000979424
      vertex 0.00380802 0.137894 -0.000979424
    endloop
  endfacet
  facet normal 0.634581 0.772856 -0
    outer loop
      vertex 0.00703621 0.135736 -0.000979424
      vertex 0.00552845 0.136974 0.000979424
      vertex 0.00703621 0.135736 0.000979424
    endloop
  endfacet
  facet normal 0.634581 0.772856 0
    outer loop
      vertex 0.00552845 0.136974 0.000979424
      vertex 0.00703621 0.135736 -0.000979424
      vertex 0.00552845 0.136974 -0.000979424
    endloop
  endfacet
  facet normal -0.151571 0.124176 0.980615
    outer loop
      vertex -0.000692368 0.129393 0.00995159
      vertex -0.00205231 0.130753 0.00956917
      vertex -0.000814438 0.129244 0.00995159
    endloop
  endfacet
  facet normal -0.151571 0.124176 -0.980615
    outer loop
      vertex -0.000814438 0.129244 -0.00995159
      vertex -0.00205231 0.130753 -0.00956917
      vertex -0.000692368 0.129393 -0.00995159
    endloop
  endfacet
  facet normal -0.124681 0.151068 -0.980629
    outer loop
      vertex -0.000692368 0.129393 -0.00995159
      vertex -0.00205231 0.130753 -0.00956917
      vertex -0.000544548 0.129515 -0.00995159
    endloop
  endfacet
  facet normal -0.0194226 0.194977 -0.980615
    outer loop
      vertex -0.000190735 0.129661 -0.00995159
      vertex -0.000565529 0.131547 -0.00956917
      vertex 0 0.12968 -0.00995159
    endloop
  endfacet
  facet normal -0.187368 0.0572968 -0.980617
    outer loop
      vertex -0.000961304 0.128891 -0.00995159
      vertex -0.00268173 0.12981 -0.00956917
      vertex -0.000905037 0.129075 -0.00995159
    endloop
  endfacet
  facet normal -0.172777 0.0925593 -0.980602
    outer loop
      vertex -0.000905037 0.129075 -0.00995159
      vertex -0.00268173 0.12981 -0.00956917
      vertex -0.0024128 0.130312 -0.00956917
    endloop
  endfacet
  facet normal -0.0918611 0.173264 0.980582
    outer loop
      vertex -0.000374794 0.129605 0.00995159
      vertex -0.00161266 0.131113 0.00956917
      vertex -0.000544548 0.129515 0.00995159
    endloop
  endfacet
  facet normal -0.124186 0.151662 0.9806
    outer loop
      vertex -0.00161266 0.131113 0.00956917
      vertex -0.00205231 0.130753 0.00956917
      vertex -0.000544548 0.129515 0.00995159
    endloop
  endfacet
  facet normal -0.124681 0.151068 0.980629
    outer loop
      vertex -0.000544548 0.129515 0.00995159
      vertex -0.00205231 0.130753 0.00956917
      vertex -0.000692368 0.129393 0.00995159
    endloop
  endfacet
  facet normal 0.707113 -0 0.707101
    outer loop
      vertex 0.0479896 0.0414003 -0.0437479
      vertex 0.053739 0.0493997 -0.0494974
      vertex 0.0479896 0.0493997 -0.0437479
    endloop
  endfacet
  facet normal 0.707113 0 0.707101
    outer loop
      vertex 0.053739 0.0493997 -0.0494974
      vertex 0.0479896 0.0414003 -0.0437479
      vertex 0.053739 0.0414003 -0.0494974
    endloop
  endfacet
  facet normal 0.707107 0 -0.707107
    outer loop
      vertex 0.0502796 0.0487751 -0.0529568
      vertex 0.0494974 0.0493997 -0.053739
      vertex 0.0508879 0.0493997 -0.0523485
    endloop
  endfacet
  facet normal 0.707107 0 -0.707107
    outer loop
      vertex 0.049964 0.0473999 -0.0532724
      vertex 0.0494974 0.0493997 -0.053739
      vertex 0.0502796 0.0487751 -0.0529568
    endloop
  endfacet
  facet normal 0.707107 0 -0.707107
    outer loop
      vertex 0.049964 0.0434001 -0.0532724
      vertex 0.049964 0.0473999 -0.0532724
      vertex 0.0502796 0.0460237 -0.0529568
    endloop
  endfacet
  facet normal 0.707107 0 -0.707107
    outer loop
      vertex 0.0502796 0.0447763 -0.0529568
      vertex 0.0502796 0.0460237 -0.0529568
      vertex 0.0508876 0.0454 -0.0523488
    endloop
  endfacet
  facet normal 0.707107 0 -0.707107
    outer loop
      vertex 0.049964 0.0434001 -0.0532724
      vertex 0.0502796 0.0460237 -0.0529568
      vertex 0.0502796 0.0447763 -0.0529568
    endloop
  endfacet
  facet normal 0.707107 0 -0.707107
    outer loop
      vertex 0.049964 0.0473999 -0.0532724
      vertex 0.049964 0.0434001 -0.0532724
      vertex 0.0494974 0.0493997 -0.053739
    endloop
  endfacet
  facet normal 0.707107 0 -0.707107
    outer loop
      vertex 0.049964 0.0434001 -0.0532724
      vertex 0.0494974 0.0414003 -0.053739
      vertex 0.0494974 0.0493997 -0.053739
    endloop
  endfacet
  facet normal 0.707107 0 -0.707107
    outer loop
      vertex 0.0502796 0.0420249 -0.0529568
      vertex 0.0494974 0.0414003 -0.053739
      vertex 0.049964 0.0434001 -0.0532724
    endloop
  endfacet
  facet normal 0.707107 0 -0.707107
    outer loop
      vertex 0.0494974 0.0414003 -0.053739
      vertex 0.0502796 0.0420249 -0.0529568
      vertex 0.0508879 0.0414003 -0.0523485
    endloop
  endfacet
  facet normal 0.707107 0 -0.707107
    outer loop
      vertex 0.053739 0.0493997 -0.0494974
      vertex 0.0529568 0.0487751 -0.0502796
      vertex 0.0523485 0.0493997 -0.0508879
    endloop
  endfacet
  facet normal 0.707107 0 -0.707107
    outer loop
      vertex 0.053739 0.0493997 -0.0494974
      vertex 0.0532724 0.0473999 -0.049964
      vertex 0.0529568 0.0487751 -0.0502796
    endloop
  endfacet
  facet normal 0.707107 0 -0.707107
    outer loop
      vertex 0.0532724 0.0434001 -0.049964
      vertex 0.0532724 0.0473999 -0.049964
      vertex 0.053739 0.0493997 -0.0494974
    endloop
  endfacet
  facet normal 0.707107 0 -0.707107
    outer loop
      vertex 0.0529568 0.0460237 -0.0502796
      vertex 0.0529568 0.0447763 -0.0502796
      vertex 0.0523488 0.0454 -0.0508876
    endloop
  endfacet
  facet normal 0.707107 0 -0.707107
    outer loop
      vertex 0.0532724 0.0473999 -0.049964
      vertex 0.0532724 0.0434001 -0.049964
      vertex 0.0529568 0.0460237 -0.0502796
    endloop
  endfacet
  facet normal 0.707107 0 -0.707107
    outer loop
      vertex 0.0529568 0.0460237 -0.0502796
      vertex 0.0532724 0.0434001 -0.049964
      vertex 0.0529568 0.0447763 -0.0502796
    endloop
  endfacet
  facet normal 0.707107 0 -0.707107
    outer loop
      vertex 0.053739 0.0414003 -0.0494974
      vertex 0.0532724 0.0434001 -0.049964
      vertex 0.053739 0.0493997 -0.0494974
    endloop
  endfacet
  facet normal 0.707107 0 -0.707107
    outer loop
      vertex 0.053739 0.0414003 -0.0494974
      vertex 0.0529568 0.0420249 -0.0502796
      vertex 0.0532724 0.0434001 -0.049964
    endloop
  endfacet
  facet normal 0.707107 0 -0.707107
    outer loop
      vertex 0.0529568 0.0420249 -0.0502796
      vertex 0.053739 0.0414003 -0.0494974
      vertex 0.0523485 0.0414003 -0.0508879
    endloop
  endfacet
  facet normal -0.707107 0 0.707107
    outer loop
      vertex 0.0508879 0.0493997 -0.0523485
      vertex 0.0521294 0.0496248 -0.051107
      vertex 0.051107 0.0496248 -0.0521294
    endloop
  endfacet
  facet normal -0.707107 0 0.707107
    outer loop
      vertex 0.0521294 0.0496248 -0.051107
      vertex 0.0508879 0.0493997 -0.0523485
      vertex 0.0523485 0.0493997 -0.0508879
    endloop
  endfacet
  facet normal -0.707107 0 0.707107
    outer loop
      vertex 0.051107 0.0411752 -0.0521294
      vertex 0.0523485 0.0414003 -0.0508879
      vertex 0.0508879 0.0414003 -0.0523485
    endloop
  endfacet
  facet normal -0.707107 0 0.707107
    outer loop
      vertex 0.0523485 0.0414003 -0.0508879
      vertex 0.051107 0.0411752 -0.0521294
      vertex 0.0521294 0.0411752 -0.051107
    endloop
  endfacet
  facet normal -0.707101 0 -0.707113
    outer loop
      vertex 0.0437479 0.0414003 -0.0479896
      vertex 0.0494974 0.0493997 -0.053739
      vertex 0.0494974 0.0414003 -0.053739
    endloop
  endfacet
  facet normal -0.707101 0 -0.707113
    outer loop
      vertex 0.0494974 0.0493997 -0.053739
      vertex 0.0437479 0.0414003 -0.0479896
      vertex 0.0437479 0.0493997 -0.0479896
    endloop
  endfacet
  facet normal 0 -1 0
    outer loop
      vertex 0.0459614 0.0414003 -0.0459614
      vertex 0.0477171 0.0414003 -0.0457723
      vertex 0.0479896 0.0414003 -0.0437479
    endloop
  endfacet
  facet normal 0 -1 0
    outer loop
      vertex 0.0459614 0.0414003 -0.0459614
      vertex 0.0464291 0.0414003 -0.0464291
      vertex 0.0477171 0.0414003 -0.0457723
    endloop
  endfacet
  facet normal 0 -1 -0
    outer loop
      vertex 0.0459614 0.0414003 -0.0459614
      vertex 0.0457723 0.0414003 -0.0477171
      vertex 0.0464291 0.0414003 -0.0464291
    endloop
  endfacet
  facet normal 0 -1 0
    outer loop
      vertex 0.0437479 0.0414003 -0.0479896
      vertex 0.0457723 0.0414003 -0.0477171
      vertex 0.0459614 0.0414003 -0.0459614
    endloop
  endfacet
  facet normal 0 -1 0
    outer loop
      vertex 0.0437479 0.0414003 -0.0479896
      vertex 0.0459988 0.0414003 -0.0491454
      vertex 0.0457723 0.0414003 -0.0477171
    endloop
  endfacet
  facet normal 0 -1 0
    outer loop
      vertex 0.0437479 0.0414003 -0.0479896
      vertex 0.0470212 0.0414003 -0.0501677
      vertex 0.0459988 0.0414003 -0.0491454
    endloop
  endfacet
  facet normal 0 -1 0
    outer loop
      vertex 0.0497374 0.0414003 -0.0497374
      vertex 0.0508879 0.0414003 -0.0523485
      vertex 0.0523485 0.0414003 -0.0508879
    endloop
  endfacet
  facet normal 0 -1 0
    outer loop
      vertex 0.0494974 0.0414003 -0.053739
      vertex 0.0484494 0.0414003 -0.0503943
      vertex 0.0470212 0.0414003 -0.0501677
    endloop
  endfacet
  facet normal 0 -1 0
    outer loop
      vertex 0.0484494 0.0414003 -0.0503943
      vertex 0.0494974 0.0414003 -0.053739
      vertex 0.0508879 0.0414003 -0.0523485
    endloop
  endfacet
  facet normal 0 -1 0
    outer loop
      vertex 0.0494974 0.0414003 -0.053739
      vertex 0.0470212 0.0414003 -0.0501677
      vertex 0.0437479 0.0414003 -0.0479896
    endloop
  endfacet
  facet normal 0 -1 0
    outer loop
      vertex 0.0491454 0.0414003 -0.0459988
      vertex 0.0479896 0.0414003 -0.0437479
      vertex 0.0477171 0.0414003 -0.0457723
    endloop
  endfacet
  facet normal 0 -1 0
    outer loop
      vertex 0.0501677 0.0414003 -0.0470212
      vertex 0.0479896 0.0414003 -0.0437479
      vertex 0.0491454 0.0414003 -0.0459988
    endloop
  endfacet
  facet normal 0 -1 0
    outer loop
      vertex 0.0501677 0.0414003 -0.0470212
      vertex 0.053739 0.0414003 -0.0494974
      vertex 0.0479896 0.0414003 -0.0437479
    endloop
  endfacet
  facet normal 0 -1 0
    outer loop
      vertex 0.0503943 0.0414003 -0.0484494
      vertex 0.053739 0.0414003 -0.0494974
      vertex 0.0501677 0.0414003 -0.0470212
    endloop
  endfacet
  facet normal 0 -1 0
    outer loop
      vertex 0.0523485 0.0414003 -0.0508879
      vertex 0.0503943 0.0414003 -0.0484494
      vertex 0.0497374 0.0414003 -0.0497374
    endloop
  endfacet
  facet normal 0 -1 0
    outer loop
      vertex 0.0508879 0.0414003 -0.0523485
      vertex 0.0497374 0.0414003 -0.0497374
      vertex 0.0484494 0.0414003 -0.0503943
    endloop
  endfacet
  facet normal 0 -1 0
    outer loop
      vertex 0.0503943 0.0414003 -0.0484494
      vertex 0.0523485 0.0414003 -0.0508879
      vertex 0.053739 0.0414003 -0.0494974
    endloop
  endfacet
  facet normal 0 1 0
    outer loop
      vertex 0.0479896 0.0493997 -0.0437479
      vertex 0.0491454 0.0493997 -0.0459988
      vertex 0.0477171 0.0493997 -0.0457723
    endloop
  endfacet
  facet normal 0 1 0
    outer loop
      vertex 0.0479896 0.0493997 -0.0437479
      vertex 0.0501677 0.0493997 -0.0470212
      vertex 0.0491454 0.0493997 -0.0459988
    endloop
  endfacet
  facet normal 0 1 0
    outer loop
      vertex 0.053739 0.0493997 -0.0494974
      vertex 0.0501677 0.0493997 -0.0470212
      vertex 0.0479896 0.0493997 -0.0437479
    endloop
  endfacet
  facet normal 0 1 0
    outer loop
      vertex 0.053739 0.0493997 -0.0494974
      vertex 0.0503943 0.0493997 -0.0484494
      vertex 0.0501677 0.0493997 -0.0470212
    endloop
  endfacet
  facet normal 0 1 -0
    outer loop
      vertex 0.0523485 0.0493997 -0.0508879
      vertex 0.0503943 0.0493997 -0.0484494
      vertex 0.053739 0.0493997 -0.0494974
    endloop
  endfacet
  facet normal 0 1 0
    outer loop
      vertex 0.0503943 0.0493997 -0.0484494
      vertex 0.0523485 0.0493997 -0.0508879
      vertex 0.0497374 0.0493997 -0.0497374
    endloop
  endfacet
  facet normal 0 1 -0
    outer loop
      vertex 0.0508879 0.0493997 -0.0523485
      vertex 0.0497374 0.0493997 -0.0497374
      vertex 0.0523485 0.0493997 -0.0508879
    endloop
  endfacet
  facet normal 0 1 -0
    outer loop
      vertex 0.0477171 0.0493997 -0.0457723
      vertex 0.0459614 0.0493997 -0.0459614
      vertex 0.0479896 0.0493997 -0.0437479
    endloop
  endfacet
  facet normal 0 1 -0
    outer loop
      vertex 0.0464291 0.0493997 -0.0464291
      vertex 0.0459614 0.0493997 -0.0459614
      vertex 0.0477171 0.0493997 -0.0457723
    endloop
  endfacet
  facet normal 0 1 0
    outer loop
      vertex 0.0457723 0.0493997 -0.0477171
      vertex 0.0459614 0.0493997 -0.0459614
      vertex 0.0464291 0.0493997 -0.0464291
    endloop
  endfacet
  facet normal 0 1 -0
    outer loop
      vertex 0.0457723 0.0493997 -0.0477171
      vertex 0.0437479 0.0493997 -0.0479896
      vertex 0.0459614 0.0493997 -0.0459614
    endloop
  endfacet
  facet normal 0 1 0
    outer loop
      vertex 0.0459988 0.0493997 -0.0491454
      vertex 0.0437479 0.0493997 -0.0479896
      vertex 0.0457723 0.0493997 -0.0477171
    endloop
  endfacet
  facet normal 0 1 0
    outer loop
      vertex 0.0470212 0.0493997 -0.0501677
      vertex 0.0437479 0.0493997 -0.0479896
      vertex 0.0459988 0.0493997 -0.0491454
    endloop
  endfacet
  facet normal 0 1 0
    outer loop
      vertex 0.0497374 0.0493997 -0.0497374
      vertex 0.0508879 0.0493997 -0.0523485
      vertex 0.0484494 0.0493997 -0.0503943
    endloop
  endfacet
  facet normal 0 1 -0
    outer loop
      vertex 0.0494974 0.0493997 -0.053739
      vertex 0.0484494 0.0493997 -0.0503943
      vertex 0.0508879 0.0493997 -0.0523485
    endloop
  endfacet
  facet normal 0 1 0
    outer loop
      vertex 0.0470212 0.0493997 -0.0501677
      vertex 0.0494974 0.0493997 -0.053739
      vertex 0.0437479 0.0493997 -0.0479896
    endloop
  endfacet
  facet normal 0 1 0
    outer loop
      vertex 0.0484494 0.0493997 -0.0503943
      vertex 0.0494974 0.0493997 -0.053739
      vertex 0.0470212 0.0493997 -0.0501677
    endloop
  endfacet
  facet normal -0.441409 0.295722 -0.847175
    outer loop
      vertex 0.0536837 0.0473999 -0.0552105
      vertex 0.049964 0.0473999 -0.0532724
      vertex 0.0502796 0.0487751 -0.0529568
    endloop
  endfacet
  facet normal 0.847229 -0.295526 0.441437
    outer loop
      vertex 0.0529568 0.0460237 -0.0502796
      vertex 0.0552105 0.0473999 -0.0536837
      vertex 0.0532724 0.0473999 -0.049964
    endloop
  endfacet
  facet normal 0.847223 -0.295583 0.441411
    outer loop
      vertex 0.0552105 0.0473999 -0.0536837
      vertex 0.0529568 0.0460237 -0.0502796
      vertex 0.0550648 0.0467647 -0.0538294
    endloop
  endfacet
  facet normal -0.195216 0.77502 -0.601028
    outer loop
      vertex 0.0542118 0.048427 -0.0546824
      vertex 0.0508879 0.0493997 -0.0523485
      vertex 0.051107 0.0496248 -0.0521294
    endloop
  endfacet
  facet normal -0.195066 0.775173 -0.600879
    outer loop
      vertex 0.0508879 0.0493997 -0.0523485
      vertex 0.0542118 0.048427 -0.0546824
      vertex 0.0502796 0.0487751 -0.0529568
    endloop
  endfacet
  facet normal 0.600879 0.775173 0.195066
    outer loop
      vertex 0.0546824 0.048427 -0.0542118
      vertex 0.0523485 0.0493997 -0.0508879
      vertex 0.0529568 0.0487751 -0.0502796
    endloop
  endfacet
  facet normal 0.601028 0.77502 0.195216
    outer loop
      vertex 0.0523485 0.0493997 -0.0508879
      vertex 0.0546824 0.048427 -0.0542118
      vertex 0.0521294 0.0496248 -0.051107
    endloop
  endfacet
  facet normal 0.847142 0.296042 0.441259
    outer loop
      vertex 0.0550648 0.048034 -0.0538294
      vertex 0.0529568 0.0487751 -0.0502796
      vertex 0.0552105 0.0473999 -0.0536837
    endloop
  endfacet
  facet normal 0.847175 0.295722 0.441409
    outer loop
      vertex 0.0552105 0.0473999 -0.0536837
      vertex 0.0529568 0.0487751 -0.0502796
      vertex 0.0532724 0.0473999 -0.049964
    endloop
  endfacet
  facet normal -0.194851 -0.775412 -0.60064
    outer loop
      vertex 0.0538294 0.0467647 -0.0550648
      vertex 0.0516904 0.0454 -0.0526091
      vertex 0.0514925 0.0454 -0.0525449
    endloop
  endfacet
  facet normal -0.19457 -0.775595 -0.600496
    outer loop
      vertex 0.0516904 0.0454 -0.0526091
      vertex 0.0538294 0.0467647 -0.0550648
      vertex 0.0542118 0.0463727 -0.0546824
    endloop
  endfacet
  facet normal 0.202813 0.957984 -0.202813
    outer loop
      vertex 0.0546824 0.048427 -0.0542118
      vertex 0.051107 0.0496248 -0.0521294
      vertex 0.0521294 0.0496248 -0.051107
    endloop
  endfacet
  facet normal 0.202813 0.957984 -0.202813
    outer loop
      vertex 0.051107 0.0496248 -0.0521294
      vertex 0.0546824 0.048427 -0.0542118
      vertex 0.0542118 0.048427 -0.0546824
    endloop
  endfacet
  facet normal 0.60064 -0.775412 0.194851
    outer loop
      vertex 0.0526091 0.0454 -0.0516904
      vertex 0.0550648 0.0467647 -0.0538294
      vertex 0.0525449 0.0454 -0.0514925
    endloop
  endfacet
  facet normal 0.600496 -0.775595 0.19457
    outer loop
      vertex 0.0550648 0.0467647 -0.0538294
      vertex 0.0526091 0.0454 -0.0516904
      vertex 0.0546824 0.0463727 -0.0542118
    endloop
  endfacet
  facet normal 0.60069 -0.775403 0.194735
    outer loop
      vertex 0.0525449 0.0454 -0.0514925
      vertex 0.0529568 0.0460237 -0.0502796
      vertex 0.0523488 0.0454 -0.0508876
    endloop
  endfacet
  facet normal 0.600606 -0.775454 0.19479
    outer loop
      vertex 0.0529568 0.0460237 -0.0502796
      vertex 0.0525449 0.0454 -0.0514925
      vertex 0.0550648 0.0467647 -0.0538294
    endloop
  endfacet
  facet normal -0.194735 -0.775403 -0.60069
    outer loop
      vertex 0.0502796 0.0460237 -0.0529568
      vertex 0.0514925 0.0454 -0.0525449
      vertex 0.0508876 0.0454 -0.0523488
    endloop
  endfacet
  facet normal -0.19479 -0.775454 -0.600606
    outer loop
      vertex 0.0514925 0.0454 -0.0525449
      vertex 0.0502796 0.0460237 -0.0529568
      vertex 0.0538294 0.0467647 -0.0550648
    endloop
  endfacet
  facet normal -0.441411 -0.295583 -0.847223
    outer loop
      vertex 0.0502796 0.0460237 -0.0529568
      vertex 0.0536837 0.0473999 -0.0552105
      vertex 0.0538294 0.0467647 -0.0550648
    endloop
  endfacet
  facet normal -0.441437 -0.295526 -0.847229
    outer loop
      vertex 0.0536837 0.0473999 -0.0552105
      vertex 0.0502796 0.0460237 -0.0529568
      vertex 0.049964 0.0473999 -0.0532724
    endloop
  endfacet
  facet normal -0.195218 0.774909 -0.601171
    outer loop
      vertex 0.0538294 0.048034 -0.0550648
      vertex 0.0502796 0.0487751 -0.0529568
      vertex 0.0542118 0.048427 -0.0546824
    endloop
  endfacet
  facet normal 0.601171 0.774909 0.195218
    outer loop
      vertex 0.0546824 0.048427 -0.0542118
      vertex 0.0529568 0.0487751 -0.0502796
      vertex 0.0550648 0.048034 -0.0538294
    endloop
  endfacet
  facet normal 0.707107 0 -0.707107
    outer loop
      vertex 0.0550648 0.048034 -0.0538294
      vertex 0.0542118 0.048427 -0.0546824
      vertex 0.0546824 0.048427 -0.0542118
    endloop
  endfacet
  facet normal 0.707107 0 -0.707107
    outer loop
      vertex 0.0550648 0.048034 -0.0538294
      vertex 0.0538294 0.048034 -0.0550648
      vertex 0.0542118 0.048427 -0.0546824
    endloop
  endfacet
  facet normal 0.707107 7.71743e-15 -0.707107
    outer loop
      vertex 0.0552105 0.0473999 -0.0536837
      vertex 0.0538294 0.048034 -0.0550648
      vertex 0.0550648 0.048034 -0.0538294
    endloop
  endfacet
  facet normal 0.707107 7.73313e-15 -0.707107
    outer loop
      vertex 0.0552105 0.0473999 -0.0536837
      vertex 0.0536837 0.0473999 -0.0552105
      vertex 0.0538294 0.048034 -0.0550648
    endloop
  endfacet
  facet normal 0.707107 -7.73904e-15 -0.707107
    outer loop
      vertex 0.0550648 0.0467647 -0.0538294
      vertex 0.0536837 0.0473999 -0.0552105
      vertex 0.0552105 0.0473999 -0.0536837
    endloop
  endfacet
  facet normal 0.707107 -7.63251e-15 -0.707107
    outer loop
      vertex 0.0550648 0.0467647 -0.0538294
      vertex 0.0538294 0.0467647 -0.0550648
      vertex 0.0536837 0.0473999 -0.0552105
    endloop
  endfacet
  facet normal 0.707107 0 -0.707107
    outer loop
      vertex 0.0546824 0.0463727 -0.0542118
      vertex 0.0538294 0.0467647 -0.0550648
      vertex 0.0550648 0.0467647 -0.0538294
    endloop
  endfacet
  facet normal 0.707107 0 -0.707107
    outer loop
      vertex 0.0538294 0.0467647 -0.0550648
      vertex 0.0546824 0.0463727 -0.0542118
      vertex 0.0542118 0.0463727 -0.0546824
    endloop
  endfacet
  facet normal 0.202806 -0.957987 -0.202806
    outer loop
      vertex 0.0516904 0.0454 -0.0526091
      vertex 0.0546824 0.0463727 -0.0542118
      vertex 0.0526091 0.0454 -0.0516904
    endloop
  endfacet
  facet normal 0.202806 -0.957987 -0.202806
    outer loop
      vertex 0.0546824 0.0463727 -0.0542118
      vertex 0.0516904 0.0454 -0.0526091
      vertex 0.0542118 0.0463727 -0.0546824
    endloop
  endfacet
  facet normal -0.441259 0.296042 -0.847142
    outer loop
      vertex 0.0536837 0.0473999 -0.0552105
      vertex 0.0502796 0.0487751 -0.0529568
      vertex 0.0538294 0.048034 -0.0550648
    endloop
  endfacet
  facet normal -0.441411 0.295583 -0.847223
    outer loop
      vertex 0.0536837 0.0434001 -0.0552105
      vertex 0.0502796 0.0447763 -0.0529568
      vertex 0.0538294 0.0440353 -0.0550648
    endloop
  endfacet
  facet normal -0.441437 0.295526 -0.847229
    outer loop
      vertex 0.0502796 0.0447763 -0.0529568
      vertex 0.0536837 0.0434001 -0.0552105
      vertex 0.049964 0.0434001 -0.0532724
    endloop
  endfacet
  facet normal 0.847229 0.295526 0.441437
    outer loop
      vertex 0.0552105 0.0434001 -0.0536837
      vertex 0.0529568 0.0447763 -0.0502796
      vertex 0.0532724 0.0434001 -0.049964
    endloop
  endfacet
  facet normal 0.847223 0.295583 0.441411
    outer loop
      vertex 0.0529568 0.0447763 -0.0502796
      vertex 0.0552105 0.0434001 -0.0536837
      vertex 0.0550648 0.0440353 -0.0538294
    endloop
  endfacet
  facet normal 0.707107 0 -0.707107
    outer loop
      vertex 0.0550648 0.0440353 -0.0538294
      vertex 0.0542118 0.0444273 -0.0546824
      vertex 0.0546824 0.0444273 -0.0542118
    endloop
  endfacet
  facet normal 0.707107 0 -0.707107
    outer loop
      vertex 0.0550648 0.0440353 -0.0538294
      vertex 0.0538294 0.0440353 -0.0550648
      vertex 0.0542118 0.0444273 -0.0546824
    endloop
  endfacet
  facet normal 0.707107 7.70406e-15 -0.707107
    outer loop
      vertex 0.0552105 0.0434001 -0.0536837
      vertex 0.0538294 0.0440353 -0.0550648
      vertex 0.0550648 0.0440353 -0.0538294
    endloop
  endfacet
  facet normal 0.707107 7.71974e-15 -0.707107
    outer loop
      vertex 0.0552105 0.0434001 -0.0536837
      vertex 0.0536837 0.0434001 -0.0552105
      vertex 0.0538294 0.0440353 -0.0550648
    endloop
  endfacet
  facet normal 0.707107 -7.75246e-15 -0.707107
    outer loop
      vertex 0.0550648 0.042766 -0.0538294
      vertex 0.0536837 0.0434001 -0.0552105
      vertex 0.0552105 0.0434001 -0.0536837
    endloop
  endfacet
  facet normal 0.707107 -7.64575e-15 -0.707107
    outer loop
      vertex 0.0550648 0.042766 -0.0538294
      vertex 0.0538294 0.042766 -0.0550648
      vertex 0.0536837 0.0434001 -0.0552105
    endloop
  endfacet
  facet normal 0.707107 0 -0.707107
    outer loop
      vertex 0.0546824 0.042373 -0.0542118
      vertex 0.0538294 0.042766 -0.0550648
      vertex 0.0550648 0.042766 -0.0538294
    endloop
  endfacet
  facet normal 0.707107 0 -0.707107
    outer loop
      vertex 0.0538294 0.042766 -0.0550648
      vertex 0.0546824 0.042373 -0.0542118
      vertex 0.0542118 0.042373 -0.0546824
    endloop
  endfacet
  facet normal 0.60064 0.775412 0.194851
    outer loop
      vertex 0.0550648 0.0440353 -0.0538294
      vertex 0.0526091 0.0454 -0.0516904
      vertex 0.0525449 0.0454 -0.0514925
    endloop
  endfacet
  facet normal 0.600496 0.775595 0.19457
    outer loop
      vertex 0.0526091 0.0454 -0.0516904
      vertex 0.0550648 0.0440353 -0.0538294
      vertex 0.0546824 0.0444273 -0.0542118
    endloop
  endfacet
  facet normal -0.441409 -0.295722 -0.847175
    outer loop
      vertex 0.0502796 0.0420249 -0.0529568
      vertex 0.049964 0.0434001 -0.0532724
      vertex 0.0536837 0.0434001 -0.0552105
    endloop
  endfacet
  facet normal -0.194735 0.775403 -0.60069
    outer loop
      vertex 0.0514925 0.0454 -0.0525449
      vertex 0.0502796 0.0447763 -0.0529568
      vertex 0.0508876 0.0454 -0.0523488
    endloop
  endfacet
  facet normal -0.19479 0.775454 -0.600606
    outer loop
      vertex 0.0502796 0.0447763 -0.0529568
      vertex 0.0514925 0.0454 -0.0525449
      vertex 0.0538294 0.0440353 -0.0550648
    endloop
  endfacet
  facet normal 0.60069 0.775403 0.194735
    outer loop
      vertex 0.0529568 0.0447763 -0.0502796
      vertex 0.0525449 0.0454 -0.0514925
      vertex 0.0523488 0.0454 -0.0508876
    endloop
  endfacet
  facet normal 0.600606 0.775454 0.19479
    outer loop
      vertex 0.0525449 0.0454 -0.0514925
      vertex 0.0529568 0.0447763 -0.0502796
      vertex 0.0550648 0.0440353 -0.0538294
    endloop
  endfacet
  facet normal 0.202813 -0.957984 -0.202813
    outer loop
      vertex 0.051107 0.0411752 -0.0521294
      vertex 0.0546824 0.042373 -0.0542118
      vertex 0.0521294 0.0411752 -0.051107
    endloop
  endfacet
  facet normal 0.202813 -0.957984 -0.202813
    outer loop
      vertex 0.0546824 0.042373 -0.0542118
      vertex 0.051107 0.0411752 -0.0521294
      vertex 0.0542118 0.042373 -0.0546824
    endloop
  endfacet
  facet normal 0.202806 0.957987 -0.202806
    outer loop
      vertex 0.0546824 0.0444273 -0.0542118
      vertex 0.0516904 0.0454 -0.0526091
      vertex 0.0526091 0.0454 -0.0516904
    endloop
  endfacet
  facet normal 0.202806 0.957987 -0.202806
    outer loop
      vertex 0.0516904 0.0454 -0.0526091
      vertex 0.0546824 0.0444273 -0.0542118
      vertex 0.0542118 0.0444273 -0.0546824
    endloop
  endfacet
  facet normal -0.19457 0.775595 -0.600496
    outer loop
      vertex 0.0538294 0.0440353 -0.0550648
      vertex 0.0516904 0.0454 -0.0526091
      vertex 0.0542118 0.0444273 -0.0546824
    endloop
  endfacet
  facet normal -0.194851 0.775412 -0.60064
    outer loop
      vertex 0.0516904 0.0454 -0.0526091
      vertex 0.0538294 0.0440353 -0.0550648
      vertex 0.0514925 0.0454 -0.0525449
    endloop
  endfacet
  facet normal 0.847142 -0.296042 0.441259
    outer loop
      vertex 0.0552105 0.0434001 -0.0536837
      vertex 0.0529568 0.0420249 -0.0502796
      vertex 0.0550648 0.042766 -0.0538294
    endloop
  endfacet
  facet normal 0.847175 -0.295722 0.441409
    outer loop
      vertex 0.0532724 0.0434001 -0.049964
      vertex 0.0529568 0.0420249 -0.0502796
      vertex 0.0552105 0.0434001 -0.0536837
    endloop
  endfacet
  facet normal -0.195066 -0.775173 -0.600879
    outer loop
      vertex 0.0542118 0.042373 -0.0546824
      vertex 0.0508879 0.0414003 -0.0523485
      vertex 0.0502796 0.0420249 -0.0529568
    endloop
  endfacet
  facet normal -0.195216 -0.77502 -0.601028
    outer loop
      vertex 0.0508879 0.0414003 -0.0523485
      vertex 0.0542118 0.042373 -0.0546824
      vertex 0.051107 0.0411752 -0.0521294
    endloop
  endfacet
  facet normal 0.601171 -0.774909 0.195218
    outer loop
      vertex 0.0550648 0.042766 -0.0538294
      vertex 0.0529568 0.0420249 -0.0502796
      vertex 0.0546824 0.042373 -0.0542118
    endloop
  endfacet
  facet normal 0.601028 -0.77502 0.195216
    outer loop
      vertex 0.0546824 0.042373 -0.0542118
      vertex 0.0523485 0.0414003 -0.0508879
      vertex 0.0521294 0.0411752 -0.051107
    endloop
  endfacet
  facet normal 0.600879 -0.775173 0.195066
    outer loop
      vertex 0.0523485 0.0414003 -0.0508879
      vertex 0.0546824 0.042373 -0.0542118
      vertex 0.0529568 0.0420249 -0.0502796
    endloop
  endfacet
  facet normal -0.195218 -0.774909 -0.601171
    outer loop
      vertex 0.0542118 0.042373 -0.0546824
      vertex 0.0502796 0.0420249 -0.0529568
      vertex 0.0538294 0.042766 -0.0550648
    endloop
  endfacet
  facet normal -0.441259 -0.296042 -0.847142
    outer loop
      vertex 0.0538294 0.042766 -0.0550648
      vertex 0.0502796 0.0420249 -0.0529568
      vertex 0.0536837 0.0434001 -0.0552105
    endloop
  endfacet
  facet normal 0.435225 0.286989 -0.853356
    outer loop
      vertex 0.0497374 0.0493997 -0.0497374
      vertex 0.0484494 0.0493997 -0.0503943
      vertex 0.0488466 0.0533994 -0.0488466
    endloop
  endfacet
  facet normal 0 1 0
    outer loop
      vertex 0.0485742 0.0533994 -0.0471216
      vertex 0.0473199 0.0533994 -0.0473199
      vertex 0.047914 0.0533994 -0.0470171
    endloop
  endfacet
  facet normal 0 1 0
    outer loop
      vertex 0.0490449 0.0533994 -0.0475923
      vertex 0.0473199 0.0533994 -0.0473199
      vertex 0.0485742 0.0533994 -0.0471216
    endloop
  endfacet
  facet normal 0 1 0
    outer loop
      vertex 0.0490449 0.0533994 -0.0475923
      vertex 0.0470171 0.0533994 -0.047914
      vertex 0.0473199 0.0533994 -0.0473199
    endloop
  endfacet
  facet normal 0 1 0
    outer loop
      vertex 0.0491494 0.0533994 -0.0482525
      vertex 0.0470171 0.0533994 -0.047914
      vertex 0.0490449 0.0533994 -0.0475923
    endloop
  endfacet
  facet normal 0 1 0
    outer loop
      vertex 0.0491494 0.0533994 -0.0482525
      vertex 0.0471216 0.0533994 -0.0485742
      vertex 0.0470171 0.0533994 -0.047914
    endloop
  endfacet
  facet normal 0 1 -0
    outer loop
      vertex 0.0488466 0.0533994 -0.0488466
      vertex 0.0471216 0.0533994 -0.0485742
      vertex 0.0491494 0.0533994 -0.0482525
    endloop
  endfacet
  facet normal 0 1 0
    outer loop
      vertex 0.0488466 0.0533994 -0.0488466
      vertex 0.0475923 0.0533994 -0.0490449
      vertex 0.0471216 0.0533994 -0.0485742
    endloop
  endfacet
  facet normal -0 1 0
    outer loop
      vertex 0.0475923 0.0533994 -0.0490449
      vertex 0.0488466 0.0533994 -0.0488466
      vertex 0.0482525 0.0533994 -0.0491494
    endloop
  endfacet
  facet normal -0.150108 0.287021 -0.94609
    outer loop
      vertex 0.0484494 0.0493997 -0.0503943
      vertex 0.0470212 0.0493997 -0.0501677
      vertex 0.0475923 0.0533994 -0.0490449
    endloop
  endfacet
  facet normal -0.946103 0.287017 -0.150033
    outer loop
      vertex 0.0459988 0.0493997 -0.0491454
      vertex 0.0457723 0.0493997 -0.0477171
      vertex 0.0471216 0.0533994 -0.0485742
    endloop
  endfacet
  facet normal 0.853356 0.286989 -0.435225
    outer loop
      vertex 0.0497374 0.0493997 -0.0497374
      vertex 0.0488466 0.0533994 -0.0488466
      vertex 0.0503943 0.0493997 -0.0484494
    endloop
  endfacet
  facet normal -0.946126 0.287084 -0.149758
    outer loop
      vertex 0.0471216 0.0533994 -0.0485742
      vertex 0.0457723 0.0493997 -0.0477171
      vertex 0.0470171 0.0533994 -0.047914
    endloop
  endfacet
  facet normal 0.677416 0.286889 0.67735
    outer loop
      vertex 0.0501677 0.0493997 -0.0470212
      vertex 0.0485742 0.0533994 -0.0471216
      vertex 0.0491454 0.0493997 -0.0459988
    endloop
  endfacet
  facet normal 0.677385 0.286877 0.677385
    outer loop
      vertex 0.0485742 0.0533994 -0.0471216
      vertex 0.0501677 0.0493997 -0.0470212
      vertex 0.0490449 0.0533994 -0.0475923
    endloop
  endfacet
  facet normal -0.149757 0.287106 -0.94612
    outer loop
      vertex 0.0484494 0.0493997 -0.0503943
      vertex 0.0475923 0.0533994 -0.0490449
      vertex 0.0482525 0.0533994 -0.0491494
    endloop
  endfacet
  facet normal -0.853461 0.287031 0.434991
    outer loop
      vertex 0.0470171 0.0533994 -0.047914
      vertex 0.0457723 0.0493997 -0.0477171
      vertex 0.0473199 0.0533994 -0.0473199
    endloop
  endfacet
  facet normal -0.853384 0.286983 0.435173
    outer loop
      vertex 0.0473199 0.0533994 -0.0473199
      vertex 0.0457723 0.0493997 -0.0477171
      vertex 0.0464291 0.0493997 -0.0464291
    endloop
  endfacet
  facet normal -0.434991 0.287031 0.853461
    outer loop
      vertex 0.047914 0.0533994 -0.0470171
      vertex 0.0473199 0.0533994 -0.0473199
      vertex 0.0477171 0.0493997 -0.0457723
    endloop
  endfacet
  facet normal -0.435173 0.286983 0.853384
    outer loop
      vertex 0.0473199 0.0533994 -0.0473199
      vertex 0.0464291 0.0493997 -0.0464291
      vertex 0.0477171 0.0493997 -0.0457723
    endloop
  endfacet
  facet normal -0.677385 0.286877 -0.677385
    outer loop
      vertex 0.0470212 0.0493997 -0.0501677
      vertex 0.0471216 0.0533994 -0.0485742
      vertex 0.0475923 0.0533994 -0.0490449
    endloop
  endfacet
  facet normal -0.67735 0.286889 -0.677416
    outer loop
      vertex 0.0471216 0.0533994 -0.0485742
      vertex 0.0470212 0.0493997 -0.0501677
      vertex 0.0459988 0.0493997 -0.0491454
    endloop
  endfacet
  facet normal 0.434988 0.287051 -0.853456
    outer loop
      vertex 0.0484494 0.0493997 -0.0503943
      vertex 0.0482525 0.0533994 -0.0491494
      vertex 0.0488466 0.0533994 -0.0488466
    endloop
  endfacet
  facet normal 0.94609 0.287021 0.150108
    outer loop
      vertex 0.0503943 0.0493997 -0.0484494
      vertex 0.0490449 0.0533994 -0.0475923
      vertex 0.0501677 0.0493997 -0.0470212
    endloop
  endfacet
  facet normal 0.149758 0.287084 0.946126
    outer loop
      vertex 0.047914 0.0533994 -0.0470171
      vertex 0.0477171 0.0493997 -0.0457723
      vertex 0.0485742 0.0533994 -0.0471216
    endloop
  endfacet
  facet normal 0.150033 0.287017 0.946103
    outer loop
      vertex 0.0485742 0.0533994 -0.0471216
      vertex 0.0477171 0.0493997 -0.0457723
      vertex 0.0491454 0.0493997 -0.0459988
    endloop
  endfacet
  facet normal 0.94612 0.287106 0.149757
    outer loop
      vertex 0.0491494 0.0533994 -0.0482525
      vertex 0.0490449 0.0533994 -0.0475923
      vertex 0.0503943 0.0493997 -0.0484494
    endloop
  endfacet
  facet normal 0.853456 0.287051 -0.434988
    outer loop
      vertex 0.0503943 0.0493997 -0.0484494
      vertex 0.0488466 0.0533994 -0.0488466
      vertex 0.0491494 0.0533994 -0.0482525
    endloop
  endfacet
  facet normal 0.853356 -0.286989 -0.435225
    outer loop
      vertex 0.0503943 0.0414003 -0.0484494
      vertex 0.0488466 0.0374006 -0.0488466
      vertex 0.0497374 0.0414003 -0.0497374
    endloop
  endfacet
  facet normal 0 -1 0
    outer loop
      vertex 0.0473199 0.0374006 -0.0473199
      vertex 0.0485742 0.0374006 -0.0471216
      vertex 0.047914 0.0374006 -0.0470171
    endloop
  endfacet
  facet normal 0 -1 0
    outer loop
      vertex 0.0473199 0.0374006 -0.0473199
      vertex 0.0490449 0.0374006 -0.0475923
      vertex 0.0485742 0.0374006 -0.0471216
    endloop
  endfacet
  facet normal 0 -1 0
    outer loop
      vertex 0.0470171 0.0374006 -0.047914
      vertex 0.0490449 0.0374006 -0.0475923
      vertex 0.0473199 0.0374006 -0.0473199
    endloop
  endfacet
  facet normal 0 -1 0
    outer loop
      vertex 0.0470171 0.0374006 -0.047914
      vertex 0.0491494 0.0374006 -0.0482525
      vertex 0.0490449 0.0374006 -0.0475923
    endloop
  endfacet
  facet normal 0 -1 0
    outer loop
      vertex 0.0471216 0.0374006 -0.0485742
      vertex 0.0491494 0.0374006 -0.0482525
      vertex 0.0470171 0.0374006 -0.047914
    endloop
  endfacet
  facet normal 0 -1 0
    outer loop
      vertex 0.0471216 0.0374006 -0.0485742
      vertex 0.0488466 0.0374006 -0.0488466
      vertex 0.0491494 0.0374006 -0.0482525
    endloop
  endfacet
  facet normal 0 -1 0
    outer loop
      vertex 0.0475923 0.0374006 -0.0490449
      vertex 0.0488466 0.0374006 -0.0488466
      vertex 0.0471216 0.0374006 -0.0485742
    endloop
  endfacet
  facet normal 0 -1 0
    outer loop
      vertex 0.0488466 0.0374006 -0.0488466
      vertex 0.0475923 0.0374006 -0.0490449
      vertex 0.0482525 0.0374006 -0.0491494
    endloop
  endfacet
  facet normal 0.94609 -0.287021 0.150108
    outer loop
      vertex 0.0501677 0.0414003 -0.0470212
      vertex 0.0490449 0.0374006 -0.0475923
      vertex 0.0503943 0.0414003 -0.0484494
    endloop
  endfacet
  facet normal 0.150033 -0.287017 0.946103
    outer loop
      vertex 0.0491454 0.0414003 -0.0459988
      vertex 0.0477171 0.0414003 -0.0457723
      vertex 0.0485742 0.0374006 -0.0471216
    endloop
  endfacet
  facet normal 0.435225 -0.286989 -0.853356
    outer loop
      vertex 0.0488466 0.0374006 -0.0488466
      vertex 0.0484494 0.0414003 -0.0503943
      vertex 0.0497374 0.0414003 -0.0497374
    endloop
  endfacet
  facet normal 0.149758 -0.287084 0.946126
    outer loop
      vertex 0.0485742 0.0374006 -0.0471216
      vertex 0.0477171 0.0414003 -0.0457723
      vertex 0.047914 0.0374006 -0.0470171
    endloop
  endfacet
  facet normal -0.677385 -0.286877 -0.677385
    outer loop
      vertex 0.0471216 0.0374006 -0.0485742
      vertex 0.0470212 0.0414003 -0.0501677
      vertex 0.0475923 0.0374006 -0.0490449
    endloop
  endfacet
  facet normal -0.67735 -0.286889 -0.677416
    outer loop
      vertex 0.0470212 0.0414003 -0.0501677
      vertex 0.0471216 0.0374006 -0.0485742
      vertex 0.0459988 0.0414003 -0.0491454
    endloop
  endfacet
  facet normal 0.94612 -0.287106 0.149757
    outer loop
      vertex 0.0503943 0.0414003 -0.0484494
      vertex 0.0490449 0.0374006 -0.0475923
      vertex 0.0491494 0.0374006 -0.0482525
    endloop
  endfacet
  facet normal -0.434991 -0.287031 0.853461
    outer loop
      vertex 0.0477171 0.0414003 -0.0457723
      vertex 0.0473199 0.0374006 -0.0473199
      vertex 0.047914 0.0374006 -0.0470171
    endloop
  endfacet
  facet normal -0.435173 -0.286983 0.853384
    outer loop
      vertex 0.0477171 0.0414003 -0.0457723
      vertex 0.0464291 0.0414003 -0.0464291
      vertex 0.0473199 0.0374006 -0.0473199
    endloop
  endfacet
  facet normal -0.853461 -0.287031 0.434991
    outer loop
      vertex 0.0473199 0.0374006 -0.0473199
      vertex 0.0457723 0.0414003 -0.0477171
      vertex 0.0470171 0.0374006 -0.047914
    endloop
  endfacet
  facet normal -0.853384 -0.286983 0.435173
    outer loop
      vertex 0.0464291 0.0414003 -0.0464291
      vertex 0.0457723 0.0414003 -0.0477171
      vertex 0.0473199 0.0374006 -0.0473199
    endloop
  endfacet
  facet normal 0.677416 -0.286889 0.67735
    outer loop
      vertex 0.0485742 0.0374006 -0.0471216
      vertex 0.0501677 0.0414003 -0.0470212
      vertex 0.0491454 0.0414003 -0.0459988
    endloop
  endfacet
  facet normal 0.677385 -0.286877 0.677385
    outer loop
      vertex 0.0501677 0.0414003 -0.0470212
      vertex 0.0485742 0.0374006 -0.0471216
      vertex 0.0490449 0.0374006 -0.0475923
    endloop
  endfacet
  facet normal 0.853456 -0.287051 -0.434988
    outer loop
      vertex 0.0491494 0.0374006 -0.0482525
      vertex 0.0488466 0.0374006 -0.0488466
      vertex 0.0503943 0.0414003 -0.0484494
    endloop
  endfacet
  facet normal -0.150108 -0.287021 -0.94609
    outer loop
      vertex 0.0475923 0.0374006 -0.0490449
      vertex 0.0470212 0.0414003 -0.0501677
      vertex 0.0484494 0.0414003 -0.0503943
    endloop
  endfacet
  facet normal -0.946126 -0.287084 -0.149758
    outer loop
      vertex 0.0470171 0.0374006 -0.047914
      vertex 0.0457723 0.0414003 -0.0477171
      vertex 0.0471216 0.0374006 -0.0485742
    endloop
  endfacet
  facet normal -0.946103 -0.287017 -0.150033
    outer loop
      vertex 0.0471216 0.0374006 -0.0485742
      vertex 0.0457723 0.0414003 -0.0477171
      vertex 0.0459988 0.0414003 -0.0491454
    endloop
  endfacet
  facet normal -0.149757 -0.287106 -0.94612
    outer loop
      vertex 0.0482525 0.0374006 -0.0491494
      vertex 0.0475923 0.0374006 -0.0490449
      vertex 0.0484494 0.0414003 -0.0503943
    endloop
  endfacet
  facet normal 0.434988 -0.287051 -0.853456
    outer loop
      vertex 0.0488466 0.0374006 -0.0488466
      vertex 0.0482525 0.0374006 -0.0491494
      vertex 0.0484494 0.0414003 -0.0503943
    endloop
  endfacet
  facet normal 0.707101 0 -0.707113
    outer loop
      vertex -0.0494974 0.0414003 -0.053739
      vertex -0.0437479 0.0493997 -0.0479896
      vertex -0.0437479 0.0414003 -0.0479896
    endloop
  endfacet
  facet normal 0.707101 0 -0.707113
    outer loop
      vertex -0.0437479 0.0493997 -0.0479896
      vertex -0.0494974 0.0414003 -0.053739
      vertex -0.0494974 0.0493997 -0.053739
    endloop
  endfacet
  facet normal -0.707107 0 -0.707107
    outer loop
      vertex -0.0529568 0.0487751 -0.0502796
      vertex -0.053739 0.0493997 -0.0494974
      vertex -0.0523485 0.0493997 -0.0508879
    endloop
  endfacet
  facet normal -0.707107 0 -0.707107
    outer loop
      vertex -0.0532724 0.0473999 -0.049964
      vertex -0.053739 0.0493997 -0.0494974
      vertex -0.0529568 0.0487751 -0.0502796
    endloop
  endfacet
  facet normal -0.707107 0 -0.707107
    outer loop
      vertex -0.0532724 0.0434001 -0.049964
      vertex -0.0532724 0.0473999 -0.049964
      vertex -0.0529568 0.0460237 -0.0502796
    endloop
  endfacet
  facet normal -0.707107 0 -0.707107
    outer loop
      vertex -0.0529568 0.0447763 -0.0502796
      vertex -0.0529568 0.0460237 -0.0502796
      vertex -0.0523488 0.0454 -0.0508876
    endloop
  endfacet
  facet normal -0.707107 0 -0.707107
    outer loop
      vertex -0.0532724 0.0434001 -0.049964
      vertex -0.0529568 0.0460237 -0.0502796
      vertex -0.0529568 0.0447763 -0.0502796
    endloop
  endfacet
  facet normal -0.707107 -0 -0.707107
    outer loop
      vertex -0.0532724 0.0473999 -0.049964
      vertex -0.0532724 0.0434001 -0.049964
      vertex -0.053739 0.0493997 -0.0494974
    endloop
  endfacet
  facet normal -0.707107 0 -0.707107
    outer loop
      vertex -0.0532724 0.0434001 -0.049964
      vertex -0.053739 0.0414003 -0.0494974
      vertex -0.053739 0.0493997 -0.0494974
    endloop
  endfacet
  facet normal -0.707107 0 -0.707107
    outer loop
      vertex -0.0529568 0.0420249 -0.0502796
      vertex -0.053739 0.0414003 -0.0494974
      vertex -0.0532724 0.0434001 -0.049964
    endloop
  endfacet
  facet normal -0.707107 0 -0.707107
    outer loop
      vertex -0.053739 0.0414003 -0.0494974
      vertex -0.0529568 0.0420249 -0.0502796
      vertex -0.0523485 0.0414003 -0.0508879
    endloop
  endfacet
  facet normal -0.707107 0 -0.707107
    outer loop
      vertex -0.0494974 0.0493997 -0.053739
      vertex -0.0502796 0.0487751 -0.0529568
      vertex -0.0508879 0.0493997 -0.0523485
    endloop
  endfacet
  facet normal -0.707107 0 -0.707107
    outer loop
      vertex -0.0494974 0.0493997 -0.053739
      vertex -0.049964 0.0473999 -0.0532724
      vertex -0.0502796 0.0487751 -0.0529568
    endloop
  endfacet
  facet normal -0.707107 0 -0.707107
    outer loop
      vertex -0.049964 0.0434001 -0.0532724
      vertex -0.049964 0.0473999 -0.0532724
      vertex -0.0494974 0.0493997 -0.053739
    endloop
  endfacet
  facet normal -0.707107 -0 -0.707107
    outer loop
      vertex -0.0502796 0.0460237 -0.0529568
      vertex -0.0502796 0.0447763 -0.0529568
      vertex -0.0508876 0.0454 -0.0523488
    endloop
  endfacet
  facet normal -0.707107 -0 -0.707107
    outer loop
      vertex -0.049964 0.0473999 -0.0532724
      vertex -0.049964 0.0434001 -0.0532724
      vertex -0.0502796 0.0460237 -0.0529568
    endloop
  endfacet
  facet normal -0.707107 -0 -0.707107
    outer loop
      vertex -0.0502796 0.0460237 -0.0529568
      vertex -0.049964 0.0434001 -0.0532724
      vertex -0.0502796 0.0447763 -0.0529568
    endloop
  endfacet
  facet normal -0.707107 0 -0.707107
    outer loop
      vertex -0.0494974 0.0414003 -0.053739
      vertex -0.049964 0.0434001 -0.0532724
      vertex -0.0494974 0.0493997 -0.053739
    endloop
  endfacet
  facet normal -0.707107 0 -0.707107
    outer loop
      vertex -0.0494974 0.0414003 -0.053739
      vertex -0.0502796 0.0420249 -0.0529568
      vertex -0.049964 0.0434001 -0.0532724
    endloop
  endfacet
  facet normal -0.707107 0 -0.707107
    outer loop
      vertex -0.0502796 0.0420249 -0.0529568
      vertex -0.0494974 0.0414003 -0.053739
      vertex -0.0508879 0.0414003 -0.0523485
    endloop
  endfacet
  facet normal 0.707107 0 0.707107
    outer loop
      vertex -0.0523485 0.0493997 -0.0508879
      vertex -0.051107 0.0496248 -0.0521294
      vertex -0.0521294 0.0496248 -0.051107
    endloop
  endfacet
  facet normal 0.707107 0 0.707107
    outer loop
      vertex -0.051107 0.0496248 -0.0521294
      vertex -0.0523485 0.0493997 -0.0508879
      vertex -0.0508879 0.0493997 -0.0523485
    endloop
  endfacet
  facet normal 0.707107 0 0.707107
    outer loop
      vertex -0.0521294 0.0411752 -0.051107
      vertex -0.0508879 0.0414003 -0.0523485
      vertex -0.0523485 0.0414003 -0.0508879
    endloop
  endfacet
  facet normal 0.707107 0 0.707107
    outer loop
      vertex -0.0508879 0.0414003 -0.0523485
      vertex -0.0521294 0.0411752 -0.051107
      vertex -0.051107 0.0411752 -0.0521294
    endloop
  endfacet
  facet normal -0.707113 0 0.707101
    outer loop
      vertex -0.053739 0.0414003 -0.0494974
      vertex -0.0479896 0.0493997 -0.0437479
      vertex -0.053739 0.0493997 -0.0494974
    endloop
  endfacet
  facet normal -0.707113 0 0.707101
    outer loop
      vertex -0.0479896 0.0493997 -0.0437479
      vertex -0.053739 0.0414003 -0.0494974
      vertex -0.0479896 0.0414003 -0.0437479
    endloop
  endfacet
  facet normal 0 -1 -0
    outer loop
      vertex -0.0479896 0.0414003 -0.0437479
      vertex -0.0491454 0.0414003 -0.0459988
      vertex -0.0477171 0.0414003 -0.0457723
    endloop
  endfacet
  facet normal 0 -1 0
    outer loop
      vertex -0.0479896 0.0414003 -0.0437479
      vertex -0.0501677 0.0414003 -0.0470212
      vertex -0.0491454 0.0414003 -0.0459988
    endloop
  endfacet
  facet normal 0 -1 0
    outer loop
      vertex -0.053739 0.0414003 -0.0494974
      vertex -0.0501677 0.0414003 -0.0470212
      vertex -0.0479896 0.0414003 -0.0437479
    endloop
  endfacet
  facet normal 0 -1 0
    outer loop
      vertex -0.053739 0.0414003 -0.0494974
      vertex -0.0503943 0.0414003 -0.0484494
      vertex -0.0501677 0.0414003 -0.0470212
    endloop
  endfacet
  facet normal 0 -1 0
    outer loop
      vertex -0.0523485 0.0414003 -0.0508879
      vertex -0.0503943 0.0414003 -0.0484494
      vertex -0.053739 0.0414003 -0.0494974
    endloop
  endfacet
  facet normal 0 -1 -0
    outer loop
      vertex -0.0503943 0.0414003 -0.0484494
      vertex -0.0523485 0.0414003 -0.0508879
      vertex -0.0497374 0.0414003 -0.0497374
    endloop
  endfacet
  facet normal 0 -1 0
    outer loop
      vertex -0.0508879 0.0414003 -0.0523485
      vertex -0.0497374 0.0414003 -0.0497374
      vertex -0.0523485 0.0414003 -0.0508879
    endloop
  endfacet
  facet normal 0 -1 0
    outer loop
      vertex -0.0477171 0.0414003 -0.0457723
      vertex -0.0459614 0.0414003 -0.0459614
      vertex -0.0479896 0.0414003 -0.0437479
    endloop
  endfacet
  facet normal 0 -1 0
    outer loop
      vertex -0.0464291 0.0414003 -0.0464291
      vertex -0.0459614 0.0414003 -0.0459614
      vertex -0.0477171 0.0414003 -0.0457723
    endloop
  endfacet
  facet normal 0 -1 0
    outer loop
      vertex -0.0457723 0.0414003 -0.0477171
      vertex -0.0459614 0.0414003 -0.0459614
      vertex -0.0464291 0.0414003 -0.0464291
    endloop
  endfacet
  facet normal 0 -1 0
    outer loop
      vertex -0.0457723 0.0414003 -0.0477171
      vertex -0.0437479 0.0414003 -0.0479896
      vertex -0.0459614 0.0414003 -0.0459614
    endloop
  endfacet
  facet normal 0 -1 0
    outer loop
      vertex -0.0459988 0.0414003 -0.0491454
      vertex -0.0437479 0.0414003 -0.0479896
      vertex -0.0457723 0.0414003 -0.0477171
    endloop
  endfacet
  facet normal 0 -1 0
    outer loop
      vertex -0.0470212 0.0414003 -0.0501677
      vertex -0.0437479 0.0414003 -0.0479896
      vertex -0.0459988 0.0414003 -0.0491454
    endloop
  endfacet
  facet normal 0 -1 -0
    outer loop
      vertex -0.0497374 0.0414003 -0.0497374
      vertex -0.0508879 0.0414003 -0.0523485
      vertex -0.0484494 0.0414003 -0.0503943
    endloop
  endfacet
  facet normal 0 -1 0
    outer loop
      vertex -0.0494974 0.0414003 -0.053739
      vertex -0.0484494 0.0414003 -0.0503943
      vertex -0.0508879 0.0414003 -0.0523485
    endloop
  endfacet
  facet normal 0 -1 -0
    outer loop
      vertex -0.0470212 0.0414003 -0.0501677
      vertex -0.0494974 0.0414003 -0.053739
      vertex -0.0437479 0.0414003 -0.0479896
    endloop
  endfacet
  facet normal 0 -1 -0
    outer loop
      vertex -0.0484494 0.0414003 -0.0503943
      vertex -0.0494974 0.0414003 -0.053739
      vertex -0.0470212 0.0414003 -0.0501677
    endloop
  endfacet
  facet normal 0 1 0
    outer loop
      vertex -0.0459614 0.0493997 -0.0459614
      vertex -0.0477171 0.0493997 -0.0457723
      vertex -0.0479896 0.0493997 -0.0437479
    endloop
  endfacet
  facet normal 0 1 0
    outer loop
      vertex -0.0459614 0.0493997 -0.0459614
      vertex -0.0464291 0.0493997 -0.0464291
      vertex -0.0477171 0.0493997 -0.0457723
    endloop
  endfacet
  facet normal 0 1 0
    outer loop
      vertex -0.0459614 0.0493997 -0.0459614
      vertex -0.0457723 0.0493997 -0.0477171
      vertex -0.0464291 0.0493997 -0.0464291
    endloop
  endfacet
  facet normal 0 1 0
    outer loop
      vertex -0.0437479 0.0493997 -0.0479896
      vertex -0.0457723 0.0493997 -0.0477171
      vertex -0.0459614 0.0493997 -0.0459614
    endloop
  endfacet
  facet normal 0 1 0
    outer loop
      vertex -0.0437479 0.0493997 -0.0479896
      vertex -0.0459988 0.0493997 -0.0491454
      vertex -0.0457723 0.0493997 -0.0477171
    endloop
  endfacet
  facet normal 0 1 0
    outer loop
      vertex -0.0437479 0.0493997 -0.0479896
      vertex -0.0470212 0.0493997 -0.0501677
      vertex -0.0459988 0.0493997 -0.0491454
    endloop
  endfacet
  facet normal 0 1 0
    outer loop
      vertex -0.0497374 0.0493997 -0.0497374
      vertex -0.0508879 0.0493997 -0.0523485
      vertex -0.0523485 0.0493997 -0.0508879
    endloop
  endfacet
  facet normal 0 1 0
    outer loop
      vertex -0.0494974 0.0493997 -0.053739
      vertex -0.0484494 0.0493997 -0.0503943
      vertex -0.0470212 0.0493997 -0.0501677
    endloop
  endfacet
  facet normal 0 1 0
    outer loop
      vertex -0.0484494 0.0493997 -0.0503943
      vertex -0.0494974 0.0493997 -0.053739
      vertex -0.0508879 0.0493997 -0.0523485
    endloop
  endfacet
  facet normal 0 1 0
    outer loop
      vertex -0.0494974 0.0493997 -0.053739
      vertex -0.0470212 0.0493997 -0.0501677
      vertex -0.0437479 0.0493997 -0.0479896
    endloop
  endfacet
  facet normal 0 1 0
    outer loop
      vertex -0.0491454 0.0493997 -0.0459988
      vertex -0.0479896 0.0493997 -0.0437479
      vertex -0.0477171 0.0493997 -0.0457723
    endloop
  endfacet
  facet normal 0 1 0
    outer loop
      vertex -0.0501677 0.0493997 -0.0470212
      vertex -0.0479896 0.0493997 -0.0437479
      vertex -0.0491454 0.0493997 -0.0459988
    endloop
  endfacet
  facet normal 0 1 -0
    outer loop
      vertex -0.0501677 0.0493997 -0.0470212
      vertex -0.053739 0.0493997 -0.0494974
      vertex -0.0479896 0.0493997 -0.0437479
    endloop
  endfacet
  facet normal 0 1 -0
    outer loop
      vertex -0.0503943 0.0493997 -0.0484494
      vertex -0.053739 0.0493997 -0.0494974
      vertex -0.0501677 0.0493997 -0.0470212
    endloop
  endfacet
  facet normal 0 1 0
    outer loop
      vertex -0.0523485 0.0493997 -0.0508879
      vertex -0.0503943 0.0493997 -0.0484494
      vertex -0.0497374 0.0493997 -0.0497374
    endloop
  endfacet
  facet normal 0 1 0
    outer loop
      vertex -0.0508879 0.0493997 -0.0523485
      vertex -0.0497374 0.0493997 -0.0497374
      vertex -0.0484494 0.0493997 -0.0503943
    endloop
  endfacet
  facet normal 0 1 0
    outer loop
      vertex -0.0503943 0.0493997 -0.0484494
      vertex -0.0523485 0.0493997 -0.0508879
      vertex -0.053739 0.0493997 -0.0494974
    endloop
  endfacet
  facet normal -0.847175 0.295722 0.441409
    outer loop
      vertex -0.0529568 0.0487751 -0.0502796
      vertex -0.0552105 0.0473999 -0.0536837
      vertex -0.0532724 0.0473999 -0.049964
    endloop
  endfacet
  facet normal 0.441437 -0.295526 -0.847229
    outer loop
      vertex -0.0502796 0.0460237 -0.0529568
      vertex -0.0536837 0.0473999 -0.0552105
      vertex -0.049964 0.0473999 -0.0532724
    endloop
  endfacet
  facet normal 0.441411 -0.295583 -0.847223
    outer loop
      vertex -0.0536837 0.0473999 -0.0552105
      vertex -0.0502796 0.0460237 -0.0529568
      vertex -0.0538294 0.0467647 -0.0550648
    endloop
  endfacet
  facet normal -0.601028 0.77502 0.195216
    outer loop
      vertex -0.0546824 0.048427 -0.0542118
      vertex -0.0523485 0.0493997 -0.0508879
      vertex -0.0521294 0.0496248 -0.051107
    endloop
  endfacet
  facet normal -0.600879 0.775173 0.195066
    outer loop
      vertex -0.0523485 0.0493997 -0.0508879
      vertex -0.0546824 0.048427 -0.0542118
      vertex -0.0529568 0.0487751 -0.0502796
    endloop
  endfacet
  facet normal 0.195066 0.775173 -0.600879
    outer loop
      vertex -0.0542118 0.048427 -0.0546824
      vertex -0.0508879 0.0493997 -0.0523485
      vertex -0.0502796 0.0487751 -0.0529568
    endloop
  endfacet
  facet normal 0.195216 0.77502 -0.601028
    outer loop
      vertex -0.0508879 0.0493997 -0.0523485
      vertex -0.0542118 0.048427 -0.0546824
      vertex -0.051107 0.0496248 -0.0521294
    endloop
  endfacet
  facet normal 0.441259 0.296042 -0.847142
    outer loop
      vertex -0.0536837 0.0473999 -0.0552105
      vertex -0.0538294 0.048034 -0.0550648
      vertex -0.0502796 0.0487751 -0.0529568
    endloop
  endfacet
  facet normal 0.441409 0.295722 -0.847175
    outer loop
      vertex -0.049964 0.0473999 -0.0532724
      vertex -0.0536837 0.0473999 -0.0552105
      vertex -0.0502796 0.0487751 -0.0529568
    endloop
  endfacet
  facet normal -0.60064 -0.775412 0.194851
    outer loop
      vertex -0.0550648 0.0467647 -0.0538294
      vertex -0.0526091 0.0454 -0.0516904
      vertex -0.0525449 0.0454 -0.0514925
    endloop
  endfacet
  facet normal -0.600496 -0.775595 0.19457
    outer loop
      vertex -0.0526091 0.0454 -0.0516904
      vertex -0.0550648 0.0467647 -0.0538294
      vertex -0.0546824 0.0463727 -0.0542118
    endloop
  endfacet
  facet normal -0.202813 0.957984 -0.202813
    outer loop
      vertex -0.051107 0.0496248 -0.0521294
      vertex -0.0546824 0.048427 -0.0542118
      vertex -0.0521294 0.0496248 -0.051107
    endloop
  endfacet
  facet normal -0.202813 0.957984 -0.202813
    outer loop
      vertex -0.0546824 0.048427 -0.0542118
      vertex -0.051107 0.0496248 -0.0521294
      vertex -0.0542118 0.048427 -0.0546824
    endloop
  endfacet
  facet normal 0.19457 -0.775595 -0.600496
    outer loop
      vertex -0.0538294 0.0467647 -0.0550648
      vertex -0.0516904 0.0454 -0.0526091
      vertex -0.0542118 0.0463727 -0.0546824
    endloop
  endfacet
  facet normal 0.194851 -0.775412 -0.60064
    outer loop
      vertex -0.0516904 0.0454 -0.0526091
      vertex -0.0538294 0.0467647 -0.0550648
      vertex -0.0514925 0.0454 -0.0525449
    endloop
  endfacet
  facet normal 0.194735 -0.775403 -0.60069
    outer loop
      vertex -0.0514925 0.0454 -0.0525449
      vertex -0.0502796 0.0460237 -0.0529568
      vertex -0.0508876 0.0454 -0.0523488
    endloop
  endfacet
  facet normal 0.19479 -0.775454 -0.600606
    outer loop
      vertex -0.0502796 0.0460237 -0.0529568
      vertex -0.0514925 0.0454 -0.0525449
      vertex -0.0538294 0.0467647 -0.0550648
    endloop
  endfacet
  facet normal -0.60069 -0.775403 0.194735
    outer loop
      vertex -0.0529568 0.0460237 -0.0502796
      vertex -0.0525449 0.0454 -0.0514925
      vertex -0.0523488 0.0454 -0.0508876
    endloop
  endfacet
  facet normal -0.600606 -0.775454 0.19479
    outer loop
      vertex -0.0525449 0.0454 -0.0514925
      vertex -0.0529568 0.0460237 -0.0502796
      vertex -0.0550648 0.0467647 -0.0538294
    endloop
  endfacet
  facet normal -0.847223 -0.295583 0.441411
    outer loop
      vertex -0.0529568 0.0460237 -0.0502796
      vertex -0.0552105 0.0473999 -0.0536837
      vertex -0.0550648 0.0467647 -0.0538294
    endloop
  endfacet
  facet normal -0.847229 -0.295526 0.441437
    outer loop
      vertex -0.0552105 0.0473999 -0.0536837
      vertex -0.0529568 0.0460237 -0.0502796
      vertex -0.0532724 0.0473999 -0.049964
    endloop
  endfacet
  facet normal -0.601171 0.774909 0.195218
    outer loop
      vertex -0.0546824 0.048427 -0.0542118
      vertex -0.0550648 0.048034 -0.0538294
      vertex -0.0529568 0.0487751 -0.0502796
    endloop
  endfacet
  facet normal 0.195218 0.774909 -0.601171
    outer loop
      vertex -0.0538294 0.048034 -0.0550648
      vertex -0.0542118 0.048427 -0.0546824
      vertex -0.0502796 0.0487751 -0.0529568
    endloop
  endfacet
  facet normal -0.707107 0 -0.707107
    outer loop
      vertex -0.0538294 0.048034 -0.0550648
      vertex -0.0546824 0.048427 -0.0542118
      vertex -0.0542118 0.048427 -0.0546824
    endloop
  endfacet
  facet normal -0.707107 0 -0.707107
    outer loop
      vertex -0.0538294 0.048034 -0.0550648
      vertex -0.0550648 0.048034 -0.0538294
      vertex -0.0546824 0.048427 -0.0542118
    endloop
  endfacet
  facet normal -0.707107 7.71743e-15 -0.707107
    outer loop
      vertex -0.0536837 0.0473999 -0.0552105
      vertex -0.0550648 0.048034 -0.0538294
      vertex -0.0538294 0.048034 -0.0550648
    endloop
  endfacet
  facet normal -0.707107 7.73313e-15 -0.707107
    outer loop
      vertex -0.0536837 0.0473999 -0.0552105
      vertex -0.0552105 0.0473999 -0.0536837
      vertex -0.0550648 0.048034 -0.0538294
    endloop
  endfacet
  facet normal -0.707107 -7.73904e-15 -0.707107
    outer loop
      vertex -0.0538294 0.0467647 -0.0550648
      vertex -0.0552105 0.0473999 -0.0536837
      vertex -0.0536837 0.0473999 -0.0552105
    endloop
  endfacet
  facet normal -0.707107 -7.63251e-15 -0.707107
    outer loop
      vertex -0.0538294 0.0467647 -0.0550648
      vertex -0.0550648 0.0467647 -0.0538294
      vertex -0.0552105 0.0473999 -0.0536837
    endloop
  endfacet
  facet normal -0.707107 0 -0.707107
    outer loop
      vertex -0.0542118 0.0463727 -0.0546824
      vertex -0.0550648 0.0467647 -0.0538294
      vertex -0.0538294 0.0467647 -0.0550648
    endloop
  endfacet
  facet normal -0.707107 0 -0.707107
    outer loop
      vertex -0.0550648 0.0467647 -0.0538294
      vertex -0.0542118 0.0463727 -0.0546824
      vertex -0.0546824 0.0463727 -0.0542118
    endloop
  endfacet
  facet normal -0.202806 -0.957987 -0.202806
    outer loop
      vertex -0.0546824 0.0463727 -0.0542118
      vertex -0.0516904 0.0454 -0.0526091
      vertex -0.0526091 0.0454 -0.0516904
    endloop
  endfacet
  facet normal -0.202806 -0.957987 -0.202806
    outer loop
      vertex -0.0516904 0.0454 -0.0526091
      vertex -0.0546824 0.0463727 -0.0542118
      vertex -0.0542118 0.0463727 -0.0546824
    endloop
  endfacet
  facet normal -0.847142 0.296042 0.441259
    outer loop
      vertex -0.0550648 0.048034 -0.0538294
      vertex -0.0552105 0.0473999 -0.0536837
      vertex -0.0529568 0.0487751 -0.0502796
    endloop
  endfacet
  facet normal -0.847223 0.295583 0.441411
    outer loop
      vertex -0.0552105 0.0434001 -0.0536837
      vertex -0.0529568 0.0447763 -0.0502796
      vertex -0.0550648 0.0440353 -0.0538294
    endloop
  endfacet
  facet normal -0.847229 0.295526 0.441437
    outer loop
      vertex -0.0529568 0.0447763 -0.0502796
      vertex -0.0552105 0.0434001 -0.0536837
      vertex -0.0532724 0.0434001 -0.049964
    endloop
  endfacet
  facet normal 0.441437 0.295526 -0.847229
    outer loop
      vertex -0.0536837 0.0434001 -0.0552105
      vertex -0.0502796 0.0447763 -0.0529568
      vertex -0.049964 0.0434001 -0.0532724
    endloop
  endfacet
  facet normal 0.441411 0.295583 -0.847223
    outer loop
      vertex -0.0502796 0.0447763 -0.0529568
      vertex -0.0536837 0.0434001 -0.0552105
      vertex -0.0538294 0.0440353 -0.0550648
    endloop
  endfacet
  facet normal -0.707107 0 -0.707107
    outer loop
      vertex -0.0538294 0.0440353 -0.0550648
      vertex -0.0546824 0.0444273 -0.0542118
      vertex -0.0542118 0.0444273 -0.0546824
    endloop
  endfacet
  facet normal -0.707107 0 -0.707107
    outer loop
      vertex -0.0538294 0.0440353 -0.0550648
      vertex -0.0550648 0.0440353 -0.0538294
      vertex -0.0546824 0.0444273 -0.0542118
    endloop
  endfacet
  facet normal -0.707107 7.70406e-15 -0.707107
    outer loop
      vertex -0.0536837 0.0434001 -0.0552105
      vertex -0.0550648 0.0440353 -0.0538294
      vertex -0.0538294 0.0440353 -0.0550648
    endloop
  endfacet
  facet normal -0.707107 7.71974e-15 -0.707107
    outer loop
      vertex -0.0536837 0.0434001 -0.0552105
      vertex -0.0552105 0.0434001 -0.0536837
      vertex -0.0550648 0.0440353 -0.0538294
    endloop
  endfacet
  facet normal -0.707107 -7.75246e-15 -0.707107
    outer loop
      vertex -0.0538294 0.042766 -0.0550648
      vertex -0.0552105 0.0434001 -0.0536837
      vertex -0.0536837 0.0434001 -0.0552105
    endloop
  endfacet
  facet normal -0.707107 -7.64575e-15 -0.707107
    outer loop
      vertex -0.0538294 0.042766 -0.0550648
      vertex -0.0550648 0.042766 -0.0538294
      vertex -0.0552105 0.0434001 -0.0536837
    endloop
  endfacet
  facet normal -0.707107 0 -0.707107
    outer loop
      vertex -0.0542118 0.042373 -0.0546824
      vertex -0.0550648 0.042766 -0.0538294
      vertex -0.0538294 0.042766 -0.0550648
    endloop
  endfacet
  facet normal -0.707107 0 -0.707107
    outer loop
      vertex -0.0550648 0.042766 -0.0538294
      vertex -0.0542118 0.042373 -0.0546824
      vertex -0.0546824 0.042373 -0.0542118
    endloop
  endfacet
  facet normal 0.194851 0.775412 -0.60064
    outer loop
      vertex -0.0538294 0.0440353 -0.0550648
      vertex -0.0516904 0.0454 -0.0526091
      vertex -0.0514925 0.0454 -0.0525449
    endloop
  endfacet
  facet normal 0.19457 0.775595 -0.600496
    outer loop
      vertex -0.0516904 0.0454 -0.0526091
      vertex -0.0538294 0.0440353 -0.0550648
      vertex -0.0542118 0.0444273 -0.0546824
    endloop
  endfacet
  facet normal -0.847175 -0.295722 0.441409
    outer loop
      vertex -0.0532724 0.0434001 -0.049964
      vertex -0.0552105 0.0434001 -0.0536837
      vertex -0.0529568 0.0420249 -0.0502796
    endloop
  endfacet
  facet normal -0.60069 0.775403 0.194735
    outer loop
      vertex -0.0525449 0.0454 -0.0514925
      vertex -0.0529568 0.0447763 -0.0502796
      vertex -0.0523488 0.0454 -0.0508876
    endloop
  endfacet
  facet normal -0.600606 0.775454 0.19479
    outer loop
      vertex -0.0529568 0.0447763 -0.0502796
      vertex -0.0525449 0.0454 -0.0514925
      vertex -0.0550648 0.0440353 -0.0538294
    endloop
  endfacet
  facet normal 0.194735 0.775403 -0.60069
    outer loop
      vertex -0.0502796 0.0447763 -0.0529568
      vertex -0.0514925 0.0454 -0.0525449
      vertex -0.0508876 0.0454 -0.0523488
    endloop
  endfacet
  facet normal 0.19479 0.775454 -0.600606
    outer loop
      vertex -0.0514925 0.0454 -0.0525449
      vertex -0.0502796 0.0447763 -0.0529568
      vertex -0.0538294 0.0440353 -0.0550648
    endloop
  endfacet
  facet normal -0.202813 -0.957984 -0.202813
    outer loop
      vertex -0.0546824 0.042373 -0.0542118
      vertex -0.051107 0.0411752 -0.0521294
      vertex -0.0521294 0.0411752 -0.051107
    endloop
  endfacet
  facet normal -0.202813 -0.957984 -0.202813
    outer loop
      vertex -0.051107 0.0411752 -0.0521294
      vertex -0.0546824 0.042373 -0.0542118
      vertex -0.0542118 0.042373 -0.0546824
    endloop
  endfacet
  facet normal -0.202806 0.957987 -0.202806
    outer loop
      vertex -0.0516904 0.0454 -0.0526091
      vertex -0.0546824 0.0444273 -0.0542118
      vertex -0.0526091 0.0454 -0.0516904
    endloop
  endfacet
  facet normal -0.202806 0.957987 -0.202806
    outer loop
      vertex -0.0546824 0.0444273 -0.0542118
      vertex -0.0516904 0.0454 -0.0526091
      vertex -0.0542118 0.0444273 -0.0546824
    endloop
  endfacet
  facet normal -0.60064 0.775412 0.194851
    outer loop
      vertex -0.0526091 0.0454 -0.0516904
      vertex -0.0550648 0.0440353 -0.0538294
      vertex -0.0525449 0.0454 -0.0514925
    endloop
  endfacet
  facet normal -0.600496 0.775595 0.19457
    outer loop
      vertex -0.0550648 0.0440353 -0.0538294
      vertex -0.0526091 0.0454 -0.0516904
      vertex -0.0546824 0.0444273 -0.0542118
    endloop
  endfacet
  facet normal 0.441259 -0.296042 -0.847142
    outer loop
      vertex -0.0502796 0.0420249 -0.0529568
      vertex -0.0538294 0.042766 -0.0550648
      vertex -0.0536837 0.0434001 -0.0552105
    endloop
  endfacet
  facet normal 0.441409 -0.295722 -0.847175
    outer loop
      vertex -0.0502796 0.0420249 -0.0529568
      vertex -0.0536837 0.0434001 -0.0552105
      vertex -0.049964 0.0434001 -0.0532724
    endloop
  endfacet
  facet normal -0.600879 -0.775173 0.195066
    outer loop
      vertex -0.0546824 0.042373 -0.0542118
      vertex -0.0523485 0.0414003 -0.0508879
      vertex -0.0529568 0.0420249 -0.0502796
    endloop
  endfacet
  facet normal -0.601028 -0.77502 0.195216
    outer loop
      vertex -0.0523485 0.0414003 -0.0508879
      vertex -0.0546824 0.042373 -0.0542118
      vertex -0.0521294 0.0411752 -0.051107
    endloop
  endfacet
  facet normal 0.195218 -0.774909 -0.601171
    outer loop
      vertex -0.0502796 0.0420249 -0.0529568
      vertex -0.0542118 0.042373 -0.0546824
      vertex -0.0538294 0.042766 -0.0550648
    endloop
  endfacet
  facet normal 0.195216 -0.77502 -0.601028
    outer loop
      vertex -0.0542118 0.042373 -0.0546824
      vertex -0.0508879 0.0414003 -0.0523485
      vertex -0.051107 0.0411752 -0.0521294
    endloop
  endfacet
  facet normal 0.195066 -0.775173 -0.600879
    outer loop
      vertex -0.0508879 0.0414003 -0.0523485
      vertex -0.0542118 0.042373 -0.0546824
      vertex -0.0502796 0.0420249 -0.0529568
    endloop
  endfacet
  facet normal -0.601171 -0.774909 0.195218
    outer loop
      vertex -0.0529568 0.0420249 -0.0502796
      vertex -0.0550648 0.042766 -0.0538294
      vertex -0.0546824 0.042373 -0.0542118
    endloop
  endfacet
  facet normal -0.847142 -0.296042 0.441259
    outer loop
      vertex -0.0529568 0.0420249 -0.0502796
      vertex -0.0552105 0.0434001 -0.0536837
      vertex -0.0550648 0.042766 -0.0538294
    endloop
  endfacet
  facet normal -0.853356 0.286989 -0.435225
    outer loop
      vertex -0.0497374 0.0493997 -0.0497374
      vertex -0.0503943 0.0493997 -0.0484494
      vertex -0.0488466 0.0533994 -0.0488466
    endloop
  endfacet
  facet normal 0 1 0
    outer loop
      vertex -0.0473199 0.0533994 -0.0473199
      vertex -0.0485742 0.0533994 -0.0471216
      vertex -0.047914 0.0533994 -0.0470171
    endloop
  endfacet
  facet normal 0 1 0
    outer loop
      vertex -0.0473199 0.0533994 -0.0473199
      vertex -0.0490449 0.0533994 -0.0475923
      vertex -0.0485742 0.0533994 -0.0471216
    endloop
  endfacet
  facet normal 0 1 0
    outer loop
      vertex -0.0470171 0.0533994 -0.047914
      vertex -0.0490449 0.0533994 -0.0475923
      vertex -0.0473199 0.0533994 -0.0473199
    endloop
  endfacet
  facet normal 0 1 0
    outer loop
      vertex -0.0470171 0.0533994 -0.047914
      vertex -0.0491494 0.0533994 -0.0482525
      vertex -0.0490449 0.0533994 -0.0475923
    endloop
  endfacet
  facet normal 0 1 -0
    outer loop
      vertex -0.0471216 0.0533994 -0.0485742
      vertex -0.0491494 0.0533994 -0.0482525
      vertex -0.0470171 0.0533994 -0.047914
    endloop
  endfacet
  facet normal 0 1 0
    outer loop
      vertex -0.0471216 0.0533994 -0.0485742
      vertex -0.0488466 0.0533994 -0.0488466
      vertex -0.0491494 0.0533994 -0.0482525
    endloop
  endfacet
  facet normal 0 1 -0
    outer loop
      vertex -0.0475923 0.0533994 -0.0490449
      vertex -0.0488466 0.0533994 -0.0488466
      vertex -0.0471216 0.0533994 -0.0485742
    endloop
  endfacet
  facet normal 0 1 0
    outer loop
      vertex -0.0488466 0.0533994 -0.0488466
      vertex -0.0475923 0.0533994 -0.0490449
      vertex -0.0482525 0.0533994 -0.0491494
    endloop
  endfacet
  facet normal -0.94609 0.287021 0.150108
    outer loop
      vertex -0.0490449 0.0533994 -0.0475923
      vertex -0.0503943 0.0493997 -0.0484494
      vertex -0.0501677 0.0493997 -0.0470212
    endloop
  endfacet
  facet normal -0.150033 0.287017 0.946103
    outer loop
      vertex -0.0485742 0.0533994 -0.0471216
      vertex -0.0491454 0.0493997 -0.0459988
      vertex -0.0477171 0.0493997 -0.0457723
    endloop
  endfacet
  facet normal -0.435225 0.286989 -0.853356
    outer loop
      vertex -0.0484494 0.0493997 -0.0503943
      vertex -0.0497374 0.0493997 -0.0497374
      vertex -0.0488466 0.0533994 -0.0488466
    endloop
  endfacet
  facet normal -0.149758 0.287084 0.946126
    outer loop
      vertex -0.047914 0.0533994 -0.0470171
      vertex -0.0485742 0.0533994 -0.0471216
      vertex -0.0477171 0.0493997 -0.0457723
    endloop
  endfacet
  facet normal 0.67735 0.286889 -0.677416
    outer loop
      vertex -0.0470212 0.0493997 -0.0501677
      vertex -0.0471216 0.0533994 -0.0485742
      vertex -0.0459988 0.0493997 -0.0491454
    endloop
  endfacet
  facet normal 0.677385 0.286877 -0.677385
    outer loop
      vertex -0.0471216 0.0533994 -0.0485742
      vertex -0.0470212 0.0493997 -0.0501677
      vertex -0.0475923 0.0533994 -0.0490449
    endloop
  endfacet
  facet normal -0.94612 0.287106 0.149757
    outer loop
      vertex -0.0491494 0.0533994 -0.0482525
      vertex -0.0503943 0.0493997 -0.0484494
      vertex -0.0490449 0.0533994 -0.0475923
    endloop
  endfacet
  facet normal 0.434991 0.287031 0.853461
    outer loop
      vertex -0.0473199 0.0533994 -0.0473199
      vertex -0.047914 0.0533994 -0.0470171
      vertex -0.0477171 0.0493997 -0.0457723
    endloop
  endfacet
  facet normal 0.435173 0.286983 0.853384
    outer loop
      vertex -0.0473199 0.0533994 -0.0473199
      vertex -0.0477171 0.0493997 -0.0457723
      vertex -0.0464291 0.0493997 -0.0464291
    endloop
  endfacet
  facet normal 0.853461 0.287031 0.434991
    outer loop
      vertex -0.0470171 0.0533994 -0.047914
      vertex -0.0473199 0.0533994 -0.0473199
      vertex -0.0457723 0.0493997 -0.0477171
    endloop
  endfacet
  facet normal 0.853384 0.286983 0.435173
    outer loop
      vertex -0.0457723 0.0493997 -0.0477171
      vertex -0.0473199 0.0533994 -0.0473199
      vertex -0.0464291 0.0493997 -0.0464291
    endloop
  endfacet
  facet normal -0.677385 0.286877 0.677385
    outer loop
      vertex -0.0501677 0.0493997 -0.0470212
      vertex -0.0485742 0.0533994 -0.0471216
      vertex -0.0490449 0.0533994 -0.0475923
    endloop
  endfacet
  facet normal -0.677416 0.286889 0.67735
    outer loop
      vertex -0.0485742 0.0533994 -0.0471216
      vertex -0.0501677 0.0493997 -0.0470212
      vertex -0.0491454 0.0493997 -0.0459988
    endloop
  endfacet
  facet normal -0.853456 0.287051 -0.434988
    outer loop
      vertex -0.0488466 0.0533994 -0.0488466
      vertex -0.0503943 0.0493997 -0.0484494
      vertex -0.0491494 0.0533994 -0.0482525
    endloop
  endfacet
  facet normal 0.150108 0.287021 -0.94609
    outer loop
      vertex -0.0470212 0.0493997 -0.0501677
      vertex -0.0484494 0.0493997 -0.0503943
      vertex -0.0475923 0.0533994 -0.0490449
    endloop
  endfacet
  facet normal 0.946126 0.287084 -0.149758
    outer loop
      vertex -0.0457723 0.0493997 -0.0477171
      vertex -0.0471216 0.0533994 -0.0485742
      vertex -0.0470171 0.0533994 -0.047914
    endloop
  endfacet
  facet normal 0.946103 0.287017 -0.150033
    outer loop
      vertex -0.0459988 0.0493997 -0.0491454
      vertex -0.0471216 0.0533994 -0.0485742
      vertex -0.0457723 0.0493997 -0.0477171
    endloop
  endfacet
  facet normal 0.149757 0.287106 -0.94612
    outer loop
      vertex -0.0475923 0.0533994 -0.0490449
      vertex -0.0484494 0.0493997 -0.0503943
      vertex -0.0482525 0.0533994 -0.0491494
    endloop
  endfacet
  facet normal -0.434988 0.287051 -0.853456
    outer loop
      vertex -0.0484494 0.0493997 -0.0503943
      vertex -0.0488466 0.0533994 -0.0488466
      vertex -0.0482525 0.0533994 -0.0491494
    endloop
  endfacet
  facet normal -0.435225 -0.286989 -0.853356
    outer loop
      vertex -0.0488466 0.0374006 -0.0488466
      vertex -0.0497374 0.0414003 -0.0497374
      vertex -0.0484494 0.0414003 -0.0503943
    endloop
  endfacet
  facet normal 0 -1 0
    outer loop
      vertex -0.0485742 0.0374006 -0.0471216
      vertex -0.0473199 0.0374006 -0.0473199
      vertex -0.047914 0.0374006 -0.0470171
    endloop
  endfacet
  facet normal 0 -1 0
    outer loop
      vertex -0.0490449 0.0374006 -0.0475923
      vertex -0.0473199 0.0374006 -0.0473199
      vertex -0.0485742 0.0374006 -0.0471216
    endloop
  endfacet
  facet normal 0 -1 0
    outer loop
      vertex -0.0490449 0.0374006 -0.0475923
      vertex -0.0470171 0.0374006 -0.047914
      vertex -0.0473199 0.0374006 -0.0473199
    endloop
  endfacet
  facet normal 0 -1 0
    outer loop
      vertex -0.0491494 0.0374006 -0.0482525
      vertex -0.0470171 0.0374006 -0.047914
      vertex -0.0490449 0.0374006 -0.0475923
    endloop
  endfacet
  facet normal 0 -1 0
    outer loop
      vertex -0.0491494 0.0374006 -0.0482525
      vertex -0.0471216 0.0374006 -0.0485742
      vertex -0.0470171 0.0374006 -0.047914
    endloop
  endfacet
  facet normal 0 -1 0
    outer loop
      vertex -0.0488466 0.0374006 -0.0488466
      vertex -0.0471216 0.0374006 -0.0485742
      vertex -0.0491494 0.0374006 -0.0482525
    endloop
  endfacet
  facet normal 0 -1 0
    outer loop
      vertex -0.0488466 0.0374006 -0.0488466
      vertex -0.0475923 0.0374006 -0.0490449
      vertex -0.0471216 0.0374006 -0.0485742
    endloop
  endfacet
  facet normal -0 -1 0
    outer loop
      vertex -0.0475923 0.0374006 -0.0490449
      vertex -0.0488466 0.0374006 -0.0488466
      vertex -0.0482525 0.0374006 -0.0491494
    endloop
  endfacet
  facet normal 0.150108 -0.287021 -0.94609
    outer loop
      vertex -0.0475923 0.0374006 -0.0490449
      vertex -0.0484494 0.0414003 -0.0503943
      vertex -0.0470212 0.0414003 -0.0501677
    endloop
  endfacet
  facet normal 0.946103 -0.287017 -0.150033
    outer loop
      vertex -0.0457723 0.0414003 -0.0477171
      vertex -0.0471216 0.0374006 -0.0485742
      vertex -0.0459988 0.0414003 -0.0491454
    endloop
  endfacet
  facet normal -0.853356 -0.286989 -0.435225
    outer loop
      vertex -0.0488466 0.0374006 -0.0488466
      vertex -0.0503943 0.0414003 -0.0484494
      vertex -0.0497374 0.0414003 -0.0497374
    endloop
  endfacet
  facet normal 0.946126 -0.287084 -0.149758
    outer loop
      vertex -0.0470171 0.0374006 -0.047914
      vertex -0.0471216 0.0374006 -0.0485742
      vertex -0.0457723 0.0414003 -0.0477171
    endloop
  endfacet
  facet normal -0.677385 -0.286877 0.677385
    outer loop
      vertex -0.0485742 0.0374006 -0.0471216
      vertex -0.0501677 0.0414003 -0.0470212
      vertex -0.0490449 0.0374006 -0.0475923
    endloop
  endfacet
  facet normal -0.677416 -0.286889 0.67735
    outer loop
      vertex -0.0501677 0.0414003 -0.0470212
      vertex -0.0485742 0.0374006 -0.0471216
      vertex -0.0491454 0.0414003 -0.0459988
    endloop
  endfacet
  facet normal 0.149757 -0.287106 -0.94612
    outer loop
      vertex -0.0482525 0.0374006 -0.0491494
      vertex -0.0484494 0.0414003 -0.0503943
      vertex -0.0475923 0.0374006 -0.0490449
    endloop
  endfacet
  facet normal 0.853461 -0.287031 0.434991
    outer loop
      vertex -0.0457723 0.0414003 -0.0477171
      vertex -0.0473199 0.0374006 -0.0473199
      vertex -0.0470171 0.0374006 -0.047914
    endloop
  endfacet
  facet normal 0.853384 -0.286983 0.435173
    outer loop
      vertex -0.0464291 0.0414003 -0.0464291
      vertex -0.0473199 0.0374006 -0.0473199
      vertex -0.0457723 0.0414003 -0.0477171
    endloop
  endfacet
  facet normal 0.434991 -0.287031 0.853461
    outer loop
      vertex -0.0477171 0.0414003 -0.0457723
      vertex -0.047914 0.0374006 -0.0470171
      vertex -0.0473199 0.0374006 -0.0473199
    endloop
  endfacet
  facet normal 0.435173 -0.286983 0.853384
    outer loop
      vertex -0.0464291 0.0414003 -0.0464291
      vertex -0.0477171 0.0414003 -0.0457723
      vertex -0.0473199 0.0374006 -0.0473199
    endloop
  endfacet
  facet normal 0.67735 -0.286889 -0.677416
    outer loop
      vertex -0.0471216 0.0374006 -0.0485742
      vertex -0.0470212 0.0414003 -0.0501677
      vertex -0.0459988 0.0414003 -0.0491454
    endloop
  endfacet
  facet normal 0.677385 -0.286877 -0.677385
    outer loop
      vertex -0.0470212 0.0414003 -0.0501677
      vertex -0.0471216 0.0374006 -0.0485742
      vertex -0.0475923 0.0374006 -0.0490449
    endloop
  endfacet
  facet normal -0.434988 -0.287051 -0.853456
    outer loop
      vertex -0.0482525 0.0374006 -0.0491494
      vertex -0.0488466 0.0374006 -0.0488466
      vertex -0.0484494 0.0414003 -0.0503943
    endloop
  endfacet
  facet normal -0.94609 -0.287021 0.150108
    outer loop
      vertex -0.0501677 0.0414003 -0.0470212
      vertex -0.0503943 0.0414003 -0.0484494
      vertex -0.0490449 0.0374006 -0.0475923
    endloop
  endfacet
  facet normal -0.149758 -0.287084 0.946126
    outer loop
      vertex -0.0477171 0.0414003 -0.0457723
      vertex -0.0485742 0.0374006 -0.0471216
      vertex -0.047914 0.0374006 -0.0470171
    endloop
  endfacet
  facet normal -0.150033 -0.287017 0.946103
    outer loop
      vertex -0.0477171 0.0414003 -0.0457723
      vertex -0.0491454 0.0414003 -0.0459988
      vertex -0.0485742 0.0374006 -0.0471216
    endloop
  endfacet
  facet normal -0.94612 -0.287106 0.149757
    outer loop
      vertex -0.0490449 0.0374006 -0.0475923
      vertex -0.0503943 0.0414003 -0.0484494
      vertex -0.0491494 0.0374006 -0.0482525
    endloop
  endfacet
  facet normal -0.853456 -0.287051 -0.434988
    outer loop
      vertex -0.0491494 0.0374006 -0.0482525
      vertex -0.0503943 0.0414003 -0.0484494
      vertex -0.0488466 0.0374006 -0.0488466
    endloop
  endfacet
  facet normal -0.707113 0 -0.707101
    outer loop
      vertex -0.0479896 0.0414003 0.0437479
      vertex -0.053739 0.0493997 0.0494974
      vertex -0.0479896 0.0493997 0.0437479
    endloop
  endfacet
  facet normal -0.707113 -0 -0.707101
    outer loop
      vertex -0.053739 0.0493997 0.0494974
      vertex -0.0479896 0.0414003 0.0437479
      vertex -0.053739 0.0414003 0.0494974
    endloop
  endfacet
  facet normal -0.707107 0 0.707107
    outer loop
      vertex -0.0502796 0.0487751 0.0529568
      vertex -0.0494974 0.0493997 0.053739
      vertex -0.0508879 0.0493997 0.0523485
    endloop
  endfacet
  facet normal -0.707107 0 0.707107
    outer loop
      vertex -0.049964 0.0473999 0.0532724
      vertex -0.0494974 0.0493997 0.053739
      vertex -0.0502796 0.0487751 0.0529568
    endloop
  endfacet
  facet normal -0.707107 0 0.707107
    outer loop
      vertex -0.049964 0.0434001 0.0532724
      vertex -0.049964 0.0473999 0.0532724
      vertex -0.0502796 0.0460237 0.0529568
    endloop
  endfacet
  facet normal -0.707107 0 0.707107
    outer loop
      vertex -0.0502796 0.0447763 0.0529568
      vertex -0.0502796 0.0460237 0.0529568
      vertex -0.0508876 0.0454 0.0523488
    endloop
  endfacet
  facet normal -0.707107 0 0.707107
    outer loop
      vertex -0.049964 0.0434001 0.0532724
      vertex -0.0502796 0.0460237 0.0529568
      vertex -0.0502796 0.0447763 0.0529568
    endloop
  endfacet
  facet normal -0.707107 0 0.707107
    outer loop
      vertex -0.049964 0.0473999 0.0532724
      vertex -0.049964 0.0434001 0.0532724
      vertex -0.0494974 0.0493997 0.053739
    endloop
  endfacet
  facet normal -0.707107 0 0.707107
    outer loop
      vertex -0.049964 0.0434001 0.0532724
      vertex -0.0494974 0.0414003 0.053739
      vertex -0.0494974 0.0493997 0.053739
    endloop
  endfacet
  facet normal -0.707107 0 0.707107
    outer loop
      vertex -0.0502796 0.0420249 0.0529568
      vertex -0.0494974 0.0414003 0.053739
      vertex -0.049964 0.0434001 0.0532724
    endloop
  endfacet
  facet normal -0.707107 0 0.707107
    outer loop
      vertex -0.0494974 0.0414003 0.053739
      vertex -0.0502796 0.0420249 0.0529568
      vertex -0.0508879 0.0414003 0.0523485
    endloop
  endfacet
  facet normal -0.707107 0 0.707107
    outer loop
      vertex -0.053739 0.0493997 0.0494974
      vertex -0.0529568 0.0487751 0.0502796
      vertex -0.0523485 0.0493997 0.0508879
    endloop
  endfacet
  facet normal -0.707107 0 0.707107
    outer loop
      vertex -0.053739 0.0493997 0.0494974
      vertex -0.0532724 0.0473999 0.049964
      vertex -0.0529568 0.0487751 0.0502796
    endloop
  endfacet
  facet normal -0.707107 0 0.707107
    outer loop
      vertex -0.0532724 0.0434001 0.049964
      vertex -0.0532724 0.0473999 0.049964
      vertex -0.053739 0.0493997 0.0494974
    endloop
  endfacet
  facet normal -0.707107 0 0.707107
    outer loop
      vertex -0.0529568 0.0460237 0.0502796
      vertex -0.0529568 0.0447763 0.0502796
      vertex -0.0523488 0.0454 0.0508876
    endloop
  endfacet
  facet normal -0.707107 0 0.707107
    outer loop
      vertex -0.0532724 0.0473999 0.049964
      vertex -0.0532724 0.0434001 0.049964
      vertex -0.0529568 0.0460237 0.0502796
    endloop
  endfacet
  facet normal -0.707107 0 0.707107
    outer loop
      vertex -0.0529568 0.0460237 0.0502796
      vertex -0.0532724 0.0434001 0.049964
      vertex -0.0529568 0.0447763 0.0502796
    endloop
  endfacet
  facet normal -0.707107 0 0.707107
    outer loop
      vertex -0.053739 0.0414003 0.0494974
      vertex -0.0532724 0.0434001 0.049964
      vertex -0.053739 0.0493997 0.0494974
    endloop
  endfacet
  facet normal -0.707107 0 0.707107
    outer loop
      vertex -0.053739 0.0414003 0.0494974
      vertex -0.0529568 0.0420249 0.0502796
      vertex -0.0532724 0.0434001 0.049964
    endloop
  endfacet
  facet normal -0.707107 0 0.707107
    outer loop
      vertex -0.0529568 0.0420249 0.0502796
      vertex -0.053739 0.0414003 0.0494974
      vertex -0.0523485 0.0414003 0.0508879
    endloop
  endfacet
  facet normal 0.707107 0 -0.707107
    outer loop
      vertex -0.0508879 0.0493997 0.0523485
      vertex -0.0521294 0.0496248 0.051107
      vertex -0.051107 0.0496248 0.0521294
    endloop
  endfacet
  facet normal 0.707107 0 -0.707107
    outer loop
      vertex -0.0521294 0.0496248 0.051107
      vertex -0.0508879 0.0493997 0.0523485
      vertex -0.0523485 0.0493997 0.0508879
    endloop
  endfacet
  facet normal 0.707107 0 -0.707107
    outer loop
      vertex -0.051107 0.0411752 0.0521294
      vertex -0.0523485 0.0414003 0.0508879
      vertex -0.0508879 0.0414003 0.0523485
    endloop
  endfacet
  facet normal 0.707107 0 -0.707107
    outer loop
      vertex -0.0523485 0.0414003 0.0508879
      vertex -0.051107 0.0411752 0.0521294
      vertex -0.0521294 0.0411752 0.051107
    endloop
  endfacet
  facet normal 0.707101 0 0.707113
    outer loop
      vertex -0.0494974 0.0493997 0.053739
      vertex -0.0437479 0.0414003 0.0479896
      vertex -0.0437479 0.0493997 0.0479896
    endloop
  endfacet
  facet normal 0.707101 0 0.707113
    outer loop
      vertex -0.0437479 0.0414003 0.0479896
      vertex -0.0494974 0.0493997 0.053739
      vertex -0.0494974 0.0414003 0.053739
    endloop
  endfacet
  facet normal 0 -1 0
    outer loop
      vertex -0.0508879 0.0414003 0.0523485
      vertex -0.0497374 0.0414003 0.0497374
      vertex -0.0484494 0.0414003 0.0503943
    endloop
  endfacet
  facet normal 0 -1 0
    outer loop
      vertex -0.0503943 0.0414003 0.0484494
      vertex -0.0523485 0.0414003 0.0508879
      vertex -0.053739 0.0414003 0.0494974
    endloop
  endfacet
  facet normal 0 -1 0
    outer loop
      vertex -0.0523485 0.0414003 0.0508879
      vertex -0.0503943 0.0414003 0.0484494
      vertex -0.0497374 0.0414003 0.0497374
    endloop
  endfacet
  facet normal 0 -1 0
    outer loop
      vertex -0.053739 0.0414003 0.0494974
      vertex -0.0501677 0.0414003 0.0470212
      vertex -0.0503943 0.0414003 0.0484494
    endloop
  endfacet
  facet normal 0 -1 0
    outer loop
      vertex -0.0479896 0.0414003 0.0437479
      vertex -0.0501677 0.0414003 0.0470212
      vertex -0.053739 0.0414003 0.0494974
    endloop
  endfacet
  facet normal 0 -1 0
    outer loop
      vertex -0.0491454 0.0414003 0.0459988
      vertex -0.0479896 0.0414003 0.0437479
      vertex -0.0477171 0.0414003 0.0457723
    endloop
  endfacet
  facet normal 0 -1 0
    outer loop
      vertex -0.0501677 0.0414003 0.0470212
      vertex -0.0479896 0.0414003 0.0437479
      vertex -0.0491454 0.0414003 0.0459988
    endloop
  endfacet
  facet normal 0 -1 0
    outer loop
      vertex -0.0497374 0.0414003 0.0497374
      vertex -0.0508879 0.0414003 0.0523485
      vertex -0.0523485 0.0414003 0.0508879
    endloop
  endfacet
  facet normal 0 -1 0
    outer loop
      vertex -0.0508879 0.0414003 0.0523485
      vertex -0.0484494 0.0414003 0.0503943
      vertex -0.0494974 0.0414003 0.053739
    endloop
  endfacet
  facet normal 0 -1 0
    outer loop
      vertex -0.0470212 0.0414003 0.0501677
      vertex -0.0494974 0.0414003 0.053739
      vertex -0.0484494 0.0414003 0.0503943
    endloop
  endfacet
  facet normal 0 -1 0
    outer loop
      vertex -0.0437479 0.0414003 0.0479896
      vertex -0.0470212 0.0414003 0.0501677
      vertex -0.0459988 0.0414003 0.0491454
    endloop
  endfacet
  facet normal 0 -1 0
    outer loop
      vertex -0.0470212 0.0414003 0.0501677
      vertex -0.0437479 0.0414003 0.0479896
      vertex -0.0494974 0.0414003 0.053739
    endloop
  endfacet
  facet normal 0 -1 0
    outer loop
      vertex -0.0457723 0.0414003 0.0477171
      vertex -0.0437479 0.0414003 0.0479896
      vertex -0.0459988 0.0414003 0.0491454
    endloop
  endfacet
  facet normal 0 -1 0
    outer loop
      vertex -0.0459614 0.0414003 0.0459614
      vertex -0.0457723 0.0414003 0.0477171
      vertex -0.0464291 0.0414003 0.0464291
    endloop
  endfacet
  facet normal 0 -1 -0
    outer loop
      vertex -0.0457723 0.0414003 0.0477171
      vertex -0.0459614 0.0414003 0.0459614
      vertex -0.0437479 0.0414003 0.0479896
    endloop
  endfacet
  facet normal 0 -1 0
    outer loop
      vertex -0.0477171 0.0414003 0.0457723
      vertex -0.0459614 0.0414003 0.0459614
      vertex -0.0464291 0.0414003 0.0464291
    endloop
  endfacet
  facet normal 0 -1 0
    outer loop
      vertex -0.0459614 0.0414003 0.0459614
      vertex -0.0477171 0.0414003 0.0457723
      vertex -0.0479896 0.0414003 0.0437479
    endloop
  endfacet
  facet normal 0 1 0
    outer loop
      vertex -0.0484494 0.0493997 0.0503943
      vertex -0.0508879 0.0493997 0.0523485
      vertex -0.0494974 0.0493997 0.053739
    endloop
  endfacet
  facet normal 0 1 0
    outer loop
      vertex -0.0508879 0.0493997 0.0523485
      vertex -0.0484494 0.0493997 0.0503943
      vertex -0.0497374 0.0493997 0.0497374
    endloop
  endfacet
  facet normal 0 1 0
    outer loop
      vertex -0.0494974 0.0493997 0.053739
      vertex -0.0470212 0.0493997 0.0501677
      vertex -0.0484494 0.0493997 0.0503943
    endloop
  endfacet
  facet normal 0 1 0
    outer loop
      vertex -0.0437479 0.0493997 0.0479896
      vertex -0.0470212 0.0493997 0.0501677
      vertex -0.0494974 0.0493997 0.053739
    endloop
  endfacet
  facet normal 0 1 0
    outer loop
      vertex -0.0470212 0.0493997 0.0501677
      vertex -0.0437479 0.0493997 0.0479896
      vertex -0.0459988 0.0493997 0.0491454
    endloop
  endfacet
  facet normal 0 1 0
    outer loop
      vertex -0.0437479 0.0493997 0.0479896
      vertex -0.0457723 0.0493997 0.0477171
      vertex -0.0459988 0.0493997 0.0491454
    endloop
  endfacet
  facet normal 0 1 0
    outer loop
      vertex -0.0459614 0.0493997 0.0459614
      vertex -0.0457723 0.0493997 0.0477171
      vertex -0.0437479 0.0493997 0.0479896
    endloop
  endfacet
  facet normal 0 1 0
    outer loop
      vertex -0.0457723 0.0493997 0.0477171
      vertex -0.0459614 0.0493997 0.0459614
      vertex -0.0464291 0.0493997 0.0464291
    endloop
  endfacet
  facet normal 0 1 0
    outer loop
      vertex -0.0459614 0.0493997 0.0459614
      vertex -0.0477171 0.0493997 0.0457723
      vertex -0.0464291 0.0493997 0.0464291
    endloop
  endfacet
  facet normal -0 1 0
    outer loop
      vertex -0.0477171 0.0493997 0.0457723
      vertex -0.0459614 0.0493997 0.0459614
      vertex -0.0479896 0.0493997 0.0437479
    endloop
  endfacet
  facet normal 0 1 0
    outer loop
      vertex -0.0508879 0.0493997 0.0523485
      vertex -0.0497374 0.0493997 0.0497374
      vertex -0.0523485 0.0493997 0.0508879
    endloop
  endfacet
  facet normal 0 1 -0
    outer loop
      vertex -0.0503943 0.0493997 0.0484494
      vertex -0.0523485 0.0493997 0.0508879
      vertex -0.0497374 0.0493997 0.0497374
    endloop
  endfacet
  facet normal 0 1 0
    outer loop
      vertex -0.0523485 0.0493997 0.0508879
      vertex -0.0503943 0.0493997 0.0484494
      vertex -0.053739 0.0493997 0.0494974
    endloop
  endfacet
  facet normal 0 1 0
    outer loop
      vertex -0.0501677 0.0493997 0.0470212
      vertex -0.053739 0.0493997 0.0494974
      vertex -0.0503943 0.0493997 0.0484494
    endloop
  endfacet
  facet normal 0 1 0
    outer loop
      vertex -0.0479896 0.0493997 0.0437479
      vertex -0.0501677 0.0493997 0.0470212
      vertex -0.0491454 0.0493997 0.0459988
    endloop
  endfacet
  facet normal 0 1 0
    outer loop
      vertex -0.0501677 0.0493997 0.0470212
      vertex -0.0479896 0.0493997 0.0437479
      vertex -0.053739 0.0493997 0.0494974
    endloop
  endfacet
  facet normal 0 1 -0
    outer loop
      vertex -0.0479896 0.0493997 0.0437479
      vertex -0.0491454 0.0493997 0.0459988
      vertex -0.0477171 0.0493997 0.0457723
    endloop
  endfacet
  facet normal 0.441409 0.295722 0.847175
    outer loop
      vertex -0.0502796 0.0487751 0.0529568
      vertex -0.0536837 0.0473999 0.0552105
      vertex -0.049964 0.0473999 0.0532724
    endloop
  endfacet
  facet normal -0.847229 -0.295526 -0.441437
    outer loop
      vertex -0.0529568 0.0460237 0.0502796
      vertex -0.0552105 0.0473999 0.0536837
      vertex -0.0532724 0.0473999 0.049964
    endloop
  endfacet
  facet normal -0.847223 -0.295583 -0.441411
    outer loop
      vertex -0.0552105 0.0473999 0.0536837
      vertex -0.0529568 0.0460237 0.0502796
      vertex -0.0550648 0.0467647 0.0538294
    endloop
  endfacet
  facet normal 0.195066 0.775173 0.600879
    outer loop
      vertex -0.0508879 0.0493997 0.0523485
      vertex -0.0542118 0.048427 0.0546824
      vertex -0.0502796 0.0487751 0.0529568
    endloop
  endfacet
  facet normal 0.195216 0.77502 0.601028
    outer loop
      vertex -0.0542118 0.048427 0.0546824
      vertex -0.0508879 0.0493997 0.0523485
      vertex -0.051107 0.0496248 0.0521294
    endloop
  endfacet
  facet normal -0.601028 0.77502 -0.195216
    outer loop
      vertex -0.0523485 0.0493997 0.0508879
      vertex -0.0546824 0.048427 0.0542118
      vertex -0.0521294 0.0496248 0.051107
    endloop
  endfacet
  facet normal -0.600879 0.775173 -0.195066
    outer loop
      vertex -0.0546824 0.048427 0.0542118
      vertex -0.0523485 0.0493997 0.0508879
      vertex -0.0529568 0.0487751 0.0502796
    endloop
  endfacet
  facet normal -0.847142 0.296042 -0.441259
    outer loop
      vertex -0.0529568 0.0487751 0.0502796
      vertex -0.0552105 0.0473999 0.0536837
      vertex -0.0550648 0.048034 0.0538294
    endloop
  endfacet
  facet normal -0.847175 0.295722 -0.441409
    outer loop
      vertex -0.0532724 0.0473999 0.049964
      vertex -0.0552105 0.0473999 0.0536837
      vertex -0.0529568 0.0487751 0.0502796
    endloop
  endfacet
  facet normal 0.19457 -0.775595 0.600496
    outer loop
      vertex -0.0516904 0.0454 0.0526091
      vertex -0.0538294 0.0467647 0.0550648
      vertex -0.0542118 0.0463727 0.0546824
    endloop
  endfacet
  facet normal 0.194851 -0.775412 0.60064
    outer loop
      vertex -0.0538294 0.0467647 0.0550648
      vertex -0.0516904 0.0454 0.0526091
      vertex -0.0514925 0.0454 0.0525449
    endloop
  endfacet
  facet normal -0.202813 0.957984 0.202813
    outer loop
      vertex -0.051107 0.0496248 0.0521294
      vertex -0.0546824 0.048427 0.0542118
      vertex -0.0542118 0.048427 0.0546824
    endloop
  endfacet
  facet normal -0.202813 0.957984 0.202813
    outer loop
      vertex -0.0546824 0.048427 0.0542118
      vertex -0.051107 0.0496248 0.0521294
      vertex -0.0521294 0.0496248 0.051107
    endloop
  endfacet
  facet normal -0.600496 -0.775595 -0.19457
    outer loop
      vertex -0.0550648 0.0467647 0.0538294
      vertex -0.0526091 0.0454 0.0516904
      vertex -0.0546824 0.0463727 0.0542118
    endloop
  endfacet
  facet normal -0.60064 -0.775412 -0.194851
    outer loop
      vertex -0.0526091 0.0454 0.0516904
      vertex -0.0550648 0.0467647 0.0538294
      vertex -0.0525449 0.0454 0.0514925
    endloop
  endfacet
  facet normal -0.600606 -0.775454 -0.19479
    outer loop
      vertex -0.0529568 0.0460237 0.0502796
      vertex -0.0525449 0.0454 0.0514925
      vertex -0.0550648 0.0467647 0.0538294
    endloop
  endfacet
  facet normal -0.60069 -0.775403 -0.194735
    outer loop
      vertex -0.0525449 0.0454 0.0514925
      vertex -0.0529568 0.0460237 0.0502796
      vertex -0.0523488 0.0454 0.0508876
    endloop
  endfacet
  facet normal 0.19479 -0.775454 0.600606
    outer loop
      vertex -0.0514925 0.0454 0.0525449
      vertex -0.0502796 0.0460237 0.0529568
      vertex -0.0538294 0.0467647 0.0550648
    endloop
  endfacet
  facet normal 0.194735 -0.775403 0.60069
    outer loop
      vertex -0.0502796 0.0460237 0.0529568
      vertex -0.0514925 0.0454 0.0525449
      vertex -0.0508876 0.0454 0.0523488
    endloop
  endfacet
  facet normal 0.441437 -0.295526 0.847229
    outer loop
      vertex -0.0536837 0.0473999 0.0552105
      vertex -0.0502796 0.0460237 0.0529568
      vertex -0.049964 0.0473999 0.0532724
    endloop
  endfacet
  facet normal 0.441411 -0.295583 0.847223
    outer loop
      vertex -0.0502796 0.0460237 0.0529568
      vertex -0.0536837 0.0473999 0.0552105
      vertex -0.0538294 0.0467647 0.0550648
    endloop
  endfacet
  facet normal 0.195218 0.774909 0.601171
    outer loop
      vertex -0.0502796 0.0487751 0.0529568
      vertex -0.0542118 0.048427 0.0546824
      vertex -0.0538294 0.048034 0.0550648
    endloop
  endfacet
  facet normal -0.601171 0.774909 -0.195218
    outer loop
      vertex -0.0529568 0.0487751 0.0502796
      vertex -0.0550648 0.048034 0.0538294
      vertex -0.0546824 0.048427 0.0542118
    endloop
  endfacet
  facet normal -0.707107 0 0.707107
    outer loop
      vertex -0.0550648 0.048034 0.0538294
      vertex -0.0542118 0.048427 0.0546824
      vertex -0.0546824 0.048427 0.0542118
    endloop
  endfacet
  facet normal -0.707107 0 0.707107
    outer loop
      vertex -0.0550648 0.048034 0.0538294
      vertex -0.0538294 0.048034 0.0550648
      vertex -0.0542118 0.048427 0.0546824
    endloop
  endfacet
  facet normal -0.707107 7.71743e-15 0.707107
    outer loop
      vertex -0.0552105 0.0473999 0.0536837
      vertex -0.0538294 0.048034 0.0550648
      vertex -0.0550648 0.048034 0.0538294
    endloop
  endfacet
  facet normal -0.707107 7.73313e-15 0.707107
    outer loop
      vertex -0.0552105 0.0473999 0.0536837
      vertex -0.0536837 0.0473999 0.0552105
      vertex -0.0538294 0.048034 0.0550648
    endloop
  endfacet
  facet normal -0.707107 -7.73904e-15 0.707107
    outer loop
      vertex -0.0550648 0.0467647 0.0538294
      vertex -0.0536837 0.0473999 0.0552105
      vertex -0.0552105 0.0473999 0.0536837
    endloop
  endfacet
  facet normal -0.707107 -7.63251e-15 0.707107
    outer loop
      vertex -0.0550648 0.0467647 0.0538294
      vertex -0.0538294 0.0467647 0.0550648
      vertex -0.0536837 0.0473999 0.0552105
    endloop
  endfacet
  facet normal -0.707107 0 0.707107
    outer loop
      vertex -0.0546824 0.0463727 0.0542118
      vertex -0.0538294 0.0467647 0.0550648
      vertex -0.0550648 0.0467647 0.0538294
    endloop
  endfacet
  facet normal -0.707107 0 0.707107
    outer loop
      vertex -0.0538294 0.0467647 0.0550648
      vertex -0.0546824 0.0463727 0.0542118
      vertex -0.0542118 0.0463727 0.0546824
    endloop
  endfacet
  facet normal -0.202806 -0.957987 0.202806
    outer loop
      vertex -0.0546824 0.0463727 0.0542118
      vertex -0.0516904 0.0454 0.0526091
      vertex -0.0542118 0.0463727 0.0546824
    endloop
  endfacet
  facet normal -0.202806 -0.957987 0.202806
    outer loop
      vertex -0.0516904 0.0454 0.0526091
      vertex -0.0546824 0.0463727 0.0542118
      vertex -0.0526091 0.0454 0.0516904
    endloop
  endfacet
  facet normal 0.441259 0.296042 0.847142
    outer loop
      vertex -0.0502796 0.0487751 0.0529568
      vertex -0.0538294 0.048034 0.0550648
      vertex -0.0536837 0.0473999 0.0552105
    endloop
  endfacet
  facet normal 0.441437 0.295526 0.847229
    outer loop
      vertex -0.0502796 0.0447763 0.0529568
      vertex -0.0536837 0.0434001 0.0552105
      vertex -0.049964 0.0434001 0.0532724
    endloop
  endfacet
  facet normal 0.441411 0.295583 0.847223
    outer loop
      vertex -0.0536837 0.0434001 0.0552105
      vertex -0.0502796 0.0447763 0.0529568
      vertex -0.0538294 0.0440353 0.0550648
    endloop
  endfacet
  facet normal -0.847229 0.295526 -0.441437
    outer loop
      vertex -0.0552105 0.0434001 0.0536837
      vertex -0.0529568 0.0447763 0.0502796
      vertex -0.0532724 0.0434001 0.049964
    endloop
  endfacet
  facet normal -0.847223 0.295583 -0.441411
    outer loop
      vertex -0.0529568 0.0447763 0.0502796
      vertex -0.0552105 0.0434001 0.0536837
      vertex -0.0550648 0.0440353 0.0538294
    endloop
  endfacet
  facet normal -0.707107 0 0.707107
    outer loop
      vertex -0.0550648 0.0440353 0.0538294
      vertex -0.0542118 0.0444273 0.0546824
      vertex -0.0546824 0.0444273 0.0542118
    endloop
  endfacet
  facet normal -0.707107 0 0.707107
    outer loop
      vertex -0.0550648 0.0440353 0.0538294
      vertex -0.0538294 0.0440353 0.0550648
      vertex -0.0542118 0.0444273 0.0546824
    endloop
  endfacet
  facet normal -0.707107 7.70406e-15 0.707107
    outer loop
      vertex -0.0552105 0.0434001 0.0536837
      vertex -0.0538294 0.0440353 0.0550648
      vertex -0.0550648 0.0440353 0.0538294
    endloop
  endfacet
  facet normal -0.707107 7.71974e-15 0.707107
    outer loop
      vertex -0.0552105 0.0434001 0.0536837
      vertex -0.0536837 0.0434001 0.0552105
      vertex -0.0538294 0.0440353 0.0550648
    endloop
  endfacet
  facet normal -0.707107 -7.75246e-15 0.707107
    outer loop
      vertex -0.0550648 0.042766 0.0538294
      vertex -0.0536837 0.0434001 0.0552105
      vertex -0.0552105 0.0434001 0.0536837
    endloop
  endfacet
  facet normal -0.707107 -7.64575e-15 0.707107
    outer loop
      vertex -0.0550648 0.042766 0.0538294
      vertex -0.0538294 0.042766 0.0550648
      vertex -0.0536837 0.0434001 0.0552105
    endloop
  endfacet
  facet normal -0.707107 0 0.707107
    outer loop
      vertex -0.0546824 0.042373 0.0542118
      vertex -0.0538294 0.042766 0.0550648
      vertex -0.0550648 0.042766 0.0538294
    endloop
  endfacet
  facet normal -0.707107 0 0.707107
    outer loop
      vertex -0.0538294 0.042766 0.0550648
      vertex -0.0546824 0.042373 0.0542118
      vertex -0.0542118 0.042373 0.0546824
    endloop
  endfacet
  facet normal -0.600496 0.775595 -0.19457
    outer loop
      vertex -0.0526091 0.0454 0.0516904
      vertex -0.0550648 0.0440353 0.0538294
      vertex -0.0546824 0.0444273 0.0542118
    endloop
  endfacet
  facet normal -0.60064 0.775412 -0.194851
    outer loop
      vertex -0.0550648 0.0440353 0.0538294
      vertex -0.0526091 0.0454 0.0516904
      vertex -0.0525449 0.0454 0.0514925
    endloop
  endfacet
  facet normal 0.441409 -0.295722 0.847175
    outer loop
      vertex -0.049964 0.0434001 0.0532724
      vertex -0.0536837 0.0434001 0.0552105
      vertex -0.0502796 0.0420249 0.0529568
    endloop
  endfacet
  facet normal 0.19479 0.775454 0.600606
    outer loop
      vertex -0.0502796 0.0447763 0.0529568
      vertex -0.0514925 0.0454 0.0525449
      vertex -0.0538294 0.0440353 0.0550648
    endloop
  endfacet
  facet normal 0.194735 0.775403 0.60069
    outer loop
      vertex -0.0514925 0.0454 0.0525449
      vertex -0.0502796 0.0447763 0.0529568
      vertex -0.0508876 0.0454 0.0523488
    endloop
  endfacet
  facet normal -0.60069 0.775403 -0.194735
    outer loop
      vertex -0.0529568 0.0447763 0.0502796
      vertex -0.0525449 0.0454 0.0514925
      vertex -0.0523488 0.0454 0.0508876
    endloop
  endfacet
  facet normal -0.600606 0.775454 -0.19479
    outer loop
      vertex -0.0525449 0.0454 0.0514925
      vertex -0.0529568 0.0447763 0.0502796
      vertex -0.0550648 0.0440353 0.0538294
    endloop
  endfacet
  facet normal -0.202813 -0.957984 0.202813
    outer loop
      vertex -0.0546824 0.042373 0.0542118
      vertex -0.051107 0.0411752 0.0521294
      vertex -0.0542118 0.042373 0.0546824
    endloop
  endfacet
  facet normal -0.202813 -0.957984 0.202813
    outer loop
      vertex -0.051107 0.0411752 0.0521294
      vertex -0.0546824 0.042373 0.0542118
      vertex -0.0521294 0.0411752 0.051107
    endloop
  endfacet
  facet normal -0.202806 0.957987 0.202806
    outer loop
      vertex -0.0516904 0.0454 0.0526091
      vertex -0.0546824 0.0444273 0.0542118
      vertex -0.0542118 0.0444273 0.0546824
    endloop
  endfacet
  facet normal -0.202806 0.957987 0.202806
    outer loop
      vertex -0.0546824 0.0444273 0.0542118
      vertex -0.0516904 0.0454 0.0526091
      vertex -0.0526091 0.0454 0.0516904
    endloop
  endfacet
  facet normal 0.19457 0.775595 0.600496
    outer loop
      vertex -0.0538294 0.0440353 0.0550648
      vertex -0.0516904 0.0454 0.0526091
      vertex -0.0542118 0.0444273 0.0546824
    endloop
  endfacet
  facet normal 0.194851 0.775412 0.60064
    outer loop
      vertex -0.0516904 0.0454 0.0526091
      vertex -0.0538294 0.0440353 0.0550648
      vertex -0.0514925 0.0454 0.0525449
    endloop
  endfacet
  facet normal -0.847142 -0.296042 -0.441259
    outer loop
      vertex -0.0550648 0.042766 0.0538294
      vertex -0.0552105 0.0434001 0.0536837
      vertex -0.0529568 0.0420249 0.0502796
    endloop
  endfacet
  facet normal -0.847175 -0.295722 -0.441409
    outer loop
      vertex -0.0529568 0.0420249 0.0502796
      vertex -0.0552105 0.0434001 0.0536837
      vertex -0.0532724 0.0434001 0.049964
    endloop
  endfacet
  facet normal 0.195066 -0.775173 0.600879
    outer loop
      vertex -0.0542118 0.042373 0.0546824
      vertex -0.0508879 0.0414003 0.0523485
      vertex -0.0502796 0.0420249 0.0529568
    endloop
  endfacet
  facet normal 0.195216 -0.77502 0.601028
    outer loop
      vertex -0.0508879 0.0414003 0.0523485
      vertex -0.0542118 0.042373 0.0546824
      vertex -0.051107 0.0411752 0.0521294
    endloop
  endfacet
  facet normal -0.601171 -0.774909 -0.195218
    outer loop
      vertex -0.0546824 0.042373 0.0542118
      vertex -0.0550648 0.042766 0.0538294
      vertex -0.0529568 0.0420249 0.0502796
    endloop
  endfacet
  facet normal -0.601028 -0.77502 -0.195216
    outer loop
      vertex -0.0546824 0.042373 0.0542118
      vertex -0.0523485 0.0414003 0.0508879
      vertex -0.0521294 0.0411752 0.051107
    endloop
  endfacet
  facet normal -0.600879 -0.775173 -0.195066
    outer loop
      vertex -0.0523485 0.0414003 0.0508879
      vertex -0.0546824 0.042373 0.0542118
      vertex -0.0529568 0.0420249 0.0502796
    endloop
  endfacet
  facet normal 0.195218 -0.774909 0.601171
    outer loop
      vertex -0.0538294 0.042766 0.0550648
      vertex -0.0542118 0.042373 0.0546824
      vertex -0.0502796 0.0420249 0.0529568
    endloop
  endfacet
  facet normal 0.441259 -0.296042 0.847142
    outer loop
      vertex -0.0536837 0.0434001 0.0552105
      vertex -0.0538294 0.042766 0.0550648
      vertex -0.0502796 0.0420249 0.0529568
    endloop
  endfacet
  facet normal -0.435225 0.286989 0.853356
    outer loop
      vertex -0.0488466 0.0533994 0.0488466
      vertex -0.0497374 0.0493997 0.0497374
      vertex -0.0484494 0.0493997 0.0503943
    endloop
  endfacet
  facet normal 0 1 0
    outer loop
      vertex -0.0475923 0.0533994 0.0490449
      vertex -0.0488466 0.0533994 0.0488466
      vertex -0.0482525 0.0533994 0.0491494
    endloop
  endfacet
  facet normal 0 1 0
    outer loop
      vertex -0.0471216 0.0533994 0.0485742
      vertex -0.0488466 0.0533994 0.0488466
      vertex -0.0475923 0.0533994 0.0490449
    endloop
  endfacet
  facet normal 0 1 0
    outer loop
      vertex -0.0471216 0.0533994 0.0485742
      vertex -0.0491494 0.0533994 0.0482525
      vertex -0.0488466 0.0533994 0.0488466
    endloop
  endfacet
  facet normal 0 1 0
    outer loop
      vertex -0.0470171 0.0533994 0.047914
      vertex -0.0491494 0.0533994 0.0482525
      vertex -0.0471216 0.0533994 0.0485742
    endloop
  endfacet
  facet normal 0 1 0
    outer loop
      vertex -0.0470171 0.0533994 0.047914
      vertex -0.0490449 0.0533994 0.0475923
      vertex -0.0491494 0.0533994 0.0482525
    endloop
  endfacet
  facet normal 0 1 -0
    outer loop
      vertex -0.0473199 0.0533994 0.0473199
      vertex -0.0490449 0.0533994 0.0475923
      vertex -0.0470171 0.0533994 0.047914
    endloop
  endfacet
  facet normal 0 1 0
    outer loop
      vertex -0.0473199 0.0533994 0.0473199
      vertex -0.0485742 0.0533994 0.0471216
      vertex -0.0490449 0.0533994 0.0475923
    endloop
  endfacet
  facet normal -0 1 0
    outer loop
      vertex -0.0485742 0.0533994 0.0471216
      vertex -0.0473199 0.0533994 0.0473199
      vertex -0.047914 0.0533994 0.0470171
    endloop
  endfacet
  facet normal 0.150108 0.287021 0.94609
    outer loop
      vertex -0.0475923 0.0533994 0.0490449
      vertex -0.0484494 0.0493997 0.0503943
      vertex -0.0470212 0.0493997 0.0501677
    endloop
  endfacet
  facet normal 0.946103 0.287017 0.150033
    outer loop
      vertex -0.0457723 0.0493997 0.0477171
      vertex -0.0471216 0.0533994 0.0485742
      vertex -0.0459988 0.0493997 0.0491454
    endloop
  endfacet
  facet normal -0.853356 0.286989 0.435225
    outer loop
      vertex -0.0488466 0.0533994 0.0488466
      vertex -0.0503943 0.0493997 0.0484494
      vertex -0.0497374 0.0493997 0.0497374
    endloop
  endfacet
  facet normal 0.946126 0.287084 0.149758
    outer loop
      vertex -0.0470171 0.0533994 0.047914
      vertex -0.0471216 0.0533994 0.0485742
      vertex -0.0457723 0.0493997 0.0477171
    endloop
  endfacet
  facet normal -0.677416 0.286889 -0.67735
    outer loop
      vertex -0.0501677 0.0493997 0.0470212
      vertex -0.0485742 0.0533994 0.0471216
      vertex -0.0491454 0.0493997 0.0459988
    endloop
  endfacet
  facet normal -0.677385 0.286877 -0.677385
    outer loop
      vertex -0.0485742 0.0533994 0.0471216
      vertex -0.0501677 0.0493997 0.0470212
      vertex -0.0490449 0.0533994 0.0475923
    endloop
  endfacet
  facet normal 0.149757 0.287106 0.94612
    outer loop
      vertex -0.0482525 0.0533994 0.0491494
      vertex -0.0484494 0.0493997 0.0503943
      vertex -0.0475923 0.0533994 0.0490449
    endloop
  endfacet
  facet normal 0.853461 0.287031 -0.434991
    outer loop
      vertex -0.0457723 0.0493997 0.0477171
      vertex -0.0473199 0.0533994 0.0473199
      vertex -0.0470171 0.0533994 0.047914
    endloop
  endfacet
  facet normal 0.853384 0.286983 -0.435173
    outer loop
      vertex -0.0464291 0.0493997 0.0464291
      vertex -0.0473199 0.0533994 0.0473199
      vertex -0.0457723 0.0493997 0.0477171
    endloop
  endfacet
  facet normal 0.434991 0.287031 -0.853461
    outer loop
      vertex -0.0477171 0.0493997 0.0457723
      vertex -0.047914 0.0533994 0.0470171
      vertex -0.0473199 0.0533994 0.0473199
    endloop
  endfacet
  facet normal 0.435173 0.286983 -0.853384
    outer loop
      vertex -0.0464291 0.0493997 0.0464291
      vertex -0.0477171 0.0493997 0.0457723
      vertex -0.0473199 0.0533994 0.0473199
    endloop
  endfacet
  facet normal 0.67735 0.286889 0.677416
    outer loop
      vertex -0.0471216 0.0533994 0.0485742
      vertex -0.0470212 0.0493997 0.0501677
      vertex -0.0459988 0.0493997 0.0491454
    endloop
  endfacet
  facet normal 0.677385 0.286877 0.677385
    outer loop
      vertex -0.0470212 0.0493997 0.0501677
      vertex -0.0471216 0.0533994 0.0485742
      vertex -0.0475923 0.0533994 0.0490449
    endloop
  endfacet
  facet normal -0.434988 0.287051 0.853456
    outer loop
      vertex -0.0482525 0.0533994 0.0491494
      vertex -0.0488466 0.0533994 0.0488466
      vertex -0.0484494 0.0493997 0.0503943
    endloop
  endfacet
  facet normal -0.94609 0.287021 -0.150108
    outer loop
      vertex -0.0501677 0.0493997 0.0470212
      vertex -0.0503943 0.0493997 0.0484494
      vertex -0.0490449 0.0533994 0.0475923
    endloop
  endfacet
  facet normal -0.149758 0.287084 -0.946126
    outer loop
      vertex -0.0477171 0.0493997 0.0457723
      vertex -0.0485742 0.0533994 0.0471216
      vertex -0.047914 0.0533994 0.0470171
    endloop
  endfacet
  facet normal -0.150033 0.287017 -0.946103
    outer loop
      vertex -0.0477171 0.0493997 0.0457723
      vertex -0.0491454 0.0493997 0.0459988
      vertex -0.0485742 0.0533994 0.0471216
    endloop
  endfacet
  facet normal -0.94612 0.287106 -0.149757
    outer loop
      vertex -0.0490449 0.0533994 0.0475923
      vertex -0.0503943 0.0493997 0.0484494
      vertex -0.0491494 0.0533994 0.0482525
    endloop
  endfacet
  facet normal -0.853456 0.287051 0.434988
    outer loop
      vertex -0.0491494 0.0533994 0.0482525
      vertex -0.0503943 0.0493997 0.0484494
      vertex -0.0488466 0.0533994 0.0488466
    endloop
  endfacet
  facet normal -0.853356 -0.286989 0.435225
    outer loop
      vertex -0.0497374 0.0414003 0.0497374
      vertex -0.0503943 0.0414003 0.0484494
      vertex -0.0488466 0.0374006 0.0488466
    endloop
  endfacet
  facet normal 0 -1 0
    outer loop
      vertex -0.0488466 0.0374006 0.0488466
      vertex -0.0475923 0.0374006 0.0490449
      vertex -0.0482525 0.0374006 0.0491494
    endloop
  endfacet
  facet normal 0 -1 0
    outer loop
      vertex -0.0488466 0.0374006 0.0488466
      vertex -0.0471216 0.0374006 0.0485742
      vertex -0.0475923 0.0374006 0.0490449
    endloop
  endfacet
  facet normal 0 -1 0
    outer loop
      vertex -0.0491494 0.0374006 0.0482525
      vertex -0.0471216 0.0374006 0.0485742
      vertex -0.0488466 0.0374006 0.0488466
    endloop
  endfacet
  facet normal 0 -1 0
    outer loop
      vertex -0.0491494 0.0374006 0.0482525
      vertex -0.0470171 0.0374006 0.047914
      vertex -0.0471216 0.0374006 0.0485742
    endloop
  endfacet
  facet normal 0 -1 0
    outer loop
      vertex -0.0490449 0.0374006 0.0475923
      vertex -0.0470171 0.0374006 0.047914
      vertex -0.0491494 0.0374006 0.0482525
    endloop
  endfacet
  facet normal 0 -1 0
    outer loop
      vertex -0.0490449 0.0374006 0.0475923
      vertex -0.0473199 0.0374006 0.0473199
      vertex -0.0470171 0.0374006 0.047914
    endloop
  endfacet
  facet normal 0 -1 0
    outer loop
      vertex -0.0485742 0.0374006 0.0471216
      vertex -0.0473199 0.0374006 0.0473199
      vertex -0.0490449 0.0374006 0.0475923
    endloop
  endfacet
  facet normal 0 -1 0
    outer loop
      vertex -0.0473199 0.0374006 0.0473199
      vertex -0.0485742 0.0374006 0.0471216
      vertex -0.047914 0.0374006 0.0470171
    endloop
  endfacet
  facet normal -0.94609 -0.287021 -0.150108
    outer loop
      vertex -0.0490449 0.0374006 0.0475923
      vertex -0.0503943 0.0414003 0.0484494
      vertex -0.0501677 0.0414003 0.0470212
    endloop
  endfacet
  facet normal -0.150033 -0.287017 -0.946103
    outer loop
      vertex -0.0485742 0.0374006 0.0471216
      vertex -0.0491454 0.0414003 0.0459988
      vertex -0.0477171 0.0414003 0.0457723
    endloop
  endfacet
  facet normal -0.435225 -0.286989 0.853356
    outer loop
      vertex -0.0484494 0.0414003 0.0503943
      vertex -0.0497374 0.0414003 0.0497374
      vertex -0.0488466 0.0374006 0.0488466
    endloop
  endfacet
  facet normal -0.149758 -0.287084 -0.946126
    outer loop
      vertex -0.047914 0.0374006 0.0470171
      vertex -0.0485742 0.0374006 0.0471216
      vertex -0.0477171 0.0414003 0.0457723
    endloop
  endfacet
  facet normal 0.67735 -0.286889 0.677416
    outer loop
      vertex -0.0470212 0.0414003 0.0501677
      vertex -0.0471216 0.0374006 0.0485742
      vertex -0.0459988 0.0414003 0.0491454
    endloop
  endfacet
  facet normal 0.677385 -0.286877 0.677385
    outer loop
      vertex -0.0471216 0.0374006 0.0485742
      vertex -0.0470212 0.0414003 0.0501677
      vertex -0.0475923 0.0374006 0.0490449
    endloop
  endfacet
  facet normal -0.94612 -0.287106 -0.149757
    outer loop
      vertex -0.0491494 0.0374006 0.0482525
      vertex -0.0503943 0.0414003 0.0484494
      vertex -0.0490449 0.0374006 0.0475923
    endloop
  endfacet
  facet normal 0.434991 -0.287031 -0.853461
    outer loop
      vertex -0.0473199 0.0374006 0.0473199
      vertex -0.047914 0.0374006 0.0470171
      vertex -0.0477171 0.0414003 0.0457723
    endloop
  endfacet
  facet normal 0.435173 -0.286983 -0.853384
    outer loop
      vertex -0.0473199 0.0374006 0.0473199
      vertex -0.0477171 0.0414003 0.0457723
      vertex -0.0464291 0.0414003 0.0464291
    endloop
  endfacet
  facet normal 0.853461 -0.287031 -0.434991
    outer loop
      vertex -0.0470171 0.0374006 0.047914
      vertex -0.0473199 0.0374006 0.0473199
      vertex -0.0457723 0.0414003 0.0477171
    endloop
  endfacet
  facet normal 0.853384 -0.286983 -0.435173
    outer loop
      vertex -0.0457723 0.0414003 0.0477171
      vertex -0.0473199 0.0374006 0.0473199
      vertex -0.0464291 0.0414003 0.0464291
    endloop
  endfacet
  facet normal -0.677416 -0.286889 -0.67735
    outer loop
      vertex -0.0485742 0.0374006 0.0471216
      vertex -0.0501677 0.0414003 0.0470212
      vertex -0.0491454 0.0414003 0.0459988
    endloop
  endfacet
  facet normal -0.677385 -0.286877 -0.677385
    outer loop
      vertex -0.0501677 0.0414003 0.0470212
      vertex -0.0485742 0.0374006 0.0471216
      vertex -0.0490449 0.0374006 0.0475923
    endloop
  endfacet
  facet normal -0.853456 -0.287051 0.434988
    outer loop
      vertex -0.0488466 0.0374006 0.0488466
      vertex -0.0503943 0.0414003 0.0484494
      vertex -0.0491494 0.0374006 0.0482525
    endloop
  endfacet
  facet normal 0.150108 -0.287021 0.94609
    outer loop
      vertex -0.0470212 0.0414003 0.0501677
      vertex -0.0484494 0.0414003 0.0503943
      vertex -0.0475923 0.0374006 0.0490449
    endloop
  endfacet
  facet normal 0.946126 -0.287084 0.149758
    outer loop
      vertex -0.0457723 0.0414003 0.0477171
      vertex -0.0471216 0.0374006 0.0485742
      vertex -0.0470171 0.0374006 0.047914
    endloop
  endfacet
  facet normal 0.946103 -0.287017 0.150033
    outer loop
      vertex -0.0459988 0.0414003 0.0491454
      vertex -0.0471216 0.0374006 0.0485742
      vertex -0.0457723 0.0414003 0.0477171
    endloop
  endfacet
  facet normal 0.149757 -0.287106 0.94612
    outer loop
      vertex -0.0475923 0.0374006 0.0490449
      vertex -0.0484494 0.0414003 0.0503943
      vertex -0.0482525 0.0374006 0.0491494
    endloop
  endfacet
  facet normal -0.434988 -0.287051 0.853456
    outer loop
      vertex -0.0484494 0.0414003 0.0503943
      vertex -0.0488466 0.0374006 0.0488466
      vertex -0.0482525 0.0374006 0.0491494
    endloop
  endfacet
  facet normal -0.707101 0 0.707113
    outer loop
      vertex 0.0437479 0.0493997 0.0479896
      vertex 0.0494974 0.0414003 0.053739
      vertex 0.0494974 0.0493997 0.053739
    endloop
  endfacet
  facet normal -0.707101 0 0.707113
    outer loop
      vertex 0.0494974 0.0414003 0.053739
      vertex 0.0437479 0.0493997 0.0479896
      vertex 0.0437479 0.0414003 0.0479896
    endloop
  endfacet
  facet normal 0.707107 0 0.707107
    outer loop
      vertex 0.0529568 0.0487751 0.0502796
      vertex 0.053739 0.0493997 0.0494974
      vertex 0.0523485 0.0493997 0.0508879
    endloop
  endfacet
  facet normal 0.707107 0 0.707107
    outer loop
      vertex 0.0532724 0.0473999 0.049964
      vertex 0.053739 0.0493997 0.0494974
      vertex 0.0529568 0.0487751 0.0502796
    endloop
  endfacet
  facet normal 0.707107 -0 0.707107
    outer loop
      vertex 0.0532724 0.0434001 0.049964
      vertex 0.0532724 0.0473999 0.049964
      vertex 0.0529568 0.0460237 0.0502796
    endloop
  endfacet
  facet normal 0.707107 -0 0.707107
    outer loop
      vertex 0.0529568 0.0447763 0.0502796
      vertex 0.0529568 0.0460237 0.0502796
      vertex 0.0523488 0.0454 0.0508876
    endloop
  endfacet
  facet normal 0.707107 0 0.707107
    outer loop
      vertex 0.0532724 0.0434001 0.049964
      vertex 0.0529568 0.0460237 0.0502796
      vertex 0.0529568 0.0447763 0.0502796
    endloop
  endfacet
  facet normal 0.707107 0 0.707107
    outer loop
      vertex 0.0532724 0.0473999 0.049964
      vertex 0.0532724 0.0434001 0.049964
      vertex 0.053739 0.0493997 0.0494974
    endloop
  endfacet
  facet normal 0.707107 0 0.707107
    outer loop
      vertex 0.0532724 0.0434001 0.049964
      vertex 0.053739 0.0414003 0.0494974
      vertex 0.053739 0.0493997 0.0494974
    endloop
  endfacet
  facet normal 0.707107 0 0.707107
    outer loop
      vertex 0.0529568 0.0420249 0.0502796
      vertex 0.053739 0.0414003 0.0494974
      vertex 0.0532724 0.0434001 0.049964
    endloop
  endfacet
  facet normal 0.707107 0 0.707107
    outer loop
      vertex 0.053739 0.0414003 0.0494974
      vertex 0.0529568 0.0420249 0.0502796
      vertex 0.0523485 0.0414003 0.0508879
    endloop
  endfacet
  facet normal 0.707107 0 0.707107
    outer loop
      vertex 0.0494974 0.0493997 0.053739
      vertex 0.0502796 0.0487751 0.0529568
      vertex 0.0508879 0.0493997 0.0523485
    endloop
  endfacet
  facet normal 0.707107 0 0.707107
    outer loop
      vertex 0.0494974 0.0493997 0.053739
      vertex 0.049964 0.0473999 0.0532724
      vertex 0.0502796 0.0487751 0.0529568
    endloop
  endfacet
  facet normal 0.707107 -0 0.707107
    outer loop
      vertex 0.049964 0.0434001 0.0532724
      vertex 0.049964 0.0473999 0.0532724
      vertex 0.0494974 0.0493997 0.053739
    endloop
  endfacet
  facet normal 0.707107 0 0.707107
    outer loop
      vertex 0.0502796 0.0460237 0.0529568
      vertex 0.0502796 0.0447763 0.0529568
      vertex 0.0508876 0.0454 0.0523488
    endloop
  endfacet
  facet normal 0.707107 0 0.707107
    outer loop
      vertex 0.049964 0.0473999 0.0532724
      vertex 0.049964 0.0434001 0.0532724
      vertex 0.0502796 0.0460237 0.0529568
    endloop
  endfacet
  facet normal 0.707107 0 0.707107
    outer loop
      vertex 0.0502796 0.0460237 0.0529568
      vertex 0.049964 0.0434001 0.0532724
      vertex 0.0502796 0.0447763 0.0529568
    endloop
  endfacet
  facet normal 0.707107 -0 0.707107
    outer loop
      vertex 0.0494974 0.0414003 0.053739
      vertex 0.049964 0.0434001 0.0532724
      vertex 0.0494974 0.0493997 0.053739
    endloop
  endfacet
  facet normal 0.707107 0 0.707107
    outer loop
      vertex 0.0494974 0.0414003 0.053739
      vertex 0.0502796 0.0420249 0.0529568
      vertex 0.049964 0.0434001 0.0532724
    endloop
  endfacet
  facet normal 0.707107 0 0.707107
    outer loop
      vertex 0.0502796 0.0420249 0.0529568
      vertex 0.0494974 0.0414003 0.053739
      vertex 0.0508879 0.0414003 0.0523485
    endloop
  endfacet
  facet normal -0.707107 0 -0.707107
    outer loop
      vertex 0.0523485 0.0493997 0.0508879
      vertex 0.051107 0.0496248 0.0521294
      vertex 0.0521294 0.0496248 0.051107
    endloop
  endfacet
  facet normal -0.707107 0 -0.707107
    outer loop
      vertex 0.051107 0.0496248 0.0521294
      vertex 0.0523485 0.0493997 0.0508879
      vertex 0.0508879 0.0493997 0.0523485
    endloop
  endfacet
  facet normal -0.707107 0 -0.707107
    outer loop
      vertex 0.0521294 0.0411752 0.051107
      vertex 0.0508879 0.0414003 0.0523485
      vertex 0.0523485 0.0414003 0.0508879
    endloop
  endfacet
  facet normal -0.707107 0 -0.707107
    outer loop
      vertex 0.0508879 0.0414003 0.0523485
      vertex 0.0521294 0.0411752 0.051107
      vertex 0.051107 0.0411752 0.0521294
    endloop
  endfacet
  facet normal 0.707113 0 -0.707101
    outer loop
      vertex 0.053739 0.0414003 0.0494974
      vertex 0.0479896 0.0493997 0.0437479
      vertex 0.053739 0.0493997 0.0494974
    endloop
  endfacet
  facet normal 0.707113 0 -0.707101
    outer loop
      vertex 0.0479896 0.0493997 0.0437479
      vertex 0.053739 0.0414003 0.0494974
      vertex 0.0479896 0.0414003 0.0437479
    endloop
  endfacet
  facet normal 0 -1 0
    outer loop
      vertex 0.0484494 0.0414003 0.0503943
      vertex 0.0508879 0.0414003 0.0523485
      vertex 0.0494974 0.0414003 0.053739
    endloop
  endfacet
  facet normal 0 -1 0
    outer loop
      vertex 0.0508879 0.0414003 0.0523485
      vertex 0.0484494 0.0414003 0.0503943
      vertex 0.0497374 0.0414003 0.0497374
    endloop
  endfacet
  facet normal 0 -1 0
    outer loop
      vertex 0.0494974 0.0414003 0.053739
      vertex 0.0470212 0.0414003 0.0501677
      vertex 0.0484494 0.0414003 0.0503943
    endloop
  endfacet
  facet normal 0 -1 0
    outer loop
      vertex 0.0437479 0.0414003 0.0479896
      vertex 0.0470212 0.0414003 0.0501677
      vertex 0.0494974 0.0414003 0.053739
    endloop
  endfacet
  facet normal 0 -1 0
    outer loop
      vertex 0.0470212 0.0414003 0.0501677
      vertex 0.0437479 0.0414003 0.0479896
      vertex 0.0459988 0.0414003 0.0491454
    endloop
  endfacet
  facet normal 0 -1 0
    outer loop
      vertex 0.0437479 0.0414003 0.0479896
      vertex 0.0457723 0.0414003 0.0477171
      vertex 0.0459988 0.0414003 0.0491454
    endloop
  endfacet
  facet normal 0 -1 0
    outer loop
      vertex 0.0459614 0.0414003 0.0459614
      vertex 0.0457723 0.0414003 0.0477171
      vertex 0.0437479 0.0414003 0.0479896
    endloop
  endfacet
  facet normal 0 -1 0
    outer loop
      vertex 0.0457723 0.0414003 0.0477171
      vertex 0.0459614 0.0414003 0.0459614
      vertex 0.0464291 0.0414003 0.0464291
    endloop
  endfacet
  facet normal 0 -1 0
    outer loop
      vertex 0.0459614 0.0414003 0.0459614
      vertex 0.0477171 0.0414003 0.0457723
      vertex 0.0464291 0.0414003 0.0464291
    endloop
  endfacet
  facet normal -0 -1 -0
    outer loop
      vertex 0.0477171 0.0414003 0.0457723
      vertex 0.0459614 0.0414003 0.0459614
      vertex 0.0479896 0.0414003 0.0437479
    endloop
  endfacet
  facet normal 0 -1 -0
    outer loop
      vertex 0.0508879 0.0414003 0.0523485
      vertex 0.0497374 0.0414003 0.0497374
      vertex 0.0523485 0.0414003 0.0508879
    endloop
  endfacet
  facet normal 0 -1 0
    outer loop
      vertex 0.0503943 0.0414003 0.0484494
      vertex 0.0523485 0.0414003 0.0508879
      vertex 0.0497374 0.0414003 0.0497374
    endloop
  endfacet
  facet normal 0 -1 -0
    outer loop
      vertex 0.0523485 0.0414003 0.0508879
      vertex 0.0503943 0.0414003 0.0484494
      vertex 0.053739 0.0414003 0.0494974
    endloop
  endfacet
  facet normal 0 -1 0
    outer loop
      vertex 0.0501677 0.0414003 0.0470212
      vertex 0.053739 0.0414003 0.0494974
      vertex 0.0503943 0.0414003 0.0484494
    endloop
  endfacet
  facet normal 0 -1 0
    outer loop
      vertex 0.0479896 0.0414003 0.0437479
      vertex 0.0501677 0.0414003 0.0470212
      vertex 0.0491454 0.0414003 0.0459988
    endloop
  endfacet
  facet normal 0 -1 -0
    outer loop
      vertex 0.0501677 0.0414003 0.0470212
      vertex 0.0479896 0.0414003 0.0437479
      vertex 0.053739 0.0414003 0.0494974
    endloop
  endfacet
  facet normal 0 -1 0
    outer loop
      vertex 0.0479896 0.0414003 0.0437479
      vertex 0.0491454 0.0414003 0.0459988
      vertex 0.0477171 0.0414003 0.0457723
    endloop
  endfacet
  facet normal 0 1 0
    outer loop
      vertex 0.0508879 0.0493997 0.0523485
      vertex 0.0497374 0.0493997 0.0497374
      vertex 0.0484494 0.0493997 0.0503943
    endloop
  endfacet
  facet normal 0 1 0
    outer loop
      vertex 0.0503943 0.0493997 0.0484494
      vertex 0.0523485 0.0493997 0.0508879
      vertex 0.053739 0.0493997 0.0494974
    endloop
  endfacet
  facet normal 0 1 0
    outer loop
      vertex 0.0523485 0.0493997 0.0508879
      vertex 0.0503943 0.0493997 0.0484494
      vertex 0.0497374 0.0493997 0.0497374
    endloop
  endfacet
  facet normal 0 1 0
    outer loop
      vertex 0.053739 0.0493997 0.0494974
      vertex 0.0501677 0.0493997 0.0470212
      vertex 0.0503943 0.0493997 0.0484494
    endloop
  endfacet
  facet normal 0 1 0
    outer loop
      vertex 0.0479896 0.0493997 0.0437479
      vertex 0.0501677 0.0493997 0.0470212
      vertex 0.053739 0.0493997 0.0494974
    endloop
  endfacet
  facet normal 0 1 0
    outer loop
      vertex 0.0491454 0.0493997 0.0459988
      vertex 0.0479896 0.0493997 0.0437479
      vertex 0.0477171 0.0493997 0.0457723
    endloop
  endfacet
  facet normal 0 1 0
    outer loop
      vertex 0.0501677 0.0493997 0.0470212
      vertex 0.0479896 0.0493997 0.0437479
      vertex 0.0491454 0.0493997 0.0459988
    endloop
  endfacet
  facet normal 0 1 0
    outer loop
      vertex 0.0497374 0.0493997 0.0497374
      vertex 0.0508879 0.0493997 0.0523485
      vertex 0.0523485 0.0493997 0.0508879
    endloop
  endfacet
  facet normal 0 1 0
    outer loop
      vertex 0.0508879 0.0493997 0.0523485
      vertex 0.0484494 0.0493997 0.0503943
      vertex 0.0494974 0.0493997 0.053739
    endloop
  endfacet
  facet normal 0 1 0
    outer loop
      vertex 0.0470212 0.0493997 0.0501677
      vertex 0.0494974 0.0493997 0.053739
      vertex 0.0484494 0.0493997 0.0503943
    endloop
  endfacet
  facet normal 0 1 0
    outer loop
      vertex 0.0437479 0.0493997 0.0479896
      vertex 0.0470212 0.0493997 0.0501677
      vertex 0.0459988 0.0493997 0.0491454
    endloop
  endfacet
  facet normal 0 1 -0
    outer loop
      vertex 0.0470212 0.0493997 0.0501677
      vertex 0.0437479 0.0493997 0.0479896
      vertex 0.0494974 0.0493997 0.053739
    endloop
  endfacet
  facet normal 0 1 -0
    outer loop
      vertex 0.0457723 0.0493997 0.0477171
      vertex 0.0437479 0.0493997 0.0479896
      vertex 0.0459988 0.0493997 0.0491454
    endloop
  endfacet
  facet normal 0 1 -0
    outer loop
      vertex 0.0459614 0.0493997 0.0459614
      vertex 0.0457723 0.0493997 0.0477171
      vertex 0.0464291 0.0493997 0.0464291
    endloop
  endfacet
  facet normal 0 1 0
    outer loop
      vertex 0.0457723 0.0493997 0.0477171
      vertex 0.0459614 0.0493997 0.0459614
      vertex 0.0437479 0.0493997 0.0479896
    endloop
  endfacet
  facet normal 0 1 0
    outer loop
      vertex 0.0477171 0.0493997 0.0457723
      vertex 0.0459614 0.0493997 0.0459614
      vertex 0.0464291 0.0493997 0.0464291
    endloop
  endfacet
  facet normal 0 1 0
    outer loop
      vertex 0.0459614 0.0493997 0.0459614
      vertex 0.0477171 0.0493997 0.0457723
      vertex 0.0479896 0.0493997 0.0437479
    endloop
  endfacet
  facet normal 0.847175 0.295722 -0.441409
    outer loop
      vertex 0.0532724 0.0473999 0.049964
      vertex 0.0529568 0.0487751 0.0502796
      vertex 0.0552105 0.0473999 0.0536837
    endloop
  endfacet
  facet normal -0.441411 -0.295583 0.847223
    outer loop
      vertex 0.0536837 0.0473999 0.0552105
      vertex 0.0502796 0.0460237 0.0529568
      vertex 0.0538294 0.0467647 0.0550648
    endloop
  endfacet
  facet normal -0.441437 -0.295526 0.847229
    outer loop
      vertex 0.0502796 0.0460237 0.0529568
      vertex 0.0536837 0.0473999 0.0552105
      vertex 0.049964 0.0473999 0.0532724
    endloop
  endfacet
  facet normal 0.601028 0.77502 -0.195216
    outer loop
      vertex 0.0546824 0.048427 0.0542118
      vertex 0.0523485 0.0493997 0.0508879
      vertex 0.0521294 0.0496248 0.051107
    endloop
  endfacet
  facet normal 0.600879 0.775173 -0.195066
    outer loop
      vertex 0.0523485 0.0493997 0.0508879
      vertex 0.0546824 0.048427 0.0542118
      vertex 0.0529568 0.0487751 0.0502796
    endloop
  endfacet
  facet normal -0.195066 0.775173 0.600879
    outer loop
      vertex 0.0542118 0.048427 0.0546824
      vertex 0.0508879 0.0493997 0.0523485
      vertex 0.0502796 0.0487751 0.0529568
    endloop
  endfacet
  facet normal -0.195216 0.77502 0.601028
    outer loop
      vertex 0.0508879 0.0493997 0.0523485
      vertex 0.0542118 0.048427 0.0546824
      vertex 0.051107 0.0496248 0.0521294
    endloop
  endfacet
  facet normal -0.441259 0.296042 0.847142
    outer loop
      vertex 0.0538294 0.048034 0.0550648
      vertex 0.0502796 0.0487751 0.0529568
      vertex 0.0536837 0.0473999 0.0552105
    endloop
  endfacet
  facet normal -0.441409 0.295722 0.847175
    outer loop
      vertex 0.0502796 0.0487751 0.0529568
      vertex 0.049964 0.0473999 0.0532724
      vertex 0.0536837 0.0473999 0.0552105
    endloop
  endfacet
  facet normal 0.600496 -0.775595 -0.19457
    outer loop
      vertex 0.0526091 0.0454 0.0516904
      vertex 0.0550648 0.0467647 0.0538294
      vertex 0.0546824 0.0463727 0.0542118
    endloop
  endfacet
  facet normal 0.60064 -0.775412 -0.194851
    outer loop
      vertex 0.0550648 0.0467647 0.0538294
      vertex 0.0526091 0.0454 0.0516904
      vertex 0.0525449 0.0454 0.0514925
    endloop
  endfacet
  facet normal 0.202813 0.957984 0.202813
    outer loop
      vertex 0.0546824 0.048427 0.0542118
      vertex 0.051107 0.0496248 0.0521294
      vertex 0.0542118 0.048427 0.0546824
    endloop
  endfacet
  facet normal 0.202813 0.957984 0.202813
    outer loop
      vertex 0.051107 0.0496248 0.0521294
      vertex 0.0546824 0.048427 0.0542118
      vertex 0.0521294 0.0496248 0.051107
    endloop
  endfacet
  facet normal -0.19457 -0.775595 0.600496
    outer loop
      vertex 0.0538294 0.0467647 0.0550648
      vertex 0.0516904 0.0454 0.0526091
      vertex 0.0542118 0.0463727 0.0546824
    endloop
  endfacet
  facet normal -0.194851 -0.775412 0.60064
    outer loop
      vertex 0.0516904 0.0454 0.0526091
      vertex 0.0538294 0.0467647 0.0550648
      vertex 0.0514925 0.0454 0.0525449
    endloop
  endfacet
  facet normal -0.19479 -0.775454 0.600606
    outer loop
      vertex 0.0502796 0.0460237 0.0529568
      vertex 0.0514925 0.0454 0.0525449
      vertex 0.0538294 0.0467647 0.0550648
    endloop
  endfacet
  facet normal -0.194735 -0.775403 0.60069
    outer loop
      vertex 0.0514925 0.0454 0.0525449
      vertex 0.0502796 0.0460237 0.0529568
      vertex 0.0508876 0.0454 0.0523488
    endloop
  endfacet
  facet normal 0.60069 -0.775403 -0.194735
    outer loop
      vertex 0.0529568 0.0460237 0.0502796
      vertex 0.0525449 0.0454 0.0514925
      vertex 0.0523488 0.0454 0.0508876
    endloop
  endfacet
  facet normal 0.600606 -0.775454 -0.19479
    outer loop
      vertex 0.0525449 0.0454 0.0514925
      vertex 0.0529568 0.0460237 0.0502796
      vertex 0.0550648 0.0467647 0.0538294
    endloop
  endfacet
  facet normal 0.847223 -0.295583 -0.441411
    outer loop
      vertex 0.0529568 0.0460237 0.0502796
      vertex 0.0552105 0.0473999 0.0536837
      vertex 0.0550648 0.0467647 0.0538294
    endloop
  endfacet
  facet normal 0.847229 -0.295526 -0.441437
    outer loop
      vertex 0.0552105 0.0473999 0.0536837
      vertex 0.0529568 0.0460237 0.0502796
      vertex 0.0532724 0.0473999 0.049964
    endloop
  endfacet
  facet normal 0.601171 0.774909 -0.195218
    outer loop
      vertex 0.0550648 0.048034 0.0538294
      vertex 0.0529568 0.0487751 0.0502796
      vertex 0.0546824 0.048427 0.0542118
    endloop
  endfacet
  facet normal -0.195218 0.774909 0.601171
    outer loop
      vertex 0.0542118 0.048427 0.0546824
      vertex 0.0502796 0.0487751 0.0529568
      vertex 0.0538294 0.048034 0.0550648
    endloop
  endfacet
  facet normal 0.707107 0 0.707107
    outer loop
      vertex 0.0538294 0.048034 0.0550648
      vertex 0.0546824 0.048427 0.0542118
      vertex 0.0542118 0.048427 0.0546824
    endloop
  endfacet
  facet normal 0.707107 0 0.707107
    outer loop
      vertex 0.0538294 0.048034 0.0550648
      vertex 0.0550648 0.048034 0.0538294
      vertex 0.0546824 0.048427 0.0542118
    endloop
  endfacet
  facet normal 0.707107 7.71743e-15 0.707107
    outer loop
      vertex 0.0536837 0.0473999 0.0552105
      vertex 0.0550648 0.048034 0.0538294
      vertex 0.0538294 0.048034 0.0550648
    endloop
  endfacet
  facet normal 0.707107 7.73313e-15 0.707107
    outer loop
      vertex 0.0536837 0.0473999 0.0552105
      vertex 0.0552105 0.0473999 0.0536837
      vertex 0.0550648 0.048034 0.0538294
    endloop
  endfacet
  facet normal 0.707107 -7.73904e-15 0.707107
    outer loop
      vertex 0.0538294 0.0467647 0.0550648
      vertex 0.0552105 0.0473999 0.0536837
      vertex 0.0536837 0.0473999 0.0552105
    endloop
  endfacet
  facet normal 0.707107 -7.63251e-15 0.707107
    outer loop
      vertex 0.0538294 0.0467647 0.0550648
      vertex 0.0550648 0.0467647 0.0538294
      vertex 0.0552105 0.0473999 0.0536837
    endloop
  endfacet
  facet normal 0.707107 0 0.707107
    outer loop
      vertex 0.0542118 0.0463727 0.0546824
      vertex 0.0550648 0.0467647 0.0538294
      vertex 0.0538294 0.0467647 0.0550648
    endloop
  endfacet
  facet normal 0.707107 0 0.707107
    outer loop
      vertex 0.0550648 0.0467647 0.0538294
      vertex 0.0542118 0.0463727 0.0546824
      vertex 0.0546824 0.0463727 0.0542118
    endloop
  endfacet
  facet normal 0.202806 -0.957987 0.202806
    outer loop
      vertex 0.0516904 0.0454 0.0526091
      vertex 0.0546824 0.0463727 0.0542118
      vertex 0.0542118 0.0463727 0.0546824
    endloop
  endfacet
  facet normal 0.202806 -0.957987 0.202806
    outer loop
      vertex 0.0546824 0.0463727 0.0542118
      vertex 0.0516904 0.0454 0.0526091
      vertex 0.0526091 0.0454 0.0516904
    endloop
  endfacet
  facet normal 0.847142 0.296042 -0.441259
    outer loop
      vertex 0.0552105 0.0473999 0.0536837
      vertex 0.0529568 0.0487751 0.0502796
      vertex 0.0550648 0.048034 0.0538294
    endloop
  endfacet
  facet normal 0.847223 0.295583 -0.441411
    outer loop
      vertex 0.0552105 0.0434001 0.0536837
      vertex 0.0529568 0.0447763 0.0502796
      vertex 0.0550648 0.0440353 0.0538294
    endloop
  endfacet
  facet normal 0.847229 0.295526 -0.441437
    outer loop
      vertex 0.0529568 0.0447763 0.0502796
      vertex 0.0552105 0.0434001 0.0536837
      vertex 0.0532724 0.0434001 0.049964
    endloop
  endfacet
  facet normal -0.441411 0.295583 0.847223
    outer loop
      vertex 0.0502796 0.0447763 0.0529568
      vertex 0.0536837 0.0434001 0.0552105
      vertex 0.0538294 0.0440353 0.0550648
    endloop
  endfacet
  facet normal -0.441437 0.295526 0.847229
    outer loop
      vertex 0.0536837 0.0434001 0.0552105
      vertex 0.0502796 0.0447763 0.0529568
      vertex 0.049964 0.0434001 0.0532724
    endloop
  endfacet
  facet normal 0.707107 0 0.707107
    outer loop
      vertex 0.0538294 0.0440353 0.0550648
      vertex 0.0546824 0.0444273 0.0542118
      vertex 0.0542118 0.0444273 0.0546824
    endloop
  endfacet
  facet normal 0.707107 0 0.707107
    outer loop
      vertex 0.0538294 0.0440353 0.0550648
      vertex 0.0550648 0.0440353 0.0538294
      vertex 0.0546824 0.0444273 0.0542118
    endloop
  endfacet
  facet normal 0.707107 7.70406e-15 0.707107
    outer loop
      vertex 0.0536837 0.0434001 0.0552105
      vertex 0.0550648 0.0440353 0.0538294
      vertex 0.0538294 0.0440353 0.0550648
    endloop
  endfacet
  facet normal 0.707107 7.71974e-15 0.707107
    outer loop
      vertex 0.0536837 0.0434001 0.0552105
      vertex 0.0552105 0.0434001 0.0536837
      vertex 0.0550648 0.0440353 0.0538294
    endloop
  endfacet
  facet normal 0.707107 -7.75246e-15 0.707107
    outer loop
      vertex 0.0538294 0.042766 0.0550648
      vertex 0.0552105 0.0434001 0.0536837
      vertex 0.0536837 0.0434001 0.0552105
    endloop
  endfacet
  facet normal 0.707107 -7.64575e-15 0.707107
    outer loop
      vertex 0.0538294 0.042766 0.0550648
      vertex 0.0550648 0.042766 0.0538294
      vertex 0.0552105 0.0434001 0.0536837
    endloop
  endfacet
  facet normal 0.707107 0 0.707107
    outer loop
      vertex 0.0542118 0.042373 0.0546824
      vertex 0.0550648 0.042766 0.0538294
      vertex 0.0538294 0.042766 0.0550648
    endloop
  endfacet
  facet normal 0.707107 0 0.707107
    outer loop
      vertex 0.0550648 0.042766 0.0538294
      vertex 0.0542118 0.042373 0.0546824
      vertex 0.0546824 0.042373 0.0542118
    endloop
  endfacet
  facet normal -0.19457 0.775595 0.600496
    outer loop
      vertex 0.0516904 0.0454 0.0526091
      vertex 0.0538294 0.0440353 0.0550648
      vertex 0.0542118 0.0444273 0.0546824
    endloop
  endfacet
  facet normal -0.194851 0.775412 0.60064
    outer loop
      vertex 0.0538294 0.0440353 0.0550648
      vertex 0.0516904 0.0454 0.0526091
      vertex 0.0514925 0.0454 0.0525449
    endloop
  endfacet
  facet normal 0.847175 -0.295722 -0.441409
    outer loop
      vertex 0.0552105 0.0434001 0.0536837
      vertex 0.0529568 0.0420249 0.0502796
      vertex 0.0532724 0.0434001 0.049964
    endloop
  endfacet
  facet normal 0.600606 0.775454 -0.19479
    outer loop
      vertex 0.0529568 0.0447763 0.0502796
      vertex 0.0525449 0.0454 0.0514925
      vertex 0.0550648 0.0440353 0.0538294
    endloop
  endfacet
  facet normal 0.60069 0.775403 -0.194735
    outer loop
      vertex 0.0525449 0.0454 0.0514925
      vertex 0.0529568 0.0447763 0.0502796
      vertex 0.0523488 0.0454 0.0508876
    endloop
  endfacet
  facet normal -0.19479 0.775454 0.600606
    outer loop
      vertex 0.0514925 0.0454 0.0525449
      vertex 0.0502796 0.0447763 0.0529568
      vertex 0.0538294 0.0440353 0.0550648
    endloop
  endfacet
  facet normal -0.194735 0.775403 0.60069
    outer loop
      vertex 0.0502796 0.0447763 0.0529568
      vertex 0.0514925 0.0454 0.0525449
      vertex 0.0508876 0.0454 0.0523488
    endloop
  endfacet
  facet normal 0.202813 -0.957984 0.202813
    outer loop
      vertex 0.051107 0.0411752 0.0521294
      vertex 0.0546824 0.042373 0.0542118
      vertex 0.0542118 0.042373 0.0546824
    endloop
  endfacet
  facet normal 0.202813 -0.957984 0.202813
    outer loop
      vertex 0.0546824 0.042373 0.0542118
      vertex 0.051107 0.0411752 0.0521294
      vertex 0.0521294 0.0411752 0.051107
    endloop
  endfacet
  facet normal 0.202806 0.957987 0.202806
    outer loop
      vertex 0.0546824 0.0444273 0.0542118
      vertex 0.0516904 0.0454 0.0526091
      vertex 0.0542118 0.0444273 0.0546824
    endloop
  endfacet
  facet normal 0.202806 0.957987 0.202806
    outer loop
      vertex 0.0516904 0.0454 0.0526091
      vertex 0.0546824 0.0444273 0.0542118
      vertex 0.0526091 0.0454 0.0516904
    endloop
  endfacet
  facet normal 0.600496 0.775595 -0.19457
    outer loop
      vertex 0.0550648 0.0440353 0.0538294
      vertex 0.0526091 0.0454 0.0516904
      vertex 0.0546824 0.0444273 0.0542118
    endloop
  endfacet
  facet normal 0.60064 0.775412 -0.194851
    outer loop
      vertex 0.0526091 0.0454 0.0516904
      vertex 0.0550648 0.0440353 0.0538294
      vertex 0.0525449 0.0454 0.0514925
    endloop
  endfacet
  facet normal -0.441259 -0.296042 0.847142
    outer loop
      vertex 0.0536837 0.0434001 0.0552105
      vertex 0.0502796 0.0420249 0.0529568
      vertex 0.0538294 0.042766 0.0550648
    endloop
  endfacet
  facet normal -0.441409 -0.295722 0.847175
    outer loop
      vertex 0.0536837 0.0434001 0.0552105
      vertex 0.049964 0.0434001 0.0532724
      vertex 0.0502796 0.0420249 0.0529568
    endloop
  endfacet
  facet normal 0.601028 -0.77502 -0.195216
    outer loop
      vertex 0.0523485 0.0414003 0.0508879
      vertex 0.0546824 0.042373 0.0542118
      vertex 0.0521294 0.0411752 0.051107
    endloop
  endfacet
  facet normal 0.600879 -0.775173 -0.195066
    outer loop
      vertex 0.0546824 0.042373 0.0542118
      vertex 0.0523485 0.0414003 0.0508879
      vertex 0.0529568 0.0420249 0.0502796
    endloop
  endfacet
  facet normal -0.195218 -0.774909 0.601171
    outer loop
      vertex 0.0538294 0.042766 0.0550648
      vertex 0.0502796 0.0420249 0.0529568
      vertex 0.0542118 0.042373 0.0546824
    endloop
  endfacet
  facet normal -0.195066 -0.775173 0.600879
    outer loop
      vertex 0.0508879 0.0414003 0.0523485
      vertex 0.0542118 0.042373 0.0546824
      vertex 0.0502796 0.0420249 0.0529568
    endloop
  endfacet
  facet normal -0.195216 -0.77502 0.601028
    outer loop
      vertex 0.0542118 0.042373 0.0546824
      vertex 0.0508879 0.0414003 0.0523485
      vertex 0.051107 0.0411752 0.0521294
    endloop
  endfacet
  facet normal 0.601171 -0.774909 -0.195218
    outer loop
      vertex 0.0546824 0.042373 0.0542118
      vertex 0.0529568 0.0420249 0.0502796
      vertex 0.0550648 0.042766 0.0538294
    endloop
  endfacet
  facet normal 0.847142 -0.296042 -0.441259
    outer loop
      vertex 0.0550648 0.042766 0.0538294
      vertex 0.0529568 0.0420249 0.0502796
      vertex 0.0552105 0.0434001 0.0536837
    endloop
  endfacet
  facet normal 0.853356 0.286989 0.435225
    outer loop
      vertex 0.0503943 0.0493997 0.0484494
      vertex 0.0488466 0.0533994 0.0488466
      vertex 0.0497374 0.0493997 0.0497374
    endloop
  endfacet
  facet normal 0 1 0
    outer loop
      vertex 0.0488466 0.0533994 0.0488466
      vertex 0.0475923 0.0533994 0.0490449
      vertex 0.0482525 0.0533994 0.0491494
    endloop
  endfacet
  facet normal 0 1 0
    outer loop
      vertex 0.0488466 0.0533994 0.0488466
      vertex 0.0471216 0.0533994 0.0485742
      vertex 0.0475923 0.0533994 0.0490449
    endloop
  endfacet
  facet normal 0 1 0
    outer loop
      vertex 0.0491494 0.0533994 0.0482525
      vertex 0.0471216 0.0533994 0.0485742
      vertex 0.0488466 0.0533994 0.0488466
    endloop
  endfacet
  facet normal 0 1 0
    outer loop
      vertex 0.0491494 0.0533994 0.0482525
      vertex 0.0470171 0.0533994 0.047914
      vertex 0.0471216 0.0533994 0.0485742
    endloop
  endfacet
  facet normal 0 1 -0
    outer loop
      vertex 0.0490449 0.0533994 0.0475923
      vertex 0.0470171 0.0533994 0.047914
      vertex 0.0491494 0.0533994 0.0482525
    endloop
  endfacet
  facet normal 0 1 0
    outer loop
      vertex 0.0490449 0.0533994 0.0475923
      vertex 0.0473199 0.0533994 0.0473199
      vertex 0.0470171 0.0533994 0.047914
    endloop
  endfacet
  facet normal 0 1 -0
    outer loop
      vertex 0.0485742 0.0533994 0.0471216
      vertex 0.0473199 0.0533994 0.0473199
      vertex 0.0490449 0.0533994 0.0475923
    endloop
  endfacet
  facet normal 0 1 0
    outer loop
      vertex 0.0473199 0.0533994 0.0473199
      vertex 0.0485742 0.0533994 0.0471216
      vertex 0.047914 0.0533994 0.0470171
    endloop
  endfacet
  facet normal 0.94609 0.287021 -0.150108
    outer loop
      vertex 0.0501677 0.0493997 0.0470212
      vertex 0.0490449 0.0533994 0.0475923
      vertex 0.0503943 0.0493997 0.0484494
    endloop
  endfacet
  facet normal 0.150033 0.287017 -0.946103
    outer loop
      vertex 0.0491454 0.0493997 0.0459988
      vertex 0.0477171 0.0493997 0.0457723
      vertex 0.0485742 0.0533994 0.0471216
    endloop
  endfacet
  facet normal 0.435225 0.286989 0.853356
    outer loop
      vertex 0.0488466 0.0533994 0.0488466
      vertex 0.0484494 0.0493997 0.0503943
      vertex 0.0497374 0.0493997 0.0497374
    endloop
  endfacet
  facet normal 0.149758 0.287084 -0.946126
    outer loop
      vertex 0.0485742 0.0533994 0.0471216
      vertex 0.0477171 0.0493997 0.0457723
      vertex 0.047914 0.0533994 0.0470171
    endloop
  endfacet
  facet normal -0.677385 0.286877 0.677385
    outer loop
      vertex 0.0471216 0.0533994 0.0485742
      vertex 0.0470212 0.0493997 0.0501677
      vertex 0.0475923 0.0533994 0.0490449
    endloop
  endfacet
  facet normal -0.67735 0.286889 0.677416
    outer loop
      vertex 0.0470212 0.0493997 0.0501677
      vertex 0.0471216 0.0533994 0.0485742
      vertex 0.0459988 0.0493997 0.0491454
    endloop
  endfacet
  facet normal 0.94612 0.287106 -0.149757
    outer loop
      vertex 0.0503943 0.0493997 0.0484494
      vertex 0.0490449 0.0533994 0.0475923
      vertex 0.0491494 0.0533994 0.0482525
    endloop
  endfacet
  facet normal -0.434991 0.287031 -0.853461
    outer loop
      vertex 0.0477171 0.0493997 0.0457723
      vertex 0.0473199 0.0533994 0.0473199
      vertex 0.047914 0.0533994 0.0470171
    endloop
  endfacet
  facet normal -0.435173 0.286983 -0.853384
    outer loop
      vertex 0.0477171 0.0493997 0.0457723
      vertex 0.0464291 0.0493997 0.0464291
      vertex 0.0473199 0.0533994 0.0473199
    endloop
  endfacet
  facet normal -0.853461 0.287031 -0.434991
    outer loop
      vertex 0.0473199 0.0533994 0.0473199
      vertex 0.0457723 0.0493997 0.0477171
      vertex 0.0470171 0.0533994 0.047914
    endloop
  endfacet
  facet normal -0.853384 0.286983 -0.435173
    outer loop
      vertex 0.0464291 0.0493997 0.0464291
      vertex 0.0457723 0.0493997 0.0477171
      vertex 0.0473199 0.0533994 0.0473199
    endloop
  endfacet
  facet normal 0.677385 0.286877 -0.677385
    outer loop
      vertex 0.0501677 0.0493997 0.0470212
      vertex 0.0485742 0.0533994 0.0471216
      vertex 0.0490449 0.0533994 0.0475923
    endloop
  endfacet
  facet normal 0.677416 0.286889 -0.67735
    outer loop
      vertex 0.0485742 0.0533994 0.0471216
      vertex 0.0501677 0.0493997 0.0470212
      vertex 0.0491454 0.0493997 0.0459988
    endloop
  endfacet
  facet normal 0.853456 0.287051 0.434988
    outer loop
      vertex 0.0491494 0.0533994 0.0482525
      vertex 0.0488466 0.0533994 0.0488466
      vertex 0.0503943 0.0493997 0.0484494
    endloop
  endfacet
  facet normal -0.150108 0.287021 0.94609
    outer loop
      vertex 0.0475923 0.0533994 0.0490449
      vertex 0.0470212 0.0493997 0.0501677
      vertex 0.0484494 0.0493997 0.0503943
    endloop
  endfacet
  facet normal -0.946126 0.287084 0.149758
    outer loop
      vertex 0.0470171 0.0533994 0.047914
      vertex 0.0457723 0.0493997 0.0477171
      vertex 0.0471216 0.0533994 0.0485742
    endloop
  endfacet
  facet normal -0.946103 0.287017 0.150033
    outer loop
      vertex 0.0471216 0.0533994 0.0485742
      vertex 0.0457723 0.0493997 0.0477171
      vertex 0.0459988 0.0493997 0.0491454
    endloop
  endfacet
  facet normal -0.149757 0.287106 0.94612
    outer loop
      vertex 0.0482525 0.0533994 0.0491494
      vertex 0.0475923 0.0533994 0.0490449
      vertex 0.0484494 0.0493997 0.0503943
    endloop
  endfacet
  facet normal 0.434988 0.287051 0.853456
    outer loop
      vertex 0.0488466 0.0533994 0.0488466
      vertex 0.0482525 0.0533994 0.0491494
      vertex 0.0484494 0.0493997 0.0503943
    endloop
  endfacet
  facet normal 0.435225 -0.286989 0.853356
    outer loop
      vertex 0.0497374 0.0414003 0.0497374
      vertex 0.0484494 0.0414003 0.0503943
      vertex 0.0488466 0.0374006 0.0488466
    endloop
  endfacet
  facet normal 0 -1 0
    outer loop
      vertex 0.0475923 0.0374006 0.0490449
      vertex 0.0488466 0.0374006 0.0488466
      vertex 0.0482525 0.0374006 0.0491494
    endloop
  endfacet
  facet normal 0 -1 0
    outer loop
      vertex 0.0471216 0.0374006 0.0485742
      vertex 0.0488466 0.0374006 0.0488466
      vertex 0.0475923 0.0374006 0.0490449
    endloop
  endfacet
  facet normal 0 -1 0
    outer loop
      vertex 0.0471216 0.0374006 0.0485742
      vertex 0.0491494 0.0374006 0.0482525
      vertex 0.0488466 0.0374006 0.0488466
    endloop
  endfacet
  facet normal 0 -1 0
    outer loop
      vertex 0.0470171 0.0374006 0.047914
      vertex 0.0491494 0.0374006 0.0482525
      vertex 0.0471216 0.0374006 0.0485742
    endloop
  endfacet
  facet normal 0 -1 0
    outer loop
      vertex 0.0470171 0.0374006 0.047914
      vertex 0.0490449 0.0374006 0.0475923
      vertex 0.0491494 0.0374006 0.0482525
    endloop
  endfacet
  facet normal 0 -1 0
    outer loop
      vertex 0.0473199 0.0374006 0.0473199
      vertex 0.0490449 0.0374006 0.0475923
      vertex 0.0470171 0.0374006 0.047914
    endloop
  endfacet
  facet normal 0 -1 0
    outer loop
      vertex 0.0473199 0.0374006 0.0473199
      vertex 0.0485742 0.0374006 0.0471216
      vertex 0.0490449 0.0374006 0.0475923
    endloop
  endfacet
  facet normal -0 -1 0
    outer loop
      vertex 0.0485742 0.0374006 0.0471216
      vertex 0.0473199 0.0374006 0.0473199
      vertex 0.047914 0.0374006 0.0470171
    endloop
  endfacet
  facet normal -0.150108 -0.287021 0.94609
    outer loop
      vertex 0.0484494 0.0414003 0.0503943
      vertex 0.0470212 0.0414003 0.0501677
      vertex 0.0475923 0.0374006 0.0490449
    endloop
  endfacet
  facet normal -0.946103 -0.287017 0.150033
    outer loop
      vertex 0.0459988 0.0414003 0.0491454
      vertex 0.0457723 0.0414003 0.0477171
      vertex 0.0471216 0.0374006 0.0485742
    endloop
  endfacet
  facet normal 0.853356 -0.286989 0.435225
    outer loop
      vertex 0.0497374 0.0414003 0.0497374
      vertex 0.0488466 0.0374006 0.0488466
      vertex 0.0503943 0.0414003 0.0484494
    endloop
  endfacet
  facet normal -0.946126 -0.287084 0.149758
    outer loop
      vertex 0.0471216 0.0374006 0.0485742
      vertex 0.0457723 0.0414003 0.0477171
      vertex 0.0470171 0.0374006 0.047914
    endloop
  endfacet
  facet normal 0.677385 -0.286877 -0.677385
    outer loop
      vertex 0.0485742 0.0374006 0.0471216
      vertex 0.0501677 0.0414003 0.0470212
      vertex 0.0490449 0.0374006 0.0475923
    endloop
  endfacet
  facet normal 0.677416 -0.286889 -0.67735
    outer loop
      vertex 0.0501677 0.0414003 0.0470212
      vertex 0.0485742 0.0374006 0.0471216
      vertex 0.0491454 0.0414003 0.0459988
    endloop
  endfacet
  facet normal -0.149757 -0.287106 0.94612
    outer loop
      vertex 0.0484494 0.0414003 0.0503943
      vertex 0.0475923 0.0374006 0.0490449
      vertex 0.0482525 0.0374006 0.0491494
    endloop
  endfacet
  facet normal -0.853461 -0.287031 -0.434991
    outer loop
      vertex 0.0470171 0.0374006 0.047914
      vertex 0.0457723 0.0414003 0.0477171
      vertex 0.0473199 0.0374006 0.0473199
    endloop
  endfacet
  facet normal -0.853384 -0.286983 -0.435173
    outer loop
      vertex 0.0473199 0.0374006 0.0473199
      vertex 0.0457723 0.0414003 0.0477171
      vertex 0.0464291 0.0414003 0.0464291
    endloop
  endfacet
  facet normal -0.434991 -0.287031 -0.853461
    outer loop
      vertex 0.047914 0.0374006 0.0470171
      vertex 0.0473199 0.0374006 0.0473199
      vertex 0.0477171 0.0414003 0.0457723
    endloop
  endfacet
  facet normal -0.435173 -0.286983 -0.853384
    outer loop
      vertex 0.0473199 0.0374006 0.0473199
      vertex 0.0464291 0.0414003 0.0464291
      vertex 0.0477171 0.0414003 0.0457723
    endloop
  endfacet
  facet normal -0.677385 -0.286877 0.677385
    outer loop
      vertex 0.0470212 0.0414003 0.0501677
      vertex 0.0471216 0.0374006 0.0485742
      vertex 0.0475923 0.0374006 0.0490449
    endloop
  endfacet
  facet normal -0.67735 -0.286889 0.677416
    outer loop
      vertex 0.0471216 0.0374006 0.0485742
      vertex 0.0470212 0.0414003 0.0501677
      vertex 0.0459988 0.0414003 0.0491454
    endloop
  endfacet
  facet normal 0.434988 -0.287051 0.853456
    outer loop
      vertex 0.0484494 0.0414003 0.0503943
      vertex 0.0482525 0.0374006 0.0491494
      vertex 0.0488466 0.0374006 0.0488466
    endloop
  endfacet
  facet normal 0.94609 -0.287021 -0.150108
    outer loop
      vertex 0.0503943 0.0414003 0.0484494
      vertex 0.0490449 0.0374006 0.0475923
      vertex 0.0501677 0.0414003 0.0470212
    endloop
  endfacet
  facet normal 0.149758 -0.287084 -0.946126
    outer loop
      vertex 0.047914 0.0374006 0.0470171
      vertex 0.0477171 0.0414003 0.0457723
      vertex 0.0485742 0.0374006 0.0471216
    endloop
  endfacet
  facet normal 0.150033 -0.287017 -0.946103
    outer loop
      vertex 0.0485742 0.0374006 0.0471216
      vertex 0.0477171 0.0414003 0.0457723
      vertex 0.0491454 0.0414003 0.0459988
    endloop
  endfacet
  facet normal 0.94612 -0.287106 -0.149757
    outer loop
      vertex 0.0491494 0.0374006 0.0482525
      vertex 0.0490449 0.0374006 0.0475923
      vertex 0.0503943 0.0414003 0.0484494
    endloop
  endfacet
  facet normal 0.853456 -0.287051 0.434988
    outer loop
      vertex 0.0503943 0.0414003 0.0484494
      vertex 0.0488466 0.0374006 0.0488466
      vertex 0.0491494 0.0374006 0.0482525
    endloop
  endfacet
  facet normal 0.942048 0.329708 0.0619443
    outer loop
      vertex 0.0279999 -0.1004 0
      vertex 0.0138798 -0.0603991 0.00182724
      vertex 0.0277596 -0.1004 0.00365448
    endloop
  endfacet
  facet normal 0.94205 0.32971 0.0619186
    outer loop
      vertex 0.0138798 -0.0603991 0.00182724
      vertex 0.0279999 -0.1004 0
      vertex 0.0139999 -0.0603991 0
    endloop
  endfacet
  facet normal -0.622496 0.329704 0.709785
    outer loop
      vertex -0.00989914 -0.0603991 0.00989914
      vertex -0.0197983 -0.1004 0.0197983
      vertex -0.017045 -0.1004 0.022213
    endloop
  endfacet
  facet normal 0.84671 0.329707 0.417582
    outer loop
      vertex 0.0258684 -0.1004 0.0107145
      vertex 0.0121241 -0.0603991 0.00699997
      vertex 0.0242481 -0.1004 0.0139999
    endloop
  endfacet
  facet normal 0.622496 0.329704 -0.709785
    outer loop
      vertex 0.017045 -0.1004 -0.022213
      vertex 0.00989914 -0.0603991 -0.00989914
      vertex 0.0197983 -0.1004 -0.0197983
    endloop
  endfacet
  facet normal 0.894024 0.329716 0.303328
    outer loop
      vertex 0.0270452 -0.1004 0.00724602
      vertex 0.0135221 -0.0603991 0.00362301
      vertex 0.0258684 -0.1004 0.0107145
    endloop
  endfacet
  facet normal 0.709883 0.329713 -0.622379
    outer loop
      vertex 0.022213 -0.1004 -0.017045
      vertex 0.00989914 -0.0603991 -0.00989914
      vertex 0.0111065 -0.0603991 -0.00852203
    endloop
  endfacet
  facet normal 0.524582 0.329705 -0.784926
    outer loop
      vertex 0.0139999 -0.1004 -0.0242481
      vertex 0.00699997 -0.0603991 -0.0121241
      vertex 0.017045 -0.1004 -0.022213
    endloop
  endfacet
  facet normal -0.3034 0.329721 -0.893998
    outer loop
      vertex -0.00362301 -0.0603991 -0.0135221
      vertex -0.0107145 -0.1004 -0.0258684
      vertex -0.00535679 -0.0603991 -0.0129337
    endloop
  endfacet
  facet normal -0.846864 0.329729 -0.417253
    outer loop
      vertex -0.0121241 -0.0603991 -0.00699997
      vertex -0.0258684 -0.1004 -0.0107145
      vertex -0.0129337 -0.0603991 -0.00535679
    endloop
  endfacet
  facet normal -0.709883 0.329713 0.622379
    outer loop
      vertex -0.0111065 -0.0603991 0.00852203
      vertex -0.022213 -0.1004 0.017045
      vertex -0.00989914 -0.0603991 0.00989914
    endloop
  endfacet
  facet normal -0.524582 0.329705 0.784926
    outer loop
      vertex -0.00699997 -0.0603991 0.0121241
      vertex -0.017045 -0.1004 0.022213
      vertex -0.0139999 -0.1004 0.0242481
    endloop
  endfacet
  facet normal 0.622379 0.329713 0.709883
    outer loop
      vertex 0.00989914 -0.0603991 0.00989914
      vertex 0.00852203 -0.0603991 0.0111065
      vertex 0.017045 -0.1004 0.022213
    endloop
  endfacet
  facet normal 0.303328 0.329716 0.894024
    outer loop
      vertex 0.0107145 -0.1004 0.0258684
      vertex 0.00362301 -0.0603991 0.0135221
      vertex 0.00724602 -0.1004 0.0270452
    endloop
  endfacet
  facet normal 0.925889 0.32972 -0.184428
    outer loop
      vertex 0.0270452 -0.1004 -0.00724602
      vertex 0.0135221 -0.0603991 -0.00362301
      vertex 0.0138798 -0.0603991 -0.00182724
    endloop
  endfacet
  facet normal 0.846864 0.329729 -0.417253
    outer loop
      vertex 0.0258684 -0.1004 -0.0107145
      vertex 0.0121241 -0.0603991 -0.00699997
      vertex 0.0129337 -0.0603991 -0.00535679
    endloop
  endfacet
  facet normal 0.925944 0.329704 -0.184181
    outer loop
      vertex 0.0270452 -0.1004 -0.00724602
      vertex 0.0138798 -0.0603991 -0.00182724
      vertex 0.0277596 -0.1004 -0.00365448
    endloop
  endfacet
  facet normal 0.894024 0.329716 -0.303328
    outer loop
      vertex 0.0258684 -0.1004 -0.0107145
      vertex 0.0135221 -0.0603991 -0.00362301
      vertex 0.0270452 -0.1004 -0.00724602
    endloop
  endfacet
  facet normal 0.417582 0.329707 -0.84671
    outer loop
      vertex 0.0107145 -0.1004 -0.0258684
      vertex 0.00699997 -0.0603991 -0.0121241
      vertex 0.0139999 -0.1004 -0.0242481
    endloop
  endfacet
  facet normal -0.417253 0.329729 -0.846864
    outer loop
      vertex -0.00535679 -0.0603991 -0.0129337
      vertex -0.0107145 -0.1004 -0.0258684
      vertex -0.00699997 -0.0603991 -0.0121241
    endloop
  endfacet
  facet normal -0.524582 0.329705 -0.784926
    outer loop
      vertex -0.0139999 -0.1004 -0.0242481
      vertex -0.017045 -0.1004 -0.022213
      vertex -0.00699997 -0.0603991 -0.0121241
    endloop
  endfacet
  facet normal -0.925889 0.32972 0.184428
    outer loop
      vertex -0.0138798 -0.0603991 0.00182724
      vertex -0.0270452 -0.1004 0.00724602
      vertex -0.0135221 -0.0603991 0.00362301
    endloop
  endfacet
  facet normal 0 -1 0
    outer loop
      vertex -0.00365448 -0.1004 0.0277596
      vertex 0.00365448 -0.1004 0.0277596
      vertex 0 -0.1004 0.0279999
    endloop
  endfacet
  facet normal 0 -1 0
    outer loop
      vertex -0.00724602 -0.1004 0.0270452
      vertex 0.00365448 -0.1004 0.0277596
      vertex -0.00365448 -0.1004 0.0277596
    endloop
  endfacet
  facet normal 0 -1 0
    outer loop
      vertex -0.00724602 -0.1004 0.0270452
      vertex 0.00724602 -0.1004 0.0270452
      vertex 0.00365448 -0.1004 0.0277596
    endloop
  endfacet
  facet normal 0 -1 0
    outer loop
      vertex -0.0107145 -0.1004 0.0258684
      vertex 0.00724602 -0.1004 0.0270452
      vertex -0.00724602 -0.1004 0.0270452
    endloop
  endfacet
  facet normal 0 -1 0
    outer loop
      vertex -0.0107145 -0.1004 0.0258684
      vertex 0.0107145 -0.1004 0.0258684
      vertex 0.00724602 -0.1004 0.0270452
    endloop
  endfacet
  facet normal 0 -1 0
    outer loop
      vertex -0.0139999 -0.1004 0.0242481
      vertex 0.0107145 -0.1004 0.0258684
      vertex -0.0107145 -0.1004 0.0258684
    endloop
  endfacet
  facet normal 0 -1 0
    outer loop
      vertex -0.0139999 -0.1004 0.0242481
      vertex 0.0139999 -0.1004 0.0242481
      vertex 0.0107145 -0.1004 0.0258684
    endloop
  endfacet
  facet normal 0 -1 0
    outer loop
      vertex -0.017045 -0.1004 0.022213
      vertex 0.0139999 -0.1004 0.0242481
      vertex -0.0139999 -0.1004 0.0242481
    endloop
  endfacet
  facet normal 0 -1 0
    outer loop
      vertex -0.017045 -0.1004 0.022213
      vertex 0.017045 -0.1004 0.022213
      vertex 0.0139999 -0.1004 0.0242481
    endloop
  endfacet
  facet normal 0 -1 0
    outer loop
      vertex -0.0197983 -0.1004 0.0197983
      vertex 0.017045 -0.1004 0.022213
      vertex -0.017045 -0.1004 0.022213
    endloop
  endfacet
  facet normal 0 -1 0
    outer loop
      vertex -0.0197983 -0.1004 0.0197983
      vertex 0.0197983 -0.1004 0.0197983
      vertex 0.017045 -0.1004 0.022213
    endloop
  endfacet
  facet normal 0 -1 0
    outer loop
      vertex -0.022213 -0.1004 0.017045
      vertex 0.0197983 -0.1004 0.0197983
      vertex -0.0197983 -0.1004 0.0197983
    endloop
  endfacet
  facet normal 0 -1 0
    outer loop
      vertex -0.022213 -0.1004 0.017045
      vertex 0.022213 -0.1004 0.017045
      vertex 0.0197983 -0.1004 0.0197983
    endloop
  endfacet
  facet normal 0 -1 0
    outer loop
      vertex -0.0242481 -0.1004 0.0139999
      vertex 0.022213 -0.1004 0.017045
      vertex -0.022213 -0.1004 0.017045
    endloop
  endfacet
  facet normal 0 -1 0
    outer loop
      vertex -0.0242481 -0.1004 0.0139999
      vertex 0.0242481 -0.1004 0.0139999
      vertex 0.022213 -0.1004 0.017045
    endloop
  endfacet
  facet normal 0 -1 0
    outer loop
      vertex -0.0258684 -0.1004 0.0107145
      vertex 0.0242481 -0.1004 0.0139999
      vertex -0.0242481 -0.1004 0.0139999
    endloop
  endfacet
  facet normal 0 -1 0
    outer loop
      vertex -0.0258684 -0.1004 0.0107145
      vertex 0.0258684 -0.1004 0.0107145
      vertex 0.0242481 -0.1004 0.0139999
    endloop
  endfacet
  facet normal 0 -1 0
    outer loop
      vertex -0.0270452 -0.1004 0.00724602
      vertex 0.0258684 -0.1004 0.0107145
      vertex -0.0258684 -0.1004 0.0107145
    endloop
  endfacet
  facet normal 0 -1 0
    outer loop
      vertex -0.0270452 -0.1004 0.00724602
      vertex 0.0270452 -0.1004 0.00724602
      vertex 0.0258684 -0.1004 0.0107145
    endloop
  endfacet
  facet normal 0 -1 0
    outer loop
      vertex -0.0277596 -0.1004 0.00365448
      vertex 0.0270452 -0.1004 0.00724602
      vertex -0.0270452 -0.1004 0.00724602
    endloop
  endfacet
  facet normal 0 -1 0
    outer loop
      vertex -0.0277596 -0.1004 0.00365448
      vertex 0.0277596 -0.1004 0.00365448
      vertex 0.0270452 -0.1004 0.00724602
    endloop
  endfacet
  facet normal 0 -1 0
    outer loop
      vertex -0.0279999 -0.1004 0
      vertex 0.0277596 -0.1004 0.00365448
      vertex -0.0277596 -0.1004 0.00365448
    endloop
  endfacet
  facet normal 0 -1 0
    outer loop
      vertex -0.0279999 -0.1004 0
      vertex 0.0279999 -0.1004 0
      vertex 0.0277596 -0.1004 0.00365448
    endloop
  endfacet
  facet normal 0 -1 0
    outer loop
      vertex -0.0277596 -0.1004 -0.00365448
      vertex 0.0279999 -0.1004 0
      vertex -0.0279999 -0.1004 0
    endloop
  endfacet
  facet normal 0 -1 0
    outer loop
      vertex -0.0277596 -0.1004 -0.00365448
      vertex 0.0277596 -0.1004 -0.00365448
      vertex 0.0279999 -0.1004 0
    endloop
  endfacet
  facet normal 0 -1 0
    outer loop
      vertex -0.0270452 -0.1004 -0.00724602
      vertex 0.0277596 -0.1004 -0.00365448
      vertex -0.0277596 -0.1004 -0.00365448
    endloop
  endfacet
  facet normal 0 -1 0
    outer loop
      vertex -0.0270452 -0.1004 -0.00724602
      vertex 0.0270452 -0.1004 -0.00724602
      vertex 0.0277596 -0.1004 -0.00365448
    endloop
  endfacet
  facet normal 0 -1 0
    outer loop
      vertex -0.0258684 -0.1004 -0.0107145
      vertex 0.0270452 -0.1004 -0.00724602
      vertex -0.0270452 -0.1004 -0.00724602
    endloop
  endfacet
  facet normal 0 -1 0
    outer loop
      vertex -0.0258684 -0.1004 -0.0107145
      vertex 0.0258684 -0.1004 -0.0107145
      vertex 0.0270452 -0.1004 -0.00724602
    endloop
  endfacet
  facet normal 0 -1 0
    outer loop
      vertex -0.0242481 -0.1004 -0.0139999
      vertex 0.0258684 -0.1004 -0.0107145
      vertex -0.0258684 -0.1004 -0.0107145
    endloop
  endfacet
  facet normal 0 -1 0
    outer loop
      vertex -0.0242481 -0.1004 -0.0139999
      vertex 0.0242481 -0.1004 -0.0139999
      vertex 0.0258684 -0.1004 -0.0107145
    endloop
  endfacet
  facet normal 0 -1 0
    outer loop
      vertex -0.022213 -0.1004 -0.017045
      vertex 0.0242481 -0.1004 -0.0139999
      vertex -0.0242481 -0.1004 -0.0139999
    endloop
  endfacet
  facet normal 0 -1 0
    outer loop
      vertex -0.022213 -0.1004 -0.017045
      vertex 0.022213 -0.1004 -0.017045
      vertex 0.0242481 -0.1004 -0.0139999
    endloop
  endfacet
  facet normal 0 -1 0
    outer loop
      vertex -0.0197983 -0.1004 -0.0197983
      vertex 0.022213 -0.1004 -0.017045
      vertex -0.022213 -0.1004 -0.017045
    endloop
  endfacet
  facet normal 0 -1 0
    outer loop
      vertex -0.0197983 -0.1004 -0.0197983
      vertex 0.0197983 -0.1004 -0.0197983
      vertex 0.022213 -0.1004 -0.017045
    endloop
  endfacet
  facet normal 0 -1 0
    outer loop
      vertex -0.017045 -0.1004 -0.022213
      vertex 0.0197983 -0.1004 -0.0197983
      vertex -0.0197983 -0.1004 -0.0197983
    endloop
  endfacet
  facet normal 0 -1 0
    outer loop
      vertex -0.017045 -0.1004 -0.022213
      vertex 0.017045 -0.1004 -0.022213
      vertex 0.0197983 -0.1004 -0.0197983
    endloop
  endfacet
  facet normal 0 -1 0
    outer loop
      vertex -0.0139999 -0.1004 -0.0242481
      vertex 0.017045 -0.1004 -0.022213
      vertex -0.017045 -0.1004 -0.022213
    endloop
  endfacet
  facet normal 0 -1 0
    outer loop
      vertex -0.0139999 -0.1004 -0.0242481
      vertex 0.0139999 -0.1004 -0.0242481
      vertex 0.017045 -0.1004 -0.022213
    endloop
  endfacet
  facet normal 0 -1 0
    outer loop
      vertex -0.0107145 -0.1004 -0.0258684
      vertex 0.0139999 -0.1004 -0.0242481
      vertex -0.0139999 -0.1004 -0.0242481
    endloop
  endfacet
  facet normal 0 -1 0
    outer loop
      vertex -0.0107145 -0.1004 -0.0258684
      vertex 0.0107145 -0.1004 -0.0258684
      vertex 0.0139999 -0.1004 -0.0242481
    endloop
  endfacet
  facet normal 0 -1 0
    outer loop
      vertex -0.00724602 -0.1004 -0.0270452
      vertex 0.0107145 -0.1004 -0.0258684
      vertex -0.0107145 -0.1004 -0.0258684
    endloop
  endfacet
  facet normal 0 -1 0
    outer loop
      vertex -0.00724602 -0.1004 -0.0270452
      vertex 0.00724602 -0.1004 -0.0270452
      vertex 0.0107145 -0.1004 -0.0258684
    endloop
  endfacet
  facet normal 0 -1 0
    outer loop
      vertex -0.00365448 -0.1004 -0.0277596
      vertex 0.00724602 -0.1004 -0.0270452
      vertex -0.00724602 -0.1004 -0.0270452
    endloop
  endfacet
  facet normal 0 -1 0
    outer loop
      vertex -0.00365448 -0.1004 -0.0277596
      vertex 0.00365448 -0.1004 -0.0277596
      vertex 0.00724602 -0.1004 -0.0270452
    endloop
  endfacet
  facet normal -0 -1 0
    outer loop
      vertex 0.00365448 -0.1004 -0.0277596
      vertex -0.00365448 -0.1004 -0.0277596
      vertex 0 -0.1004 -0.0279999
    endloop
  endfacet
  facet normal -0.846864 0.329729 0.417253
    outer loop
      vertex -0.0129337 -0.0603991 0.00535679
      vertex -0.0258684 -0.1004 0.0107145
      vertex -0.0121241 -0.0603991 0.00699997
    endloop
  endfacet
  facet normal -0.925944 0.329704 0.184181
    outer loop
      vertex -0.0138798 -0.0603991 0.00182724
      vertex -0.0277596 -0.1004 0.00365448
      vertex -0.0270452 -0.1004 0.00724602
    endloop
  endfacet
  facet normal -0.894024 0.329716 0.303328
    outer loop
      vertex -0.0135221 -0.0603991 0.00362301
      vertex -0.0270452 -0.1004 0.00724602
      vertex -0.0258684 -0.1004 0.0107145
    endloop
  endfacet
  facet normal -0.417582 0.329707 0.84671
    outer loop
      vertex -0.00699997 -0.0603991 0.0121241
      vertex -0.0139999 -0.1004 0.0242481
      vertex -0.0107145 -0.1004 0.0258684
    endloop
  endfacet
  facet normal -0.0619186 0.32971 0.94205
    outer loop
      vertex -0.00182724 -0.0603991 0.0138798
      vertex 0 -0.1004 0.0279999
      vertex 0 -0.0603991 0.0139999
    endloop
  endfacet
  facet normal -0.0619443 0.329708 0.942048
    outer loop
      vertex 0 -0.1004 0.0279999
      vertex -0.00182724 -0.0603991 0.0138798
      vertex -0.00365448 -0.1004 0.0277596
    endloop
  endfacet
  facet normal 0.524582 0.329705 0.784926
    outer loop
      vertex 0.017045 -0.1004 0.022213
      vertex 0.00699997 -0.0603991 0.0121241
      vertex 0.0139999 -0.1004 0.0242481
    endloop
  endfacet
  facet normal 0.893998 0.329721 0.3034
    outer loop
      vertex 0.0135221 -0.0603991 0.00362301
      vertex 0.0129337 -0.0603991 0.00535679
      vertex 0.0258684 -0.1004 0.0107145
    endloop
  endfacet
  facet normal 0.846864 0.329729 0.417253
    outer loop
      vertex 0.0129337 -0.0603991 0.00535679
      vertex 0.0121241 -0.0603991 0.00699997
      vertex 0.0258684 -0.1004 0.0107145
    endloop
  endfacet
  facet normal 0.3034 0.329721 0.893998
    outer loop
      vertex 0.00535679 -0.0603991 0.0129337
      vertex 0.00362301 -0.0603991 0.0135221
      vertex 0.0107145 -0.1004 0.0258684
    endloop
  endfacet
  facet normal 0.925944 0.329704 0.184181
    outer loop
      vertex 0.0277596 -0.1004 0.00365448
      vertex 0.0138798 -0.0603991 0.00182724
      vertex 0.0270452 -0.1004 0.00724602
    endloop
  endfacet
  facet normal 0.709785 0.329704 -0.622496
    outer loop
      vertex 0.0197983 -0.1004 -0.0197983
      vertex 0.00989914 -0.0603991 -0.00989914
      vertex 0.022213 -0.1004 -0.017045
    endloop
  endfacet
  facet normal 0.84671 0.329707 -0.417582
    outer loop
      vertex 0.0242481 -0.1004 -0.0139999
      vertex 0.0121241 -0.0603991 -0.00699997
      vertex 0.0258684 -0.1004 -0.0107145
    endloop
  endfacet
  facet normal 0.784926 0.329705 -0.524582
    outer loop
      vertex 0.022213 -0.1004 -0.017045
      vertex 0.0121241 -0.0603991 -0.00699997
      vertex 0.0242481 -0.1004 -0.0139999
    endloop
  endfacet
  facet normal 0.94205 0.32971 -0.0619186
    outer loop
      vertex 0.0279999 -0.1004 0
      vertex 0.0138798 -0.0603991 -0.00182724
      vertex 0.0139999 -0.0603991 0
    endloop
  endfacet
  facet normal 0.942048 0.329708 -0.0619443
    outer loop
      vertex 0.0138798 -0.0603991 -0.00182724
      vertex 0.0279999 -0.1004 0
      vertex 0.0277596 -0.1004 -0.00365448
    endloop
  endfacet
  facet normal 0.417253 0.329729 -0.846864
    outer loop
      vertex 0.0107145 -0.1004 -0.0258684
      vertex 0.00535679 -0.0603991 -0.0129337
      vertex 0.00699997 -0.0603991 -0.0121241
    endloop
  endfacet
  facet normal 0.0619443 0.329708 -0.942048
    outer loop
      vertex 0 -0.1004 -0.0279999
      vertex 0.00182724 -0.0603991 -0.0138798
      vertex 0.00365448 -0.1004 -0.0277596
    endloop
  endfacet
  facet normal 0.0619186 0.32971 -0.94205
    outer loop
      vertex 0.00182724 -0.0603991 -0.0138798
      vertex 0 -0.1004 -0.0279999
      vertex 0 -0.0603991 -0.0139999
    endloop
  endfacet
  facet normal 0.3034 0.329721 -0.893998
    outer loop
      vertex 0.0107145 -0.1004 -0.0258684
      vertex 0.00362301 -0.0603991 -0.0135221
      vertex 0.00535679 -0.0603991 -0.0129337
    endloop
  endfacet
  facet normal 0.524714 0.329714 -0.784833
    outer loop
      vertex 0.017045 -0.1004 -0.022213
      vertex 0.00699997 -0.0603991 -0.0121241
      vertex 0.00852203 -0.0603991 -0.0111065
    endloop
  endfacet
  facet normal 0.303328 0.329716 -0.894024
    outer loop
      vertex 0.00724602 -0.1004 -0.0270452
      vertex 0.00362301 -0.0603991 -0.0135221
      vertex 0.0107145 -0.1004 -0.0258684
    endloop
  endfacet
  facet normal -0.942048 0.329708 -0.0619443
    outer loop
      vertex -0.0279999 -0.1004 0
      vertex -0.0138798 -0.0603991 -0.00182724
      vertex -0.0277596 -0.1004 -0.00365448
    endloop
  endfacet
  facet normal -0.94205 0.32971 -0.0619186
    outer loop
      vertex -0.0138798 -0.0603991 -0.00182724
      vertex -0.0279999 -0.1004 0
      vertex -0.0139999 -0.0603991 0
    endloop
  endfacet
  facet normal -0.893998 0.329721 -0.3034
    outer loop
      vertex -0.0129337 -0.0603991 -0.00535679
      vertex -0.0258684 -0.1004 -0.0107145
      vertex -0.0135221 -0.0603991 -0.00362301
    endloop
  endfacet
  facet normal -0.894024 0.329716 -0.303328
    outer loop
      vertex -0.0258684 -0.1004 -0.0107145
      vertex -0.0270452 -0.1004 -0.00724602
      vertex -0.0135221 -0.0603991 -0.00362301
    endloop
  endfacet
  facet normal -0.709785 0.329704 -0.622496
    outer loop
      vertex -0.0197983 -0.1004 -0.0197983
      vertex -0.022213 -0.1004 -0.017045
      vertex -0.00989914 -0.0603991 -0.00989914
    endloop
  endfacet
  facet normal -0.84671 0.329707 -0.417582
    outer loop
      vertex -0.0242481 -0.1004 -0.0139999
      vertex -0.0258684 -0.1004 -0.0107145
      vertex -0.0121241 -0.0603991 -0.00699997
    endloop
  endfacet
  facet normal -0.784926 0.329705 -0.524582
    outer loop
      vertex -0.022213 -0.1004 -0.017045
      vertex -0.0242481 -0.1004 -0.0139999
      vertex -0.0121241 -0.0603991 -0.00699997
    endloop
  endfacet
  facet normal -0.0619186 0.32971 -0.94205
    outer loop
      vertex 0 -0.1004 -0.0279999
      vertex -0.00182724 -0.0603991 -0.0138798
      vertex 0 -0.0603991 -0.0139999
    endloop
  endfacet
  facet normal -0.0619443 0.329708 -0.942048
    outer loop
      vertex -0.00182724 -0.0603991 -0.0138798
      vertex 0 -0.1004 -0.0279999
      vertex -0.00365448 -0.1004 -0.0277596
    endloop
  endfacet
  facet normal -0.303328 0.329716 -0.894024
    outer loop
      vertex -0.00724602 -0.1004 -0.0270452
      vertex -0.0107145 -0.1004 -0.0258684
      vertex -0.00362301 -0.0603991 -0.0135221
    endloop
  endfacet
  facet normal -0.417582 0.329707 -0.84671
    outer loop
      vertex -0.0107145 -0.1004 -0.0258684
      vertex -0.0139999 -0.1004 -0.0242481
      vertex -0.00699997 -0.0603991 -0.0121241
    endloop
  endfacet
  facet normal -0.622496 0.329704 -0.709785
    outer loop
      vertex -0.017045 -0.1004 -0.022213
      vertex -0.0197983 -0.1004 -0.0197983
      vertex -0.00989914 -0.0603991 -0.00989914
    endloop
  endfacet
  facet normal -0.524714 0.329714 -0.784833
    outer loop
      vertex -0.00699997 -0.0603991 -0.0121241
      vertex -0.017045 -0.1004 -0.022213
      vertex -0.00852203 -0.0603991 -0.0111065
    endloop
  endfacet
  facet normal -0.94205 0.32971 0.0619186
    outer loop
      vertex -0.0279999 -0.1004 0
      vertex -0.0138798 -0.0603991 0.00182724
      vertex -0.0139999 -0.0603991 0
    endloop
  endfacet
  facet normal -0.942048 0.329708 0.0619443
    outer loop
      vertex -0.0138798 -0.0603991 0.00182724
      vertex -0.0279999 -0.1004 0
      vertex -0.0277596 -0.1004 0.00365448
    endloop
  endfacet
  facet normal -0.709785 0.329704 0.622496
    outer loop
      vertex -0.00989914 -0.0603991 0.00989914
      vertex -0.022213 -0.1004 0.017045
      vertex -0.0197983 -0.1004 0.0197983
    endloop
  endfacet
  facet normal -0.84671 0.329707 0.417582
    outer loop
      vertex -0.0121241 -0.0603991 0.00699997
      vertex -0.0258684 -0.1004 0.0107145
      vertex -0.0242481 -0.1004 0.0139999
    endloop
  endfacet
  facet normal -0.784926 0.329705 0.524582
    outer loop
      vertex -0.0121241 -0.0603991 0.00699997
      vertex -0.0242481 -0.1004 0.0139999
      vertex -0.022213 -0.1004 0.017045
    endloop
  endfacet
  facet normal -0.417253 0.329729 0.846864
    outer loop
      vertex -0.00699997 -0.0603991 0.0121241
      vertex -0.0107145 -0.1004 0.0258684
      vertex -0.00535679 -0.0603991 0.0129337
    endloop
  endfacet
  facet normal -0.3034 0.329721 0.893998
    outer loop
      vertex -0.00535679 -0.0603991 0.0129337
      vertex -0.0107145 -0.1004 0.0258684
      vertex -0.00362301 -0.0603991 0.0135221
    endloop
  endfacet
  facet normal -0.524714 0.329714 0.784833
    outer loop
      vertex -0.00852203 -0.0603991 0.0111065
      vertex -0.017045 -0.1004 0.022213
      vertex -0.00699997 -0.0603991 0.0121241
    endloop
  endfacet
  facet normal -0.303328 0.329716 0.894024
    outer loop
      vertex -0.00362301 -0.0603991 0.0135221
      vertex -0.0107145 -0.1004 0.0258684
      vertex -0.00724602 -0.1004 0.0270452
    endloop
  endfacet
  facet normal 0.0619186 0.32971 0.94205
    outer loop
      vertex 0 -0.1004 0.0279999
      vertex 0.00182724 -0.0603991 0.0138798
      vertex 0 -0.0603991 0.0139999
    endloop
  endfacet
  facet normal 0.0619443 0.329708 0.942048
    outer loop
      vertex 0.00182724 -0.0603991 0.0138798
      vertex 0 -0.1004 0.0279999
      vertex 0.00365448 -0.1004 0.0277596
    endloop
  endfacet
  facet normal 0.622496 0.329704 0.709785
    outer loop
      vertex 0.0197983 -0.1004 0.0197983
      vertex 0.00989914 -0.0603991 0.00989914
      vertex 0.017045 -0.1004 0.022213
    endloop
  endfacet
  facet normal 0.709785 0.329704 0.622496
    outer loop
      vertex 0.022213 -0.1004 0.017045
      vertex 0.00989914 -0.0603991 0.00989914
      vertex 0.0197983 -0.1004 0.0197983
    endloop
  endfacet
  facet normal 0.784833 0.329714 0.524714
    outer loop
      vertex 0.0121241 -0.0603991 0.00699997
      vertex 0.0111065 -0.0603991 0.00852203
      vertex 0.022213 -0.1004 0.017045
    endloop
  endfacet
  facet normal 0.784926 0.329705 0.524582
    outer loop
      vertex 0.0242481 -0.1004 0.0139999
      vertex 0.0121241 -0.0603991 0.00699997
      vertex 0.022213 -0.1004 0.017045
    endloop
  endfacet
  facet normal 0.925889 0.32972 0.184428
    outer loop
      vertex 0.0138798 -0.0603991 0.00182724
      vertex 0.0135221 -0.0603991 0.00362301
      vertex 0.0270452 -0.1004 0.00724602
    endloop
  endfacet
  facet normal 0.184428 0.32972 0.925889
    outer loop
      vertex 0.00362301 -0.0603991 0.0135221
      vertex 0.00182724 -0.0603991 0.0138798
      vertex 0.00724602 -0.1004 0.0270452
    endloop
  endfacet
  facet normal 0.417253 0.329729 0.846864
    outer loop
      vertex 0.00699997 -0.0603991 0.0121241
      vertex 0.00535679 -0.0603991 0.0129337
      vertex 0.0107145 -0.1004 0.0258684
    endloop
  endfacet
  facet normal 0.417582 0.329707 0.84671
    outer loop
      vertex 0.0139999 -0.1004 0.0242481
      vertex 0.00699997 -0.0603991 0.0121241
      vertex 0.0107145 -0.1004 0.0258684
    endloop
  endfacet
  facet normal 0.784833 0.329714 -0.524714
    outer loop
      vertex 0.022213 -0.1004 -0.017045
      vertex 0.0111065 -0.0603991 -0.00852203
      vertex 0.0121241 -0.0603991 -0.00699997
    endloop
  endfacet
  facet normal 0.893998 0.329721 -0.3034
    outer loop
      vertex 0.0258684 -0.1004 -0.0107145
      vertex 0.0129337 -0.0603991 -0.00535679
      vertex 0.0135221 -0.0603991 -0.00362301
    endloop
  endfacet
  facet normal 0.622379 0.329713 -0.709883
    outer loop
      vertex 0.017045 -0.1004 -0.022213
      vertex 0.00852203 -0.0603991 -0.0111065
      vertex 0.00989914 -0.0603991 -0.00989914
    endloop
  endfacet
  facet normal 0.184428 0.32972 -0.925889
    outer loop
      vertex 0.00724602 -0.1004 -0.0270452
      vertex 0.00182724 -0.0603991 -0.0138798
      vertex 0.00362301 -0.0603991 -0.0135221
    endloop
  endfacet
  facet normal 0.184181 0.329704 -0.925944
    outer loop
      vertex 0.00365448 -0.1004 -0.0277596
      vertex 0.00182724 -0.0603991 -0.0138798
      vertex 0.00724602 -0.1004 -0.0270452
    endloop
  endfacet
  facet normal -0.925889 0.32972 -0.184428
    outer loop
      vertex -0.0135221 -0.0603991 -0.00362301
      vertex -0.0270452 -0.1004 -0.00724602
      vertex -0.0138798 -0.0603991 -0.00182724
    endloop
  endfacet
  facet normal -0.925944 0.329704 -0.184181
    outer loop
      vertex -0.0270452 -0.1004 -0.00724602
      vertex -0.0277596 -0.1004 -0.00365448
      vertex -0.0138798 -0.0603991 -0.00182724
    endloop
  endfacet
  facet normal -0.709883 0.329713 -0.622379
    outer loop
      vertex -0.00989914 -0.0603991 -0.00989914
      vertex -0.022213 -0.1004 -0.017045
      vertex -0.0111065 -0.0603991 -0.00852203
    endloop
  endfacet
  facet normal -0.784833 0.329714 -0.524714
    outer loop
      vertex -0.0111065 -0.0603991 -0.00852203
      vertex -0.022213 -0.1004 -0.017045
      vertex -0.0121241 -0.0603991 -0.00699997
    endloop
  endfacet
  facet normal -0.184181 0.329704 -0.925944
    outer loop
      vertex -0.00365448 -0.1004 -0.0277596
      vertex -0.00724602 -0.1004 -0.0270452
      vertex -0.00182724 -0.0603991 -0.0138798
    endloop
  endfacet
  facet normal -0.184428 0.32972 -0.925889
    outer loop
      vertex -0.00182724 -0.0603991 -0.0138798
      vertex -0.00724602 -0.1004 -0.0270452
      vertex -0.00362301 -0.0603991 -0.0135221
    endloop
  endfacet
  facet normal -0.622379 0.329713 -0.709883
    outer loop
      vertex -0.00852203 -0.0603991 -0.0111065
      vertex -0.017045 -0.1004 -0.022213
      vertex -0.00989914 -0.0603991 -0.00989914
    endloop
  endfacet
  facet normal -0.784833 0.329714 0.524714
    outer loop
      vertex -0.0121241 -0.0603991 0.00699997
      vertex -0.022213 -0.1004 0.017045
      vertex -0.0111065 -0.0603991 0.00852203
    endloop
  endfacet
  facet normal -0.893998 0.329721 0.3034
    outer loop
      vertex -0.0135221 -0.0603991 0.00362301
      vertex -0.0258684 -0.1004 0.0107145
      vertex -0.0129337 -0.0603991 0.00535679
    endloop
  endfacet
  facet normal -0.622379 0.329713 0.709883
    outer loop
      vertex -0.00989914 -0.0603991 0.00989914
      vertex -0.017045 -0.1004 0.022213
      vertex -0.00852203 -0.0603991 0.0111065
    endloop
  endfacet
  facet normal -0.184428 0.32972 0.925889
    outer loop
      vertex -0.00362301 -0.0603991 0.0135221
      vertex -0.00724602 -0.1004 0.0270452
      vertex -0.00182724 -0.0603991 0.0138798
    endloop
  endfacet
  facet normal -0.184181 0.329704 0.925944
    outer loop
      vertex -0.00182724 -0.0603991 0.0138798
      vertex -0.00724602 -0.1004 0.0270452
      vertex -0.00365448 -0.1004 0.0277596
    endloop
  endfacet
  facet normal 0.709883 0.329713 0.622379
    outer loop
      vertex 0.0111065 -0.0603991 0.00852203
      vertex 0.00989914 -0.0603991 0.00989914
      vertex 0.022213 -0.1004 0.017045
    endloop
  endfacet
  facet normal 0.184181 0.329704 0.925944
    outer loop
      vertex 0.00724602 -0.1004 0.0270452
      vertex 0.00182724 -0.0603991 0.0138798
      vertex 0.00365448 -0.1004 0.0277596
    endloop
  endfacet
  facet normal 0.524714 0.329714 0.784833
    outer loop
      vertex 0.00852203 -0.0603991 0.0111065
      vertex 0.00699997 -0.0603991 0.0121241
      vertex 0.017045 -0.1004 0.022213
    endloop
  endfacet
endsolid OpenSCAD_Model
