solid OpenSCAD_Model
  facet normal 0 0 1
    outer loop
      vertex 0.00488314 0.000480947 0.0998795
      vertex 0.00488314 -0.000480947 0.0998795
      vertex 0.00490677 0 0.0998795
    endloop
  endfacet
  facet normal 0 0 1
    outer loop
      vertex 0.00481249 0.000957263 0.0998795
      vertex 0.00488314 -0.000480947 0.0998795
      vertex 0.00488314 0.000480947 0.0998795
    endloop
  endfacet
  facet normal 0 0 1
    outer loop
      vertex 0.00481249 0.000957263 0.0998795
      vertex 0.00481249 -0.000957263 0.0998795
      vertex 0.00488314 -0.000480947 0.0998795
    endloop
  endfacet
  facet normal 0 0 1
    outer loop
      vertex 0.00469548 0.00142436 0.0998795
      vertex 0.00481249 -0.000957263 0.0998795
      vertex 0.00481249 0.000957263 0.0998795
    endloop
  endfacet
  facet normal 0 0 1
    outer loop
      vertex 0.00469548 0.00142436 0.0998795
      vertex 0.00469548 -0.00142436 0.0998795
      vertex 0.00481249 -0.000957263 0.0998795
    endloop
  endfacet
  facet normal 0 0 1
    outer loop
      vertex 0.00453326 0.00187774 0.0998795
      vertex 0.00469548 -0.00142436 0.0998795
      vertex 0.00469548 0.00142436 0.0998795
    endloop
  endfacet
  facet normal 0 0 1
    outer loop
      vertex 0.00453326 0.00187774 0.0998795
      vertex 0.00453326 -0.00187774 0.0998795
      vertex 0.00469548 -0.00142436 0.0998795
    endloop
  endfacet
  facet normal 0 0 1
    outer loop
      vertex 0.00432738 0.00231303 0.0998795
      vertex 0.00453326 -0.00187774 0.0998795
      vertex 0.00453326 0.00187774 0.0998795
    endloop
  endfacet
  facet normal 0 0 1
    outer loop
      vertex 0.00432738 0.00231303 0.0998795
      vertex 0.00432738 -0.00231303 0.0998795
      vertex 0.00453326 -0.00187774 0.0998795
    endloop
  endfacet
  facet normal 0 0 1
    outer loop
      vertex 0.00407983 0.00272605 0.0998795
      vertex 0.00432738 -0.00231303 0.0998795
      vertex 0.00432738 0.00231303 0.0998795
    endloop
  endfacet
  facet normal 0 0 1
    outer loop
      vertex 0.00407983 0.00272605 0.0998795
      vertex 0.00407983 -0.00272605 0.0998795
      vertex 0.00432738 -0.00231303 0.0998795
    endloop
  endfacet
  facet normal 0 0 1
    outer loop
      vertex 0.00379298 0.00311282 0.0998795
      vertex 0.00407983 -0.00272605 0.0998795
      vertex 0.00407983 0.00272605 0.0998795
    endloop
  endfacet
  facet normal 0 0 1
    outer loop
      vertex 0.00379298 0.00311282 0.0998795
      vertex 0.00379298 -0.00311282 0.0998795
      vertex 0.00407983 -0.00272605 0.0998795
    endloop
  endfacet
  facet normal 0 0 1
    outer loop
      vertex 0.00346961 0.00346961 0.0998795
      vertex 0.00379298 -0.00311282 0.0998795
      vertex 0.00379298 0.00311282 0.0998795
    endloop
  endfacet
  facet normal 0 0 1
    outer loop
      vertex 0.00346961 0.00346961 0.0998795
      vertex 0.00346961 -0.00346961 0.0998795
      vertex 0.00379298 -0.00311282 0.0998795
    endloop
  endfacet
  facet normal 0 0 1
    outer loop
      vertex 0.00311282 0.00379298 0.0998795
      vertex 0.00346961 -0.00346961 0.0998795
      vertex 0.00346961 0.00346961 0.0998795
    endloop
  endfacet
  facet normal 0 0 1
    outer loop
      vertex 0.00311282 0.00379298 0.0998795
      vertex 0.00311282 -0.00379298 0.0998795
      vertex 0.00346961 -0.00346961 0.0998795
    endloop
  endfacet
  facet normal 0 0 1
    outer loop
      vertex 0.00272605 0.00407983 0.0998795
      vertex 0.00311282 -0.00379298 0.0998795
      vertex 0.00311282 0.00379298 0.0998795
    endloop
  endfacet
  facet normal 0 0 1
    outer loop
      vertex 0.00272605 0.00407983 0.0998795
      vertex 0.00272605 -0.00407983 0.0998795
      vertex 0.00311282 -0.00379298 0.0998795
    endloop
  endfacet
  facet normal 0 0 1
    outer loop
      vertex 0.00231303 0.00432738 0.0998795
      vertex 0.00272605 -0.00407983 0.0998795
      vertex 0.00272605 0.00407983 0.0998795
    endloop
  endfacet
  facet normal 0 0 1
    outer loop
      vertex 0.00231303 0.00432738 0.0998795
      vertex 0.00231303 -0.00432738 0.0998795
      vertex 0.00272605 -0.00407983 0.0998795
    endloop
  endfacet
  facet normal 0 0 1
    outer loop
      vertex 0.00187774 0.00453326 0.0998795
      vertex 0.00231303 -0.00432738 0.0998795
      vertex 0.00231303 0.00432738 0.0998795
    endloop
  endfacet
  facet normal 0 0 1
    outer loop
      vertex 0.00187774 0.00453326 0.0998795
      vertex 0.00187774 -0.00453326 0.0998795
      vertex 0.00231303 -0.00432738 0.0998795
    endloop
  endfacet
  facet normal 0 0 1
    outer loop
      vertex 0.00142436 0.00469548 0.0998795
      vertex 0.00187774 -0.00453326 0.0998795
      vertex 0.00187774 0.00453326 0.0998795
    endloop
  endfacet
  facet normal 0 0 1
    outer loop
      vertex 0.00142436 0.00469548 0.0998795
      vertex 0.00142436 -0.00469548 0.0998795
      vertex 0.00187774 -0.00453326 0.0998795
    endloop
  endfacet
  facet normal 0 0 1
    outer loop
      vertex 0.000957263 0.00481249 0.0998795
      vertex 0.00142436 -0.00469548 0.0998795
      vertex 0.00142436 0.00469548 0.0998795
    endloop
  endfacet
  facet normal 0 0 1
    outer loop
      vertex 0.000957263 0.00481249 0.0998795
      vertex 0.000957263 -0.00481249 0.0998795
      vertex 0.00142436 -0.00469548 0.0998795
    endloop
  endfacet
  facet normal 0 0 1
    outer loop
      vertex 0.000480947 0.00488314 0.0998795
      vertex 0.000957263 -0.00481249 0.0998795
      vertex 0.000957263 0.00481249 0.0998795
    endloop
  endfacet
  facet normal 0 0 1
    outer loop
      vertex 0.000480947 0.00488314 0.0998795
      vertex 0.000480947 -0.00488314 0.0998795
      vertex 0.000957263 -0.00481249 0.0998795
    endloop
  endfacet
  facet normal 0 0 1
    outer loop
      vertex 0 0.00490677 0.0998795
      vertex 0.000480947 -0.00488314 0.0998795
      vertex 0.000480947 0.00488314 0.0998795
    endloop
  endfacet
  facet normal 0 0 1
    outer loop
      vertex 0 0.00490677 0.0998795
      vertex -0 -0.00490677 0.0998795
      vertex 0.000480947 -0.00488314 0.0998795
    endloop
  endfacet
  facet normal -0 0 1
    outer loop
      vertex -0.000480947 0.00488314 0.0998795
      vertex -0 -0.00490677 0.0998795
      vertex 0 0.00490677 0.0998795
    endloop
  endfacet
  facet normal 0 0 1
    outer loop
      vertex -0.000480947 0.00488314 0.0998795
      vertex -0.000480947 -0.00488314 0.0998795
      vertex -0 -0.00490677 0.0998795
    endloop
  endfacet
  facet normal -0 0 1
    outer loop
      vertex -0.000957263 0.00481249 0.0998795
      vertex -0.000480947 -0.00488314 0.0998795
      vertex -0.000480947 0.00488314 0.0998795
    endloop
  endfacet
  facet normal 0 0 1
    outer loop
      vertex -0.000957263 0.00481249 0.0998795
      vertex -0.000957263 -0.00481249 0.0998795
      vertex -0.000480947 -0.00488314 0.0998795
    endloop
  endfacet
  facet normal -0 0 1
    outer loop
      vertex -0.00142436 0.00469548 0.0998795
      vertex -0.000957263 -0.00481249 0.0998795
      vertex -0.000957263 0.00481249 0.0998795
    endloop
  endfacet
  facet normal 0 0 1
    outer loop
      vertex -0.00142436 0.00469548 0.0998795
      vertex -0.00142436 -0.00469548 0.0998795
      vertex -0.000957263 -0.00481249 0.0998795
    endloop
  endfacet
  facet normal -0 0 1
    outer loop
      vertex -0.00187774 0.00453326 0.0998795
      vertex -0.00142436 -0.00469548 0.0998795
      vertex -0.00142436 0.00469548 0.0998795
    endloop
  endfacet
  facet normal 0 0 1
    outer loop
      vertex -0.00187774 0.00453326 0.0998795
      vertex -0.00187774 -0.00453326 0.0998795
      vertex -0.00142436 -0.00469548 0.0998795
    endloop
  endfacet
  facet normal -0 0 1
    outer loop
      vertex -0.00231303 0.00432738 0.0998795
      vertex -0.00187774 -0.00453326 0.0998795
      vertex -0.00187774 0.00453326 0.0998795
    endloop
  endfacet
  facet normal 0 0 1
    outer loop
      vertex -0.00231303 0.00432738 0.0998795
      vertex -0.00231303 -0.00432738 0.0998795
      vertex -0.00187774 -0.00453326 0.0998795
    endloop
  endfacet
  facet normal -0 0 1
    outer loop
      vertex -0.00272605 0.00407983 0.0998795
      vertex -0.00231303 -0.00432738 0.0998795
      vertex -0.00231303 0.00432738 0.0998795
    endloop
  endfacet
  facet normal 0 0 1
    outer loop
      vertex -0.00272605 0.00407983 0.0998795
      vertex -0.00272605 -0.00407983 0.0998795
      vertex -0.00231303 -0.00432738 0.0998795
    endloop
  endfacet
  facet normal -0 0 1
    outer loop
      vertex -0.00311282 0.00379298 0.0998795
      vertex -0.00272605 -0.00407983 0.0998795
      vertex -0.00272605 0.00407983 0.0998795
    endloop
  endfacet
  facet normal 0 0 1
    outer loop
      vertex -0.00311282 0.00379298 0.0998795
      vertex -0.00311282 -0.00379298 0.0998795
      vertex -0.00272605 -0.00407983 0.0998795
    endloop
  endfacet
  facet normal -0 0 1
    outer loop
      vertex -0.00346961 0.00346961 0.0998795
      vertex -0.00311282 -0.00379298 0.0998795
      vertex -0.00311282 0.00379298 0.0998795
    endloop
  endfacet
  facet normal 0 0 1
    outer loop
      vertex -0.00346961 0.00346961 0.0998795
      vertex -0.00346961 -0.00346961 0.0998795
      vertex -0.00311282 -0.00379298 0.0998795
    endloop
  endfacet
  facet normal -0 0 1
    outer loop
      vertex -0.00379298 0.00311282 0.0998795
      vertex -0.00346961 -0.00346961 0.0998795
      vertex -0.00346961 0.00346961 0.0998795
    endloop
  endfacet
  facet normal 0 0 1
    outer loop
      vertex -0.00379298 0.00311282 0.0998795
      vertex -0.00379298 -0.00311282 0.0998795
      vertex -0.00346961 -0.00346961 0.0998795
    endloop
  endfacet
  facet normal -0 0 1
    outer loop
      vertex -0.00407983 0.00272605 0.0998795
      vertex -0.00379298 -0.00311282 0.0998795
      vertex -0.00379298 0.00311282 0.0998795
    endloop
  endfacet
  facet normal 0 0 1
    outer loop
      vertex -0.00407983 0.00272605 0.0998795
      vertex -0.00407983 -0.00272605 0.0998795
      vertex -0.00379298 -0.00311282 0.0998795
    endloop
  endfacet
  facet normal -0 0 1
    outer loop
      vertex -0.00432738 0.00231303 0.0998795
      vertex -0.00407983 -0.00272605 0.0998795
      vertex -0.00407983 0.00272605 0.0998795
    endloop
  endfacet
  facet normal 0 0 1
    outer loop
      vertex -0.00432738 0.00231303 0.0998795
      vertex -0.00432738 -0.00231303 0.0998795
      vertex -0.00407983 -0.00272605 0.0998795
    endloop
  endfacet
  facet normal -0 0 1
    outer loop
      vertex -0.00453326 0.00187774 0.0998795
      vertex -0.00432738 -0.00231303 0.0998795
      vertex -0.00432738 0.00231303 0.0998795
    endloop
  endfacet
  facet normal 0 0 1
    outer loop
      vertex -0.00453326 0.00187774 0.0998795
      vertex -0.00453326 -0.00187774 0.0998795
      vertex -0.00432738 -0.00231303 0.0998795
    endloop
  endfacet
  facet normal -0 0 1
    outer loop
      vertex -0.00469548 0.00142436 0.0998795
      vertex -0.00453326 -0.00187774 0.0998795
      vertex -0.00453326 0.00187774 0.0998795
    endloop
  endfacet
  facet normal 0 0 1
    outer loop
      vertex -0.00469548 0.00142436 0.0998795
      vertex -0.00469548 -0.00142436 0.0998795
      vertex -0.00453326 -0.00187774 0.0998795
    endloop
  endfacet
  facet normal -0 0 1
    outer loop
      vertex -0.00481249 0.000957263 0.0998795
      vertex -0.00469548 -0.00142436 0.0998795
      vertex -0.00469548 0.00142436 0.0998795
    endloop
  endfacet
  facet normal 0 0 1
    outer loop
      vertex -0.00481249 0.000957263 0.0998795
      vertex -0.00481249 -0.000957263 0.0998795
      vertex -0.00469548 -0.00142436 0.0998795
    endloop
  endfacet
  facet normal -0 0 1
    outer loop
      vertex -0.00488314 0.000480947 0.0998795
      vertex -0.00481249 -0.000957263 0.0998795
      vertex -0.00481249 0.000957263 0.0998795
    endloop
  endfacet
  facet normal 0 0 1
    outer loop
      vertex -0.00488314 0.000480947 0.0998795
      vertex -0.00488314 -0.000480947 0.0998795
      vertex -0.00481249 -0.000957263 0.0998795
    endloop
  endfacet
  facet normal 0 -0 1
    outer loop
      vertex -0.00488314 -0.000480947 0.0998795
      vertex -0.00488314 0.000480947 0.0998795
      vertex -0.00490677 -0 0.0998795
    endloop
  endfacet
  facet normal 0.098017 0.00481154 0.995173
    outer loop
      vertex 0.014673 0 0.0989176
      vertex 0.0146024 0.00143821 0.0989176
      vertex 0.00490677 0 0.0998795
    endloop
  endfacet
  facet normal 0.0980164 0.00481577 0.995173
    outer loop
      vertex 0.0146024 0.00143821 0.0989176
      vertex 0.00488314 0.000480947 0.0998795
      vertex 0.00490677 0 0.0998795
    endloop
  endfacet
  facet normal 0.0970724 0.0144004 0.995173
    outer loop
      vertex 0.0146024 0.00143821 0.0989176
      vertex 0.0143911 0.00286257 0.0989176
      vertex 0.00488314 0.000480947 0.0998795
    endloop
  endfacet
  facet normal 0.0970729 0.0143984 0.995173
    outer loop
      vertex 0.0143911 0.00286257 0.0989176
      vertex 0.00481249 0.000957263 0.0998795
      vertex 0.00488314 0.000480947 0.0998795
    endloop
  endfacet
  facet normal 0.0951936 0.0238463 0.995173
    outer loop
      vertex 0.0143911 0.00286257 0.0989176
      vertex 0.0140412 0.00425936 0.0989176
      vertex 0.00481249 0.000957263 0.0998795
    endloop
  endfacet
  facet normal 0.0951936 0.0238464 0.995173
    outer loop
      vertex 0.0140412 0.00425936 0.0989176
      vertex 0.00469548 0.00142436 0.0998795
      vertex 0.00481249 0.000957263 0.0998795
    endloop
  endfacet
  facet normal 0.0923985 0.0330606 0.995173
    outer loop
      vertex 0.0140412 0.00425936 0.0989176
      vertex 0.0135561 0.00561513 0.0989176
      vertex 0.00469548 0.00142436 0.0998795
    endloop
  endfacet
  facet normal 0.0923986 0.0330603 0.995173
    outer loop
      vertex 0.0135561 0.00561513 0.0989176
      vertex 0.00453326 0.00187774 0.0998795
      vertex 0.00469548 0.00142436 0.0998795
    endloop
  endfacet
  facet normal 0.0887144 0.0419548 0.995173
    outer loop
      vertex 0.0135561 0.00561513 0.0989176
      vertex 0.0129405 0.00691683 0.0989176
      vertex 0.00453326 0.00187774 0.0998795
    endloop
  endfacet
  facet normal 0.0887122 0.0419584 0.995173
    outer loop
      vertex 0.0129405 0.00691683 0.0989176
      vertex 0.00432738 0.00231303 0.0998795
      vertex 0.00453326 0.00187774 0.0998795
    endloop
  endfacet
  facet normal 0.0841721 0.0504523 0.995173
    outer loop
      vertex 0.0129405 0.00691683 0.0989176
      vertex 0.0122002 0.00815191 0.0989176
      vertex 0.00432738 0.00231303 0.0998795
    endloop
  endfacet
  facet normal 0.0841734 0.0504506 0.995173
    outer loop
      vertex 0.0122002 0.00815191 0.0989176
      vertex 0.00407983 0.00272605 0.0998795
      vertex 0.00432738 0.00231303 0.0998795
    endloop
  endfacet
  facet normal 0.0788216 0.0584601 0.995173
    outer loop
      vertex 0.0122002 0.00815191 0.0989176
      vertex 0.0113424 0.00930848 0.0989176
      vertex 0.00407983 0.00272605 0.0998795
    endloop
  endfacet
  facet normal 0.0788225 0.0584591 0.995173
    outer loop
      vertex 0.0113424 0.00930848 0.0989176
      vertex 0.00379298 0.00311282 0.0998795
      vertex 0.00407983 0.00272605 0.0998795
    endloop
  endfacet
  facet normal 0.0727132 0.0659034 0.995173
    outer loop
      vertex 0.0113424 0.00930848 0.0989176
      vertex 0.0103754 0.0103754 0.0989176
      vertex 0.00379298 0.00311282 0.0998795
    endloop
  endfacet
  facet normal 0.0727138 0.0659028 0.995173
    outer loop
      vertex 0.0103754 0.0103754 0.0989176
      vertex 0.00346961 0.00346961 0.0998795
      vertex 0.00379298 0.00311282 0.0998795
    endloop
  endfacet
  facet normal 0.0659034 0.0727132 0.995173
    outer loop
      vertex 0.0103754 0.0103754 0.0989176
      vertex 0.00930848 0.0113424 0.0989176
      vertex 0.00346961 0.00346961 0.0998795
    endloop
  endfacet
  facet normal 0.0659027 0.0727137 0.995173
    outer loop
      vertex 0.00930848 0.0113424 0.0989176
      vertex 0.00311282 0.00379298 0.0998795
      vertex 0.00346961 0.00346961 0.0998795
    endloop
  endfacet
  facet normal 0.0584601 0.0788217 0.995173
    outer loop
      vertex 0.00930848 0.0113424 0.0989176
      vertex 0.00815191 0.0122002 0.0989176
      vertex 0.00311282 0.00379298 0.0998795
    endloop
  endfacet
  facet normal 0.058459 0.0788223 0.995173
    outer loop
      vertex 0.00815191 0.0122002 0.0989176
      vertex 0.00272605 0.00407983 0.0998795
      vertex 0.00311282 0.00379298 0.0998795
    endloop
  endfacet
  facet normal 0.0504524 0.0841722 0.995173
    outer loop
      vertex 0.00815191 0.0122002 0.0989176
      vertex 0.00691683 0.0129405 0.0989176
      vertex 0.00272605 0.00407983 0.0998795
    endloop
  endfacet
  facet normal 0.0504505 0.0841731 0.995173
    outer loop
      vertex 0.00691683 0.0129405 0.0989176
      vertex 0.00231303 0.00432738 0.0998795
      vertex 0.00272605 0.00407983 0.0998795
    endloop
  endfacet
  facet normal 0.0419547 0.0887142 0.995173
    outer loop
      vertex 0.00691683 0.0129405 0.0989176
      vertex 0.00561513 0.0135561 0.0989176
      vertex 0.00231303 0.00432738 0.0998795
    endloop
  endfacet
  facet normal 0.0419587 0.0887128 0.995173
    outer loop
      vertex 0.00561513 0.0135561 0.0989176
      vertex 0.00187774 0.00453326 0.0998795
      vertex 0.00231303 0.00432738 0.0998795
    endloop
  endfacet
  facet normal 0.0330606 0.0923985 0.995173
    outer loop
      vertex 0.00561513 0.0135561 0.0989176
      vertex 0.00425936 0.0140412 0.0989176
      vertex 0.00187774 0.00453326 0.0998795
    endloop
  endfacet
  facet normal 0.0330603 0.0923986 0.995173
    outer loop
      vertex 0.00425936 0.0140412 0.0989176
      vertex 0.00142436 0.00469548 0.0998795
      vertex 0.00187774 0.00453326 0.0998795
    endloop
  endfacet
  facet normal 0.0238463 0.0951936 0.995173
    outer loop
      vertex 0.00425936 0.0140412 0.0989176
      vertex 0.00286257 0.0143911 0.0989176
      vertex 0.00142436 0.00469548 0.0998795
    endloop
  endfacet
  facet normal 0.0238464 0.0951936 0.995173
    outer loop
      vertex 0.00286257 0.0143911 0.0989176
      vertex 0.000957263 0.00481249 0.0998795
      vertex 0.00142436 0.00469548 0.0998795
    endloop
  endfacet
  facet normal 0.0144004 0.0970725 0.995173
    outer loop
      vertex 0.00286257 0.0143911 0.0989176
      vertex 0.00143821 0.0146024 0.0989176
      vertex 0.000957263 0.00481249 0.0998795
    endloop
  endfacet
  facet normal 0.0143984 0.0970726 0.995173
    outer loop
      vertex 0.00143821 0.0146024 0.0989176
      vertex 0.000480947 0.00488314 0.0998795
      vertex 0.000957263 0.00481249 0.0998795
    endloop
  endfacet
  facet normal 0.00481153 0.0980168 0.995173
    outer loop
      vertex 0.00143821 0.0146024 0.0989176
      vertex 0 0.014673 0.0989176
      vertex 0.000480947 0.00488314 0.0998795
    endloop
  endfacet
  facet normal 0.0048158 0.098017 0.995173
    outer loop
      vertex 0 0.014673 0.0989176
      vertex 0 0.00490677 0.0998795
      vertex 0.000480947 0.00488314 0.0998795
    endloop
  endfacet
  facet normal -0.00481154 0.098017 0.995173
    outer loop
      vertex 0 0.014673 0.0989176
      vertex -0.00143821 0.0146024 0.0989176
      vertex 0 0.00490677 0.0998795
    endloop
  endfacet
  facet normal -0.00481577 0.0980164 0.995173
    outer loop
      vertex -0.00143821 0.0146024 0.0989176
      vertex -0.000480947 0.00488314 0.0998795
      vertex 0 0.00490677 0.0998795
    endloop
  endfacet
  facet normal -0.0144004 0.0970724 0.995173
    outer loop
      vertex -0.00143821 0.0146024 0.0989176
      vertex -0.00286257 0.0143911 0.0989176
      vertex -0.000480947 0.00488314 0.0998795
    endloop
  endfacet
  facet normal -0.0143984 0.0970729 0.995173
    outer loop
      vertex -0.00286257 0.0143911 0.0989176
      vertex -0.000957263 0.00481249 0.0998795
      vertex -0.000480947 0.00488314 0.0998795
    endloop
  endfacet
  facet normal -0.0238463 0.0951936 0.995173
    outer loop
      vertex -0.00286257 0.0143911 0.0989176
      vertex -0.00425936 0.0140412 0.0989176
      vertex -0.000957263 0.00481249 0.0998795
    endloop
  endfacet
  facet normal -0.0238464 0.0951936 0.995173
    outer loop
      vertex -0.00425936 0.0140412 0.0989176
      vertex -0.00142436 0.00469548 0.0998795
      vertex -0.000957263 0.00481249 0.0998795
    endloop
  endfacet
  facet normal -0.0330606 0.0923985 0.995173
    outer loop
      vertex -0.00425936 0.0140412 0.0989176
      vertex -0.00561513 0.0135561 0.0989176
      vertex -0.00142436 0.00469548 0.0998795
    endloop
  endfacet
  facet normal -0.0330603 0.0923986 0.995173
    outer loop
      vertex -0.00561513 0.0135561 0.0989176
      vertex -0.00187774 0.00453326 0.0998795
      vertex -0.00142436 0.00469548 0.0998795
    endloop
  endfacet
  facet normal -0.0419548 0.0887144 0.995173
    outer loop
      vertex -0.00561513 0.0135561 0.0989176
      vertex -0.00691683 0.0129405 0.0989176
      vertex -0.00187774 0.00453326 0.0998795
    endloop
  endfacet
  facet normal -0.0419584 0.0887122 0.995173
    outer loop
      vertex -0.00691683 0.0129405 0.0989176
      vertex -0.00231303 0.00432738 0.0998795
      vertex -0.00187774 0.00453326 0.0998795
    endloop
  endfacet
  facet normal -0.0504523 0.0841721 0.995173
    outer loop
      vertex -0.00691683 0.0129405 0.0989176
      vertex -0.00815191 0.0122002 0.0989176
      vertex -0.00231303 0.00432738 0.0998795
    endloop
  endfacet
  facet normal -0.0504506 0.0841734 0.995173
    outer loop
      vertex -0.00815191 0.0122002 0.0989176
      vertex -0.00272605 0.00407983 0.0998795
      vertex -0.00231303 0.00432738 0.0998795
    endloop
  endfacet
  facet normal -0.0584601 0.0788216 0.995173
    outer loop
      vertex -0.00815191 0.0122002 0.0989176
      vertex -0.00930848 0.0113424 0.0989176
      vertex -0.00272605 0.00407983 0.0998795
    endloop
  endfacet
  facet normal -0.0584591 0.0788225 0.995173
    outer loop
      vertex -0.00930848 0.0113424 0.0989176
      vertex -0.00311282 0.00379298 0.0998795
      vertex -0.00272605 0.00407983 0.0998795
    endloop
  endfacet
  facet normal -0.0659034 0.0727132 0.995173
    outer loop
      vertex -0.00930848 0.0113424 0.0989176
      vertex -0.0103754 0.0103754 0.0989176
      vertex -0.00311282 0.00379298 0.0998795
    endloop
  endfacet
  facet normal -0.0659028 0.0727138 0.995173
    outer loop
      vertex -0.0103754 0.0103754 0.0989176
      vertex -0.00346961 0.00346961 0.0998795
      vertex -0.00311282 0.00379298 0.0998795
    endloop
  endfacet
  facet normal -0.0727132 0.0659034 0.995173
    outer loop
      vertex -0.0103754 0.0103754 0.0989176
      vertex -0.0113424 0.00930848 0.0989176
      vertex -0.00346961 0.00346961 0.0998795
    endloop
  endfacet
  facet normal -0.0727137 0.0659027 0.995173
    outer loop
      vertex -0.0113424 0.00930848 0.0989176
      vertex -0.00379298 0.00311282 0.0998795
      vertex -0.00346961 0.00346961 0.0998795
    endloop
  endfacet
  facet normal -0.0788217 0.0584601 0.995173
    outer loop
      vertex -0.0113424 0.00930848 0.0989176
      vertex -0.0122002 0.00815191 0.0989176
      vertex -0.00379298 0.00311282 0.0998795
    endloop
  endfacet
  facet normal -0.0788223 0.058459 0.995173
    outer loop
      vertex -0.0122002 0.00815191 0.0989176
      vertex -0.00407983 0.00272605 0.0998795
      vertex -0.00379298 0.00311282 0.0998795
    endloop
  endfacet
  facet normal -0.0841722 0.0504524 0.995173
    outer loop
      vertex -0.0122002 0.00815191 0.0989176
      vertex -0.0129405 0.00691683 0.0989176
      vertex -0.00407983 0.00272605 0.0998795
    endloop
  endfacet
  facet normal -0.0841731 0.0504505 0.995173
    outer loop
      vertex -0.0129405 0.00691683 0.0989176
      vertex -0.00432738 0.00231303 0.0998795
      vertex -0.00407983 0.00272605 0.0998795
    endloop
  endfacet
  facet normal -0.0887142 0.0419547 0.995173
    outer loop
      vertex -0.0129405 0.00691683 0.0989176
      vertex -0.0135561 0.00561513 0.0989176
      vertex -0.00432738 0.00231303 0.0998795
    endloop
  endfacet
  facet normal -0.0887128 0.0419587 0.995173
    outer loop
      vertex -0.0135561 0.00561513 0.0989176
      vertex -0.00453326 0.00187774 0.0998795
      vertex -0.00432738 0.00231303 0.0998795
    endloop
  endfacet
  facet normal -0.0923985 0.0330606 0.995173
    outer loop
      vertex -0.0135561 0.00561513 0.0989176
      vertex -0.0140412 0.00425936 0.0989176
      vertex -0.00453326 0.00187774 0.0998795
    endloop
  endfacet
  facet normal -0.0923986 0.0330603 0.995173
    outer loop
      vertex -0.0140412 0.00425936 0.0989176
      vertex -0.00469548 0.00142436 0.0998795
      vertex -0.00453326 0.00187774 0.0998795
    endloop
  endfacet
  facet normal -0.0951936 0.0238463 0.995173
    outer loop
      vertex -0.0140412 0.00425936 0.0989176
      vertex -0.0143911 0.00286257 0.0989176
      vertex -0.00469548 0.00142436 0.0998795
    endloop
  endfacet
  facet normal -0.0951936 0.0238464 0.995173
    outer loop
      vertex -0.0143911 0.00286257 0.0989176
      vertex -0.00481249 0.000957263 0.0998795
      vertex -0.00469548 0.00142436 0.0998795
    endloop
  endfacet
  facet normal -0.0970725 0.0144004 0.995173
    outer loop
      vertex -0.0143911 0.00286257 0.0989176
      vertex -0.0146024 0.00143821 0.0989176
      vertex -0.00481249 0.000957263 0.0998795
    endloop
  endfacet
  facet normal -0.0970726 0.0143984 0.995173
    outer loop
      vertex -0.0146024 0.00143821 0.0989176
      vertex -0.00488314 0.000480947 0.0998795
      vertex -0.00481249 0.000957263 0.0998795
    endloop
  endfacet
  facet normal -0.0980168 0.00481153 0.995173
    outer loop
      vertex -0.0146024 0.00143821 0.0989176
      vertex -0.014673 -0 0.0989176
      vertex -0.00488314 0.000480947 0.0998795
    endloop
  endfacet
  facet normal -0.098017 0.0048158 0.995173
    outer loop
      vertex -0.014673 -0 0.0989176
      vertex -0.00490677 -0 0.0998795
      vertex -0.00488314 0.000480947 0.0998795
    endloop
  endfacet
  facet normal -0.098017 -0.00481154 0.995173
    outer loop
      vertex -0.014673 -0 0.0989176
      vertex -0.0146024 -0.00143821 0.0989176
      vertex -0.00490677 -0 0.0998795
    endloop
  endfacet
  facet normal -0.0980164 -0.00481577 0.995173
    outer loop
      vertex -0.0146024 -0.00143821 0.0989176
      vertex -0.00488314 -0.000480947 0.0998795
      vertex -0.00490677 -0 0.0998795
    endloop
  endfacet
  facet normal -0.0970724 -0.0144004 0.995173
    outer loop
      vertex -0.0146024 -0.00143821 0.0989176
      vertex -0.0143911 -0.00286257 0.0989176
      vertex -0.00488314 -0.000480947 0.0998795
    endloop
  endfacet
  facet normal -0.0970729 -0.0143984 0.995173
    outer loop
      vertex -0.0143911 -0.00286257 0.0989176
      vertex -0.00481249 -0.000957263 0.0998795
      vertex -0.00488314 -0.000480947 0.0998795
    endloop
  endfacet
  facet normal -0.0951936 -0.0238463 0.995173
    outer loop
      vertex -0.0143911 -0.00286257 0.0989176
      vertex -0.0140412 -0.00425936 0.0989176
      vertex -0.00481249 -0.000957263 0.0998795
    endloop
  endfacet
  facet normal -0.0951936 -0.0238464 0.995173
    outer loop
      vertex -0.0140412 -0.00425936 0.0989176
      vertex -0.00469548 -0.00142436 0.0998795
      vertex -0.00481249 -0.000957263 0.0998795
    endloop
  endfacet
  facet normal -0.0923985 -0.0330606 0.995173
    outer loop
      vertex -0.0140412 -0.00425936 0.0989176
      vertex -0.0135561 -0.00561513 0.0989176
      vertex -0.00469548 -0.00142436 0.0998795
    endloop
  endfacet
  facet normal -0.0923986 -0.0330603 0.995173
    outer loop
      vertex -0.0135561 -0.00561513 0.0989176
      vertex -0.00453326 -0.00187774 0.0998795
      vertex -0.00469548 -0.00142436 0.0998795
    endloop
  endfacet
  facet normal -0.0887144 -0.0419548 0.995173
    outer loop
      vertex -0.0135561 -0.00561513 0.0989176
      vertex -0.0129405 -0.00691683 0.0989176
      vertex -0.00453326 -0.00187774 0.0998795
    endloop
  endfacet
  facet normal -0.0887122 -0.0419584 0.995173
    outer loop
      vertex -0.0129405 -0.00691683 0.0989176
      vertex -0.00432738 -0.00231303 0.0998795
      vertex -0.00453326 -0.00187774 0.0998795
    endloop
  endfacet
  facet normal -0.0841721 -0.0504523 0.995173
    outer loop
      vertex -0.0129405 -0.00691683 0.0989176
      vertex -0.0122002 -0.00815191 0.0989176
      vertex -0.00432738 -0.00231303 0.0998795
    endloop
  endfacet
  facet normal -0.0841734 -0.0504506 0.995173
    outer loop
      vertex -0.0122002 -0.00815191 0.0989176
      vertex -0.00407983 -0.00272605 0.0998795
      vertex -0.00432738 -0.00231303 0.0998795
    endloop
  endfacet
  facet normal -0.0788216 -0.0584601 0.995173
    outer loop
      vertex -0.0122002 -0.00815191 0.0989176
      vertex -0.0113424 -0.00930848 0.0989176
      vertex -0.00407983 -0.00272605 0.0998795
    endloop
  endfacet
  facet normal -0.0788225 -0.0584591 0.995173
    outer loop
      vertex -0.0113424 -0.00930848 0.0989176
      vertex -0.00379298 -0.00311282 0.0998795
      vertex -0.00407983 -0.00272605 0.0998795
    endloop
  endfacet
  facet normal -0.0727132 -0.0659034 0.995173
    outer loop
      vertex -0.0113424 -0.00930848 0.0989176
      vertex -0.0103754 -0.0103754 0.0989176
      vertex -0.00379298 -0.00311282 0.0998795
    endloop
  endfacet
  facet normal -0.0727138 -0.0659028 0.995173
    outer loop
      vertex -0.0103754 -0.0103754 0.0989176
      vertex -0.00346961 -0.00346961 0.0998795
      vertex -0.00379298 -0.00311282 0.0998795
    endloop
  endfacet
  facet normal -0.0659034 -0.0727132 0.995173
    outer loop
      vertex -0.0103754 -0.0103754 0.0989176
      vertex -0.00930848 -0.0113424 0.0989176
      vertex -0.00346961 -0.00346961 0.0998795
    endloop
  endfacet
  facet normal -0.0659027 -0.0727137 0.995173
    outer loop
      vertex -0.00930848 -0.0113424 0.0989176
      vertex -0.00311282 -0.00379298 0.0998795
      vertex -0.00346961 -0.00346961 0.0998795
    endloop
  endfacet
  facet normal -0.0584601 -0.0788217 0.995173
    outer loop
      vertex -0.00930848 -0.0113424 0.0989176
      vertex -0.00815191 -0.0122002 0.0989176
      vertex -0.00311282 -0.00379298 0.0998795
    endloop
  endfacet
  facet normal -0.058459 -0.0788223 0.995173
    outer loop
      vertex -0.00815191 -0.0122002 0.0989176
      vertex -0.00272605 -0.00407983 0.0998795
      vertex -0.00311282 -0.00379298 0.0998795
    endloop
  endfacet
  facet normal -0.0504524 -0.0841722 0.995173
    outer loop
      vertex -0.00815191 -0.0122002 0.0989176
      vertex -0.00691683 -0.0129405 0.0989176
      vertex -0.00272605 -0.00407983 0.0998795
    endloop
  endfacet
  facet normal -0.0504505 -0.0841731 0.995173
    outer loop
      vertex -0.00691683 -0.0129405 0.0989176
      vertex -0.00231303 -0.00432738 0.0998795
      vertex -0.00272605 -0.00407983 0.0998795
    endloop
  endfacet
  facet normal -0.0419547 -0.0887142 0.995173
    outer loop
      vertex -0.00691683 -0.0129405 0.0989176
      vertex -0.00561513 -0.0135561 0.0989176
      vertex -0.00231303 -0.00432738 0.0998795
    endloop
  endfacet
  facet normal -0.0419587 -0.0887128 0.995173
    outer loop
      vertex -0.00561513 -0.0135561 0.0989176
      vertex -0.00187774 -0.00453326 0.0998795
      vertex -0.00231303 -0.00432738 0.0998795
    endloop
  endfacet
  facet normal -0.0330606 -0.0923985 0.995173
    outer loop
      vertex -0.00561513 -0.0135561 0.0989176
      vertex -0.00425936 -0.0140412 0.0989176
      vertex -0.00187774 -0.00453326 0.0998795
    endloop
  endfacet
  facet normal -0.0330603 -0.0923986 0.995173
    outer loop
      vertex -0.00425936 -0.0140412 0.0989176
      vertex -0.00142436 -0.00469548 0.0998795
      vertex -0.00187774 -0.00453326 0.0998795
    endloop
  endfacet
  facet normal -0.0238463 -0.0951936 0.995173
    outer loop
      vertex -0.00425936 -0.0140412 0.0989176
      vertex -0.00286257 -0.0143911 0.0989176
      vertex -0.00142436 -0.00469548 0.0998795
    endloop
  endfacet
  facet normal -0.0238464 -0.0951936 0.995173
    outer loop
      vertex -0.00286257 -0.0143911 0.0989176
      vertex -0.000957263 -0.00481249 0.0998795
      vertex -0.00142436 -0.00469548 0.0998795
    endloop
  endfacet
  facet normal -0.0144004 -0.0970725 0.995173
    outer loop
      vertex -0.00286257 -0.0143911 0.0989176
      vertex -0.00143821 -0.0146024 0.0989176
      vertex -0.000957263 -0.00481249 0.0998795
    endloop
  endfacet
  facet normal -0.0143984 -0.0970726 0.995173
    outer loop
      vertex -0.00143821 -0.0146024 0.0989176
      vertex -0.000480947 -0.00488314 0.0998795
      vertex -0.000957263 -0.00481249 0.0998795
    endloop
  endfacet
  facet normal -0.00481153 -0.0980168 0.995173
    outer loop
      vertex -0.00143821 -0.0146024 0.0989176
      vertex -0 -0.014673 0.0989176
      vertex -0.000480947 -0.00488314 0.0998795
    endloop
  endfacet
  facet normal -0.0048158 -0.098017 0.995173
    outer loop
      vertex -0 -0.014673 0.0989176
      vertex -0 -0.00490677 0.0998795
      vertex -0.000480947 -0.00488314 0.0998795
    endloop
  endfacet
  facet normal 0.00481154 -0.098017 0.995173
    outer loop
      vertex -0 -0.014673 0.0989176
      vertex 0.00143821 -0.0146024 0.0989176
      vertex -0 -0.00490677 0.0998795
    endloop
  endfacet
  facet normal 0.00481577 -0.0980164 0.995173
    outer loop
      vertex 0.00143821 -0.0146024 0.0989176
      vertex 0.000480947 -0.00488314 0.0998795
      vertex -0 -0.00490677 0.0998795
    endloop
  endfacet
  facet normal 0.0144004 -0.0970724 0.995173
    outer loop
      vertex 0.00143821 -0.0146024 0.0989176
      vertex 0.00286257 -0.0143911 0.0989176
      vertex 0.000480947 -0.00488314 0.0998795
    endloop
  endfacet
  facet normal 0.0143984 -0.0970729 0.995173
    outer loop
      vertex 0.00286257 -0.0143911 0.0989176
      vertex 0.000957263 -0.00481249 0.0998795
      vertex 0.000480947 -0.00488314 0.0998795
    endloop
  endfacet
  facet normal 0.0238463 -0.0951936 0.995173
    outer loop
      vertex 0.00286257 -0.0143911 0.0989176
      vertex 0.00425936 -0.0140412 0.0989176
      vertex 0.000957263 -0.00481249 0.0998795
    endloop
  endfacet
  facet normal 0.0238464 -0.0951936 0.995173
    outer loop
      vertex 0.00425936 -0.0140412 0.0989176
      vertex 0.00142436 -0.00469548 0.0998795
      vertex 0.000957263 -0.00481249 0.0998795
    endloop
  endfacet
  facet normal 0.0330606 -0.0923985 0.995173
    outer loop
      vertex 0.00425936 -0.0140412 0.0989176
      vertex 0.00561513 -0.0135561 0.0989176
      vertex 0.00142436 -0.00469548 0.0998795
    endloop
  endfacet
  facet normal 0.0330603 -0.0923986 0.995173
    outer loop
      vertex 0.00561513 -0.0135561 0.0989176
      vertex 0.00187774 -0.00453326 0.0998795
      vertex 0.00142436 -0.00469548 0.0998795
    endloop
  endfacet
  facet normal 0.0419548 -0.0887144 0.995173
    outer loop
      vertex 0.00561513 -0.0135561 0.0989176
      vertex 0.00691683 -0.0129405 0.0989176
      vertex 0.00187774 -0.00453326 0.0998795
    endloop
  endfacet
  facet normal 0.0419584 -0.0887122 0.995173
    outer loop
      vertex 0.00691683 -0.0129405 0.0989176
      vertex 0.00231303 -0.00432738 0.0998795
      vertex 0.00187774 -0.00453326 0.0998795
    endloop
  endfacet
  facet normal 0.0504523 -0.0841721 0.995173
    outer loop
      vertex 0.00691683 -0.0129405 0.0989176
      vertex 0.00815191 -0.0122002 0.0989176
      vertex 0.00231303 -0.00432738 0.0998795
    endloop
  endfacet
  facet normal 0.0504506 -0.0841734 0.995173
    outer loop
      vertex 0.00815191 -0.0122002 0.0989176
      vertex 0.00272605 -0.00407983 0.0998795
      vertex 0.00231303 -0.00432738 0.0998795
    endloop
  endfacet
  facet normal 0.0584601 -0.0788216 0.995173
    outer loop
      vertex 0.00815191 -0.0122002 0.0989176
      vertex 0.00930848 -0.0113424 0.0989176
      vertex 0.00272605 -0.00407983 0.0998795
    endloop
  endfacet
  facet normal 0.0584591 -0.0788225 0.995173
    outer loop
      vertex 0.00930848 -0.0113424 0.0989176
      vertex 0.00311282 -0.00379298 0.0998795
      vertex 0.00272605 -0.00407983 0.0998795
    endloop
  endfacet
  facet normal 0.0659034 -0.0727132 0.995173
    outer loop
      vertex 0.00930848 -0.0113424 0.0989176
      vertex 0.0103754 -0.0103754 0.0989176
      vertex 0.00311282 -0.00379298 0.0998795
    endloop
  endfacet
  facet normal 0.0659028 -0.0727138 0.995173
    outer loop
      vertex 0.0103754 -0.0103754 0.0989176
      vertex 0.00346961 -0.00346961 0.0998795
      vertex 0.00311282 -0.00379298 0.0998795
    endloop
  endfacet
  facet normal 0.0727132 -0.0659034 0.995173
    outer loop
      vertex 0.0103754 -0.0103754 0.0989176
      vertex 0.0113424 -0.00930848 0.0989176
      vertex 0.00346961 -0.00346961 0.0998795
    endloop
  endfacet
  facet normal 0.0727137 -0.0659027 0.995173
    outer loop
      vertex 0.0113424 -0.00930848 0.0989176
      vertex 0.00379298 -0.00311282 0.0998795
      vertex 0.00346961 -0.00346961 0.0998795
    endloop
  endfacet
  facet normal 0.0788217 -0.0584601 0.995173
    outer loop
      vertex 0.0113424 -0.00930848 0.0989176
      vertex 0.0122002 -0.00815191 0.0989176
      vertex 0.00379298 -0.00311282 0.0998795
    endloop
  endfacet
  facet normal 0.0788223 -0.058459 0.995173
    outer loop
      vertex 0.0122002 -0.00815191 0.0989176
      vertex 0.00407983 -0.00272605 0.0998795
      vertex 0.00379298 -0.00311282 0.0998795
    endloop
  endfacet
  facet normal 0.0841722 -0.0504524 0.995173
    outer loop
      vertex 0.0122002 -0.00815191 0.0989176
      vertex 0.0129405 -0.00691683 0.0989176
      vertex 0.00407983 -0.00272605 0.0998795
    endloop
  endfacet
  facet normal 0.0841731 -0.0504505 0.995173
    outer loop
      vertex 0.0129405 -0.00691683 0.0989176
      vertex 0.00432738 -0.00231303 0.0998795
      vertex 0.00407983 -0.00272605 0.0998795
    endloop
  endfacet
  facet normal 0.0887142 -0.0419547 0.995173
    outer loop
      vertex 0.0129405 -0.00691683 0.0989176
      vertex 0.0135561 -0.00561513 0.0989176
      vertex 0.00432738 -0.00231303 0.0998795
    endloop
  endfacet
  facet normal 0.0887128 -0.0419587 0.995173
    outer loop
      vertex 0.0135561 -0.00561513 0.0989176
      vertex 0.00453326 -0.00187774 0.0998795
      vertex 0.00432738 -0.00231303 0.0998795
    endloop
  endfacet
  facet normal 0.0923985 -0.0330606 0.995173
    outer loop
      vertex 0.0135561 -0.00561513 0.0989176
      vertex 0.0140412 -0.00425936 0.0989176
      vertex 0.00453326 -0.00187774 0.0998795
    endloop
  endfacet
  facet normal 0.0923986 -0.0330603 0.995173
    outer loop
      vertex 0.0140412 -0.00425936 0.0989176
      vertex 0.00469548 -0.00142436 0.0998795
      vertex 0.00453326 -0.00187774 0.0998795
    endloop
  endfacet
  facet normal 0.0951936 -0.0238463 0.995173
    outer loop
      vertex 0.0140412 -0.00425936 0.0989176
      vertex 0.0143911 -0.00286257 0.0989176
      vertex 0.00469548 -0.00142436 0.0998795
    endloop
  endfacet
  facet normal 0.0951936 -0.0238464 0.995173
    outer loop
      vertex 0.0143911 -0.00286257 0.0989176
      vertex 0.00481249 -0.000957263 0.0998795
      vertex 0.00469548 -0.00142436 0.0998795
    endloop
  endfacet
  facet normal 0.0970725 -0.0144004 0.995173
    outer loop
      vertex 0.0143911 -0.00286257 0.0989176
      vertex 0.0146024 -0.00143821 0.0989176
      vertex 0.00481249 -0.000957263 0.0998795
    endloop
  endfacet
  facet normal 0.0970726 -0.0143984 0.995173
    outer loop
      vertex 0.0146024 -0.00143821 0.0989176
      vertex 0.00488314 -0.000480947 0.0998795
      vertex 0.00481249 -0.000957263 0.0998795
    endloop
  endfacet
  facet normal 0.0980168 -0.00481153 0.995173
    outer loop
      vertex 0.0146024 -0.00143821 0.0989176
      vertex 0.014673 0 0.0989176
      vertex 0.00488314 -0.000480947 0.0998795
    endloop
  endfacet
  facet normal 0.098017 -0.0048158 0.995173
    outer loop
      vertex 0.014673 0 0.0989176
      vertex 0.00490677 0 0.0998795
      vertex 0.00488314 -0.000480947 0.0998795
    endloop
  endfacet
  facet normal 0.195078 0.00958346 0.980741
    outer loop
      vertex 0.024298 0 0.0970031
      vertex 0.024181 0.00238162 0.0970031
      vertex 0.014673 0 0.0989176
    endloop
  endfacet
  facet normal 0.19508 0.00957624 0.980741
    outer loop
      vertex 0.024181 0.00238162 0.0970031
      vertex 0.0146024 0.00143821 0.0989176
      vertex 0.014673 0 0.0989176
    endloop
  endfacet
  facet normal 0.1932 0.0286603 0.980741
    outer loop
      vertex 0.024181 0.00238162 0.0970031
      vertex 0.0238311 0.00474031 0.0970031
      vertex 0.0146024 0.00143821 0.0989176
    endloop
  endfacet
  facet normal 0.1932 0.0286607 0.980741
    outer loop
      vertex 0.0238311 0.00474031 0.0970031
      vertex 0.0143911 0.00286257 0.0989176
      vertex 0.0146024 0.00143821 0.0989176
    endloop
  endfacet
  facet normal 0.189463 0.0474511 0.980741
    outer loop
      vertex 0.0238311 0.00474031 0.0970031
      vertex 0.0232518 0.00705334 0.0970031
      vertex 0.0143911 0.00286257 0.0989176
    endloop
  endfacet
  facet normal 0.189459 0.0474599 0.980741
    outer loop
      vertex 0.0232518 0.00705334 0.0970031
      vertex 0.0140412 0.00425936 0.0989176
      vertex 0.0143911 0.00286257 0.0989176
    endloop
  endfacet
  facet normal 0.183894 0.0658053 0.980741
    outer loop
      vertex 0.0232518 0.00705334 0.0970031
      vertex 0.0224484 0.00929845 0.0970031
      vertex 0.0140412 0.00425936 0.0989176
    endloop
  endfacet
  facet normal 0.183897 0.0657991 0.980741
    outer loop
      vertex 0.0224484 0.00929845 0.0970031
      vertex 0.0135561 0.00561513 0.0989176
      vertex 0.0140412 0.00425936 0.0989176
    endloop
  endfacet
  facet normal 0.176562 0.0835077 0.980741
    outer loop
      vertex 0.0224484 0.00929845 0.0970031
      vertex 0.0214289 0.011454 0.0970031
      vertex 0.0135561 0.00561513 0.0989176
    endloop
  endfacet
  facet normal 0.176566 0.0835018 0.98074
    outer loop
      vertex 0.0214289 0.011454 0.0970031
      vertex 0.0129405 0.00691683 0.0989176
      vertex 0.0135561 0.00561513 0.0989176
    endloop
  endfacet
  facet normal 0.167531 0.100406 0.980741
    outer loop
      vertex 0.0214289 0.011454 0.0970031
      vertex 0.0202031 0.0134993 0.0970031
      vertex 0.0129405 0.00691683 0.0989176
    endloop
  endfacet
  facet normal 0.167524 0.100413 0.980741
    outer loop
      vertex 0.0202031 0.0134993 0.0970031
      vertex 0.0122002 0.00815191 0.0989176
      vertex 0.0129405 0.00691683 0.0989176
    endloop
  endfacet
  facet normal 0.156874 0.116353 0.980741
    outer loop
      vertex 0.0202031 0.0134993 0.0970031
      vertex 0.0187826 0.0154145 0.0970031
      vertex 0.0122002 0.00815191 0.0989176
    endloop
  endfacet
  facet normal 0.156876 0.116351 0.980741
    outer loop
      vertex 0.0187826 0.0154145 0.0970031
      vertex 0.0113424 0.00930848 0.0989176
      vertex 0.0122002 0.00815191 0.0989176
    endloop
  endfacet
  facet normal 0.14472 0.131163 0.980741
    outer loop
      vertex 0.0187826 0.0154145 0.0970031
      vertex 0.0171813 0.0171813 0.0970031
      vertex 0.0113424 0.00930848 0.0989176
    endloop
  endfacet
  facet normal 0.144718 0.131165 0.980741
    outer loop
      vertex 0.0171813 0.0171813 0.0970031
      vertex 0.0103754 0.0103754 0.0989176
      vertex 0.0113424 0.00930848 0.0989176
    endloop
  endfacet
  facet normal 0.131163 0.144719 0.980741
    outer loop
      vertex 0.0171813 0.0171813 0.0970031
      vertex 0.0154145 0.0187826 0.0970031
      vertex 0.0103754 0.0103754 0.0989176
    endloop
  endfacet
  facet normal 0.131165 0.144718 0.980741
    outer loop
      vertex 0.0154145 0.0187826 0.0970031
      vertex 0.00930848 0.0113424 0.0989176
      vertex 0.0103754 0.0103754 0.0989176
    endloop
  endfacet
  facet normal 0.116353 0.156874 0.980741
    outer loop
      vertex 0.0154145 0.0187826 0.0970031
      vertex 0.0134993 0.0202031 0.0970031
      vertex 0.00930848 0.0113424 0.0989176
    endloop
  endfacet
  facet normal 0.116351 0.156875 0.980741
    outer loop
      vertex 0.0134993 0.0202031 0.0970031
      vertex 0.00815191 0.0122002 0.0989176
      vertex 0.00930848 0.0113424 0.0989176
    endloop
  endfacet
  facet normal 0.100405 0.16753 0.980741
    outer loop
      vertex 0.0134993 0.0202031 0.0970031
      vertex 0.011454 0.0214289 0.0970031
      vertex 0.00815191 0.0122002 0.0989176
    endloop
  endfacet
  facet normal 0.100414 0.167526 0.98074
    outer loop
      vertex 0.011454 0.0214289 0.0970031
      vertex 0.00691683 0.0129405 0.0989176
      vertex 0.00815191 0.0122002 0.0989176
    endloop
  endfacet
  facet normal 0.0835081 0.176563 0.98074
    outer loop
      vertex 0.011454 0.0214289 0.0970031
      vertex 0.00929845 0.0224484 0.0970031
      vertex 0.00691683 0.0129405 0.0989176
    endloop
  endfacet
  facet normal 0.083501 0.176565 0.980741
    outer loop
      vertex 0.00929845 0.0224484 0.0970031
      vertex 0.00561513 0.0135561 0.0989176
      vertex 0.00691683 0.0129405 0.0989176
    endloop
  endfacet
  facet normal 0.0658056 0.183894 0.980741
    outer loop
      vertex 0.00929845 0.0224484 0.0970031
      vertex 0.00705334 0.0232518 0.0970031
      vertex 0.00561513 0.0135561 0.0989176
    endloop
  endfacet
  facet normal 0.0657986 0.183896 0.980741
    outer loop
      vertex 0.00705334 0.0232518 0.0970031
      vertex 0.00425936 0.0140412 0.0989176
      vertex 0.00561513 0.0135561 0.0989176
    endloop
  endfacet
  facet normal 0.0474507 0.189461 0.980741
    outer loop
      vertex 0.00705334 0.0232518 0.0970031
      vertex 0.00474031 0.0238311 0.0970031
      vertex 0.00425936 0.0140412 0.0989176
    endloop
  endfacet
  facet normal 0.0474605 0.189461 0.980741
    outer loop
      vertex 0.00474031 0.0238311 0.0970031
      vertex 0.00286257 0.0143911 0.0989176
      vertex 0.00425936 0.0140412 0.0989176
    endloop
  endfacet
  facet normal 0.0286603 0.1932 0.980741
    outer loop
      vertex 0.00474031 0.0238311 0.0970031
      vertex 0.00238162 0.024181 0.0970031
      vertex 0.00286257 0.0143911 0.0989176
    endloop
  endfacet
  facet normal 0.0286608 0.1932 0.980741
    outer loop
      vertex 0.00238162 0.024181 0.0970031
      vertex 0.00143821 0.0146024 0.0989176
      vertex 0.00286257 0.0143911 0.0989176
    endloop
  endfacet
  facet normal 0.00958351 0.195079 0.980741
    outer loop
      vertex 0.00238162 0.024181 0.0970031
      vertex 0 0.024298 0.0970031
      vertex 0.00143821 0.0146024 0.0989176
    endloop
  endfacet
  facet normal 0.00957616 0.195078 0.980741
    outer loop
      vertex 0 0.024298 0.0970031
      vertex 0 0.014673 0.0989176
      vertex 0.00143821 0.0146024 0.0989176
    endloop
  endfacet
  facet normal -0.00958346 0.195078 0.980741
    outer loop
      vertex 0 0.024298 0.0970031
      vertex -0.00238162 0.024181 0.0970031
      vertex 0 0.014673 0.0989176
    endloop
  endfacet
  facet normal -0.00957624 0.19508 0.980741
    outer loop
      vertex -0.00238162 0.024181 0.0970031
      vertex -0.00143821 0.0146024 0.0989176
      vertex 0 0.014673 0.0989176
    endloop
  endfacet
  facet normal -0.0286603 0.1932 0.980741
    outer loop
      vertex -0.00238162 0.024181 0.0970031
      vertex -0.00474031 0.0238311 0.0970031
      vertex -0.00143821 0.0146024 0.0989176
    endloop
  endfacet
  facet normal -0.0286607 0.1932 0.980741
    outer loop
      vertex -0.00474031 0.0238311 0.0970031
      vertex -0.00286257 0.0143911 0.0989176
      vertex -0.00143821 0.0146024 0.0989176
    endloop
  endfacet
  facet normal -0.0474511 0.189463 0.980741
    outer loop
      vertex -0.00474031 0.0238311 0.0970031
      vertex -0.00705334 0.0232518 0.0970031
      vertex -0.00286257 0.0143911 0.0989176
    endloop
  endfacet
  facet normal -0.0474599 0.189459 0.980741
    outer loop
      vertex -0.00705334 0.0232518 0.0970031
      vertex -0.00425936 0.0140412 0.0989176
      vertex -0.00286257 0.0143911 0.0989176
    endloop
  endfacet
  facet normal -0.0658053 0.183894 0.980741
    outer loop
      vertex -0.00705334 0.0232518 0.0970031
      vertex -0.00929845 0.0224484 0.0970031
      vertex -0.00425936 0.0140412 0.0989176
    endloop
  endfacet
  facet normal -0.0657991 0.183897 0.980741
    outer loop
      vertex -0.00929845 0.0224484 0.0970031
      vertex -0.00561513 0.0135561 0.0989176
      vertex -0.00425936 0.0140412 0.0989176
    endloop
  endfacet
  facet normal -0.0835077 0.176562 0.980741
    outer loop
      vertex -0.00929845 0.0224484 0.0970031
      vertex -0.011454 0.0214289 0.0970031
      vertex -0.00561513 0.0135561 0.0989176
    endloop
  endfacet
  facet normal -0.0835018 0.176566 0.98074
    outer loop
      vertex -0.011454 0.0214289 0.0970031
      vertex -0.00691683 0.0129405 0.0989176
      vertex -0.00561513 0.0135561 0.0989176
    endloop
  endfacet
  facet normal -0.100406 0.167531 0.980741
    outer loop
      vertex -0.011454 0.0214289 0.0970031
      vertex -0.0134993 0.0202031 0.0970031
      vertex -0.00691683 0.0129405 0.0989176
    endloop
  endfacet
  facet normal -0.100413 0.167524 0.980741
    outer loop
      vertex -0.0134993 0.0202031 0.0970031
      vertex -0.00815191 0.0122002 0.0989176
      vertex -0.00691683 0.0129405 0.0989176
    endloop
  endfacet
  facet normal -0.116353 0.156874 0.980741
    outer loop
      vertex -0.0134993 0.0202031 0.0970031
      vertex -0.0154145 0.0187826 0.0970031
      vertex -0.00815191 0.0122002 0.0989176
    endloop
  endfacet
  facet normal -0.116351 0.156876 0.980741
    outer loop
      vertex -0.0154145 0.0187826 0.0970031
      vertex -0.00930848 0.0113424 0.0989176
      vertex -0.00815191 0.0122002 0.0989176
    endloop
  endfacet
  facet normal -0.131163 0.14472 0.980741
    outer loop
      vertex -0.0154145 0.0187826 0.0970031
      vertex -0.0171813 0.0171813 0.0970031
      vertex -0.00930848 0.0113424 0.0989176
    endloop
  endfacet
  facet normal -0.131165 0.144718 0.980741
    outer loop
      vertex -0.0171813 0.0171813 0.0970031
      vertex -0.0103754 0.0103754 0.0989176
      vertex -0.00930848 0.0113424 0.0989176
    endloop
  endfacet
  facet normal -0.144719 0.131163 0.980741
    outer loop
      vertex -0.0171813 0.0171813 0.0970031
      vertex -0.0187826 0.0154145 0.0970031
      vertex -0.0103754 0.0103754 0.0989176
    endloop
  endfacet
  facet normal -0.144718 0.131165 0.980741
    outer loop
      vertex -0.0187826 0.0154145 0.0970031
      vertex -0.0113424 0.00930848 0.0989176
      vertex -0.0103754 0.0103754 0.0989176
    endloop
  endfacet
  facet normal -0.156874 0.116353 0.980741
    outer loop
      vertex -0.0187826 0.0154145 0.0970031
      vertex -0.0202031 0.0134993 0.0970031
      vertex -0.0113424 0.00930848 0.0989176
    endloop
  endfacet
  facet normal -0.156875 0.116351 0.980741
    outer loop
      vertex -0.0202031 0.0134993 0.0970031
      vertex -0.0122002 0.00815191 0.0989176
      vertex -0.0113424 0.00930848 0.0989176
    endloop
  endfacet
  facet normal -0.16753 0.100405 0.980741
    outer loop
      vertex -0.0202031 0.0134993 0.0970031
      vertex -0.0214289 0.011454 0.0970031
      vertex -0.0122002 0.00815191 0.0989176
    endloop
  endfacet
  facet normal -0.167526 0.100414 0.98074
    outer loop
      vertex -0.0214289 0.011454 0.0970031
      vertex -0.0129405 0.00691683 0.0989176
      vertex -0.0122002 0.00815191 0.0989176
    endloop
  endfacet
  facet normal -0.176563 0.0835081 0.98074
    outer loop
      vertex -0.0214289 0.011454 0.0970031
      vertex -0.0224484 0.00929845 0.0970031
      vertex -0.0129405 0.00691683 0.0989176
    endloop
  endfacet
  facet normal -0.176565 0.083501 0.980741
    outer loop
      vertex -0.0224484 0.00929845 0.0970031
      vertex -0.0135561 0.00561513 0.0989176
      vertex -0.0129405 0.00691683 0.0989176
    endloop
  endfacet
  facet normal -0.183894 0.0658056 0.980741
    outer loop
      vertex -0.0224484 0.00929845 0.0970031
      vertex -0.0232518 0.00705334 0.0970031
      vertex -0.0135561 0.00561513 0.0989176
    endloop
  endfacet
  facet normal -0.183896 0.0657986 0.980741
    outer loop
      vertex -0.0232518 0.00705334 0.0970031
      vertex -0.0140412 0.00425936 0.0989176
      vertex -0.0135561 0.00561513 0.0989176
    endloop
  endfacet
  facet normal -0.189461 0.0474507 0.980741
    outer loop
      vertex -0.0232518 0.00705334 0.0970031
      vertex -0.0238311 0.00474031 0.0970031
      vertex -0.0140412 0.00425936 0.0989176
    endloop
  endfacet
  facet normal -0.189461 0.0474605 0.980741
    outer loop
      vertex -0.0238311 0.00474031 0.0970031
      vertex -0.0143911 0.00286257 0.0989176
      vertex -0.0140412 0.00425936 0.0989176
    endloop
  endfacet
  facet normal -0.1932 0.0286603 0.980741
    outer loop
      vertex -0.0238311 0.00474031 0.0970031
      vertex -0.024181 0.00238162 0.0970031
      vertex -0.0143911 0.00286257 0.0989176
    endloop
  endfacet
  facet normal -0.1932 0.0286608 0.980741
    outer loop
      vertex -0.024181 0.00238162 0.0970031
      vertex -0.0146024 0.00143821 0.0989176
      vertex -0.0143911 0.00286257 0.0989176
    endloop
  endfacet
  facet normal -0.195079 0.00958351 0.980741
    outer loop
      vertex -0.024181 0.00238162 0.0970031
      vertex -0.024298 -0 0.0970031
      vertex -0.0146024 0.00143821 0.0989176
    endloop
  endfacet
  facet normal -0.195078 0.00957616 0.980741
    outer loop
      vertex -0.024298 -0 0.0970031
      vertex -0.014673 -0 0.0989176
      vertex -0.0146024 0.00143821 0.0989176
    endloop
  endfacet
  facet normal -0.195078 -0.00958346 0.980741
    outer loop
      vertex -0.024298 -0 0.0970031
      vertex -0.024181 -0.00238162 0.0970031
      vertex -0.014673 -0 0.0989176
    endloop
  endfacet
  facet normal -0.19508 -0.00957624 0.980741
    outer loop
      vertex -0.024181 -0.00238162 0.0970031
      vertex -0.0146024 -0.00143821 0.0989176
      vertex -0.014673 -0 0.0989176
    endloop
  endfacet
  facet normal -0.1932 -0.0286603 0.980741
    outer loop
      vertex -0.024181 -0.00238162 0.0970031
      vertex -0.0238311 -0.00474031 0.0970031
      vertex -0.0146024 -0.00143821 0.0989176
    endloop
  endfacet
  facet normal -0.1932 -0.0286607 0.980741
    outer loop
      vertex -0.0238311 -0.00474031 0.0970031
      vertex -0.0143911 -0.00286257 0.0989176
      vertex -0.0146024 -0.00143821 0.0989176
    endloop
  endfacet
  facet normal -0.189463 -0.0474511 0.980741
    outer loop
      vertex -0.0238311 -0.00474031 0.0970031
      vertex -0.0232518 -0.00705334 0.0970031
      vertex -0.0143911 -0.00286257 0.0989176
    endloop
  endfacet
  facet normal -0.189459 -0.0474599 0.980741
    outer loop
      vertex -0.0232518 -0.00705334 0.0970031
      vertex -0.0140412 -0.00425936 0.0989176
      vertex -0.0143911 -0.00286257 0.0989176
    endloop
  endfacet
  facet normal -0.183894 -0.0658053 0.980741
    outer loop
      vertex -0.0232518 -0.00705334 0.0970031
      vertex -0.0224484 -0.00929845 0.0970031
      vertex -0.0140412 -0.00425936 0.0989176
    endloop
  endfacet
  facet normal -0.183897 -0.0657991 0.980741
    outer loop
      vertex -0.0224484 -0.00929845 0.0970031
      vertex -0.0135561 -0.00561513 0.0989176
      vertex -0.0140412 -0.00425936 0.0989176
    endloop
  endfacet
  facet normal -0.176562 -0.0835077 0.980741
    outer loop
      vertex -0.0224484 -0.00929845 0.0970031
      vertex -0.0214289 -0.011454 0.0970031
      vertex -0.0135561 -0.00561513 0.0989176
    endloop
  endfacet
  facet normal -0.176566 -0.0835018 0.98074
    outer loop
      vertex -0.0214289 -0.011454 0.0970031
      vertex -0.0129405 -0.00691683 0.0989176
      vertex -0.0135561 -0.00561513 0.0989176
    endloop
  endfacet
  facet normal -0.167531 -0.100406 0.980741
    outer loop
      vertex -0.0214289 -0.011454 0.0970031
      vertex -0.0202031 -0.0134993 0.0970031
      vertex -0.0129405 -0.00691683 0.0989176
    endloop
  endfacet
  facet normal -0.167524 -0.100413 0.980741
    outer loop
      vertex -0.0202031 -0.0134993 0.0970031
      vertex -0.0122002 -0.00815191 0.0989176
      vertex -0.0129405 -0.00691683 0.0989176
    endloop
  endfacet
  facet normal -0.156874 -0.116353 0.980741
    outer loop
      vertex -0.0202031 -0.0134993 0.0970031
      vertex -0.0187826 -0.0154145 0.0970031
      vertex -0.0122002 -0.00815191 0.0989176
    endloop
  endfacet
  facet normal -0.156876 -0.116351 0.980741
    outer loop
      vertex -0.0187826 -0.0154145 0.0970031
      vertex -0.0113424 -0.00930848 0.0989176
      vertex -0.0122002 -0.00815191 0.0989176
    endloop
  endfacet
  facet normal -0.14472 -0.131163 0.980741
    outer loop
      vertex -0.0187826 -0.0154145 0.0970031
      vertex -0.0171813 -0.0171813 0.0970031
      vertex -0.0113424 -0.00930848 0.0989176
    endloop
  endfacet
  facet normal -0.144718 -0.131165 0.980741
    outer loop
      vertex -0.0171813 -0.0171813 0.0970031
      vertex -0.0103754 -0.0103754 0.0989176
      vertex -0.0113424 -0.00930848 0.0989176
    endloop
  endfacet
  facet normal -0.131163 -0.144719 0.980741
    outer loop
      vertex -0.0171813 -0.0171813 0.0970031
      vertex -0.0154145 -0.0187826 0.0970031
      vertex -0.0103754 -0.0103754 0.0989176
    endloop
  endfacet
  facet normal -0.131165 -0.144718 0.980741
    outer loop
      vertex -0.0154145 -0.0187826 0.0970031
      vertex -0.00930848 -0.0113424 0.0989176
      vertex -0.0103754 -0.0103754 0.0989176
    endloop
  endfacet
  facet normal -0.116353 -0.156874 0.980741
    outer loop
      vertex -0.0154145 -0.0187826 0.0970031
      vertex -0.0134993 -0.0202031 0.0970031
      vertex -0.00930848 -0.0113424 0.0989176
    endloop
  endfacet
  facet normal -0.116351 -0.156875 0.980741
    outer loop
      vertex -0.0134993 -0.0202031 0.0970031
      vertex -0.00815191 -0.0122002 0.0989176
      vertex -0.00930848 -0.0113424 0.0989176
    endloop
  endfacet
  facet normal -0.100405 -0.16753 0.980741
    outer loop
      vertex -0.0134993 -0.0202031 0.0970031
      vertex -0.011454 -0.0214289 0.0970031
      vertex -0.00815191 -0.0122002 0.0989176
    endloop
  endfacet
  facet normal -0.100414 -0.167526 0.98074
    outer loop
      vertex -0.011454 -0.0214289 0.0970031
      vertex -0.00691683 -0.0129405 0.0989176
      vertex -0.00815191 -0.0122002 0.0989176
    endloop
  endfacet
  facet normal -0.0835081 -0.176563 0.98074
    outer loop
      vertex -0.011454 -0.0214289 0.0970031
      vertex -0.00929845 -0.0224484 0.0970031
      vertex -0.00691683 -0.0129405 0.0989176
    endloop
  endfacet
  facet normal -0.083501 -0.176565 0.980741
    outer loop
      vertex -0.00929845 -0.0224484 0.0970031
      vertex -0.00561513 -0.0135561 0.0989176
      vertex -0.00691683 -0.0129405 0.0989176
    endloop
  endfacet
  facet normal -0.0658056 -0.183894 0.980741
    outer loop
      vertex -0.00929845 -0.0224484 0.0970031
      vertex -0.00705334 -0.0232518 0.0970031
      vertex -0.00561513 -0.0135561 0.0989176
    endloop
  endfacet
  facet normal -0.0657986 -0.183896 0.980741
    outer loop
      vertex -0.00705334 -0.0232518 0.0970031
      vertex -0.00425936 -0.0140412 0.0989176
      vertex -0.00561513 -0.0135561 0.0989176
    endloop
  endfacet
  facet normal -0.0474507 -0.189461 0.980741
    outer loop
      vertex -0.00705334 -0.0232518 0.0970031
      vertex -0.00474031 -0.0238311 0.0970031
      vertex -0.00425936 -0.0140412 0.0989176
    endloop
  endfacet
  facet normal -0.0474605 -0.189461 0.980741
    outer loop
      vertex -0.00474031 -0.0238311 0.0970031
      vertex -0.00286257 -0.0143911 0.0989176
      vertex -0.00425936 -0.0140412 0.0989176
    endloop
  endfacet
  facet normal -0.0286603 -0.1932 0.980741
    outer loop
      vertex -0.00474031 -0.0238311 0.0970031
      vertex -0.00238162 -0.024181 0.0970031
      vertex -0.00286257 -0.0143911 0.0989176
    endloop
  endfacet
  facet normal -0.0286608 -0.1932 0.980741
    outer loop
      vertex -0.00238162 -0.024181 0.0970031
      vertex -0.00143821 -0.0146024 0.0989176
      vertex -0.00286257 -0.0143911 0.0989176
    endloop
  endfacet
  facet normal -0.00958351 -0.195079 0.980741
    outer loop
      vertex -0.00238162 -0.024181 0.0970031
      vertex -0 -0.024298 0.0970031
      vertex -0.00143821 -0.0146024 0.0989176
    endloop
  endfacet
  facet normal -0.00957616 -0.195078 0.980741
    outer loop
      vertex -0 -0.024298 0.0970031
      vertex -0 -0.014673 0.0989176
      vertex -0.00143821 -0.0146024 0.0989176
    endloop
  endfacet
  facet normal 0.00958346 -0.195078 0.980741
    outer loop
      vertex -0 -0.024298 0.0970031
      vertex 0.00238162 -0.024181 0.0970031
      vertex -0 -0.014673 0.0989176
    endloop
  endfacet
  facet normal 0.00957624 -0.19508 0.980741
    outer loop
      vertex 0.00238162 -0.024181 0.0970031
      vertex 0.00143821 -0.0146024 0.0989176
      vertex -0 -0.014673 0.0989176
    endloop
  endfacet
  facet normal 0.0286603 -0.1932 0.980741
    outer loop
      vertex 0.00238162 -0.024181 0.0970031
      vertex 0.00474031 -0.0238311 0.0970031
      vertex 0.00143821 -0.0146024 0.0989176
    endloop
  endfacet
  facet normal 0.0286607 -0.1932 0.980741
    outer loop
      vertex 0.00474031 -0.0238311 0.0970031
      vertex 0.00286257 -0.0143911 0.0989176
      vertex 0.00143821 -0.0146024 0.0989176
    endloop
  endfacet
  facet normal 0.0474511 -0.189463 0.980741
    outer loop
      vertex 0.00474031 -0.0238311 0.0970031
      vertex 0.00705334 -0.0232518 0.0970031
      vertex 0.00286257 -0.0143911 0.0989176
    endloop
  endfacet
  facet normal 0.0474599 -0.189459 0.980741
    outer loop
      vertex 0.00705334 -0.0232518 0.0970031
      vertex 0.00425936 -0.0140412 0.0989176
      vertex 0.00286257 -0.0143911 0.0989176
    endloop
  endfacet
  facet normal 0.0658053 -0.183894 0.980741
    outer loop
      vertex 0.00705334 -0.0232518 0.0970031
      vertex 0.00929845 -0.0224484 0.0970031
      vertex 0.00425936 -0.0140412 0.0989176
    endloop
  endfacet
  facet normal 0.0657991 -0.183897 0.980741
    outer loop
      vertex 0.00929845 -0.0224484 0.0970031
      vertex 0.00561513 -0.0135561 0.0989176
      vertex 0.00425936 -0.0140412 0.0989176
    endloop
  endfacet
  facet normal 0.0835077 -0.176562 0.980741
    outer loop
      vertex 0.00929845 -0.0224484 0.0970031
      vertex 0.011454 -0.0214289 0.0970031
      vertex 0.00561513 -0.0135561 0.0989176
    endloop
  endfacet
  facet normal 0.0835018 -0.176566 0.98074
    outer loop
      vertex 0.011454 -0.0214289 0.0970031
      vertex 0.00691683 -0.0129405 0.0989176
      vertex 0.00561513 -0.0135561 0.0989176
    endloop
  endfacet
  facet normal 0.100406 -0.167531 0.980741
    outer loop
      vertex 0.011454 -0.0214289 0.0970031
      vertex 0.0134993 -0.0202031 0.0970031
      vertex 0.00691683 -0.0129405 0.0989176
    endloop
  endfacet
  facet normal 0.100413 -0.167524 0.980741
    outer loop
      vertex 0.0134993 -0.0202031 0.0970031
      vertex 0.00815191 -0.0122002 0.0989176
      vertex 0.00691683 -0.0129405 0.0989176
    endloop
  endfacet
  facet normal 0.116353 -0.156874 0.980741
    outer loop
      vertex 0.0134993 -0.0202031 0.0970031
      vertex 0.0154145 -0.0187826 0.0970031
      vertex 0.00815191 -0.0122002 0.0989176
    endloop
  endfacet
  facet normal 0.116351 -0.156876 0.980741
    outer loop
      vertex 0.0154145 -0.0187826 0.0970031
      vertex 0.00930848 -0.0113424 0.0989176
      vertex 0.00815191 -0.0122002 0.0989176
    endloop
  endfacet
  facet normal 0.131163 -0.14472 0.980741
    outer loop
      vertex 0.0154145 -0.0187826 0.0970031
      vertex 0.0171813 -0.0171813 0.0970031
      vertex 0.00930848 -0.0113424 0.0989176
    endloop
  endfacet
  facet normal 0.131165 -0.144718 0.980741
    outer loop
      vertex 0.0171813 -0.0171813 0.0970031
      vertex 0.0103754 -0.0103754 0.0989176
      vertex 0.00930848 -0.0113424 0.0989176
    endloop
  endfacet
  facet normal 0.144719 -0.131163 0.980741
    outer loop
      vertex 0.0171813 -0.0171813 0.0970031
      vertex 0.0187826 -0.0154145 0.0970031
      vertex 0.0103754 -0.0103754 0.0989176
    endloop
  endfacet
  facet normal 0.144718 -0.131165 0.980741
    outer loop
      vertex 0.0187826 -0.0154145 0.0970031
      vertex 0.0113424 -0.00930848 0.0989176
      vertex 0.0103754 -0.0103754 0.0989176
    endloop
  endfacet
  facet normal 0.156874 -0.116353 0.980741
    outer loop
      vertex 0.0187826 -0.0154145 0.0970031
      vertex 0.0202031 -0.0134993 0.0970031
      vertex 0.0113424 -0.00930848 0.0989176
    endloop
  endfacet
  facet normal 0.156875 -0.116351 0.980741
    outer loop
      vertex 0.0202031 -0.0134993 0.0970031
      vertex 0.0122002 -0.00815191 0.0989176
      vertex 0.0113424 -0.00930848 0.0989176
    endloop
  endfacet
  facet normal 0.16753 -0.100405 0.980741
    outer loop
      vertex 0.0202031 -0.0134993 0.0970031
      vertex 0.0214289 -0.011454 0.0970031
      vertex 0.0122002 -0.00815191 0.0989176
    endloop
  endfacet
  facet normal 0.167526 -0.100414 0.98074
    outer loop
      vertex 0.0214289 -0.011454 0.0970031
      vertex 0.0129405 -0.00691683 0.0989176
      vertex 0.0122002 -0.00815191 0.0989176
    endloop
  endfacet
  facet normal 0.176563 -0.0835081 0.98074
    outer loop
      vertex 0.0214289 -0.011454 0.0970031
      vertex 0.0224484 -0.00929845 0.0970031
      vertex 0.0129405 -0.00691683 0.0989176
    endloop
  endfacet
  facet normal 0.176565 -0.083501 0.980741
    outer loop
      vertex 0.0224484 -0.00929845 0.0970031
      vertex 0.0135561 -0.00561513 0.0989176
      vertex 0.0129405 -0.00691683 0.0989176
    endloop
  endfacet
  facet normal 0.183894 -0.0658056 0.980741
    outer loop
      vertex 0.0224484 -0.00929845 0.0970031
      vertex 0.0232518 -0.00705334 0.0970031
      vertex 0.0135561 -0.00561513 0.0989176
    endloop
  endfacet
  facet normal 0.183896 -0.0657986 0.980741
    outer loop
      vertex 0.0232518 -0.00705334 0.0970031
      vertex 0.0140412 -0.00425936 0.0989176
      vertex 0.0135561 -0.00561513 0.0989176
    endloop
  endfacet
  facet normal 0.189461 -0.0474507 0.980741
    outer loop
      vertex 0.0232518 -0.00705334 0.0970031
      vertex 0.0238311 -0.00474031 0.0970031
      vertex 0.0140412 -0.00425936 0.0989176
    endloop
  endfacet
  facet normal 0.189461 -0.0474605 0.980741
    outer loop
      vertex 0.0238311 -0.00474031 0.0970031
      vertex 0.0143911 -0.00286257 0.0989176
      vertex 0.0140412 -0.00425936 0.0989176
    endloop
  endfacet
  facet normal 0.1932 -0.0286603 0.980741
    outer loop
      vertex 0.0238311 -0.00474031 0.0970031
      vertex 0.024181 -0.00238162 0.0970031
      vertex 0.0143911 -0.00286257 0.0989176
    endloop
  endfacet
  facet normal 0.1932 -0.0286608 0.980741
    outer loop
      vertex 0.024181 -0.00238162 0.0970031
      vertex 0.0146024 -0.00143821 0.0989176
      vertex 0.0143911 -0.00286257 0.0989176
    endloop
  endfacet
  facet normal 0.195079 -0.00958351 0.980741
    outer loop
      vertex 0.024181 -0.00238162 0.0970031
      vertex 0.024298 0 0.0970031
      vertex 0.0146024 -0.00143821 0.0989176
    endloop
  endfacet
  facet normal 0.195078 -0.00957616 0.980741
    outer loop
      vertex 0.024298 0 0.0970031
      vertex 0.014673 0 0.0989176
      vertex 0.0146024 -0.00143821 0.0989176
    endloop
  endfacet
  facet normal 0.290252 0.0142573 0.956844
    outer loop
      vertex 0.033689 0 0.0941544
      vertex 0.0335268 0.0033021 0.0941544
      vertex 0.024298 0 0.0970031
    endloop
  endfacet
  facet normal 0.290252 0.014259 0.956844
    outer loop
      vertex 0.0335268 0.0033021 0.0941544
      vertex 0.024181 0.00238162 0.0970031
      vertex 0.024298 0 0.0970031
    endloop
  endfacet
  facet normal 0.287457 0.0426399 0.956844
    outer loop
      vertex 0.0335268 0.0033021 0.0941544
      vertex 0.0330417 0.0065724 0.0941544
      vertex 0.024181 0.00238162 0.0970031
    endloop
  endfacet
  facet normal 0.287455 0.0426426 0.956844
    outer loop
      vertex 0.0330417 0.0065724 0.0941544
      vertex 0.0238311 0.00474031 0.0970031
      vertex 0.024181 0.00238162 0.0970031
    endloop
  endfacet
  facet normal 0.281891 0.0706177 0.956844
    outer loop
      vertex 0.0330417 0.0065724 0.0941544
      vertex 0.0322383 0.0097794 0.0941544
      vertex 0.0238311 0.00474031 0.0970031
    endloop
  endfacet
  facet normal 0.2819 0.070602 0.956843
    outer loop
      vertex 0.0322383 0.0097794 0.0941544
      vertex 0.0232518 0.00705334 0.0970031
      vertex 0.0238311 0.00474031 0.0970031
    endloop
  endfacet
  facet normal 0.27362 0.097896 0.956843
    outer loop
      vertex 0.0322383 0.0097794 0.0941544
      vertex 0.0311246 0.0128922 0.0941544
      vertex 0.0232518 0.00705334 0.0970031
    endloop
  endfacet
  facet normal 0.27361 0.0979099 0.956844
    outer loop
      vertex 0.0311246 0.0128922 0.0941544
      vertex 0.0224484 0.00929845 0.0970031
      vertex 0.0232518 0.00705334 0.0970031
    endloop
  endfacet
  facet normal 0.262699 0.124252 0.956844
    outer loop
      vertex 0.0311246 0.0128922 0.0941544
      vertex 0.029711 0.0158809 0.0941544
      vertex 0.0224484 0.00929845 0.0970031
    endloop
  endfacet
  facet normal 0.262702 0.124249 0.956844
    outer loop
      vertex 0.029711 0.0158809 0.0941544
      vertex 0.0214289 0.011454 0.0970031
      vertex 0.0224484 0.00929845 0.0970031
    endloop
  endfacet
  facet normal 0.24926 0.149396 0.956844
    outer loop
      vertex 0.029711 0.0158809 0.0941544
      vertex 0.0280114 0.0187166 0.0941544
      vertex 0.0214289 0.011454 0.0970031
    endloop
  endfacet
  facet normal 0.249266 0.149391 0.956843
    outer loop
      vertex 0.0280114 0.0187166 0.0941544
      vertex 0.0202031 0.0134993 0.0970031
      vertex 0.0214289 0.011454 0.0970031
    endloop
  endfacet
  facet normal 0.233414 0.173116 0.956843
    outer loop
      vertex 0.0280114 0.0187166 0.0941544
      vertex 0.0260419 0.0213721 0.0941544
      vertex 0.0202031 0.0134993 0.0970031
    endloop
  endfacet
  facet normal 0.233409 0.173119 0.956844
    outer loop
      vertex 0.0260419 0.0213721 0.0941544
      vertex 0.0187826 0.0154145 0.0970031
      vertex 0.0202031 0.0134993 0.0970031
    endloop
  endfacet
  facet normal 0.215322 0.195158 0.956844
    outer loop
      vertex 0.0260419 0.0213721 0.0941544
      vertex 0.0238217 0.0238217 0.0941544
      vertex 0.0187826 0.0154145 0.0970031
    endloop
  endfacet
  facet normal 0.215326 0.195156 0.956843
    outer loop
      vertex 0.0238217 0.0238217 0.0941544
      vertex 0.0171813 0.0171813 0.0970031
      vertex 0.0187826 0.0154145 0.0970031
    endloop
  endfacet
  facet normal 0.195158 0.215323 0.956843
    outer loop
      vertex 0.0238217 0.0238217 0.0941544
      vertex 0.0213721 0.0260419 0.0941544
      vertex 0.0171813 0.0171813 0.0970031
    endloop
  endfacet
  facet normal 0.195155 0.215325 0.956844
    outer loop
      vertex 0.0213721 0.0260419 0.0941544
      vertex 0.0154145 0.0187826 0.0970031
      vertex 0.0171813 0.0171813 0.0970031
    endloop
  endfacet
  facet normal 0.173115 0.233413 0.956844
    outer loop
      vertex 0.0213721 0.0260419 0.0941544
      vertex 0.0187166 0.0280114 0.0941544
      vertex 0.0154145 0.0187826 0.0970031
    endloop
  endfacet
  facet normal 0.17312 0.233411 0.956843
    outer loop
      vertex 0.0187166 0.0280114 0.0941544
      vertex 0.0134993 0.0202031 0.0970031
      vertex 0.0154145 0.0187826 0.0970031
    endloop
  endfacet
  facet normal 0.149397 0.249262 0.956843
    outer loop
      vertex 0.0187166 0.0280114 0.0941544
      vertex 0.0158809 0.029711 0.0941544
      vertex 0.0134993 0.0202031 0.0970031
    endloop
  endfacet
  facet normal 0.14939 0.249264 0.956844
    outer loop
      vertex 0.0158809 0.029711 0.0941544
      vertex 0.011454 0.0214289 0.0970031
      vertex 0.0134993 0.0202031 0.0970031
    endloop
  endfacet
  facet normal 0.124252 0.2627 0.956844
    outer loop
      vertex 0.0158809 0.029711 0.0941544
      vertex 0.0128922 0.0311246 0.0941544
      vertex 0.011454 0.0214289 0.0970031
    endloop
  endfacet
  facet normal 0.124248 0.262701 0.956844
    outer loop
      vertex 0.0128922 0.0311246 0.0941544
      vertex 0.00929845 0.0224484 0.0970031
      vertex 0.011454 0.0214289 0.0970031
    endloop
  endfacet
  facet normal 0.0978948 0.273617 0.956844
    outer loop
      vertex 0.0128922 0.0311246 0.0941544
      vertex 0.0097794 0.0322383 0.0941544
      vertex 0.00929845 0.0224484 0.0970031
    endloop
  endfacet
  facet normal 0.0979117 0.273615 0.956843
    outer loop
      vertex 0.0097794 0.0322383 0.0941544
      vertex 0.00705334 0.0232518 0.0970031
      vertex 0.00929845 0.0224484 0.0970031
    endloop
  endfacet
  facet normal 0.0706187 0.281895 0.956843
    outer loop
      vertex 0.0097794 0.0322383 0.0941544
      vertex 0.0065724 0.0330417 0.0941544
      vertex 0.00705334 0.0232518 0.0970031
    endloop
  endfacet
  facet normal 0.0706006 0.281894 0.956844
    outer loop
      vertex 0.0065724 0.0330417 0.0941544
      vertex 0.00474031 0.0238311 0.0970031
      vertex 0.00705334 0.0232518 0.0970031
    endloop
  endfacet
  facet normal 0.0426398 0.287456 0.956844
    outer loop
      vertex 0.0065724 0.0330417 0.0941544
      vertex 0.0033021 0.0335268 0.0941544
      vertex 0.00474031 0.0238311 0.0970031
    endloop
  endfacet
  facet normal 0.0426427 0.287456 0.956844
    outer loop
      vertex 0.0033021 0.0335268 0.0941544
      vertex 0.00238162 0.024181 0.0970031
      vertex 0.00474031 0.0238311 0.0970031
    endloop
  endfacet
  facet normal 0.0142573 0.290252 0.956844
    outer loop
      vertex 0.0033021 0.0335268 0.0941544
      vertex 0 0.033689 0.0941544
      vertex 0.00238162 0.024181 0.0970031
    endloop
  endfacet
  facet normal 0.014259 0.290252 0.956844
    outer loop
      vertex 0 0.033689 0.0941544
      vertex 0 0.024298 0.0970031
      vertex 0.00238162 0.024181 0.0970031
    endloop
  endfacet
  facet normal -0.0142573 0.290252 0.956844
    outer loop
      vertex 0 0.033689 0.0941544
      vertex -0.0033021 0.0335268 0.0941544
      vertex 0 0.024298 0.0970031
    endloop
  endfacet
  facet normal -0.014259 0.290252 0.956844
    outer loop
      vertex -0.0033021 0.0335268 0.0941544
      vertex -0.00238162 0.024181 0.0970031
      vertex 0 0.024298 0.0970031
    endloop
  endfacet
  facet normal -0.0426399 0.287457 0.956844
    outer loop
      vertex -0.0033021 0.0335268 0.0941544
      vertex -0.0065724 0.0330417 0.0941544
      vertex -0.00238162 0.024181 0.0970031
    endloop
  endfacet
  facet normal -0.0426426 0.287455 0.956844
    outer loop
      vertex -0.0065724 0.0330417 0.0941544
      vertex -0.00474031 0.0238311 0.0970031
      vertex -0.00238162 0.024181 0.0970031
    endloop
  endfacet
  facet normal -0.0706177 0.281891 0.956844
    outer loop
      vertex -0.0065724 0.0330417 0.0941544
      vertex -0.0097794 0.0322383 0.0941544
      vertex -0.00474031 0.0238311 0.0970031
    endloop
  endfacet
  facet normal -0.070602 0.2819 0.956843
    outer loop
      vertex -0.0097794 0.0322383 0.0941544
      vertex -0.00705334 0.0232518 0.0970031
      vertex -0.00474031 0.0238311 0.0970031
    endloop
  endfacet
  facet normal -0.097896 0.27362 0.956843
    outer loop
      vertex -0.0097794 0.0322383 0.0941544
      vertex -0.0128922 0.0311246 0.0941544
      vertex -0.00705334 0.0232518 0.0970031
    endloop
  endfacet
  facet normal -0.0979099 0.27361 0.956844
    outer loop
      vertex -0.0128922 0.0311246 0.0941544
      vertex -0.00929845 0.0224484 0.0970031
      vertex -0.00705334 0.0232518 0.0970031
    endloop
  endfacet
  facet normal -0.124252 0.262699 0.956844
    outer loop
      vertex -0.0128922 0.0311246 0.0941544
      vertex -0.0158809 0.029711 0.0941544
      vertex -0.00929845 0.0224484 0.0970031
    endloop
  endfacet
  facet normal -0.124249 0.262702 0.956844
    outer loop
      vertex -0.0158809 0.029711 0.0941544
      vertex -0.011454 0.0214289 0.0970031
      vertex -0.00929845 0.0224484 0.0970031
    endloop
  endfacet
  facet normal -0.149396 0.24926 0.956844
    outer loop
      vertex -0.0158809 0.029711 0.0941544
      vertex -0.0187166 0.0280114 0.0941544
      vertex -0.011454 0.0214289 0.0970031
    endloop
  endfacet
  facet normal -0.149391 0.249266 0.956843
    outer loop
      vertex -0.0187166 0.0280114 0.0941544
      vertex -0.0134993 0.0202031 0.0970031
      vertex -0.011454 0.0214289 0.0970031
    endloop
  endfacet
  facet normal -0.173116 0.233414 0.956843
    outer loop
      vertex -0.0187166 0.0280114 0.0941544
      vertex -0.0213721 0.0260419 0.0941544
      vertex -0.0134993 0.0202031 0.0970031
    endloop
  endfacet
  facet normal -0.173119 0.233409 0.956844
    outer loop
      vertex -0.0213721 0.0260419 0.0941544
      vertex -0.0154145 0.0187826 0.0970031
      vertex -0.0134993 0.0202031 0.0970031
    endloop
  endfacet
  facet normal -0.195158 0.215322 0.956844
    outer loop
      vertex -0.0213721 0.0260419 0.0941544
      vertex -0.0238217 0.0238217 0.0941544
      vertex -0.0154145 0.0187826 0.0970031
    endloop
  endfacet
  facet normal -0.195156 0.215326 0.956843
    outer loop
      vertex -0.0238217 0.0238217 0.0941544
      vertex -0.0171813 0.0171813 0.0970031
      vertex -0.0154145 0.0187826 0.0970031
    endloop
  endfacet
  facet normal -0.215323 0.195158 0.956843
    outer loop
      vertex -0.0238217 0.0238217 0.0941544
      vertex -0.0260419 0.0213721 0.0941544
      vertex -0.0171813 0.0171813 0.0970031
    endloop
  endfacet
  facet normal -0.215325 0.195155 0.956844
    outer loop
      vertex -0.0260419 0.0213721 0.0941544
      vertex -0.0187826 0.0154145 0.0970031
      vertex -0.0171813 0.0171813 0.0970031
    endloop
  endfacet
  facet normal -0.233413 0.173115 0.956844
    outer loop
      vertex -0.0260419 0.0213721 0.0941544
      vertex -0.0280114 0.0187166 0.0941544
      vertex -0.0187826 0.0154145 0.0970031
    endloop
  endfacet
  facet normal -0.233411 0.17312 0.956843
    outer loop
      vertex -0.0280114 0.0187166 0.0941544
      vertex -0.0202031 0.0134993 0.0970031
      vertex -0.0187826 0.0154145 0.0970031
    endloop
  endfacet
  facet normal -0.249262 0.149397 0.956843
    outer loop
      vertex -0.0280114 0.0187166 0.0941544
      vertex -0.029711 0.0158809 0.0941544
      vertex -0.0202031 0.0134993 0.0970031
    endloop
  endfacet
  facet normal -0.249264 0.14939 0.956844
    outer loop
      vertex -0.029711 0.0158809 0.0941544
      vertex -0.0214289 0.011454 0.0970031
      vertex -0.0202031 0.0134993 0.0970031
    endloop
  endfacet
  facet normal -0.2627 0.124252 0.956844
    outer loop
      vertex -0.029711 0.0158809 0.0941544
      vertex -0.0311246 0.0128922 0.0941544
      vertex -0.0214289 0.011454 0.0970031
    endloop
  endfacet
  facet normal -0.262701 0.124248 0.956844
    outer loop
      vertex -0.0311246 0.0128922 0.0941544
      vertex -0.0224484 0.00929845 0.0970031
      vertex -0.0214289 0.011454 0.0970031
    endloop
  endfacet
  facet normal -0.273617 0.0978948 0.956844
    outer loop
      vertex -0.0311246 0.0128922 0.0941544
      vertex -0.0322383 0.0097794 0.0941544
      vertex -0.0224484 0.00929845 0.0970031
    endloop
  endfacet
  facet normal -0.273615 0.0979117 0.956843
    outer loop
      vertex -0.0322383 0.0097794 0.0941544
      vertex -0.0232518 0.00705334 0.0970031
      vertex -0.0224484 0.00929845 0.0970031
    endloop
  endfacet
  facet normal -0.281895 0.0706187 0.956843
    outer loop
      vertex -0.0322383 0.0097794 0.0941544
      vertex -0.0330417 0.0065724 0.0941544
      vertex -0.0232518 0.00705334 0.0970031
    endloop
  endfacet
  facet normal -0.281894 0.0706006 0.956844
    outer loop
      vertex -0.0330417 0.0065724 0.0941544
      vertex -0.0238311 0.00474031 0.0970031
      vertex -0.0232518 0.00705334 0.0970031
    endloop
  endfacet
  facet normal -0.287456 0.0426398 0.956844
    outer loop
      vertex -0.0330417 0.0065724 0.0941544
      vertex -0.0335268 0.0033021 0.0941544
      vertex -0.0238311 0.00474031 0.0970031
    endloop
  endfacet
  facet normal -0.287456 0.0426427 0.956844
    outer loop
      vertex -0.0335268 0.0033021 0.0941544
      vertex -0.024181 0.00238162 0.0970031
      vertex -0.0238311 0.00474031 0.0970031
    endloop
  endfacet
  facet normal -0.290252 0.0142573 0.956844
    outer loop
      vertex -0.0335268 0.0033021 0.0941544
      vertex -0.033689 -0 0.0941544
      vertex -0.024181 0.00238162 0.0970031
    endloop
  endfacet
  facet normal -0.290252 0.014259 0.956844
    outer loop
      vertex -0.033689 -0 0.0941544
      vertex -0.024298 -0 0.0970031
      vertex -0.024181 0.00238162 0.0970031
    endloop
  endfacet
  facet normal -0.290252 -0.0142573 0.956844
    outer loop
      vertex -0.033689 -0 0.0941544
      vertex -0.0335268 -0.0033021 0.0941544
      vertex -0.024298 -0 0.0970031
    endloop
  endfacet
  facet normal -0.290252 -0.014259 0.956844
    outer loop
      vertex -0.0335268 -0.0033021 0.0941544
      vertex -0.024181 -0.00238162 0.0970031
      vertex -0.024298 -0 0.0970031
    endloop
  endfacet
  facet normal -0.287457 -0.0426399 0.956844
    outer loop
      vertex -0.0335268 -0.0033021 0.0941544
      vertex -0.0330417 -0.0065724 0.0941544
      vertex -0.024181 -0.00238162 0.0970031
    endloop
  endfacet
  facet normal -0.287455 -0.0426426 0.956844
    outer loop
      vertex -0.0330417 -0.0065724 0.0941544
      vertex -0.0238311 -0.00474031 0.0970031
      vertex -0.024181 -0.00238162 0.0970031
    endloop
  endfacet
  facet normal -0.281891 -0.0706177 0.956844
    outer loop
      vertex -0.0330417 -0.0065724 0.0941544
      vertex -0.0322383 -0.0097794 0.0941544
      vertex -0.0238311 -0.00474031 0.0970031
    endloop
  endfacet
  facet normal -0.2819 -0.070602 0.956843
    outer loop
      vertex -0.0322383 -0.0097794 0.0941544
      vertex -0.0232518 -0.00705334 0.0970031
      vertex -0.0238311 -0.00474031 0.0970031
    endloop
  endfacet
  facet normal -0.27362 -0.097896 0.956843
    outer loop
      vertex -0.0322383 -0.0097794 0.0941544
      vertex -0.0311246 -0.0128922 0.0941544
      vertex -0.0232518 -0.00705334 0.0970031
    endloop
  endfacet
  facet normal -0.27361 -0.0979099 0.956844
    outer loop
      vertex -0.0311246 -0.0128922 0.0941544
      vertex -0.0224484 -0.00929845 0.0970031
      vertex -0.0232518 -0.00705334 0.0970031
    endloop
  endfacet
  facet normal -0.262699 -0.124252 0.956844
    outer loop
      vertex -0.0311246 -0.0128922 0.0941544
      vertex -0.029711 -0.0158809 0.0941544
      vertex -0.0224484 -0.00929845 0.0970031
    endloop
  endfacet
  facet normal -0.262702 -0.124249 0.956844
    outer loop
      vertex -0.029711 -0.0158809 0.0941544
      vertex -0.0214289 -0.011454 0.0970031
      vertex -0.0224484 -0.00929845 0.0970031
    endloop
  endfacet
  facet normal -0.24926 -0.149396 0.956844
    outer loop
      vertex -0.029711 -0.0158809 0.0941544
      vertex -0.0280114 -0.0187166 0.0941544
      vertex -0.0214289 -0.011454 0.0970031
    endloop
  endfacet
  facet normal -0.249266 -0.149391 0.956843
    outer loop
      vertex -0.0280114 -0.0187166 0.0941544
      vertex -0.0202031 -0.0134993 0.0970031
      vertex -0.0214289 -0.011454 0.0970031
    endloop
  endfacet
  facet normal -0.233414 -0.173116 0.956843
    outer loop
      vertex -0.0280114 -0.0187166 0.0941544
      vertex -0.0260419 -0.0213721 0.0941544
      vertex -0.0202031 -0.0134993 0.0970031
    endloop
  endfacet
  facet normal -0.233409 -0.173119 0.956844
    outer loop
      vertex -0.0260419 -0.0213721 0.0941544
      vertex -0.0187826 -0.0154145 0.0970031
      vertex -0.0202031 -0.0134993 0.0970031
    endloop
  endfacet
  facet normal -0.215322 -0.195158 0.956844
    outer loop
      vertex -0.0260419 -0.0213721 0.0941544
      vertex -0.0238217 -0.0238217 0.0941544
      vertex -0.0187826 -0.0154145 0.0970031
    endloop
  endfacet
  facet normal -0.215326 -0.195156 0.956843
    outer loop
      vertex -0.0238217 -0.0238217 0.0941544
      vertex -0.0171813 -0.0171813 0.0970031
      vertex -0.0187826 -0.0154145 0.0970031
    endloop
  endfacet
  facet normal -0.195158 -0.215323 0.956843
    outer loop
      vertex -0.0238217 -0.0238217 0.0941544
      vertex -0.0213721 -0.0260419 0.0941544
      vertex -0.0171813 -0.0171813 0.0970031
    endloop
  endfacet
  facet normal -0.195155 -0.215325 0.956844
    outer loop
      vertex -0.0213721 -0.0260419 0.0941544
      vertex -0.0154145 -0.0187826 0.0970031
      vertex -0.0171813 -0.0171813 0.0970031
    endloop
  endfacet
  facet normal -0.173115 -0.233413 0.956844
    outer loop
      vertex -0.0213721 -0.0260419 0.0941544
      vertex -0.0187166 -0.0280114 0.0941544
      vertex -0.0154145 -0.0187826 0.0970031
    endloop
  endfacet
  facet normal -0.17312 -0.233411 0.956843
    outer loop
      vertex -0.0187166 -0.0280114 0.0941544
      vertex -0.0134993 -0.0202031 0.0970031
      vertex -0.0154145 -0.0187826 0.0970031
    endloop
  endfacet
  facet normal -0.149397 -0.249262 0.956843
    outer loop
      vertex -0.0187166 -0.0280114 0.0941544
      vertex -0.0158809 -0.029711 0.0941544
      vertex -0.0134993 -0.0202031 0.0970031
    endloop
  endfacet
  facet normal -0.14939 -0.249264 0.956844
    outer loop
      vertex -0.0158809 -0.029711 0.0941544
      vertex -0.011454 -0.0214289 0.0970031
      vertex -0.0134993 -0.0202031 0.0970031
    endloop
  endfacet
  facet normal -0.124252 -0.2627 0.956844
    outer loop
      vertex -0.0158809 -0.029711 0.0941544
      vertex -0.0128922 -0.0311246 0.0941544
      vertex -0.011454 -0.0214289 0.0970031
    endloop
  endfacet
  facet normal -0.124248 -0.262701 0.956844
    outer loop
      vertex -0.0128922 -0.0311246 0.0941544
      vertex -0.00929845 -0.0224484 0.0970031
      vertex -0.011454 -0.0214289 0.0970031
    endloop
  endfacet
  facet normal -0.0978948 -0.273617 0.956844
    outer loop
      vertex -0.0128922 -0.0311246 0.0941544
      vertex -0.0097794 -0.0322383 0.0941544
      vertex -0.00929845 -0.0224484 0.0970031
    endloop
  endfacet
  facet normal -0.0979117 -0.273615 0.956843
    outer loop
      vertex -0.0097794 -0.0322383 0.0941544
      vertex -0.00705334 -0.0232518 0.0970031
      vertex -0.00929845 -0.0224484 0.0970031
    endloop
  endfacet
  facet normal -0.0706187 -0.281895 0.956843
    outer loop
      vertex -0.0097794 -0.0322383 0.0941544
      vertex -0.0065724 -0.0330417 0.0941544
      vertex -0.00705334 -0.0232518 0.0970031
    endloop
  endfacet
  facet normal -0.0706006 -0.281894 0.956844
    outer loop
      vertex -0.0065724 -0.0330417 0.0941544
      vertex -0.00474031 -0.0238311 0.0970031
      vertex -0.00705334 -0.0232518 0.0970031
    endloop
  endfacet
  facet normal -0.0426398 -0.287456 0.956844
    outer loop
      vertex -0.0065724 -0.0330417 0.0941544
      vertex -0.0033021 -0.0335268 0.0941544
      vertex -0.00474031 -0.0238311 0.0970031
    endloop
  endfacet
  facet normal -0.0426427 -0.287456 0.956844
    outer loop
      vertex -0.0033021 -0.0335268 0.0941544
      vertex -0.00238162 -0.024181 0.0970031
      vertex -0.00474031 -0.0238311 0.0970031
    endloop
  endfacet
  facet normal -0.0142573 -0.290252 0.956844
    outer loop
      vertex -0.0033021 -0.0335268 0.0941544
      vertex -0 -0.033689 0.0941544
      vertex -0.00238162 -0.024181 0.0970031
    endloop
  endfacet
  facet normal -0.014259 -0.290252 0.956844
    outer loop
      vertex -0 -0.033689 0.0941544
      vertex -0 -0.024298 0.0970031
      vertex -0.00238162 -0.024181 0.0970031
    endloop
  endfacet
  facet normal 0.0142573 -0.290252 0.956844
    outer loop
      vertex -0 -0.033689 0.0941544
      vertex 0.0033021 -0.0335268 0.0941544
      vertex -0 -0.024298 0.0970031
    endloop
  endfacet
  facet normal 0.014259 -0.290252 0.956844
    outer loop
      vertex 0.0033021 -0.0335268 0.0941544
      vertex 0.00238162 -0.024181 0.0970031
      vertex -0 -0.024298 0.0970031
    endloop
  endfacet
  facet normal 0.0426399 -0.287457 0.956844
    outer loop
      vertex 0.0033021 -0.0335268 0.0941544
      vertex 0.0065724 -0.0330417 0.0941544
      vertex 0.00238162 -0.024181 0.0970031
    endloop
  endfacet
  facet normal 0.0426426 -0.287455 0.956844
    outer loop
      vertex 0.0065724 -0.0330417 0.0941544
      vertex 0.00474031 -0.0238311 0.0970031
      vertex 0.00238162 -0.024181 0.0970031
    endloop
  endfacet
  facet normal 0.0706177 -0.281891 0.956844
    outer loop
      vertex 0.0065724 -0.0330417 0.0941544
      vertex 0.0097794 -0.0322383 0.0941544
      vertex 0.00474031 -0.0238311 0.0970031
    endloop
  endfacet
  facet normal 0.070602 -0.2819 0.956843
    outer loop
      vertex 0.0097794 -0.0322383 0.0941544
      vertex 0.00705334 -0.0232518 0.0970031
      vertex 0.00474031 -0.0238311 0.0970031
    endloop
  endfacet
  facet normal 0.097896 -0.27362 0.956843
    outer loop
      vertex 0.0097794 -0.0322383 0.0941544
      vertex 0.0128922 -0.0311246 0.0941544
      vertex 0.00705334 -0.0232518 0.0970031
    endloop
  endfacet
  facet normal 0.0979099 -0.27361 0.956844
    outer loop
      vertex 0.0128922 -0.0311246 0.0941544
      vertex 0.00929845 -0.0224484 0.0970031
      vertex 0.00705334 -0.0232518 0.0970031
    endloop
  endfacet
  facet normal 0.124252 -0.262699 0.956844
    outer loop
      vertex 0.0128922 -0.0311246 0.0941544
      vertex 0.0158809 -0.029711 0.0941544
      vertex 0.00929845 -0.0224484 0.0970031
    endloop
  endfacet
  facet normal 0.124249 -0.262702 0.956844
    outer loop
      vertex 0.0158809 -0.029711 0.0941544
      vertex 0.011454 -0.0214289 0.0970031
      vertex 0.00929845 -0.0224484 0.0970031
    endloop
  endfacet
  facet normal 0.149396 -0.24926 0.956844
    outer loop
      vertex 0.0158809 -0.029711 0.0941544
      vertex 0.0187166 -0.0280114 0.0941544
      vertex 0.011454 -0.0214289 0.0970031
    endloop
  endfacet
  facet normal 0.149391 -0.249266 0.956843
    outer loop
      vertex 0.0187166 -0.0280114 0.0941544
      vertex 0.0134993 -0.0202031 0.0970031
      vertex 0.011454 -0.0214289 0.0970031
    endloop
  endfacet
  facet normal 0.173116 -0.233414 0.956843
    outer loop
      vertex 0.0187166 -0.0280114 0.0941544
      vertex 0.0213721 -0.0260419 0.0941544
      vertex 0.0134993 -0.0202031 0.0970031
    endloop
  endfacet
  facet normal 0.173119 -0.233409 0.956844
    outer loop
      vertex 0.0213721 -0.0260419 0.0941544
      vertex 0.0154145 -0.0187826 0.0970031
      vertex 0.0134993 -0.0202031 0.0970031
    endloop
  endfacet
  facet normal 0.195158 -0.215322 0.956844
    outer loop
      vertex 0.0213721 -0.0260419 0.0941544
      vertex 0.0238217 -0.0238217 0.0941544
      vertex 0.0154145 -0.0187826 0.0970031
    endloop
  endfacet
  facet normal 0.195156 -0.215326 0.956843
    outer loop
      vertex 0.0238217 -0.0238217 0.0941544
      vertex 0.0171813 -0.0171813 0.0970031
      vertex 0.0154145 -0.0187826 0.0970031
    endloop
  endfacet
  facet normal 0.215323 -0.195158 0.956843
    outer loop
      vertex 0.0238217 -0.0238217 0.0941544
      vertex 0.0260419 -0.0213721 0.0941544
      vertex 0.0171813 -0.0171813 0.0970031
    endloop
  endfacet
  facet normal 0.215325 -0.195155 0.956844
    outer loop
      vertex 0.0260419 -0.0213721 0.0941544
      vertex 0.0187826 -0.0154145 0.0970031
      vertex 0.0171813 -0.0171813 0.0970031
    endloop
  endfacet
  facet normal 0.233413 -0.173115 0.956844
    outer loop
      vertex 0.0260419 -0.0213721 0.0941544
      vertex 0.0280114 -0.0187166 0.0941544
      vertex 0.0187826 -0.0154145 0.0970031
    endloop
  endfacet
  facet normal 0.233411 -0.17312 0.956843
    outer loop
      vertex 0.0280114 -0.0187166 0.0941544
      vertex 0.0202031 -0.0134993 0.0970031
      vertex 0.0187826 -0.0154145 0.0970031
    endloop
  endfacet
  facet normal 0.249262 -0.149397 0.956843
    outer loop
      vertex 0.0280114 -0.0187166 0.0941544
      vertex 0.029711 -0.0158809 0.0941544
      vertex 0.0202031 -0.0134993 0.0970031
    endloop
  endfacet
  facet normal 0.249264 -0.14939 0.956844
    outer loop
      vertex 0.029711 -0.0158809 0.0941544
      vertex 0.0214289 -0.011454 0.0970031
      vertex 0.0202031 -0.0134993 0.0970031
    endloop
  endfacet
  facet normal 0.2627 -0.124252 0.956844
    outer loop
      vertex 0.029711 -0.0158809 0.0941544
      vertex 0.0311246 -0.0128922 0.0941544
      vertex 0.0214289 -0.011454 0.0970031
    endloop
  endfacet
  facet normal 0.262701 -0.124248 0.956844
    outer loop
      vertex 0.0311246 -0.0128922 0.0941544
      vertex 0.0224484 -0.00929845 0.0970031
      vertex 0.0214289 -0.011454 0.0970031
    endloop
  endfacet
  facet normal 0.273617 -0.0978948 0.956844
    outer loop
      vertex 0.0311246 -0.0128922 0.0941544
      vertex 0.0322383 -0.0097794 0.0941544
      vertex 0.0224484 -0.00929845 0.0970031
    endloop
  endfacet
  facet normal 0.273615 -0.0979117 0.956843
    outer loop
      vertex 0.0322383 -0.0097794 0.0941544
      vertex 0.0232518 -0.00705334 0.0970031
      vertex 0.0224484 -0.00929845 0.0970031
    endloop
  endfacet
  facet normal 0.281895 -0.0706187 0.956843
    outer loop
      vertex 0.0322383 -0.0097794 0.0941544
      vertex 0.0330417 -0.0065724 0.0941544
      vertex 0.0232518 -0.00705334 0.0970031
    endloop
  endfacet
  facet normal 0.281894 -0.0706006 0.956844
    outer loop
      vertex 0.0330417 -0.0065724 0.0941544
      vertex 0.0238311 -0.00474031 0.0970031
      vertex 0.0232518 -0.00705334 0.0970031
    endloop
  endfacet
  facet normal 0.287456 -0.0426398 0.956844
    outer loop
      vertex 0.0330417 -0.0065724 0.0941544
      vertex 0.0335268 -0.0033021 0.0941544
      vertex 0.0238311 -0.00474031 0.0970031
    endloop
  endfacet
  facet normal 0.287456 -0.0426427 0.956844
    outer loop
      vertex 0.0335268 -0.0033021 0.0941544
      vertex 0.024181 -0.00238162 0.0970031
      vertex 0.0238311 -0.00474031 0.0970031
    endloop
  endfacet
  facet normal 0.290252 -0.0142573 0.956844
    outer loop
      vertex 0.0335268 -0.0033021 0.0941544
      vertex 0.033689 0 0.0941544
      vertex 0.024181 -0.00238162 0.0970031
    endloop
  endfacet
  facet normal 0.290252 -0.014259 0.956844
    outer loop
      vertex 0.033689 0 0.0941544
      vertex 0.024298 0 0.0970031
      vertex 0.024181 -0.00238162 0.0970031
    endloop
  endfacet
  facet normal 0.382619 0.0187987 0.923715
    outer loop
      vertex 0.0427555 0 0.0903989
      vertex 0.0425496 0.00419077 0.0903989
      vertex 0.033689 0 0.0941544
    endloop
  endfacet
  facet normal 0.38262 0.0187944 0.923714
    outer loop
      vertex 0.0425496 0.00419077 0.0903989
      vertex 0.0335268 0.0033021 0.0941544
      vertex 0.033689 0 0.0941544
    endloop
  endfacet
  facet normal 0.378936 0.0562047 0.923715
    outer loop
      vertex 0.0425496 0.00419077 0.0903989
      vertex 0.041934 0.00834119 0.0903989
      vertex 0.0335268 0.0033021 0.0941544
    endloop
  endfacet
  facet normal 0.378934 0.0562091 0.923715
    outer loop
      vertex 0.041934 0.00834119 0.0903989
      vertex 0.0330417 0.0065724 0.0941544
      vertex 0.0335268 0.0033021 0.0941544
    endloop
  endfacet
  facet normal 0.371599 0.09308 0.923715
    outer loop
      vertex 0.041934 0.00834119 0.0903989
      vertex 0.0409145 0.0124113 0.0903989
      vertex 0.0330417 0.0065724 0.0941544
    endloop
  endfacet
  facet normal 0.371593 0.0930895 0.923717
    outer loop
      vertex 0.0409145 0.0124113 0.0903989
      vertex 0.0322383 0.0097794 0.0941544
      vertex 0.0330417 0.0065724 0.0941544
    endloop
  endfacet
  facet normal 0.360681 0.129062 0.923717
    outer loop
      vertex 0.0409145 0.0124113 0.0903989
      vertex 0.0395009 0.0163618 0.0903989
      vertex 0.0322383 0.0097794 0.0941544
    endloop
  endfacet
  facet normal 0.360692 0.129049 0.923714
    outer loop
      vertex 0.0395009 0.0163618 0.0903989
      vertex 0.0311246 0.0128922 0.0941544
      vertex 0.0322383 0.0097794 0.0941544
    endloop
  endfacet
  facet normal 0.346304 0.163784 0.923714
    outer loop
      vertex 0.0395009 0.0163618 0.0903989
      vertex 0.037707 0.0201548 0.0903989
      vertex 0.0311246 0.0128922 0.0941544
    endloop
  endfacet
  facet normal 0.346296 0.163792 0.923716
    outer loop
      vertex 0.037707 0.0201548 0.0903989
      vertex 0.029711 0.0158809 0.0941544
      vertex 0.0311246 0.0128922 0.0941544
    endloop
  endfacet
  facet normal 0.328577 0.196942 0.923716
    outer loop
      vertex 0.037707 0.0201548 0.0903989
      vertex 0.0355499 0.0237537 0.0903989
      vertex 0.029711 0.0158809 0.0941544
    endloop
  endfacet
  facet normal 0.328582 0.196938 0.923715
    outer loop
      vertex 0.0355499 0.0237537 0.0903989
      vertex 0.0280114 0.0187166 0.0941544
      vertex 0.029711 0.0158809 0.0941544
    endloop
  endfacet
  facet normal 0.307694 0.228198 0.923715
    outer loop
      vertex 0.0355499 0.0237537 0.0903989
      vertex 0.0330505 0.0271238 0.0903989
      vertex 0.0280114 0.0187166 0.0941544
    endloop
  endfacet
  facet normal 0.307688 0.228203 0.923716
    outer loop
      vertex 0.0330505 0.0271238 0.0903989
      vertex 0.0260419 0.0213721 0.0941544
      vertex 0.0280114 0.0187166 0.0941544
    endloop
  endfacet
  facet normal 0.28384 0.257262 0.923716
    outer loop
      vertex 0.0330505 0.0271238 0.0903989
      vertex 0.0302327 0.0302327 0.0903989
      vertex 0.0260419 0.0213721 0.0941544
    endloop
  endfacet
  facet normal 0.283842 0.257261 0.923715
    outer loop
      vertex 0.0302327 0.0302327 0.0903989
      vertex 0.0238217 0.0238217 0.0941544
      vertex 0.0260419 0.0213721 0.0941544
    endloop
  endfacet
  facet normal 0.257263 0.28384 0.923716
    outer loop
      vertex 0.0302327 0.0302327 0.0903989
      vertex 0.0271238 0.0330505 0.0903989
      vertex 0.0238217 0.0238217 0.0941544
    endloop
  endfacet
  facet normal 0.25726 0.283841 0.923716
    outer loop
      vertex 0.0271238 0.0330505 0.0903989
      vertex 0.0213721 0.0260419 0.0941544
      vertex 0.0238217 0.0238217 0.0941544
    endloop
  endfacet
  facet normal 0.228197 0.307693 0.923716
    outer loop
      vertex 0.0271238 0.0330505 0.0903989
      vertex 0.0237537 0.0355499 0.0903989
      vertex 0.0213721 0.0260419 0.0941544
    endloop
  endfacet
  facet normal 0.228204 0.30769 0.923715
    outer loop
      vertex 0.0237537 0.0355499 0.0903989
      vertex 0.0187166 0.0280114 0.0941544
      vertex 0.0213721 0.0260419 0.0941544
    endloop
  endfacet
  facet normal 0.196943 0.328579 0.923715
    outer loop
      vertex 0.0237537 0.0355499 0.0903989
      vertex 0.0201548 0.037707 0.0903989
      vertex 0.0187166 0.0280114 0.0941544
    endloop
  endfacet
  facet normal 0.196937 0.32858 0.923716
    outer loop
      vertex 0.0201548 0.037707 0.0903989
      vertex 0.0158809 0.029711 0.0941544
      vertex 0.0187166 0.0280114 0.0941544
    endloop
  endfacet
  facet normal 0.163783 0.346301 0.923716
    outer loop
      vertex 0.0201548 0.037707 0.0903989
      vertex 0.0163618 0.0395009 0.0903989
      vertex 0.0158809 0.029711 0.0941544
    endloop
  endfacet
  facet normal 0.163793 0.3463 0.923714
    outer loop
      vertex 0.0163618 0.0395009 0.0903989
      vertex 0.0128922 0.0311246 0.0941544
      vertex 0.0158809 0.029711 0.0941544
    endloop
  endfacet
  facet normal 0.129063 0.360686 0.923715
    outer loop
      vertex 0.0163618 0.0395009 0.0903989
      vertex 0.0124113 0.0409145 0.0903989
      vertex 0.0128922 0.0311246 0.0941544
    endloop
  endfacet
  facet normal 0.129046 0.360686 0.923717
    outer loop
      vertex 0.0124113 0.0409145 0.0903989
      vertex 0.0097794 0.0322383 0.0941544
      vertex 0.0128922 0.0311246 0.0941544
    endloop
  endfacet
  facet normal 0.0930791 0.371596 0.923717
    outer loop
      vertex 0.0124113 0.0409145 0.0903989
      vertex 0.00834119 0.041934 0.0903989
      vertex 0.0097794 0.0322383 0.0941544
    endloop
  endfacet
  facet normal 0.0930905 0.371597 0.923715
    outer loop
      vertex 0.00834119 0.041934 0.0903989
      vertex 0.0065724 0.0330417 0.0941544
      vertex 0.0097794 0.0322383 0.0941544
    endloop
  endfacet
  facet normal 0.0562044 0.378934 0.923715
    outer loop
      vertex 0.00834119 0.041934 0.0903989
      vertex 0.00419077 0.0425496 0.0903989
      vertex 0.0065724 0.0330417 0.0941544
    endloop
  endfacet
  facet normal 0.0562094 0.378935 0.923714
    outer loop
      vertex 0.00419077 0.0425496 0.0903989
      vertex 0.0033021 0.0335268 0.0941544
      vertex 0.0065724 0.0330417 0.0941544
    endloop
  endfacet
  facet normal 0.0187988 0.38262 0.923715
    outer loop
      vertex 0.00419077 0.0425496 0.0903989
      vertex 0 0.0427555 0.0903989
      vertex 0.0033021 0.0335268 0.0941544
    endloop
  endfacet
  facet normal 0.0187943 0.382619 0.923715
    outer loop
      vertex 0 0.0427555 0.0903989
      vertex 0 0.033689 0.0941544
      vertex 0.0033021 0.0335268 0.0941544
    endloop
  endfacet
  facet normal -0.0187987 0.382619 0.923715
    outer loop
      vertex 0 0.0427555 0.0903989
      vertex -0.00419077 0.0425496 0.0903989
      vertex 0 0.033689 0.0941544
    endloop
  endfacet
  facet normal -0.0187944 0.38262 0.923714
    outer loop
      vertex -0.00419077 0.0425496 0.0903989
      vertex -0.0033021 0.0335268 0.0941544
      vertex 0 0.033689 0.0941544
    endloop
  endfacet
  facet normal -0.0562047 0.378936 0.923715
    outer loop
      vertex -0.00419077 0.0425496 0.0903989
      vertex -0.00834119 0.041934 0.0903989
      vertex -0.0033021 0.0335268 0.0941544
    endloop
  endfacet
  facet normal -0.0562091 0.378934 0.923715
    outer loop
      vertex -0.00834119 0.041934 0.0903989
      vertex -0.0065724 0.0330417 0.0941544
      vertex -0.0033021 0.0335268 0.0941544
    endloop
  endfacet
  facet normal -0.09308 0.371599 0.923715
    outer loop
      vertex -0.00834119 0.041934 0.0903989
      vertex -0.0124113 0.0409145 0.0903989
      vertex -0.0065724 0.0330417 0.0941544
    endloop
  endfacet
  facet normal -0.0930895 0.371593 0.923717
    outer loop
      vertex -0.0124113 0.0409145 0.0903989
      vertex -0.0097794 0.0322383 0.0941544
      vertex -0.0065724 0.0330417 0.0941544
    endloop
  endfacet
  facet normal -0.129062 0.360681 0.923717
    outer loop
      vertex -0.0124113 0.0409145 0.0903989
      vertex -0.0163618 0.0395009 0.0903989
      vertex -0.0097794 0.0322383 0.0941544
    endloop
  endfacet
  facet normal -0.129049 0.360692 0.923714
    outer loop
      vertex -0.0163618 0.0395009 0.0903989
      vertex -0.0128922 0.0311246 0.0941544
      vertex -0.0097794 0.0322383 0.0941544
    endloop
  endfacet
  facet normal -0.163784 0.346304 0.923714
    outer loop
      vertex -0.0163618 0.0395009 0.0903989
      vertex -0.0201548 0.037707 0.0903989
      vertex -0.0128922 0.0311246 0.0941544
    endloop
  endfacet
  facet normal -0.163792 0.346296 0.923716
    outer loop
      vertex -0.0201548 0.037707 0.0903989
      vertex -0.0158809 0.029711 0.0941544
      vertex -0.0128922 0.0311246 0.0941544
    endloop
  endfacet
  facet normal -0.196942 0.328577 0.923716
    outer loop
      vertex -0.0201548 0.037707 0.0903989
      vertex -0.0237537 0.0355499 0.0903989
      vertex -0.0158809 0.029711 0.0941544
    endloop
  endfacet
  facet normal -0.196938 0.328582 0.923715
    outer loop
      vertex -0.0237537 0.0355499 0.0903989
      vertex -0.0187166 0.0280114 0.0941544
      vertex -0.0158809 0.029711 0.0941544
    endloop
  endfacet
  facet normal -0.228198 0.307694 0.923715
    outer loop
      vertex -0.0237537 0.0355499 0.0903989
      vertex -0.0271238 0.0330505 0.0903989
      vertex -0.0187166 0.0280114 0.0941544
    endloop
  endfacet
  facet normal -0.228203 0.307688 0.923716
    outer loop
      vertex -0.0271238 0.0330505 0.0903989
      vertex -0.0213721 0.0260419 0.0941544
      vertex -0.0187166 0.0280114 0.0941544
    endloop
  endfacet
  facet normal -0.257262 0.28384 0.923716
    outer loop
      vertex -0.0271238 0.0330505 0.0903989
      vertex -0.0302327 0.0302327 0.0903989
      vertex -0.0213721 0.0260419 0.0941544
    endloop
  endfacet
  facet normal -0.257261 0.283842 0.923715
    outer loop
      vertex -0.0302327 0.0302327 0.0903989
      vertex -0.0238217 0.0238217 0.0941544
      vertex -0.0213721 0.0260419 0.0941544
    endloop
  endfacet
  facet normal -0.28384 0.257263 0.923716
    outer loop
      vertex -0.0302327 0.0302327 0.0903989
      vertex -0.0330505 0.0271238 0.0903989
      vertex -0.0238217 0.0238217 0.0941544
    endloop
  endfacet
  facet normal -0.283841 0.25726 0.923716
    outer loop
      vertex -0.0330505 0.0271238 0.0903989
      vertex -0.0260419 0.0213721 0.0941544
      vertex -0.0238217 0.0238217 0.0941544
    endloop
  endfacet
  facet normal -0.307693 0.228197 0.923716
    outer loop
      vertex -0.0330505 0.0271238 0.0903989
      vertex -0.0355499 0.0237537 0.0903989
      vertex -0.0260419 0.0213721 0.0941544
    endloop
  endfacet
  facet normal -0.30769 0.228204 0.923715
    outer loop
      vertex -0.0355499 0.0237537 0.0903989
      vertex -0.0280114 0.0187166 0.0941544
      vertex -0.0260419 0.0213721 0.0941544
    endloop
  endfacet
  facet normal -0.328579 0.196943 0.923715
    outer loop
      vertex -0.0355499 0.0237537 0.0903989
      vertex -0.037707 0.0201548 0.0903989
      vertex -0.0280114 0.0187166 0.0941544
    endloop
  endfacet
  facet normal -0.32858 0.196937 0.923716
    outer loop
      vertex -0.037707 0.0201548 0.0903989
      vertex -0.029711 0.0158809 0.0941544
      vertex -0.0280114 0.0187166 0.0941544
    endloop
  endfacet
  facet normal -0.346301 0.163783 0.923716
    outer loop
      vertex -0.037707 0.0201548 0.0903989
      vertex -0.0395009 0.0163618 0.0903989
      vertex -0.029711 0.0158809 0.0941544
    endloop
  endfacet
  facet normal -0.3463 0.163793 0.923714
    outer loop
      vertex -0.0395009 0.0163618 0.0903989
      vertex -0.0311246 0.0128922 0.0941544
      vertex -0.029711 0.0158809 0.0941544
    endloop
  endfacet
  facet normal -0.360686 0.129063 0.923715
    outer loop
      vertex -0.0395009 0.0163618 0.0903989
      vertex -0.0409145 0.0124113 0.0903989
      vertex -0.0311246 0.0128922 0.0941544
    endloop
  endfacet
  facet normal -0.360686 0.129046 0.923717
    outer loop
      vertex -0.0409145 0.0124113 0.0903989
      vertex -0.0322383 0.0097794 0.0941544
      vertex -0.0311246 0.0128922 0.0941544
    endloop
  endfacet
  facet normal -0.371596 0.0930791 0.923717
    outer loop
      vertex -0.0409145 0.0124113 0.0903989
      vertex -0.041934 0.00834119 0.0903989
      vertex -0.0322383 0.0097794 0.0941544
    endloop
  endfacet
  facet normal -0.371597 0.0930905 0.923715
    outer loop
      vertex -0.041934 0.00834119 0.0903989
      vertex -0.0330417 0.0065724 0.0941544
      vertex -0.0322383 0.0097794 0.0941544
    endloop
  endfacet
  facet normal -0.378934 0.0562044 0.923715
    outer loop
      vertex -0.041934 0.00834119 0.0903989
      vertex -0.0425496 0.00419077 0.0903989
      vertex -0.0330417 0.0065724 0.0941544
    endloop
  endfacet
  facet normal -0.378935 0.0562094 0.923714
    outer loop
      vertex -0.0425496 0.00419077 0.0903989
      vertex -0.0335268 0.0033021 0.0941544
      vertex -0.0330417 0.0065724 0.0941544
    endloop
  endfacet
  facet normal -0.38262 0.0187988 0.923715
    outer loop
      vertex -0.0425496 0.00419077 0.0903989
      vertex -0.0427555 -0 0.0903989
      vertex -0.0335268 0.0033021 0.0941544
    endloop
  endfacet
  facet normal -0.382619 0.0187943 0.923715
    outer loop
      vertex -0.0427555 -0 0.0903989
      vertex -0.033689 -0 0.0941544
      vertex -0.0335268 0.0033021 0.0941544
    endloop
  endfacet
  facet normal -0.382619 -0.0187987 0.923715
    outer loop
      vertex -0.0427555 -0 0.0903989
      vertex -0.0425496 -0.00419077 0.0903989
      vertex -0.033689 -0 0.0941544
    endloop
  endfacet
  facet normal -0.38262 -0.0187944 0.923714
    outer loop
      vertex -0.0425496 -0.00419077 0.0903989
      vertex -0.0335268 -0.0033021 0.0941544
      vertex -0.033689 -0 0.0941544
    endloop
  endfacet
  facet normal -0.378936 -0.0562047 0.923715
    outer loop
      vertex -0.0425496 -0.00419077 0.0903989
      vertex -0.041934 -0.00834119 0.0903989
      vertex -0.0335268 -0.0033021 0.0941544
    endloop
  endfacet
  facet normal -0.378934 -0.0562091 0.923715
    outer loop
      vertex -0.041934 -0.00834119 0.0903989
      vertex -0.0330417 -0.0065724 0.0941544
      vertex -0.0335268 -0.0033021 0.0941544
    endloop
  endfacet
  facet normal -0.371599 -0.09308 0.923715
    outer loop
      vertex -0.041934 -0.00834119 0.0903989
      vertex -0.0409145 -0.0124113 0.0903989
      vertex -0.0330417 -0.0065724 0.0941544
    endloop
  endfacet
  facet normal -0.371593 -0.0930895 0.923717
    outer loop
      vertex -0.0409145 -0.0124113 0.0903989
      vertex -0.0322383 -0.0097794 0.0941544
      vertex -0.0330417 -0.0065724 0.0941544
    endloop
  endfacet
  facet normal -0.360681 -0.129062 0.923717
    outer loop
      vertex -0.0409145 -0.0124113 0.0903989
      vertex -0.0395009 -0.0163618 0.0903989
      vertex -0.0322383 -0.0097794 0.0941544
    endloop
  endfacet
  facet normal -0.360692 -0.129049 0.923714
    outer loop
      vertex -0.0395009 -0.0163618 0.0903989
      vertex -0.0311246 -0.0128922 0.0941544
      vertex -0.0322383 -0.0097794 0.0941544
    endloop
  endfacet
  facet normal -0.346304 -0.163784 0.923714
    outer loop
      vertex -0.0395009 -0.0163618 0.0903989
      vertex -0.037707 -0.0201548 0.0903989
      vertex -0.0311246 -0.0128922 0.0941544
    endloop
  endfacet
  facet normal -0.346296 -0.163792 0.923716
    outer loop
      vertex -0.037707 -0.0201548 0.0903989
      vertex -0.029711 -0.0158809 0.0941544
      vertex -0.0311246 -0.0128922 0.0941544
    endloop
  endfacet
  facet normal -0.328577 -0.196942 0.923716
    outer loop
      vertex -0.037707 -0.0201548 0.0903989
      vertex -0.0355499 -0.0237537 0.0903989
      vertex -0.029711 -0.0158809 0.0941544
    endloop
  endfacet
  facet normal -0.328582 -0.196938 0.923715
    outer loop
      vertex -0.0355499 -0.0237537 0.0903989
      vertex -0.0280114 -0.0187166 0.0941544
      vertex -0.029711 -0.0158809 0.0941544
    endloop
  endfacet
  facet normal -0.307694 -0.228198 0.923715
    outer loop
      vertex -0.0355499 -0.0237537 0.0903989
      vertex -0.0330505 -0.0271238 0.0903989
      vertex -0.0280114 -0.0187166 0.0941544
    endloop
  endfacet
  facet normal -0.307688 -0.228203 0.923716
    outer loop
      vertex -0.0330505 -0.0271238 0.0903989
      vertex -0.0260419 -0.0213721 0.0941544
      vertex -0.0280114 -0.0187166 0.0941544
    endloop
  endfacet
  facet normal -0.28384 -0.257262 0.923716
    outer loop
      vertex -0.0330505 -0.0271238 0.0903989
      vertex -0.0302327 -0.0302327 0.0903989
      vertex -0.0260419 -0.0213721 0.0941544
    endloop
  endfacet
  facet normal -0.283842 -0.257261 0.923715
    outer loop
      vertex -0.0302327 -0.0302327 0.0903989
      vertex -0.0238217 -0.0238217 0.0941544
      vertex -0.0260419 -0.0213721 0.0941544
    endloop
  endfacet
  facet normal -0.257263 -0.28384 0.923716
    outer loop
      vertex -0.0302327 -0.0302327 0.0903989
      vertex -0.0271238 -0.0330505 0.0903989
      vertex -0.0238217 -0.0238217 0.0941544
    endloop
  endfacet
  facet normal -0.25726 -0.283841 0.923716
    outer loop
      vertex -0.0271238 -0.0330505 0.0903989
      vertex -0.0213721 -0.0260419 0.0941544
      vertex -0.0238217 -0.0238217 0.0941544
    endloop
  endfacet
  facet normal -0.228197 -0.307693 0.923716
    outer loop
      vertex -0.0271238 -0.0330505 0.0903989
      vertex -0.0237537 -0.0355499 0.0903989
      vertex -0.0213721 -0.0260419 0.0941544
    endloop
  endfacet
  facet normal -0.228204 -0.30769 0.923715
    outer loop
      vertex -0.0237537 -0.0355499 0.0903989
      vertex -0.0187166 -0.0280114 0.0941544
      vertex -0.0213721 -0.0260419 0.0941544
    endloop
  endfacet
  facet normal -0.196943 -0.328579 0.923715
    outer loop
      vertex -0.0237537 -0.0355499 0.0903989
      vertex -0.0201548 -0.037707 0.0903989
      vertex -0.0187166 -0.0280114 0.0941544
    endloop
  endfacet
  facet normal -0.196937 -0.32858 0.923716
    outer loop
      vertex -0.0201548 -0.037707 0.0903989
      vertex -0.0158809 -0.029711 0.0941544
      vertex -0.0187166 -0.0280114 0.0941544
    endloop
  endfacet
  facet normal -0.163783 -0.346301 0.923716
    outer loop
      vertex -0.0201548 -0.037707 0.0903989
      vertex -0.0163618 -0.0395009 0.0903989
      vertex -0.0158809 -0.029711 0.0941544
    endloop
  endfacet
  facet normal -0.163793 -0.3463 0.923714
    outer loop
      vertex -0.0163618 -0.0395009 0.0903989
      vertex -0.0128922 -0.0311246 0.0941544
      vertex -0.0158809 -0.029711 0.0941544
    endloop
  endfacet
  facet normal -0.129063 -0.360686 0.923715
    outer loop
      vertex -0.0163618 -0.0395009 0.0903989
      vertex -0.0124113 -0.0409145 0.0903989
      vertex -0.0128922 -0.0311246 0.0941544
    endloop
  endfacet
  facet normal -0.129046 -0.360686 0.923717
    outer loop
      vertex -0.0124113 -0.0409145 0.0903989
      vertex -0.0097794 -0.0322383 0.0941544
      vertex -0.0128922 -0.0311246 0.0941544
    endloop
  endfacet
  facet normal -0.0930791 -0.371596 0.923717
    outer loop
      vertex -0.0124113 -0.0409145 0.0903989
      vertex -0.00834119 -0.041934 0.0903989
      vertex -0.0097794 -0.0322383 0.0941544
    endloop
  endfacet
  facet normal -0.0930905 -0.371597 0.923715
    outer loop
      vertex -0.00834119 -0.041934 0.0903989
      vertex -0.0065724 -0.0330417 0.0941544
      vertex -0.0097794 -0.0322383 0.0941544
    endloop
  endfacet
  facet normal -0.0562044 -0.378934 0.923715
    outer loop
      vertex -0.00834119 -0.041934 0.0903989
      vertex -0.00419077 -0.0425496 0.0903989
      vertex -0.0065724 -0.0330417 0.0941544
    endloop
  endfacet
  facet normal -0.0562094 -0.378935 0.923714
    outer loop
      vertex -0.00419077 -0.0425496 0.0903989
      vertex -0.0033021 -0.0335268 0.0941544
      vertex -0.0065724 -0.0330417 0.0941544
    endloop
  endfacet
  facet normal -0.0187988 -0.38262 0.923715
    outer loop
      vertex -0.00419077 -0.0425496 0.0903989
      vertex -0 -0.0427555 0.0903989
      vertex -0.0033021 -0.0335268 0.0941544
    endloop
  endfacet
  facet normal -0.0187943 -0.382619 0.923715
    outer loop
      vertex -0 -0.0427555 0.0903989
      vertex -0 -0.033689 0.0941544
      vertex -0.0033021 -0.0335268 0.0941544
    endloop
  endfacet
  facet normal 0.0187987 -0.382619 0.923715
    outer loop
      vertex -0 -0.0427555 0.0903989
      vertex 0.00419077 -0.0425496 0.0903989
      vertex -0 -0.033689 0.0941544
    endloop
  endfacet
  facet normal 0.0187944 -0.38262 0.923714
    outer loop
      vertex 0.00419077 -0.0425496 0.0903989
      vertex 0.0033021 -0.0335268 0.0941544
      vertex -0 -0.033689 0.0941544
    endloop
  endfacet
  facet normal 0.0562047 -0.378936 0.923715
    outer loop
      vertex 0.00419077 -0.0425496 0.0903989
      vertex 0.00834119 -0.041934 0.0903989
      vertex 0.0033021 -0.0335268 0.0941544
    endloop
  endfacet
  facet normal 0.0562091 -0.378934 0.923715
    outer loop
      vertex 0.00834119 -0.041934 0.0903989
      vertex 0.0065724 -0.0330417 0.0941544
      vertex 0.0033021 -0.0335268 0.0941544
    endloop
  endfacet
  facet normal 0.09308 -0.371599 0.923715
    outer loop
      vertex 0.00834119 -0.041934 0.0903989
      vertex 0.0124113 -0.0409145 0.0903989
      vertex 0.0065724 -0.0330417 0.0941544
    endloop
  endfacet
  facet normal 0.0930895 -0.371593 0.923717
    outer loop
      vertex 0.0124113 -0.0409145 0.0903989
      vertex 0.0097794 -0.0322383 0.0941544
      vertex 0.0065724 -0.0330417 0.0941544
    endloop
  endfacet
  facet normal 0.129062 -0.360681 0.923717
    outer loop
      vertex 0.0124113 -0.0409145 0.0903989
      vertex 0.0163618 -0.0395009 0.0903989
      vertex 0.0097794 -0.0322383 0.0941544
    endloop
  endfacet
  facet normal 0.129049 -0.360692 0.923714
    outer loop
      vertex 0.0163618 -0.0395009 0.0903989
      vertex 0.0128922 -0.0311246 0.0941544
      vertex 0.0097794 -0.0322383 0.0941544
    endloop
  endfacet
  facet normal 0.163784 -0.346304 0.923714
    outer loop
      vertex 0.0163618 -0.0395009 0.0903989
      vertex 0.0201548 -0.037707 0.0903989
      vertex 0.0128922 -0.0311246 0.0941544
    endloop
  endfacet
  facet normal 0.163792 -0.346296 0.923716
    outer loop
      vertex 0.0201548 -0.037707 0.0903989
      vertex 0.0158809 -0.029711 0.0941544
      vertex 0.0128922 -0.0311246 0.0941544
    endloop
  endfacet
  facet normal 0.196942 -0.328577 0.923716
    outer loop
      vertex 0.0201548 -0.037707 0.0903989
      vertex 0.0237537 -0.0355499 0.0903989
      vertex 0.0158809 -0.029711 0.0941544
    endloop
  endfacet
  facet normal 0.196938 -0.328582 0.923715
    outer loop
      vertex 0.0237537 -0.0355499 0.0903989
      vertex 0.0187166 -0.0280114 0.0941544
      vertex 0.0158809 -0.029711 0.0941544
    endloop
  endfacet
  facet normal 0.228198 -0.307694 0.923715
    outer loop
      vertex 0.0237537 -0.0355499 0.0903989
      vertex 0.0271238 -0.0330505 0.0903989
      vertex 0.0187166 -0.0280114 0.0941544
    endloop
  endfacet
  facet normal 0.228203 -0.307688 0.923716
    outer loop
      vertex 0.0271238 -0.0330505 0.0903989
      vertex 0.0213721 -0.0260419 0.0941544
      vertex 0.0187166 -0.0280114 0.0941544
    endloop
  endfacet
  facet normal 0.257262 -0.28384 0.923716
    outer loop
      vertex 0.0271238 -0.0330505 0.0903989
      vertex 0.0302327 -0.0302327 0.0903989
      vertex 0.0213721 -0.0260419 0.0941544
    endloop
  endfacet
  facet normal 0.257261 -0.283842 0.923715
    outer loop
      vertex 0.0302327 -0.0302327 0.0903989
      vertex 0.0238217 -0.0238217 0.0941544
      vertex 0.0213721 -0.0260419 0.0941544
    endloop
  endfacet
  facet normal 0.28384 -0.257263 0.923716
    outer loop
      vertex 0.0302327 -0.0302327 0.0903989
      vertex 0.0330505 -0.0271238 0.0903989
      vertex 0.0238217 -0.0238217 0.0941544
    endloop
  endfacet
  facet normal 0.283841 -0.25726 0.923716
    outer loop
      vertex 0.0330505 -0.0271238 0.0903989
      vertex 0.0260419 -0.0213721 0.0941544
      vertex 0.0238217 -0.0238217 0.0941544
    endloop
  endfacet
  facet normal 0.307693 -0.228197 0.923716
    outer loop
      vertex 0.0330505 -0.0271238 0.0903989
      vertex 0.0355499 -0.0237537 0.0903989
      vertex 0.0260419 -0.0213721 0.0941544
    endloop
  endfacet
  facet normal 0.30769 -0.228204 0.923715
    outer loop
      vertex 0.0355499 -0.0237537 0.0903989
      vertex 0.0280114 -0.0187166 0.0941544
      vertex 0.0260419 -0.0213721 0.0941544
    endloop
  endfacet
  facet normal 0.328579 -0.196943 0.923715
    outer loop
      vertex 0.0355499 -0.0237537 0.0903989
      vertex 0.037707 -0.0201548 0.0903989
      vertex 0.0280114 -0.0187166 0.0941544
    endloop
  endfacet
  facet normal 0.32858 -0.196937 0.923716
    outer loop
      vertex 0.037707 -0.0201548 0.0903989
      vertex 0.029711 -0.0158809 0.0941544
      vertex 0.0280114 -0.0187166 0.0941544
    endloop
  endfacet
  facet normal 0.346301 -0.163783 0.923716
    outer loop
      vertex 0.037707 -0.0201548 0.0903989
      vertex 0.0395009 -0.0163618 0.0903989
      vertex 0.029711 -0.0158809 0.0941544
    endloop
  endfacet
  facet normal 0.3463 -0.163793 0.923714
    outer loop
      vertex 0.0395009 -0.0163618 0.0903989
      vertex 0.0311246 -0.0128922 0.0941544
      vertex 0.029711 -0.0158809 0.0941544
    endloop
  endfacet
  facet normal 0.360686 -0.129063 0.923715
    outer loop
      vertex 0.0395009 -0.0163618 0.0903989
      vertex 0.0409145 -0.0124113 0.0903989
      vertex 0.0311246 -0.0128922 0.0941544
    endloop
  endfacet
  facet normal 0.360686 -0.129046 0.923717
    outer loop
      vertex 0.0409145 -0.0124113 0.0903989
      vertex 0.0322383 -0.0097794 0.0941544
      vertex 0.0311246 -0.0128922 0.0941544
    endloop
  endfacet
  facet normal 0.371596 -0.0930791 0.923717
    outer loop
      vertex 0.0409145 -0.0124113 0.0903989
      vertex 0.041934 -0.00834119 0.0903989
      vertex 0.0322383 -0.0097794 0.0941544
    endloop
  endfacet
  facet normal 0.371597 -0.0930905 0.923715
    outer loop
      vertex 0.041934 -0.00834119 0.0903989
      vertex 0.0330417 -0.0065724 0.0941544
      vertex 0.0322383 -0.0097794 0.0941544
    endloop
  endfacet
  facet normal 0.378934 -0.0562044 0.923715
    outer loop
      vertex 0.041934 -0.00834119 0.0903989
      vertex 0.0425496 -0.00419077 0.0903989
      vertex 0.0330417 -0.0065724 0.0941544
    endloop
  endfacet
  facet normal 0.378935 -0.0562094 0.923714
    outer loop
      vertex 0.0425496 -0.00419077 0.0903989
      vertex 0.0335268 -0.0033021 0.0941544
      vertex 0.0330417 -0.0065724 0.0941544
    endloop
  endfacet
  facet normal 0.38262 -0.0187988 0.923715
    outer loop
      vertex 0.0425496 -0.00419077 0.0903989
      vertex 0.0427555 0 0.0903989
      vertex 0.0335268 -0.0033021 0.0941544
    endloop
  endfacet
  facet normal 0.382619 -0.0187943 0.923715
    outer loop
      vertex 0.0427555 0 0.0903989
      vertex 0.033689 0 0.0941544
      vertex 0.0335268 -0.0033021 0.0941544
    endloop
  endfacet
  facet normal 0.471263 0.0231559 0.881688
    outer loop
      vertex 0.0514103 0 0.0857729
      vertex 0.0511627 0.00503909 0.0857729
      vertex 0.0427555 0 0.0903989
    endloop
  endfacet
  facet normal 0.471264 0.0231541 0.881688
    outer loop
      vertex 0.0511627 0.00503909 0.0857729
      vertex 0.0425496 0.00419077 0.0903989
      vertex 0.0427555 0 0.0903989
    endloop
  endfacet
  facet normal 0.466726 0.0692348 0.881688
    outer loop
      vertex 0.0511627 0.00503909 0.0857729
      vertex 0.0504224 0.0100296 0.0857729
      vertex 0.0425496 0.00419077 0.0903989
    endloop
  endfacet
  facet normal 0.466731 0.0692266 0.881686
    outer loop
      vertex 0.0504224 0.0100296 0.0857729
      vertex 0.041934 0.00834119 0.0903989
      vertex 0.0425496 0.00419077 0.0903989
    endloop
  endfacet
  facet normal 0.457698 0.11464 0.881686
    outer loop
      vertex 0.0504224 0.0100296 0.0857729
      vertex 0.0491966 0.0149236 0.0857729
      vertex 0.041934 0.00834119 0.0903989
    endloop
  endfacet
  facet normal 0.457694 0.114645 0.881688
    outer loop
      vertex 0.0491966 0.0149236 0.0857729
      vertex 0.0409145 0.0124113 0.0903989
      vertex 0.041934 0.00834119 0.0903989
    endloop
  endfacet
  facet normal 0.444252 0.158957 0.881688
    outer loop
      vertex 0.0491966 0.0149236 0.0857729
      vertex 0.0474969 0.0196739 0.0857729
      vertex 0.0409145 0.0124113 0.0903989
    endloop
  endfacet
  facet normal 0.444246 0.158964 0.881689
    outer loop
      vertex 0.0474969 0.0196739 0.0857729
      vertex 0.0395009 0.0163618 0.0903989
      vertex 0.0409145 0.0124113 0.0903989
    endloop
  endfacet
  facet normal 0.426528 0.201737 0.881689
    outer loop
      vertex 0.0474969 0.0196739 0.0857729
      vertex 0.0453398 0.0242346 0.0857729
      vertex 0.0395009 0.0163618 0.0903989
    endloop
  endfacet
  facet normal 0.426536 0.20173 0.881687
    outer loop
      vertex 0.0453398 0.0242346 0.0857729
      vertex 0.037707 0.0201548 0.0903989
      vertex 0.0395009 0.0163618 0.0903989
    endloop
  endfacet
  facet normal 0.404708 0.242568 0.881687
    outer loop
      vertex 0.0453398 0.0242346 0.0857729
      vertex 0.0427461 0.028562 0.0857729
      vertex 0.037707 0.0201548 0.0903989
    endloop
  endfacet
  facet normal 0.404705 0.242571 0.881688
    outer loop
      vertex 0.0427461 0.028562 0.0857729
      vertex 0.0355499 0.0237537 0.0903989
      vertex 0.037707 0.0201548 0.0903989
    endloop
  endfacet
  facet normal 0.37898 0.281071 0.881688
    outer loop
      vertex 0.0427461 0.028562 0.0857729
      vertex 0.0397407 0.0326143 0.0857729
      vertex 0.0355499 0.0237537 0.0903989
    endloop
  endfacet
  facet normal 0.378983 0.281069 0.881687
    outer loop
      vertex 0.0397407 0.0326143 0.0857729
      vertex 0.0330505 0.0271238 0.0903989
      vertex 0.0355499 0.0237537 0.0903989
    endloop
  endfacet
  facet normal 0.349611 0.31686 0.881687
    outer loop
      vertex 0.0397407 0.0326143 0.0857729
      vertex 0.0363526 0.0363526 0.0857729
      vertex 0.0330505 0.0271238 0.0903989
    endloop
  endfacet
  facet normal 0.3496 0.316865 0.88169
    outer loop
      vertex 0.0363526 0.0363526 0.0857729
      vertex 0.0302327 0.0302327 0.0903989
      vertex 0.0330505 0.0271238 0.0903989
    endloop
  endfacet
  facet normal 0.316857 0.349608 0.881689
    outer loop
      vertex 0.0363526 0.0363526 0.0857729
      vertex 0.0326143 0.0397407 0.0857729
      vertex 0.0302327 0.0302327 0.0903989
    endloop
  endfacet
  facet normal 0.316869 0.349603 0.881687
    outer loop
      vertex 0.0326143 0.0397407 0.0857729
      vertex 0.0271238 0.0330505 0.0903989
      vertex 0.0302327 0.0302327 0.0903989
    endloop
  endfacet
  facet normal 0.281072 0.378981 0.881687
    outer loop
      vertex 0.0326143 0.0397407 0.0857729
      vertex 0.028562 0.0427461 0.0857729
      vertex 0.0271238 0.0330505 0.0903989
    endloop
  endfacet
  facet normal 0.281068 0.378982 0.881688
    outer loop
      vertex 0.028562 0.0427461 0.0857729
      vertex 0.0237537 0.0355499 0.0903989
      vertex 0.0271238 0.0330505 0.0903989
    endloop
  endfacet
  facet normal 0.242568 0.404707 0.881688
    outer loop
      vertex 0.028562 0.0427461 0.0857729
      vertex 0.0242346 0.0453398 0.0857729
      vertex 0.0237537 0.0355499 0.0903989
    endloop
  endfacet
  facet normal 0.242572 0.404706 0.881687
    outer loop
      vertex 0.0242346 0.0453398 0.0857729
      vertex 0.0201548 0.037707 0.0903989
      vertex 0.0237537 0.0355499 0.0903989
    endloop
  endfacet
  facet normal 0.201739 0.426532 0.881687
    outer loop
      vertex 0.0242346 0.0453398 0.0857729
      vertex 0.0196739 0.0474969 0.0857729
      vertex 0.0201548 0.037707 0.0903989
    endloop
  endfacet
  facet normal 0.201728 0.426532 0.881689
    outer loop
      vertex 0.0196739 0.0474969 0.0857729
      vertex 0.0163618 0.0395009 0.0903989
      vertex 0.0201548 0.037707 0.0903989
    endloop
  endfacet
  facet normal 0.158956 0.444249 0.881689
    outer loop
      vertex 0.0196739 0.0474969 0.0857729
      vertex 0.0149236 0.0491966 0.0857729
      vertex 0.0163618 0.0395009 0.0903989
    endloop
  endfacet
  facet normal 0.158965 0.444249 0.881687
    outer loop
      vertex 0.0149236 0.0491966 0.0857729
      vertex 0.0124113 0.0409145 0.0903989
      vertex 0.0163618 0.0395009 0.0903989
    endloop
  endfacet
  facet normal 0.114639 0.457695 0.881687
    outer loop
      vertex 0.0149236 0.0491966 0.0857729
      vertex 0.0100296 0.0504224 0.0857729
      vertex 0.0124113 0.0409145 0.0903989
    endloop
  endfacet
  facet normal 0.114646 0.457696 0.881686
    outer loop
      vertex 0.0100296 0.0504224 0.0857729
      vertex 0.00834119 0.041934 0.0903989
      vertex 0.0124113 0.0409145 0.0903989
    endloop
  endfacet
  facet normal 0.0692353 0.466729 0.881686
    outer loop
      vertex 0.0100296 0.0504224 0.0857729
      vertex 0.00503909 0.0511627 0.0857729
      vertex 0.00834119 0.041934 0.0903989
    endloop
  endfacet
  facet normal 0.069226 0.466727 0.881688
    outer loop
      vertex 0.00503909 0.0511627 0.0857729
      vertex 0.00419077 0.0425496 0.0903989
      vertex 0.00834119 0.041934 0.0903989
    endloop
  endfacet
  facet normal 0.023156 0.471264 0.881688
    outer loop
      vertex 0.00503909 0.0511627 0.0857729
      vertex 0 0.0514103 0.0857729
      vertex 0.00419077 0.0425496 0.0903989
    endloop
  endfacet
  facet normal 0.023154 0.471263 0.881689
    outer loop
      vertex 0 0.0514103 0.0857729
      vertex 0 0.0427555 0.0903989
      vertex 0.00419077 0.0425496 0.0903989
    endloop
  endfacet
  facet normal -0.0231559 0.471263 0.881688
    outer loop
      vertex 0 0.0514103 0.0857729
      vertex -0.00503909 0.0511627 0.0857729
      vertex 0 0.0427555 0.0903989
    endloop
  endfacet
  facet normal -0.0231541 0.471264 0.881688
    outer loop
      vertex -0.00503909 0.0511627 0.0857729
      vertex -0.00419077 0.0425496 0.0903989
      vertex 0 0.0427555 0.0903989
    endloop
  endfacet
  facet normal -0.0692348 0.466726 0.881688
    outer loop
      vertex -0.00503909 0.0511627 0.0857729
      vertex -0.0100296 0.0504224 0.0857729
      vertex -0.00419077 0.0425496 0.0903989
    endloop
  endfacet
  facet normal -0.0692266 0.466731 0.881686
    outer loop
      vertex -0.0100296 0.0504224 0.0857729
      vertex -0.00834119 0.041934 0.0903989
      vertex -0.00419077 0.0425496 0.0903989
    endloop
  endfacet
  facet normal -0.11464 0.457698 0.881686
    outer loop
      vertex -0.0100296 0.0504224 0.0857729
      vertex -0.0149236 0.0491966 0.0857729
      vertex -0.00834119 0.041934 0.0903989
    endloop
  endfacet
  facet normal -0.114645 0.457694 0.881688
    outer loop
      vertex -0.0149236 0.0491966 0.0857729
      vertex -0.0124113 0.0409145 0.0903989
      vertex -0.00834119 0.041934 0.0903989
    endloop
  endfacet
  facet normal -0.158957 0.444252 0.881688
    outer loop
      vertex -0.0149236 0.0491966 0.0857729
      vertex -0.0196739 0.0474969 0.0857729
      vertex -0.0124113 0.0409145 0.0903989
    endloop
  endfacet
  facet normal -0.158964 0.444246 0.881689
    outer loop
      vertex -0.0196739 0.0474969 0.0857729
      vertex -0.0163618 0.0395009 0.0903989
      vertex -0.0124113 0.0409145 0.0903989
    endloop
  endfacet
  facet normal -0.201737 0.426528 0.881689
    outer loop
      vertex -0.0196739 0.0474969 0.0857729
      vertex -0.0242346 0.0453398 0.0857729
      vertex -0.0163618 0.0395009 0.0903989
    endloop
  endfacet
  facet normal -0.20173 0.426536 0.881687
    outer loop
      vertex -0.0242346 0.0453398 0.0857729
      vertex -0.0201548 0.037707 0.0903989
      vertex -0.0163618 0.0395009 0.0903989
    endloop
  endfacet
  facet normal -0.242568 0.404708 0.881687
    outer loop
      vertex -0.0242346 0.0453398 0.0857729
      vertex -0.028562 0.0427461 0.0857729
      vertex -0.0201548 0.037707 0.0903989
    endloop
  endfacet
  facet normal -0.242571 0.404705 0.881688
    outer loop
      vertex -0.028562 0.0427461 0.0857729
      vertex -0.0237537 0.0355499 0.0903989
      vertex -0.0201548 0.037707 0.0903989
    endloop
  endfacet
  facet normal -0.281071 0.37898 0.881688
    outer loop
      vertex -0.028562 0.0427461 0.0857729
      vertex -0.0326143 0.0397407 0.0857729
      vertex -0.0237537 0.0355499 0.0903989
    endloop
  endfacet
  facet normal -0.281069 0.378983 0.881687
    outer loop
      vertex -0.0326143 0.0397407 0.0857729
      vertex -0.0271238 0.0330505 0.0903989
      vertex -0.0237537 0.0355499 0.0903989
    endloop
  endfacet
  facet normal -0.31686 0.349611 0.881687
    outer loop
      vertex -0.0326143 0.0397407 0.0857729
      vertex -0.0363526 0.0363526 0.0857729
      vertex -0.0271238 0.0330505 0.0903989
    endloop
  endfacet
  facet normal -0.316865 0.3496 0.88169
    outer loop
      vertex -0.0363526 0.0363526 0.0857729
      vertex -0.0302327 0.0302327 0.0903989
      vertex -0.0271238 0.0330505 0.0903989
    endloop
  endfacet
  facet normal -0.349608 0.316857 0.881689
    outer loop
      vertex -0.0363526 0.0363526 0.0857729
      vertex -0.0397407 0.0326143 0.0857729
      vertex -0.0302327 0.0302327 0.0903989
    endloop
  endfacet
  facet normal -0.349603 0.316869 0.881687
    outer loop
      vertex -0.0397407 0.0326143 0.0857729
      vertex -0.0330505 0.0271238 0.0903989
      vertex -0.0302327 0.0302327 0.0903989
    endloop
  endfacet
  facet normal -0.378981 0.281072 0.881687
    outer loop
      vertex -0.0397407 0.0326143 0.0857729
      vertex -0.0427461 0.028562 0.0857729
      vertex -0.0330505 0.0271238 0.0903989
    endloop
  endfacet
  facet normal -0.378982 0.281068 0.881688
    outer loop
      vertex -0.0427461 0.028562 0.0857729
      vertex -0.0355499 0.0237537 0.0903989
      vertex -0.0330505 0.0271238 0.0903989
    endloop
  endfacet
  facet normal -0.404707 0.242568 0.881688
    outer loop
      vertex -0.0427461 0.028562 0.0857729
      vertex -0.0453398 0.0242346 0.0857729
      vertex -0.0355499 0.0237537 0.0903989
    endloop
  endfacet
  facet normal -0.404706 0.242572 0.881687
    outer loop
      vertex -0.0453398 0.0242346 0.0857729
      vertex -0.037707 0.0201548 0.0903989
      vertex -0.0355499 0.0237537 0.0903989
    endloop
  endfacet
  facet normal -0.426532 0.201739 0.881687
    outer loop
      vertex -0.0453398 0.0242346 0.0857729
      vertex -0.0474969 0.0196739 0.0857729
      vertex -0.037707 0.0201548 0.0903989
    endloop
  endfacet
  facet normal -0.426532 0.201728 0.881689
    outer loop
      vertex -0.0474969 0.0196739 0.0857729
      vertex -0.0395009 0.0163618 0.0903989
      vertex -0.037707 0.0201548 0.0903989
    endloop
  endfacet
  facet normal -0.444249 0.158956 0.881689
    outer loop
      vertex -0.0474969 0.0196739 0.0857729
      vertex -0.0491966 0.0149236 0.0857729
      vertex -0.0395009 0.0163618 0.0903989
    endloop
  endfacet
  facet normal -0.444249 0.158965 0.881687
    outer loop
      vertex -0.0491966 0.0149236 0.0857729
      vertex -0.0409145 0.0124113 0.0903989
      vertex -0.0395009 0.0163618 0.0903989
    endloop
  endfacet
  facet normal -0.457695 0.114639 0.881687
    outer loop
      vertex -0.0491966 0.0149236 0.0857729
      vertex -0.0504224 0.0100296 0.0857729
      vertex -0.0409145 0.0124113 0.0903989
    endloop
  endfacet
  facet normal -0.457696 0.114646 0.881686
    outer loop
      vertex -0.0504224 0.0100296 0.0857729
      vertex -0.041934 0.00834119 0.0903989
      vertex -0.0409145 0.0124113 0.0903989
    endloop
  endfacet
  facet normal -0.466729 0.0692353 0.881686
    outer loop
      vertex -0.0504224 0.0100296 0.0857729
      vertex -0.0511627 0.00503909 0.0857729
      vertex -0.041934 0.00834119 0.0903989
    endloop
  endfacet
  facet normal -0.466727 0.069226 0.881688
    outer loop
      vertex -0.0511627 0.00503909 0.0857729
      vertex -0.0425496 0.00419077 0.0903989
      vertex -0.041934 0.00834119 0.0903989
    endloop
  endfacet
  facet normal -0.471264 0.023156 0.881688
    outer loop
      vertex -0.0511627 0.00503909 0.0857729
      vertex -0.0514103 -0 0.0857729
      vertex -0.0425496 0.00419077 0.0903989
    endloop
  endfacet
  facet normal -0.471263 0.023154 0.881689
    outer loop
      vertex -0.0514103 -0 0.0857729
      vertex -0.0427555 -0 0.0903989
      vertex -0.0425496 0.00419077 0.0903989
    endloop
  endfacet
  facet normal -0.471263 -0.0231559 0.881688
    outer loop
      vertex -0.0514103 -0 0.0857729
      vertex -0.0511627 -0.00503909 0.0857729
      vertex -0.0427555 -0 0.0903989
    endloop
  endfacet
  facet normal -0.471264 -0.0231541 0.881688
    outer loop
      vertex -0.0511627 -0.00503909 0.0857729
      vertex -0.0425496 -0.00419077 0.0903989
      vertex -0.0427555 -0 0.0903989
    endloop
  endfacet
  facet normal -0.466726 -0.0692348 0.881688
    outer loop
      vertex -0.0511627 -0.00503909 0.0857729
      vertex -0.0504224 -0.0100296 0.0857729
      vertex -0.0425496 -0.00419077 0.0903989
    endloop
  endfacet
  facet normal -0.466731 -0.0692266 0.881686
    outer loop
      vertex -0.0504224 -0.0100296 0.0857729
      vertex -0.041934 -0.00834119 0.0903989
      vertex -0.0425496 -0.00419077 0.0903989
    endloop
  endfacet
  facet normal -0.457698 -0.11464 0.881686
    outer loop
      vertex -0.0504224 -0.0100296 0.0857729
      vertex -0.0491966 -0.0149236 0.0857729
      vertex -0.041934 -0.00834119 0.0903989
    endloop
  endfacet
  facet normal -0.457694 -0.114645 0.881688
    outer loop
      vertex -0.0491966 -0.0149236 0.0857729
      vertex -0.0409145 -0.0124113 0.0903989
      vertex -0.041934 -0.00834119 0.0903989
    endloop
  endfacet
  facet normal -0.444252 -0.158957 0.881688
    outer loop
      vertex -0.0491966 -0.0149236 0.0857729
      vertex -0.0474969 -0.0196739 0.0857729
      vertex -0.0409145 -0.0124113 0.0903989
    endloop
  endfacet
  facet normal -0.444246 -0.158964 0.881689
    outer loop
      vertex -0.0474969 -0.0196739 0.0857729
      vertex -0.0395009 -0.0163618 0.0903989
      vertex -0.0409145 -0.0124113 0.0903989
    endloop
  endfacet
  facet normal -0.426528 -0.201737 0.881689
    outer loop
      vertex -0.0474969 -0.0196739 0.0857729
      vertex -0.0453398 -0.0242346 0.0857729
      vertex -0.0395009 -0.0163618 0.0903989
    endloop
  endfacet
  facet normal -0.426536 -0.20173 0.881687
    outer loop
      vertex -0.0453398 -0.0242346 0.0857729
      vertex -0.037707 -0.0201548 0.0903989
      vertex -0.0395009 -0.0163618 0.0903989
    endloop
  endfacet
  facet normal -0.404708 -0.242568 0.881687
    outer loop
      vertex -0.0453398 -0.0242346 0.0857729
      vertex -0.0427461 -0.028562 0.0857729
      vertex -0.037707 -0.0201548 0.0903989
    endloop
  endfacet
  facet normal -0.404705 -0.242571 0.881688
    outer loop
      vertex -0.0427461 -0.028562 0.0857729
      vertex -0.0355499 -0.0237537 0.0903989
      vertex -0.037707 -0.0201548 0.0903989
    endloop
  endfacet
  facet normal -0.37898 -0.281071 0.881688
    outer loop
      vertex -0.0427461 -0.028562 0.0857729
      vertex -0.0397407 -0.0326143 0.0857729
      vertex -0.0355499 -0.0237537 0.0903989
    endloop
  endfacet
  facet normal -0.378983 -0.281069 0.881687
    outer loop
      vertex -0.0397407 -0.0326143 0.0857729
      vertex -0.0330505 -0.0271238 0.0903989
      vertex -0.0355499 -0.0237537 0.0903989
    endloop
  endfacet
  facet normal -0.349611 -0.31686 0.881687
    outer loop
      vertex -0.0397407 -0.0326143 0.0857729
      vertex -0.0363526 -0.0363526 0.0857729
      vertex -0.0330505 -0.0271238 0.0903989
    endloop
  endfacet
  facet normal -0.3496 -0.316865 0.88169
    outer loop
      vertex -0.0363526 -0.0363526 0.0857729
      vertex -0.0302327 -0.0302327 0.0903989
      vertex -0.0330505 -0.0271238 0.0903989
    endloop
  endfacet
  facet normal -0.316857 -0.349608 0.881689
    outer loop
      vertex -0.0363526 -0.0363526 0.0857729
      vertex -0.0326143 -0.0397407 0.0857729
      vertex -0.0302327 -0.0302327 0.0903989
    endloop
  endfacet
  facet normal -0.316869 -0.349603 0.881687
    outer loop
      vertex -0.0326143 -0.0397407 0.0857729
      vertex -0.0271238 -0.0330505 0.0903989
      vertex -0.0302327 -0.0302327 0.0903989
    endloop
  endfacet
  facet normal -0.281072 -0.378981 0.881687
    outer loop
      vertex -0.0326143 -0.0397407 0.0857729
      vertex -0.028562 -0.0427461 0.0857729
      vertex -0.0271238 -0.0330505 0.0903989
    endloop
  endfacet
  facet normal -0.281068 -0.378982 0.881688
    outer loop
      vertex -0.028562 -0.0427461 0.0857729
      vertex -0.0237537 -0.0355499 0.0903989
      vertex -0.0271238 -0.0330505 0.0903989
    endloop
  endfacet
  facet normal -0.242568 -0.404707 0.881688
    outer loop
      vertex -0.028562 -0.0427461 0.0857729
      vertex -0.0242346 -0.0453398 0.0857729
      vertex -0.0237537 -0.0355499 0.0903989
    endloop
  endfacet
  facet normal -0.242572 -0.404706 0.881687
    outer loop
      vertex -0.0242346 -0.0453398 0.0857729
      vertex -0.0201548 -0.037707 0.0903989
      vertex -0.0237537 -0.0355499 0.0903989
    endloop
  endfacet
  facet normal -0.201739 -0.426532 0.881687
    outer loop
      vertex -0.0242346 -0.0453398 0.0857729
      vertex -0.0196739 -0.0474969 0.0857729
      vertex -0.0201548 -0.037707 0.0903989
    endloop
  endfacet
  facet normal -0.201728 -0.426532 0.881689
    outer loop
      vertex -0.0196739 -0.0474969 0.0857729
      vertex -0.0163618 -0.0395009 0.0903989
      vertex -0.0201548 -0.037707 0.0903989
    endloop
  endfacet
  facet normal -0.158956 -0.444249 0.881689
    outer loop
      vertex -0.0196739 -0.0474969 0.0857729
      vertex -0.0149236 -0.0491966 0.0857729
      vertex -0.0163618 -0.0395009 0.0903989
    endloop
  endfacet
  facet normal -0.158965 -0.444249 0.881687
    outer loop
      vertex -0.0149236 -0.0491966 0.0857729
      vertex -0.0124113 -0.0409145 0.0903989
      vertex -0.0163618 -0.0395009 0.0903989
    endloop
  endfacet
  facet normal -0.114639 -0.457695 0.881687
    outer loop
      vertex -0.0149236 -0.0491966 0.0857729
      vertex -0.0100296 -0.0504224 0.0857729
      vertex -0.0124113 -0.0409145 0.0903989
    endloop
  endfacet
  facet normal -0.114646 -0.457696 0.881686
    outer loop
      vertex -0.0100296 -0.0504224 0.0857729
      vertex -0.00834119 -0.041934 0.0903989
      vertex -0.0124113 -0.0409145 0.0903989
    endloop
  endfacet
  facet normal -0.0692353 -0.466729 0.881686
    outer loop
      vertex -0.0100296 -0.0504224 0.0857729
      vertex -0.00503909 -0.0511627 0.0857729
      vertex -0.00834119 -0.041934 0.0903989
    endloop
  endfacet
  facet normal -0.069226 -0.466727 0.881688
    outer loop
      vertex -0.00503909 -0.0511627 0.0857729
      vertex -0.00419077 -0.0425496 0.0903989
      vertex -0.00834119 -0.041934 0.0903989
    endloop
  endfacet
  facet normal -0.023156 -0.471264 0.881688
    outer loop
      vertex -0.00503909 -0.0511627 0.0857729
      vertex -0 -0.0514103 0.0857729
      vertex -0.00419077 -0.0425496 0.0903989
    endloop
  endfacet
  facet normal -0.023154 -0.471263 0.881689
    outer loop
      vertex -0 -0.0514103 0.0857729
      vertex -0 -0.0427555 0.0903989
      vertex -0.00419077 -0.0425496 0.0903989
    endloop
  endfacet
  facet normal 0.0231559 -0.471263 0.881688
    outer loop
      vertex -0 -0.0514103 0.0857729
      vertex 0.00503909 -0.0511627 0.0857729
      vertex -0 -0.0427555 0.0903989
    endloop
  endfacet
  facet normal 0.0231541 -0.471264 0.881688
    outer loop
      vertex 0.00503909 -0.0511627 0.0857729
      vertex 0.00419077 -0.0425496 0.0903989
      vertex -0 -0.0427555 0.0903989
    endloop
  endfacet
  facet normal 0.0692348 -0.466726 0.881688
    outer loop
      vertex 0.00503909 -0.0511627 0.0857729
      vertex 0.0100296 -0.0504224 0.0857729
      vertex 0.00419077 -0.0425496 0.0903989
    endloop
  endfacet
  facet normal 0.0692266 -0.466731 0.881686
    outer loop
      vertex 0.0100296 -0.0504224 0.0857729
      vertex 0.00834119 -0.041934 0.0903989
      vertex 0.00419077 -0.0425496 0.0903989
    endloop
  endfacet
  facet normal 0.11464 -0.457698 0.881686
    outer loop
      vertex 0.0100296 -0.0504224 0.0857729
      vertex 0.0149236 -0.0491966 0.0857729
      vertex 0.00834119 -0.041934 0.0903989
    endloop
  endfacet
  facet normal 0.114645 -0.457694 0.881688
    outer loop
      vertex 0.0149236 -0.0491966 0.0857729
      vertex 0.0124113 -0.0409145 0.0903989
      vertex 0.00834119 -0.041934 0.0903989
    endloop
  endfacet
  facet normal 0.158957 -0.444252 0.881688
    outer loop
      vertex 0.0149236 -0.0491966 0.0857729
      vertex 0.0196739 -0.0474969 0.0857729
      vertex 0.0124113 -0.0409145 0.0903989
    endloop
  endfacet
  facet normal 0.158964 -0.444246 0.881689
    outer loop
      vertex 0.0196739 -0.0474969 0.0857729
      vertex 0.0163618 -0.0395009 0.0903989
      vertex 0.0124113 -0.0409145 0.0903989
    endloop
  endfacet
  facet normal 0.201737 -0.426528 0.881689
    outer loop
      vertex 0.0196739 -0.0474969 0.0857729
      vertex 0.0242346 -0.0453398 0.0857729
      vertex 0.0163618 -0.0395009 0.0903989
    endloop
  endfacet
  facet normal 0.20173 -0.426536 0.881687
    outer loop
      vertex 0.0242346 -0.0453398 0.0857729
      vertex 0.0201548 -0.037707 0.0903989
      vertex 0.0163618 -0.0395009 0.0903989
    endloop
  endfacet
  facet normal 0.242568 -0.404708 0.881687
    outer loop
      vertex 0.0242346 -0.0453398 0.0857729
      vertex 0.028562 -0.0427461 0.0857729
      vertex 0.0201548 -0.037707 0.0903989
    endloop
  endfacet
  facet normal 0.242571 -0.404705 0.881688
    outer loop
      vertex 0.028562 -0.0427461 0.0857729
      vertex 0.0237537 -0.0355499 0.0903989
      vertex 0.0201548 -0.037707 0.0903989
    endloop
  endfacet
  facet normal 0.281071 -0.37898 0.881688
    outer loop
      vertex 0.028562 -0.0427461 0.0857729
      vertex 0.0326143 -0.0397407 0.0857729
      vertex 0.0237537 -0.0355499 0.0903989
    endloop
  endfacet
  facet normal 0.281069 -0.378983 0.881687
    outer loop
      vertex 0.0326143 -0.0397407 0.0857729
      vertex 0.0271238 -0.0330505 0.0903989
      vertex 0.0237537 -0.0355499 0.0903989
    endloop
  endfacet
  facet normal 0.31686 -0.349611 0.881687
    outer loop
      vertex 0.0326143 -0.0397407 0.0857729
      vertex 0.0363526 -0.0363526 0.0857729
      vertex 0.0271238 -0.0330505 0.0903989
    endloop
  endfacet
  facet normal 0.316865 -0.3496 0.88169
    outer loop
      vertex 0.0363526 -0.0363526 0.0857729
      vertex 0.0302327 -0.0302327 0.0903989
      vertex 0.0271238 -0.0330505 0.0903989
    endloop
  endfacet
  facet normal 0.349608 -0.316857 0.881689
    outer loop
      vertex 0.0363526 -0.0363526 0.0857729
      vertex 0.0397407 -0.0326143 0.0857729
      vertex 0.0302327 -0.0302327 0.0903989
    endloop
  endfacet
  facet normal 0.349603 -0.316869 0.881687
    outer loop
      vertex 0.0397407 -0.0326143 0.0857729
      vertex 0.0330505 -0.0271238 0.0903989
      vertex 0.0302327 -0.0302327 0.0903989
    endloop
  endfacet
  facet normal 0.378981 -0.281072 0.881687
    outer loop
      vertex 0.0397407 -0.0326143 0.0857729
      vertex 0.0427461 -0.028562 0.0857729
      vertex 0.0330505 -0.0271238 0.0903989
    endloop
  endfacet
  facet normal 0.378982 -0.281068 0.881688
    outer loop
      vertex 0.0427461 -0.028562 0.0857729
      vertex 0.0355499 -0.0237537 0.0903989
      vertex 0.0330505 -0.0271238 0.0903989
    endloop
  endfacet
  facet normal 0.404707 -0.242568 0.881688
    outer loop
      vertex 0.0427461 -0.028562 0.0857729
      vertex 0.0453398 -0.0242346 0.0857729
      vertex 0.0355499 -0.0237537 0.0903989
    endloop
  endfacet
  facet normal 0.404706 -0.242572 0.881687
    outer loop
      vertex 0.0453398 -0.0242346 0.0857729
      vertex 0.037707 -0.0201548 0.0903989
      vertex 0.0355499 -0.0237537 0.0903989
    endloop
  endfacet
  facet normal 0.426532 -0.201739 0.881687
    outer loop
      vertex 0.0453398 -0.0242346 0.0857729
      vertex 0.0474969 -0.0196739 0.0857729
      vertex 0.037707 -0.0201548 0.0903989
    endloop
  endfacet
  facet normal 0.426532 -0.201728 0.881689
    outer loop
      vertex 0.0474969 -0.0196739 0.0857729
      vertex 0.0395009 -0.0163618 0.0903989
      vertex 0.037707 -0.0201548 0.0903989
    endloop
  endfacet
  facet normal 0.444249 -0.158956 0.881689
    outer loop
      vertex 0.0474969 -0.0196739 0.0857729
      vertex 0.0491966 -0.0149236 0.0857729
      vertex 0.0395009 -0.0163618 0.0903989
    endloop
  endfacet
  facet normal 0.444249 -0.158965 0.881687
    outer loop
      vertex 0.0491966 -0.0149236 0.0857729
      vertex 0.0409145 -0.0124113 0.0903989
      vertex 0.0395009 -0.0163618 0.0903989
    endloop
  endfacet
  facet normal 0.457695 -0.114639 0.881687
    outer loop
      vertex 0.0491966 -0.0149236 0.0857729
      vertex 0.0504224 -0.0100296 0.0857729
      vertex 0.0409145 -0.0124113 0.0903989
    endloop
  endfacet
  facet normal 0.457696 -0.114646 0.881686
    outer loop
      vertex 0.0504224 -0.0100296 0.0857729
      vertex 0.041934 -0.00834119 0.0903989
      vertex 0.0409145 -0.0124113 0.0903989
    endloop
  endfacet
  facet normal 0.466729 -0.0692353 0.881686
    outer loop
      vertex 0.0504224 -0.0100296 0.0857729
      vertex 0.0511627 -0.00503909 0.0857729
      vertex 0.041934 -0.00834119 0.0903989
    endloop
  endfacet
  facet normal 0.466727 -0.069226 0.881688
    outer loop
      vertex 0.0511627 -0.00503909 0.0857729
      vertex 0.0425496 -0.00419077 0.0903989
      vertex 0.041934 -0.00834119 0.0903989
    endloop
  endfacet
  facet normal 0.471264 -0.023156 0.881688
    outer loop
      vertex 0.0511627 -0.00503909 0.0857729
      vertex 0.0514103 0 0.0857729
      vertex 0.0425496 -0.00419077 0.0903989
    endloop
  endfacet
  facet normal 0.471263 -0.023154 0.881689
    outer loop
      vertex 0.0514103 0 0.0857729
      vertex 0.0427555 0 0.0903989
      vertex 0.0425496 -0.00419077 0.0903989
    endloop
  endfacet
  facet normal 0.555366 0.0272791 0.831159
    outer loop
      vertex 0.0595699 0 0.0803208
      vertex 0.0592831 0.00583887 0.0803208
      vertex 0.0514103 0 0.0857729
    endloop
  endfacet
  facet normal 0.555361 0.0272881 0.831162
    outer loop
      vertex 0.0592831 0.00583887 0.0803208
      vertex 0.0511627 0.00503909 0.0857729
      vertex 0.0514103 0 0.0857729
    endloop
  endfacet
  facet normal 0.550013 0.0815893 0.831161
    outer loop
      vertex 0.0592831 0.00583887 0.0803208
      vertex 0.0584253 0.0116215 0.0803208
      vertex 0.0511627 0.00503909 0.0857729
    endloop
  endfacet
  facet normal 0.550012 0.0815897 0.831162
    outer loop
      vertex 0.0584253 0.0116215 0.0803208
      vertex 0.0504224 0.0100296 0.0857729
      vertex 0.0511627 0.00503909 0.0857729
    endloop
  endfacet
  facet normal 0.539368 0.135101 0.831162
    outer loop
      vertex 0.0584253 0.0116215 0.0803208
      vertex 0.0570049 0.0172922 0.0803208
      vertex 0.0504224 0.0100296 0.0857729
    endloop
  endfacet
  facet normal 0.539372 0.135096 0.83116
    outer loop
      vertex 0.0570049 0.0172922 0.0803208
      vertex 0.0491966 0.0149236 0.0857729
      vertex 0.0504224 0.0100296 0.0857729
    endloop
  endfacet
  facet normal 0.523528 0.187328 0.83116
    outer loop
      vertex 0.0570049 0.0172922 0.0803208
      vertex 0.0550354 0.0227964 0.0803208
      vertex 0.0491966 0.0149236 0.0857729
    endloop
  endfacet
  facet normal 0.523531 0.187324 0.831159
    outer loop
      vertex 0.0550354 0.0227964 0.0803208
      vertex 0.0474969 0.0196739 0.0857729
      vertex 0.0491966 0.0149236 0.0857729
    endloop
  endfacet
  facet normal 0.502653 0.23773 0.831159
    outer loop
      vertex 0.0550354 0.0227964 0.0803208
      vertex 0.052536 0.0280811 0.0803208
      vertex 0.0474969 0.0196739 0.0857729
    endloop
  endfacet
  facet normal 0.502643 0.237738 0.831162
    outer loop
      vertex 0.052536 0.0280811 0.0803208
      vertex 0.0453398 0.0242346 0.0857729
      vertex 0.0474969 0.0196739 0.0857729
    endloop
  endfacet
  facet normal 0.476923 0.285857 0.831162
    outer loop
      vertex 0.052536 0.0280811 0.0803208
      vertex 0.0495306 0.0330953 0.0803208
      vertex 0.0453398 0.0242346 0.0857729
    endloop
  endfacet
  facet normal 0.476927 0.285854 0.831161
    outer loop
      vertex 0.0495306 0.0330953 0.0803208
      vertex 0.0427461 0.028562 0.0857729
      vertex 0.0453398 0.0242346 0.0857729
    endloop
  endfacet
  facet normal 0.44661 0.331226 0.831161
    outer loop
      vertex 0.0495306 0.0330953 0.0803208
      vertex 0.0460482 0.0377908 0.0803208
      vertex 0.0427461 0.028562 0.0857729
    endloop
  endfacet
  facet normal 0.446607 0.331228 0.831162
    outer loop
      vertex 0.0460482 0.0377908 0.0803208
      vertex 0.0397407 0.0326143 0.0857729
      vertex 0.0427461 0.028562 0.0857729
    endloop
  endfacet
  facet normal 0.411989 0.37341 0.831162
    outer loop
      vertex 0.0460482 0.0377908 0.0803208
      vertex 0.0421223 0.0421223 0.0803208
      vertex 0.0397407 0.0326143 0.0857729
    endloop
  endfacet
  facet normal 0.412001 0.373405 0.831158
    outer loop
      vertex 0.0421223 0.0421223 0.0803208
      vertex 0.0363526 0.0363526 0.0857729
      vertex 0.0397407 0.0326143 0.0857729
    endloop
  endfacet
  facet normal 0.373414 0.411993 0.831158
    outer loop
      vertex 0.0421223 0.0421223 0.0803208
      vertex 0.0377908 0.0460482 0.0803208
      vertex 0.0363526 0.0363526 0.0857729
    endloop
  endfacet
  facet normal 0.373401 0.411997 0.831162
    outer loop
      vertex 0.0377908 0.0460482 0.0803208
      vertex 0.0326143 0.0397407 0.0857729
      vertex 0.0363526 0.0363526 0.0857729
    endloop
  endfacet
  facet normal 0.331226 0.446609 0.831162
    outer loop
      vertex 0.0377908 0.0460482 0.0803208
      vertex 0.0330953 0.0495306 0.0803208
      vertex 0.0326143 0.0397407 0.0857729
    endloop
  endfacet
  facet normal 0.331228 0.446608 0.831161
    outer loop
      vertex 0.0330953 0.0495306 0.0803208
      vertex 0.028562 0.0427461 0.0857729
      vertex 0.0326143 0.0397407 0.0857729
    endloop
  endfacet
  facet normal 0.285858 0.476924 0.831161
    outer loop
      vertex 0.0330953 0.0495306 0.0803208
      vertex 0.0280811 0.052536 0.0803208
      vertex 0.028562 0.0427461 0.0857729
    endloop
  endfacet
  facet normal 0.285853 0.476925 0.831162
    outer loop
      vertex 0.0280811 0.052536 0.0803208
      vertex 0.0242346 0.0453398 0.0857729
      vertex 0.028562 0.0427461 0.0857729
    endloop
  endfacet
  facet normal 0.237728 0.502648 0.831162
    outer loop
      vertex 0.0280811 0.052536 0.0803208
      vertex 0.0227964 0.0550354 0.0803208
      vertex 0.0242346 0.0453398 0.0857729
    endloop
  endfacet
  facet normal 0.23774 0.502648 0.831158
    outer loop
      vertex 0.0227964 0.0550354 0.0803208
      vertex 0.0196739 0.0474969 0.0857729
      vertex 0.0242346 0.0453398 0.0857729
    endloop
  endfacet
  facet normal 0.187328 0.52353 0.831159
    outer loop
      vertex 0.0227964 0.0550354 0.0803208
      vertex 0.0172922 0.0570049 0.0803208
      vertex 0.0196739 0.0474969 0.0857729
    endloop
  endfacet
  facet normal 0.187323 0.523529 0.83116
    outer loop
      vertex 0.0172922 0.0570049 0.0803208
      vertex 0.0149236 0.0491966 0.0857729
      vertex 0.0196739 0.0474969 0.0857729
    endloop
  endfacet
  facet normal 0.135102 0.53937 0.83116
    outer loop
      vertex 0.0172922 0.0570049 0.0803208
      vertex 0.0116215 0.0584253 0.0803208
      vertex 0.0149236 0.0491966 0.0857729
    endloop
  endfacet
  facet normal 0.135096 0.539369 0.831162
    outer loop
      vertex 0.0116215 0.0584253 0.0803208
      vertex 0.0100296 0.0504224 0.0857729
      vertex 0.0149236 0.0491966 0.0857729
    endloop
  endfacet
  facet normal 0.0815893 0.550012 0.831162
    outer loop
      vertex 0.0116215 0.0584253 0.0803208
      vertex 0.00583887 0.0592831 0.0803208
      vertex 0.0100296 0.0504224 0.0857729
    endloop
  endfacet
  facet normal 0.0815897 0.550013 0.831161
    outer loop
      vertex 0.00583887 0.0592831 0.0803208
      vertex 0.00503909 0.0511627 0.0857729
      vertex 0.0100296 0.0504224 0.0857729
    endloop
  endfacet
  facet normal 0.0272789 0.555362 0.831161
    outer loop
      vertex 0.00583887 0.0592831 0.0803208
      vertex 0 0.0595699 0.0803208
      vertex 0.00503909 0.0511627 0.0857729
    endloop
  endfacet
  facet normal 0.0272884 0.555365 0.831159
    outer loop
      vertex 0 0.0595699 0.0803208
      vertex 0 0.0514103 0.0857729
      vertex 0.00503909 0.0511627 0.0857729
    endloop
  endfacet
  facet normal -0.0272791 0.555366 0.831159
    outer loop
      vertex 0 0.0595699 0.0803208
      vertex -0.00583887 0.0592831 0.0803208
      vertex 0 0.0514103 0.0857729
    endloop
  endfacet
  facet normal -0.0272881 0.555361 0.831162
    outer loop
      vertex -0.00583887 0.0592831 0.0803208
      vertex -0.00503909 0.0511627 0.0857729
      vertex 0 0.0514103 0.0857729
    endloop
  endfacet
  facet normal -0.0815893 0.550013 0.831161
    outer loop
      vertex -0.00583887 0.0592831 0.0803208
      vertex -0.0116215 0.0584253 0.0803208
      vertex -0.00503909 0.0511627 0.0857729
    endloop
  endfacet
  facet normal -0.0815897 0.550012 0.831162
    outer loop
      vertex -0.0116215 0.0584253 0.0803208
      vertex -0.0100296 0.0504224 0.0857729
      vertex -0.00503909 0.0511627 0.0857729
    endloop
  endfacet
  facet normal -0.135101 0.539368 0.831162
    outer loop
      vertex -0.0116215 0.0584253 0.0803208
      vertex -0.0172922 0.0570049 0.0803208
      vertex -0.0100296 0.0504224 0.0857729
    endloop
  endfacet
  facet normal -0.135096 0.539372 0.83116
    outer loop
      vertex -0.0172922 0.0570049 0.0803208
      vertex -0.0149236 0.0491966 0.0857729
      vertex -0.0100296 0.0504224 0.0857729
    endloop
  endfacet
  facet normal -0.187328 0.523528 0.83116
    outer loop
      vertex -0.0172922 0.0570049 0.0803208
      vertex -0.0227964 0.0550354 0.0803208
      vertex -0.0149236 0.0491966 0.0857729
    endloop
  endfacet
  facet normal -0.187324 0.523531 0.831159
    outer loop
      vertex -0.0227964 0.0550354 0.0803208
      vertex -0.0196739 0.0474969 0.0857729
      vertex -0.0149236 0.0491966 0.0857729
    endloop
  endfacet
  facet normal -0.23773 0.502653 0.831159
    outer loop
      vertex -0.0227964 0.0550354 0.0803208
      vertex -0.0280811 0.052536 0.0803208
      vertex -0.0196739 0.0474969 0.0857729
    endloop
  endfacet
  facet normal -0.237738 0.502643 0.831162
    outer loop
      vertex -0.0280811 0.052536 0.0803208
      vertex -0.0242346 0.0453398 0.0857729
      vertex -0.0196739 0.0474969 0.0857729
    endloop
  endfacet
  facet normal -0.285857 0.476923 0.831162
    outer loop
      vertex -0.0280811 0.052536 0.0803208
      vertex -0.0330953 0.0495306 0.0803208
      vertex -0.0242346 0.0453398 0.0857729
    endloop
  endfacet
  facet normal -0.285854 0.476927 0.831161
    outer loop
      vertex -0.0330953 0.0495306 0.0803208
      vertex -0.028562 0.0427461 0.0857729
      vertex -0.0242346 0.0453398 0.0857729
    endloop
  endfacet
  facet normal -0.331226 0.44661 0.831161
    outer loop
      vertex -0.0330953 0.0495306 0.0803208
      vertex -0.0377908 0.0460482 0.0803208
      vertex -0.028562 0.0427461 0.0857729
    endloop
  endfacet
  facet normal -0.331228 0.446607 0.831162
    outer loop
      vertex -0.0377908 0.0460482 0.0803208
      vertex -0.0326143 0.0397407 0.0857729
      vertex -0.028562 0.0427461 0.0857729
    endloop
  endfacet
  facet normal -0.37341 0.411989 0.831162
    outer loop
      vertex -0.0377908 0.0460482 0.0803208
      vertex -0.0421223 0.0421223 0.0803208
      vertex -0.0326143 0.0397407 0.0857729
    endloop
  endfacet
  facet normal -0.373405 0.412001 0.831158
    outer loop
      vertex -0.0421223 0.0421223 0.0803208
      vertex -0.0363526 0.0363526 0.0857729
      vertex -0.0326143 0.0397407 0.0857729
    endloop
  endfacet
  facet normal -0.411993 0.373414 0.831158
    outer loop
      vertex -0.0421223 0.0421223 0.0803208
      vertex -0.0460482 0.0377908 0.0803208
      vertex -0.0363526 0.0363526 0.0857729
    endloop
  endfacet
  facet normal -0.411997 0.373401 0.831162
    outer loop
      vertex -0.0460482 0.0377908 0.0803208
      vertex -0.0397407 0.0326143 0.0857729
      vertex -0.0363526 0.0363526 0.0857729
    endloop
  endfacet
  facet normal -0.446609 0.331226 0.831162
    outer loop
      vertex -0.0460482 0.0377908 0.0803208
      vertex -0.0495306 0.0330953 0.0803208
      vertex -0.0397407 0.0326143 0.0857729
    endloop
  endfacet
  facet normal -0.446608 0.331228 0.831161
    outer loop
      vertex -0.0495306 0.0330953 0.0803208
      vertex -0.0427461 0.028562 0.0857729
      vertex -0.0397407 0.0326143 0.0857729
    endloop
  endfacet
  facet normal -0.476924 0.285858 0.831161
    outer loop
      vertex -0.0495306 0.0330953 0.0803208
      vertex -0.052536 0.0280811 0.0803208
      vertex -0.0427461 0.028562 0.0857729
    endloop
  endfacet
  facet normal -0.476925 0.285853 0.831162
    outer loop
      vertex -0.052536 0.0280811 0.0803208
      vertex -0.0453398 0.0242346 0.0857729
      vertex -0.0427461 0.028562 0.0857729
    endloop
  endfacet
  facet normal -0.502648 0.237728 0.831162
    outer loop
      vertex -0.052536 0.0280811 0.0803208
      vertex -0.0550354 0.0227964 0.0803208
      vertex -0.0453398 0.0242346 0.0857729
    endloop
  endfacet
  facet normal -0.502648 0.23774 0.831158
    outer loop
      vertex -0.0550354 0.0227964 0.0803208
      vertex -0.0474969 0.0196739 0.0857729
      vertex -0.0453398 0.0242346 0.0857729
    endloop
  endfacet
  facet normal -0.52353 0.187328 0.831159
    outer loop
      vertex -0.0550354 0.0227964 0.0803208
      vertex -0.0570049 0.0172922 0.0803208
      vertex -0.0474969 0.0196739 0.0857729
    endloop
  endfacet
  facet normal -0.523529 0.187323 0.83116
    outer loop
      vertex -0.0570049 0.0172922 0.0803208
      vertex -0.0491966 0.0149236 0.0857729
      vertex -0.0474969 0.0196739 0.0857729
    endloop
  endfacet
  facet normal -0.53937 0.135102 0.83116
    outer loop
      vertex -0.0570049 0.0172922 0.0803208
      vertex -0.0584253 0.0116215 0.0803208
      vertex -0.0491966 0.0149236 0.0857729
    endloop
  endfacet
  facet normal -0.539369 0.135096 0.831162
    outer loop
      vertex -0.0584253 0.0116215 0.0803208
      vertex -0.0504224 0.0100296 0.0857729
      vertex -0.0491966 0.0149236 0.0857729
    endloop
  endfacet
  facet normal -0.550012 0.0815893 0.831162
    outer loop
      vertex -0.0584253 0.0116215 0.0803208
      vertex -0.0592831 0.00583887 0.0803208
      vertex -0.0504224 0.0100296 0.0857729
    endloop
  endfacet
  facet normal -0.550013 0.0815897 0.831161
    outer loop
      vertex -0.0592831 0.00583887 0.0803208
      vertex -0.0511627 0.00503909 0.0857729
      vertex -0.0504224 0.0100296 0.0857729
    endloop
  endfacet
  facet normal -0.555362 0.0272789 0.831161
    outer loop
      vertex -0.0592831 0.00583887 0.0803208
      vertex -0.0595699 -0 0.0803208
      vertex -0.0511627 0.00503909 0.0857729
    endloop
  endfacet
  facet normal -0.555365 0.0272884 0.831159
    outer loop
      vertex -0.0595699 -0 0.0803208
      vertex -0.0514103 -0 0.0857729
      vertex -0.0511627 0.00503909 0.0857729
    endloop
  endfacet
  facet normal -0.555366 -0.0272791 0.831159
    outer loop
      vertex -0.0595699 -0 0.0803208
      vertex -0.0592831 -0.00583887 0.0803208
      vertex -0.0514103 -0 0.0857729
    endloop
  endfacet
  facet normal -0.555361 -0.0272881 0.831162
    outer loop
      vertex -0.0592831 -0.00583887 0.0803208
      vertex -0.0511627 -0.00503909 0.0857729
      vertex -0.0514103 -0 0.0857729
    endloop
  endfacet
  facet normal -0.550013 -0.0815893 0.831161
    outer loop
      vertex -0.0592831 -0.00583887 0.0803208
      vertex -0.0584253 -0.0116215 0.0803208
      vertex -0.0511627 -0.00503909 0.0857729
    endloop
  endfacet
  facet normal -0.550012 -0.0815897 0.831162
    outer loop
      vertex -0.0584253 -0.0116215 0.0803208
      vertex -0.0504224 -0.0100296 0.0857729
      vertex -0.0511627 -0.00503909 0.0857729
    endloop
  endfacet
  facet normal -0.539368 -0.135101 0.831162
    outer loop
      vertex -0.0584253 -0.0116215 0.0803208
      vertex -0.0570049 -0.0172922 0.0803208
      vertex -0.0504224 -0.0100296 0.0857729
    endloop
  endfacet
  facet normal -0.539372 -0.135096 0.83116
    outer loop
      vertex -0.0570049 -0.0172922 0.0803208
      vertex -0.0491966 -0.0149236 0.0857729
      vertex -0.0504224 -0.0100296 0.0857729
    endloop
  endfacet
  facet normal -0.523528 -0.187328 0.83116
    outer loop
      vertex -0.0570049 -0.0172922 0.0803208
      vertex -0.0550354 -0.0227964 0.0803208
      vertex -0.0491966 -0.0149236 0.0857729
    endloop
  endfacet
  facet normal -0.523531 -0.187324 0.831159
    outer loop
      vertex -0.0550354 -0.0227964 0.0803208
      vertex -0.0474969 -0.0196739 0.0857729
      vertex -0.0491966 -0.0149236 0.0857729
    endloop
  endfacet
  facet normal -0.502653 -0.23773 0.831159
    outer loop
      vertex -0.0550354 -0.0227964 0.0803208
      vertex -0.052536 -0.0280811 0.0803208
      vertex -0.0474969 -0.0196739 0.0857729
    endloop
  endfacet
  facet normal -0.502643 -0.237738 0.831162
    outer loop
      vertex -0.052536 -0.0280811 0.0803208
      vertex -0.0453398 -0.0242346 0.0857729
      vertex -0.0474969 -0.0196739 0.0857729
    endloop
  endfacet
  facet normal -0.476923 -0.285857 0.831162
    outer loop
      vertex -0.052536 -0.0280811 0.0803208
      vertex -0.0495306 -0.0330953 0.0803208
      vertex -0.0453398 -0.0242346 0.0857729
    endloop
  endfacet
  facet normal -0.476927 -0.285854 0.831161
    outer loop
      vertex -0.0495306 -0.0330953 0.0803208
      vertex -0.0427461 -0.028562 0.0857729
      vertex -0.0453398 -0.0242346 0.0857729
    endloop
  endfacet
  facet normal -0.44661 -0.331226 0.831161
    outer loop
      vertex -0.0495306 -0.0330953 0.0803208
      vertex -0.0460482 -0.0377908 0.0803208
      vertex -0.0427461 -0.028562 0.0857729
    endloop
  endfacet
  facet normal -0.446607 -0.331228 0.831162
    outer loop
      vertex -0.0460482 -0.0377908 0.0803208
      vertex -0.0397407 -0.0326143 0.0857729
      vertex -0.0427461 -0.028562 0.0857729
    endloop
  endfacet
  facet normal -0.411989 -0.37341 0.831162
    outer loop
      vertex -0.0460482 -0.0377908 0.0803208
      vertex -0.0421223 -0.0421223 0.0803208
      vertex -0.0397407 -0.0326143 0.0857729
    endloop
  endfacet
  facet normal -0.412001 -0.373405 0.831158
    outer loop
      vertex -0.0421223 -0.0421223 0.0803208
      vertex -0.0363526 -0.0363526 0.0857729
      vertex -0.0397407 -0.0326143 0.0857729
    endloop
  endfacet
  facet normal -0.373414 -0.411993 0.831158
    outer loop
      vertex -0.0421223 -0.0421223 0.0803208
      vertex -0.0377908 -0.0460482 0.0803208
      vertex -0.0363526 -0.0363526 0.0857729
    endloop
  endfacet
  facet normal -0.373401 -0.411997 0.831162
    outer loop
      vertex -0.0377908 -0.0460482 0.0803208
      vertex -0.0326143 -0.0397407 0.0857729
      vertex -0.0363526 -0.0363526 0.0857729
    endloop
  endfacet
  facet normal -0.331226 -0.446609 0.831162
    outer loop
      vertex -0.0377908 -0.0460482 0.0803208
      vertex -0.0330953 -0.0495306 0.0803208
      vertex -0.0326143 -0.0397407 0.0857729
    endloop
  endfacet
  facet normal -0.331228 -0.446608 0.831161
    outer loop
      vertex -0.0330953 -0.0495306 0.0803208
      vertex -0.028562 -0.0427461 0.0857729
      vertex -0.0326143 -0.0397407 0.0857729
    endloop
  endfacet
  facet normal -0.285858 -0.476924 0.831161
    outer loop
      vertex -0.0330953 -0.0495306 0.0803208
      vertex -0.0280811 -0.052536 0.0803208
      vertex -0.028562 -0.0427461 0.0857729
    endloop
  endfacet
  facet normal -0.285853 -0.476925 0.831162
    outer loop
      vertex -0.0280811 -0.052536 0.0803208
      vertex -0.0242346 -0.0453398 0.0857729
      vertex -0.028562 -0.0427461 0.0857729
    endloop
  endfacet
  facet normal -0.237728 -0.502648 0.831162
    outer loop
      vertex -0.0280811 -0.052536 0.0803208
      vertex -0.0227964 -0.0550354 0.0803208
      vertex -0.0242346 -0.0453398 0.0857729
    endloop
  endfacet
  facet normal -0.23774 -0.502648 0.831158
    outer loop
      vertex -0.0227964 -0.0550354 0.0803208
      vertex -0.0196739 -0.0474969 0.0857729
      vertex -0.0242346 -0.0453398 0.0857729
    endloop
  endfacet
  facet normal -0.187328 -0.52353 0.831159
    outer loop
      vertex -0.0227964 -0.0550354 0.0803208
      vertex -0.0172922 -0.0570049 0.0803208
      vertex -0.0196739 -0.0474969 0.0857729
    endloop
  endfacet
  facet normal -0.187323 -0.523529 0.83116
    outer loop
      vertex -0.0172922 -0.0570049 0.0803208
      vertex -0.0149236 -0.0491966 0.0857729
      vertex -0.0196739 -0.0474969 0.0857729
    endloop
  endfacet
  facet normal -0.135102 -0.53937 0.83116
    outer loop
      vertex -0.0172922 -0.0570049 0.0803208
      vertex -0.0116215 -0.0584253 0.0803208
      vertex -0.0149236 -0.0491966 0.0857729
    endloop
  endfacet
  facet normal -0.135096 -0.539369 0.831162
    outer loop
      vertex -0.0116215 -0.0584253 0.0803208
      vertex -0.0100296 -0.0504224 0.0857729
      vertex -0.0149236 -0.0491966 0.0857729
    endloop
  endfacet
  facet normal -0.0815893 -0.550012 0.831162
    outer loop
      vertex -0.0116215 -0.0584253 0.0803208
      vertex -0.00583887 -0.0592831 0.0803208
      vertex -0.0100296 -0.0504224 0.0857729
    endloop
  endfacet
  facet normal -0.0815897 -0.550013 0.831161
    outer loop
      vertex -0.00583887 -0.0592831 0.0803208
      vertex -0.00503909 -0.0511627 0.0857729
      vertex -0.0100296 -0.0504224 0.0857729
    endloop
  endfacet
  facet normal -0.0272789 -0.555362 0.831161
    outer loop
      vertex -0.00583887 -0.0592831 0.0803208
      vertex -0 -0.0595699 0.0803208
      vertex -0.00503909 -0.0511627 0.0857729
    endloop
  endfacet
  facet normal -0.0272884 -0.555365 0.831159
    outer loop
      vertex -0 -0.0595699 0.0803208
      vertex -0 -0.0514103 0.0857729
      vertex -0.00503909 -0.0511627 0.0857729
    endloop
  endfacet
  facet normal 0.0272791 -0.555366 0.831159
    outer loop
      vertex -0 -0.0595699 0.0803208
      vertex 0.00583887 -0.0592831 0.0803208
      vertex -0 -0.0514103 0.0857729
    endloop
  endfacet
  facet normal 0.0272881 -0.555361 0.831162
    outer loop
      vertex 0.00583887 -0.0592831 0.0803208
      vertex 0.00503909 -0.0511627 0.0857729
      vertex -0 -0.0514103 0.0857729
    endloop
  endfacet
  facet normal 0.0815893 -0.550013 0.831161
    outer loop
      vertex 0.00583887 -0.0592831 0.0803208
      vertex 0.0116215 -0.0584253 0.0803208
      vertex 0.00503909 -0.0511627 0.0857729
    endloop
  endfacet
  facet normal 0.0815897 -0.550012 0.831162
    outer loop
      vertex 0.0116215 -0.0584253 0.0803208
      vertex 0.0100296 -0.0504224 0.0857729
      vertex 0.00503909 -0.0511627 0.0857729
    endloop
  endfacet
  facet normal 0.135101 -0.539368 0.831162
    outer loop
      vertex 0.0116215 -0.0584253 0.0803208
      vertex 0.0172922 -0.0570049 0.0803208
      vertex 0.0100296 -0.0504224 0.0857729
    endloop
  endfacet
  facet normal 0.135096 -0.539372 0.83116
    outer loop
      vertex 0.0172922 -0.0570049 0.0803208
      vertex 0.0149236 -0.0491966 0.0857729
      vertex 0.0100296 -0.0504224 0.0857729
    endloop
  endfacet
  facet normal 0.187328 -0.523528 0.83116
    outer loop
      vertex 0.0172922 -0.0570049 0.0803208
      vertex 0.0227964 -0.0550354 0.0803208
      vertex 0.0149236 -0.0491966 0.0857729
    endloop
  endfacet
  facet normal 0.187324 -0.523531 0.831159
    outer loop
      vertex 0.0227964 -0.0550354 0.0803208
      vertex 0.0196739 -0.0474969 0.0857729
      vertex 0.0149236 -0.0491966 0.0857729
    endloop
  endfacet
  facet normal 0.23773 -0.502653 0.831159
    outer loop
      vertex 0.0227964 -0.0550354 0.0803208
      vertex 0.0280811 -0.052536 0.0803208
      vertex 0.0196739 -0.0474969 0.0857729
    endloop
  endfacet
  facet normal 0.237738 -0.502643 0.831162
    outer loop
      vertex 0.0280811 -0.052536 0.0803208
      vertex 0.0242346 -0.0453398 0.0857729
      vertex 0.0196739 -0.0474969 0.0857729
    endloop
  endfacet
  facet normal 0.285857 -0.476923 0.831162
    outer loop
      vertex 0.0280811 -0.052536 0.0803208
      vertex 0.0330953 -0.0495306 0.0803208
      vertex 0.0242346 -0.0453398 0.0857729
    endloop
  endfacet
  facet normal 0.285854 -0.476927 0.831161
    outer loop
      vertex 0.0330953 -0.0495306 0.0803208
      vertex 0.028562 -0.0427461 0.0857729
      vertex 0.0242346 -0.0453398 0.0857729
    endloop
  endfacet
  facet normal 0.331226 -0.44661 0.831161
    outer loop
      vertex 0.0330953 -0.0495306 0.0803208
      vertex 0.0377908 -0.0460482 0.0803208
      vertex 0.028562 -0.0427461 0.0857729
    endloop
  endfacet
  facet normal 0.331228 -0.446607 0.831162
    outer loop
      vertex 0.0377908 -0.0460482 0.0803208
      vertex 0.0326143 -0.0397407 0.0857729
      vertex 0.028562 -0.0427461 0.0857729
    endloop
  endfacet
  facet normal 0.37341 -0.411989 0.831162
    outer loop
      vertex 0.0377908 -0.0460482 0.0803208
      vertex 0.0421223 -0.0421223 0.0803208
      vertex 0.0326143 -0.0397407 0.0857729
    endloop
  endfacet
  facet normal 0.373405 -0.412001 0.831158
    outer loop
      vertex 0.0421223 -0.0421223 0.0803208
      vertex 0.0363526 -0.0363526 0.0857729
      vertex 0.0326143 -0.0397407 0.0857729
    endloop
  endfacet
  facet normal 0.411993 -0.373414 0.831158
    outer loop
      vertex 0.0421223 -0.0421223 0.0803208
      vertex 0.0460482 -0.0377908 0.0803208
      vertex 0.0363526 -0.0363526 0.0857729
    endloop
  endfacet
  facet normal 0.411997 -0.373401 0.831162
    outer loop
      vertex 0.0460482 -0.0377908 0.0803208
      vertex 0.0397407 -0.0326143 0.0857729
      vertex 0.0363526 -0.0363526 0.0857729
    endloop
  endfacet
  facet normal 0.446609 -0.331226 0.831162
    outer loop
      vertex 0.0460482 -0.0377908 0.0803208
      vertex 0.0495306 -0.0330953 0.0803208
      vertex 0.0397407 -0.0326143 0.0857729
    endloop
  endfacet
  facet normal 0.446608 -0.331228 0.831161
    outer loop
      vertex 0.0495306 -0.0330953 0.0803208
      vertex 0.0427461 -0.028562 0.0857729
      vertex 0.0397407 -0.0326143 0.0857729
    endloop
  endfacet
  facet normal 0.476924 -0.285858 0.831161
    outer loop
      vertex 0.0495306 -0.0330953 0.0803208
      vertex 0.052536 -0.0280811 0.0803208
      vertex 0.0427461 -0.028562 0.0857729
    endloop
  endfacet
  facet normal 0.476925 -0.285853 0.831162
    outer loop
      vertex 0.052536 -0.0280811 0.0803208
      vertex 0.0453398 -0.0242346 0.0857729
      vertex 0.0427461 -0.028562 0.0857729
    endloop
  endfacet
  facet normal 0.502648 -0.237728 0.831162
    outer loop
      vertex 0.052536 -0.0280811 0.0803208
      vertex 0.0550354 -0.0227964 0.0803208
      vertex 0.0453398 -0.0242346 0.0857729
    endloop
  endfacet
  facet normal 0.502648 -0.23774 0.831158
    outer loop
      vertex 0.0550354 -0.0227964 0.0803208
      vertex 0.0474969 -0.0196739 0.0857729
      vertex 0.0453398 -0.0242346 0.0857729
    endloop
  endfacet
  facet normal 0.52353 -0.187328 0.831159
    outer loop
      vertex 0.0550354 -0.0227964 0.0803208
      vertex 0.0570049 -0.0172922 0.0803208
      vertex 0.0474969 -0.0196739 0.0857729
    endloop
  endfacet
  facet normal 0.523529 -0.187323 0.83116
    outer loop
      vertex 0.0570049 -0.0172922 0.0803208
      vertex 0.0491966 -0.0149236 0.0857729
      vertex 0.0474969 -0.0196739 0.0857729
    endloop
  endfacet
  facet normal 0.53937 -0.135102 0.83116
    outer loop
      vertex 0.0570049 -0.0172922 0.0803208
      vertex 0.0584253 -0.0116215 0.0803208
      vertex 0.0491966 -0.0149236 0.0857729
    endloop
  endfacet
  facet normal 0.539369 -0.135096 0.831162
    outer loop
      vertex 0.0584253 -0.0116215 0.0803208
      vertex 0.0504224 -0.0100296 0.0857729
      vertex 0.0491966 -0.0149236 0.0857729
    endloop
  endfacet
  facet normal 0.550012 -0.0815893 0.831162
    outer loop
      vertex 0.0584253 -0.0116215 0.0803208
      vertex 0.0592831 -0.00583887 0.0803208
      vertex 0.0504224 -0.0100296 0.0857729
    endloop
  endfacet
  facet normal 0.550013 -0.0815897 0.831161
    outer loop
      vertex 0.0592831 -0.00583887 0.0803208
      vertex 0.0511627 -0.00503909 0.0857729
      vertex 0.0504224 -0.0100296 0.0857729
    endloop
  endfacet
  facet normal 0.555362 -0.0272789 0.831161
    outer loop
      vertex 0.0592831 -0.00583887 0.0803208
      vertex 0.0595699 0 0.0803208
      vertex 0.0511627 -0.00503909 0.0857729
    endloop
  endfacet
  facet normal 0.555365 -0.0272884 0.831159
    outer loop
      vertex 0.0595699 0 0.0803208
      vertex 0.0514103 0 0.0857729
      vertex 0.0511627 -0.00503909 0.0857729
    endloop
  endfacet
  facet normal 0.634087 0.0311532 0.772634
    outer loop
      vertex 0.0671559 0 0.0740951
      vertex 0.0668325 0.00658243 0.0740951
      vertex 0.0595699 0 0.0803208
    endloop
  endfacet
  facet normal 0.634091 0.031146 0.772631
    outer loop
      vertex 0.0668325 0.00658243 0.0740951
      vertex 0.0592831 0.00583887 0.0803208
      vertex 0.0595699 0 0.0803208
    endloop
  endfacet
  facet normal 0.627984 0.0931514 0.772631
    outer loop
      vertex 0.0668325 0.00658243 0.0740951
      vertex 0.0658655 0.0131015 0.0740951
      vertex 0.0592831 0.00583887 0.0803208
    endloop
  endfacet
  facet normal 0.627982 0.0931553 0.772633
    outer loop
      vertex 0.0658655 0.0131015 0.0740951
      vertex 0.0584253 0.0116215 0.0803208
      vertex 0.0592831 0.00583887 0.0803208
    endloop
  endfacet
  facet normal 0.615828 0.154256 0.772633
    outer loop
      vertex 0.0658655 0.0131015 0.0740951
      vertex 0.0642642 0.0194943 0.0740951
      vertex 0.0584253 0.0116215 0.0803208
    endloop
  endfacet
  facet normal 0.61583 0.154253 0.772632
    outer loop
      vertex 0.0642642 0.0194943 0.0740951
      vertex 0.0570049 0.0172922 0.0803208
      vertex 0.0584253 0.0116215 0.0803208
    endloop
  endfacet
  facet normal 0.597744 0.213874 0.772632
    outer loop
      vertex 0.0642642 0.0194943 0.0740951
      vertex 0.062044 0.0256994 0.0740951
      vertex 0.0570049 0.0172922 0.0803208
    endloop
  endfacet
  facet normal 0.597737 0.213881 0.772635
    outer loop
      vertex 0.062044 0.0256994 0.0740951
      vertex 0.0550354 0.0227964 0.0803208
      vertex 0.0570049 0.0172922 0.0803208
    endloop
  endfacet
  facet normal 0.573897 0.271435 0.772635
    outer loop
      vertex 0.062044 0.0256994 0.0740951
      vertex 0.0592262 0.0316571 0.0740951
      vertex 0.0550354 0.0227964 0.0803208
    endloop
  endfacet
  facet normal 0.573905 0.271429 0.772631
    outer loop
      vertex 0.0592262 0.0316571 0.0740951
      vertex 0.052536 0.0280811 0.0803208
      vertex 0.0550354 0.0227964 0.0803208
    endloop
  endfacet
  facet normal 0.544533 0.326381 0.772632
    outer loop
      vertex 0.0592262 0.0316571 0.0740951
      vertex 0.0558381 0.0373098 0.0740951
      vertex 0.052536 0.0280811 0.0803208
    endloop
  endfacet
  facet normal 0.544533 0.326381 0.772632
    outer loop
      vertex 0.0558381 0.0373098 0.0740951
      vertex 0.0495306 0.0330953 0.0803208
      vertex 0.052536 0.0280811 0.0803208
    endloop
  endfacet
  facet normal 0.509921 0.378181 0.772632
    outer loop
      vertex 0.0558381 0.0373098 0.0740951
      vertex 0.0519122 0.0426033 0.0740951
      vertex 0.0495306 0.0330953 0.0803208
    endloop
  endfacet
  facet normal 0.509921 0.378181 0.772632
    outer loop
      vertex 0.0519122 0.0426033 0.0740951
      vertex 0.0460482 0.0377908 0.0803208
      vertex 0.0495306 0.0330953 0.0803208
    endloop
  endfacet
  facet normal 0.470395 0.426343 0.772632
    outer loop
      vertex 0.0519122 0.0426033 0.0740951
      vertex 0.0474864 0.0474864 0.0740951
      vertex 0.0460482 0.0377908 0.0803208
    endloop
  endfacet
  facet normal 0.470392 0.426344 0.772633
    outer loop
      vertex 0.0474864 0.0474864 0.0740951
      vertex 0.0421223 0.0421223 0.0803208
      vertex 0.0460482 0.0377908 0.0803208
    endloop
  endfacet
  facet normal 0.426342 0.470394 0.772633
    outer loop
      vertex 0.0474864 0.0474864 0.0740951
      vertex 0.0426033 0.0519122 0.0740951
      vertex 0.0421223 0.0421223 0.0803208
    endloop
  endfacet
  facet normal 0.426346 0.470393 0.772632
    outer loop
      vertex 0.0426033 0.0519122 0.0740951
      vertex 0.0377908 0.0460482 0.0803208
      vertex 0.0421223 0.0421223 0.0803208
    endloop
  endfacet
  facet normal 0.378181 0.509921 0.772632
    outer loop
      vertex 0.0426033 0.0519122 0.0740951
      vertex 0.0373098 0.0558381 0.0740951
      vertex 0.0377908 0.0460482 0.0803208
    endloop
  endfacet
  facet normal 0.378181 0.509921 0.772632
    outer loop
      vertex 0.0373098 0.0558381 0.0740951
      vertex 0.0330953 0.0495306 0.0803208
      vertex 0.0377908 0.0460482 0.0803208
    endloop
  endfacet
  facet normal 0.326381 0.544533 0.772632
    outer loop
      vertex 0.0373098 0.0558381 0.0740951
      vertex 0.0316571 0.0592262 0.0740951
      vertex 0.0330953 0.0495306 0.0803208
    endloop
  endfacet
  facet normal 0.326381 0.544533 0.772632
    outer loop
      vertex 0.0316571 0.0592262 0.0740951
      vertex 0.0280811 0.052536 0.0803208
      vertex 0.0330953 0.0495306 0.0803208
    endloop
  endfacet
  facet normal 0.271437 0.573901 0.772632
    outer loop
      vertex 0.0316571 0.0592262 0.0740951
      vertex 0.0256994 0.062044 0.0740951
      vertex 0.0280811 0.052536 0.0803208
    endloop
  endfacet
  facet normal 0.271427 0.573901 0.772635
    outer loop
      vertex 0.0256994 0.062044 0.0740951
      vertex 0.0227964 0.0550354 0.0803208
      vertex 0.0280811 0.052536 0.0803208
    endloop
  endfacet
  facet normal 0.213873 0.59774 0.772635
    outer loop
      vertex 0.0256994 0.062044 0.0740951
      vertex 0.0194943 0.0642642 0.0740951
      vertex 0.0227964 0.0550354 0.0803208
    endloop
  endfacet
  facet normal 0.213882 0.597741 0.772632
    outer loop
      vertex 0.0194943 0.0642642 0.0740951
      vertex 0.0172922 0.0570049 0.0803208
      vertex 0.0227964 0.0550354 0.0803208
    endloop
  endfacet
  facet normal 0.154256 0.615829 0.772632
    outer loop
      vertex 0.0194943 0.0642642 0.0740951
      vertex 0.0131015 0.0658655 0.0740951
      vertex 0.0172922 0.0570049 0.0803208
    endloop
  endfacet
  facet normal 0.154253 0.615828 0.772633
    outer loop
      vertex 0.0131015 0.0658655 0.0740951
      vertex 0.0116215 0.0584253 0.0803208
      vertex 0.0172922 0.0570049 0.0803208
    endloop
  endfacet
  facet normal 0.0931512 0.627982 0.772633
    outer loop
      vertex 0.0131015 0.0658655 0.0740951
      vertex 0.00658243 0.0668325 0.0740951
      vertex 0.0116215 0.0584253 0.0803208
    endloop
  endfacet
  facet normal 0.0931556 0.627984 0.772631
    outer loop
      vertex 0.00658243 0.0668325 0.0740951
      vertex 0.00583887 0.0592831 0.0803208
      vertex 0.0116215 0.0584253 0.0803208
    endloop
  endfacet
  facet normal 0.0311534 0.634091 0.772631
    outer loop
      vertex 0.00658243 0.0668325 0.0740951
      vertex 0 0.0671559 0.0740951
      vertex 0.00583887 0.0592831 0.0803208
    endloop
  endfacet
  facet normal 0.0311458 0.634087 0.772634
    outer loop
      vertex 0 0.0671559 0.0740951
      vertex 0 0.0595699 0.0803208
      vertex 0.00583887 0.0592831 0.0803208
    endloop
  endfacet
  facet normal -0.0311532 0.634087 0.772634
    outer loop
      vertex 0 0.0671559 0.0740951
      vertex -0.00658243 0.0668325 0.0740951
      vertex 0 0.0595699 0.0803208
    endloop
  endfacet
  facet normal -0.031146 0.634091 0.772631
    outer loop
      vertex -0.00658243 0.0668325 0.0740951
      vertex -0.00583887 0.0592831 0.0803208
      vertex 0 0.0595699 0.0803208
    endloop
  endfacet
  facet normal -0.0931514 0.627984 0.772631
    outer loop
      vertex -0.00658243 0.0668325 0.0740951
      vertex -0.0131015 0.0658655 0.0740951
      vertex -0.00583887 0.0592831 0.0803208
    endloop
  endfacet
  facet normal -0.0931553 0.627982 0.772633
    outer loop
      vertex -0.0131015 0.0658655 0.0740951
      vertex -0.0116215 0.0584253 0.0803208
      vertex -0.00583887 0.0592831 0.0803208
    endloop
  endfacet
  facet normal -0.154256 0.615828 0.772633
    outer loop
      vertex -0.0131015 0.0658655 0.0740951
      vertex -0.0194943 0.0642642 0.0740951
      vertex -0.0116215 0.0584253 0.0803208
    endloop
  endfacet
  facet normal -0.154253 0.61583 0.772632
    outer loop
      vertex -0.0194943 0.0642642 0.0740951
      vertex -0.0172922 0.0570049 0.0803208
      vertex -0.0116215 0.0584253 0.0803208
    endloop
  endfacet
  facet normal -0.213874 0.597744 0.772632
    outer loop
      vertex -0.0194943 0.0642642 0.0740951
      vertex -0.0256994 0.062044 0.0740951
      vertex -0.0172922 0.0570049 0.0803208
    endloop
  endfacet
  facet normal -0.213881 0.597737 0.772635
    outer loop
      vertex -0.0256994 0.062044 0.0740951
      vertex -0.0227964 0.0550354 0.0803208
      vertex -0.0172922 0.0570049 0.0803208
    endloop
  endfacet
  facet normal -0.271435 0.573897 0.772635
    outer loop
      vertex -0.0256994 0.062044 0.0740951
      vertex -0.0316571 0.0592262 0.0740951
      vertex -0.0227964 0.0550354 0.0803208
    endloop
  endfacet
  facet normal -0.271429 0.573905 0.772631
    outer loop
      vertex -0.0316571 0.0592262 0.0740951
      vertex -0.0280811 0.052536 0.0803208
      vertex -0.0227964 0.0550354 0.0803208
    endloop
  endfacet
  facet normal -0.326381 0.544533 0.772632
    outer loop
      vertex -0.0316571 0.0592262 0.0740951
      vertex -0.0373098 0.0558381 0.0740951
      vertex -0.0280811 0.052536 0.0803208
    endloop
  endfacet
  facet normal -0.326381 0.544533 0.772632
    outer loop
      vertex -0.0373098 0.0558381 0.0740951
      vertex -0.0330953 0.0495306 0.0803208
      vertex -0.0280811 0.052536 0.0803208
    endloop
  endfacet
  facet normal -0.378181 0.509921 0.772632
    outer loop
      vertex -0.0373098 0.0558381 0.0740951
      vertex -0.0426033 0.0519122 0.0740951
      vertex -0.0330953 0.0495306 0.0803208
    endloop
  endfacet
  facet normal -0.378181 0.509921 0.772632
    outer loop
      vertex -0.0426033 0.0519122 0.0740951
      vertex -0.0377908 0.0460482 0.0803208
      vertex -0.0330953 0.0495306 0.0803208
    endloop
  endfacet
  facet normal -0.426343 0.470395 0.772632
    outer loop
      vertex -0.0426033 0.0519122 0.0740951
      vertex -0.0474864 0.0474864 0.0740951
      vertex -0.0377908 0.0460482 0.0803208
    endloop
  endfacet
  facet normal -0.426344 0.470392 0.772633
    outer loop
      vertex -0.0474864 0.0474864 0.0740951
      vertex -0.0421223 0.0421223 0.0803208
      vertex -0.0377908 0.0460482 0.0803208
    endloop
  endfacet
  facet normal -0.470394 0.426342 0.772633
    outer loop
      vertex -0.0474864 0.0474864 0.0740951
      vertex -0.0519122 0.0426033 0.0740951
      vertex -0.0421223 0.0421223 0.0803208
    endloop
  endfacet
  facet normal -0.470393 0.426346 0.772632
    outer loop
      vertex -0.0519122 0.0426033 0.0740951
      vertex -0.0460482 0.0377908 0.0803208
      vertex -0.0421223 0.0421223 0.0803208
    endloop
  endfacet
  facet normal -0.509921 0.378181 0.772632
    outer loop
      vertex -0.0519122 0.0426033 0.0740951
      vertex -0.0558381 0.0373098 0.0740951
      vertex -0.0460482 0.0377908 0.0803208
    endloop
  endfacet
  facet normal -0.509921 0.378181 0.772632
    outer loop
      vertex -0.0558381 0.0373098 0.0740951
      vertex -0.0495306 0.0330953 0.0803208
      vertex -0.0460482 0.0377908 0.0803208
    endloop
  endfacet
  facet normal -0.544533 0.326381 0.772632
    outer loop
      vertex -0.0558381 0.0373098 0.0740951
      vertex -0.0592262 0.0316571 0.0740951
      vertex -0.0495306 0.0330953 0.0803208
    endloop
  endfacet
  facet normal -0.544533 0.326381 0.772632
    outer loop
      vertex -0.0592262 0.0316571 0.0740951
      vertex -0.052536 0.0280811 0.0803208
      vertex -0.0495306 0.0330953 0.0803208
    endloop
  endfacet
  facet normal -0.573901 0.271437 0.772632
    outer loop
      vertex -0.0592262 0.0316571 0.0740951
      vertex -0.062044 0.0256994 0.0740951
      vertex -0.052536 0.0280811 0.0803208
    endloop
  endfacet
  facet normal -0.573901 0.271427 0.772635
    outer loop
      vertex -0.062044 0.0256994 0.0740951
      vertex -0.0550354 0.0227964 0.0803208
      vertex -0.052536 0.0280811 0.0803208
    endloop
  endfacet
  facet normal -0.59774 0.213873 0.772635
    outer loop
      vertex -0.062044 0.0256994 0.0740951
      vertex -0.0642642 0.0194943 0.0740951
      vertex -0.0550354 0.0227964 0.0803208
    endloop
  endfacet
  facet normal -0.597741 0.213882 0.772632
    outer loop
      vertex -0.0642642 0.0194943 0.0740951
      vertex -0.0570049 0.0172922 0.0803208
      vertex -0.0550354 0.0227964 0.0803208
    endloop
  endfacet
  facet normal -0.615829 0.154256 0.772632
    outer loop
      vertex -0.0642642 0.0194943 0.0740951
      vertex -0.0658655 0.0131015 0.0740951
      vertex -0.0570049 0.0172922 0.0803208
    endloop
  endfacet
  facet normal -0.615828 0.154253 0.772633
    outer loop
      vertex -0.0658655 0.0131015 0.0740951
      vertex -0.0584253 0.0116215 0.0803208
      vertex -0.0570049 0.0172922 0.0803208
    endloop
  endfacet
  facet normal -0.627982 0.0931512 0.772633
    outer loop
      vertex -0.0658655 0.0131015 0.0740951
      vertex -0.0668325 0.00658243 0.0740951
      vertex -0.0584253 0.0116215 0.0803208
    endloop
  endfacet
  facet normal -0.627984 0.0931556 0.772631
    outer loop
      vertex -0.0668325 0.00658243 0.0740951
      vertex -0.0592831 0.00583887 0.0803208
      vertex -0.0584253 0.0116215 0.0803208
    endloop
  endfacet
  facet normal -0.634091 0.0311534 0.772631
    outer loop
      vertex -0.0668325 0.00658243 0.0740951
      vertex -0.0671559 -0 0.0740951
      vertex -0.0592831 0.00583887 0.0803208
    endloop
  endfacet
  facet normal -0.634087 0.0311458 0.772634
    outer loop
      vertex -0.0671559 -0 0.0740951
      vertex -0.0595699 -0 0.0803208
      vertex -0.0592831 0.00583887 0.0803208
    endloop
  endfacet
  facet normal -0.634087 -0.0311532 0.772634
    outer loop
      vertex -0.0671559 -0 0.0740951
      vertex -0.0668325 -0.00658243 0.0740951
      vertex -0.0595699 -0 0.0803208
    endloop
  endfacet
  facet normal -0.634091 -0.031146 0.772631
    outer loop
      vertex -0.0668325 -0.00658243 0.0740951
      vertex -0.0592831 -0.00583887 0.0803208
      vertex -0.0595699 -0 0.0803208
    endloop
  endfacet
  facet normal -0.627984 -0.0931514 0.772631
    outer loop
      vertex -0.0668325 -0.00658243 0.0740951
      vertex -0.0658655 -0.0131015 0.0740951
      vertex -0.0592831 -0.00583887 0.0803208
    endloop
  endfacet
  facet normal -0.627982 -0.0931553 0.772633
    outer loop
      vertex -0.0658655 -0.0131015 0.0740951
      vertex -0.0584253 -0.0116215 0.0803208
      vertex -0.0592831 -0.00583887 0.0803208
    endloop
  endfacet
  facet normal -0.615828 -0.154256 0.772633
    outer loop
      vertex -0.0658655 -0.0131015 0.0740951
      vertex -0.0642642 -0.0194943 0.0740951
      vertex -0.0584253 -0.0116215 0.0803208
    endloop
  endfacet
  facet normal -0.61583 -0.154253 0.772632
    outer loop
      vertex -0.0642642 -0.0194943 0.0740951
      vertex -0.0570049 -0.0172922 0.0803208
      vertex -0.0584253 -0.0116215 0.0803208
    endloop
  endfacet
  facet normal -0.597744 -0.213874 0.772632
    outer loop
      vertex -0.0642642 -0.0194943 0.0740951
      vertex -0.062044 -0.0256994 0.0740951
      vertex -0.0570049 -0.0172922 0.0803208
    endloop
  endfacet
  facet normal -0.597737 -0.213881 0.772635
    outer loop
      vertex -0.062044 -0.0256994 0.0740951
      vertex -0.0550354 -0.0227964 0.0803208
      vertex -0.0570049 -0.0172922 0.0803208
    endloop
  endfacet
  facet normal -0.573897 -0.271435 0.772635
    outer loop
      vertex -0.062044 -0.0256994 0.0740951
      vertex -0.0592262 -0.0316571 0.0740951
      vertex -0.0550354 -0.0227964 0.0803208
    endloop
  endfacet
  facet normal -0.573905 -0.271429 0.772631
    outer loop
      vertex -0.0592262 -0.0316571 0.0740951
      vertex -0.052536 -0.0280811 0.0803208
      vertex -0.0550354 -0.0227964 0.0803208
    endloop
  endfacet
  facet normal -0.544533 -0.326381 0.772632
    outer loop
      vertex -0.0592262 -0.0316571 0.0740951
      vertex -0.0558381 -0.0373098 0.0740951
      vertex -0.052536 -0.0280811 0.0803208
    endloop
  endfacet
  facet normal -0.544533 -0.326381 0.772632
    outer loop
      vertex -0.0558381 -0.0373098 0.0740951
      vertex -0.0495306 -0.0330953 0.0803208
      vertex -0.052536 -0.0280811 0.0803208
    endloop
  endfacet
  facet normal -0.509921 -0.378181 0.772632
    outer loop
      vertex -0.0558381 -0.0373098 0.0740951
      vertex -0.0519122 -0.0426033 0.0740951
      vertex -0.0495306 -0.0330953 0.0803208
    endloop
  endfacet
  facet normal -0.509921 -0.378181 0.772632
    outer loop
      vertex -0.0519122 -0.0426033 0.0740951
      vertex -0.0460482 -0.0377908 0.0803208
      vertex -0.0495306 -0.0330953 0.0803208
    endloop
  endfacet
  facet normal -0.470395 -0.426343 0.772632
    outer loop
      vertex -0.0519122 -0.0426033 0.0740951
      vertex -0.0474864 -0.0474864 0.0740951
      vertex -0.0460482 -0.0377908 0.0803208
    endloop
  endfacet
  facet normal -0.470392 -0.426344 0.772633
    outer loop
      vertex -0.0474864 -0.0474864 0.0740951
      vertex -0.0421223 -0.0421223 0.0803208
      vertex -0.0460482 -0.0377908 0.0803208
    endloop
  endfacet
  facet normal -0.426342 -0.470394 0.772633
    outer loop
      vertex -0.0474864 -0.0474864 0.0740951
      vertex -0.0426033 -0.0519122 0.0740951
      vertex -0.0421223 -0.0421223 0.0803208
    endloop
  endfacet
  facet normal -0.426346 -0.470393 0.772632
    outer loop
      vertex -0.0426033 -0.0519122 0.0740951
      vertex -0.0377908 -0.0460482 0.0803208
      vertex -0.0421223 -0.0421223 0.0803208
    endloop
  endfacet
  facet normal -0.378181 -0.509921 0.772632
    outer loop
      vertex -0.0426033 -0.0519122 0.0740951
      vertex -0.0373098 -0.0558381 0.0740951
      vertex -0.0377908 -0.0460482 0.0803208
    endloop
  endfacet
  facet normal -0.378181 -0.509921 0.772632
    outer loop
      vertex -0.0373098 -0.0558381 0.0740951
      vertex -0.0330953 -0.0495306 0.0803208
      vertex -0.0377908 -0.0460482 0.0803208
    endloop
  endfacet
  facet normal -0.326381 -0.544533 0.772632
    outer loop
      vertex -0.0373098 -0.0558381 0.0740951
      vertex -0.0316571 -0.0592262 0.0740951
      vertex -0.0330953 -0.0495306 0.0803208
    endloop
  endfacet
  facet normal -0.326381 -0.544533 0.772632
    outer loop
      vertex -0.0316571 -0.0592262 0.0740951
      vertex -0.0280811 -0.052536 0.0803208
      vertex -0.0330953 -0.0495306 0.0803208
    endloop
  endfacet
  facet normal -0.271437 -0.573901 0.772632
    outer loop
      vertex -0.0316571 -0.0592262 0.0740951
      vertex -0.0256994 -0.062044 0.0740951
      vertex -0.0280811 -0.052536 0.0803208
    endloop
  endfacet
  facet normal -0.271427 -0.573901 0.772635
    outer loop
      vertex -0.0256994 -0.062044 0.0740951
      vertex -0.0227964 -0.0550354 0.0803208
      vertex -0.0280811 -0.052536 0.0803208
    endloop
  endfacet
  facet normal -0.213873 -0.59774 0.772635
    outer loop
      vertex -0.0256994 -0.062044 0.0740951
      vertex -0.0194943 -0.0642642 0.0740951
      vertex -0.0227964 -0.0550354 0.0803208
    endloop
  endfacet
  facet normal -0.213882 -0.597741 0.772632
    outer loop
      vertex -0.0194943 -0.0642642 0.0740951
      vertex -0.0172922 -0.0570049 0.0803208
      vertex -0.0227964 -0.0550354 0.0803208
    endloop
  endfacet
  facet normal -0.154256 -0.615829 0.772632
    outer loop
      vertex -0.0194943 -0.0642642 0.0740951
      vertex -0.0131015 -0.0658655 0.0740951
      vertex -0.0172922 -0.0570049 0.0803208
    endloop
  endfacet
  facet normal -0.154253 -0.615828 0.772633
    outer loop
      vertex -0.0131015 -0.0658655 0.0740951
      vertex -0.0116215 -0.0584253 0.0803208
      vertex -0.0172922 -0.0570049 0.0803208
    endloop
  endfacet
  facet normal -0.0931512 -0.627982 0.772633
    outer loop
      vertex -0.0131015 -0.0658655 0.0740951
      vertex -0.00658243 -0.0668325 0.0740951
      vertex -0.0116215 -0.0584253 0.0803208
    endloop
  endfacet
  facet normal -0.0931556 -0.627984 0.772631
    outer loop
      vertex -0.00658243 -0.0668325 0.0740951
      vertex -0.00583887 -0.0592831 0.0803208
      vertex -0.0116215 -0.0584253 0.0803208
    endloop
  endfacet
  facet normal -0.0311534 -0.634091 0.772631
    outer loop
      vertex -0.00658243 -0.0668325 0.0740951
      vertex -0 -0.0671559 0.0740951
      vertex -0.00583887 -0.0592831 0.0803208
    endloop
  endfacet
  facet normal -0.0311458 -0.634087 0.772634
    outer loop
      vertex -0 -0.0671559 0.0740951
      vertex -0 -0.0595699 0.0803208
      vertex -0.00583887 -0.0592831 0.0803208
    endloop
  endfacet
  facet normal 0.0311532 -0.634087 0.772634
    outer loop
      vertex -0 -0.0671559 0.0740951
      vertex 0.00658243 -0.0668325 0.0740951
      vertex -0 -0.0595699 0.0803208
    endloop
  endfacet
  facet normal 0.031146 -0.634091 0.772631
    outer loop
      vertex 0.00658243 -0.0668325 0.0740951
      vertex 0.00583887 -0.0592831 0.0803208
      vertex -0 -0.0595699 0.0803208
    endloop
  endfacet
  facet normal 0.0931514 -0.627984 0.772631
    outer loop
      vertex 0.00658243 -0.0668325 0.0740951
      vertex 0.0131015 -0.0658655 0.0740951
      vertex 0.00583887 -0.0592831 0.0803208
    endloop
  endfacet
  facet normal 0.0931553 -0.627982 0.772633
    outer loop
      vertex 0.0131015 -0.0658655 0.0740951
      vertex 0.0116215 -0.0584253 0.0803208
      vertex 0.00583887 -0.0592831 0.0803208
    endloop
  endfacet
  facet normal 0.154256 -0.615828 0.772633
    outer loop
      vertex 0.0131015 -0.0658655 0.0740951
      vertex 0.0194943 -0.0642642 0.0740951
      vertex 0.0116215 -0.0584253 0.0803208
    endloop
  endfacet
  facet normal 0.154253 -0.61583 0.772632
    outer loop
      vertex 0.0194943 -0.0642642 0.0740951
      vertex 0.0172922 -0.0570049 0.0803208
      vertex 0.0116215 -0.0584253 0.0803208
    endloop
  endfacet
  facet normal 0.213874 -0.597744 0.772632
    outer loop
      vertex 0.0194943 -0.0642642 0.0740951
      vertex 0.0256994 -0.062044 0.0740951
      vertex 0.0172922 -0.0570049 0.0803208
    endloop
  endfacet
  facet normal 0.213881 -0.597737 0.772635
    outer loop
      vertex 0.0256994 -0.062044 0.0740951
      vertex 0.0227964 -0.0550354 0.0803208
      vertex 0.0172922 -0.0570049 0.0803208
    endloop
  endfacet
  facet normal 0.271435 -0.573897 0.772635
    outer loop
      vertex 0.0256994 -0.062044 0.0740951
      vertex 0.0316571 -0.0592262 0.0740951
      vertex 0.0227964 -0.0550354 0.0803208
    endloop
  endfacet
  facet normal 0.271429 -0.573905 0.772631
    outer loop
      vertex 0.0316571 -0.0592262 0.0740951
      vertex 0.0280811 -0.052536 0.0803208
      vertex 0.0227964 -0.0550354 0.0803208
    endloop
  endfacet
  facet normal 0.326381 -0.544533 0.772632
    outer loop
      vertex 0.0316571 -0.0592262 0.0740951
      vertex 0.0373098 -0.0558381 0.0740951
      vertex 0.0280811 -0.052536 0.0803208
    endloop
  endfacet
  facet normal 0.326381 -0.544533 0.772632
    outer loop
      vertex 0.0373098 -0.0558381 0.0740951
      vertex 0.0330953 -0.0495306 0.0803208
      vertex 0.0280811 -0.052536 0.0803208
    endloop
  endfacet
  facet normal 0.378181 -0.509921 0.772632
    outer loop
      vertex 0.0373098 -0.0558381 0.0740951
      vertex 0.0426033 -0.0519122 0.0740951
      vertex 0.0330953 -0.0495306 0.0803208
    endloop
  endfacet
  facet normal 0.378181 -0.509921 0.772632
    outer loop
      vertex 0.0426033 -0.0519122 0.0740951
      vertex 0.0377908 -0.0460482 0.0803208
      vertex 0.0330953 -0.0495306 0.0803208
    endloop
  endfacet
  facet normal 0.426343 -0.470395 0.772632
    outer loop
      vertex 0.0426033 -0.0519122 0.0740951
      vertex 0.0474864 -0.0474864 0.0740951
      vertex 0.0377908 -0.0460482 0.0803208
    endloop
  endfacet
  facet normal 0.426344 -0.470392 0.772633
    outer loop
      vertex 0.0474864 -0.0474864 0.0740951
      vertex 0.0421223 -0.0421223 0.0803208
      vertex 0.0377908 -0.0460482 0.0803208
    endloop
  endfacet
  facet normal 0.470394 -0.426342 0.772633
    outer loop
      vertex 0.0474864 -0.0474864 0.0740951
      vertex 0.0519122 -0.0426033 0.0740951
      vertex 0.0421223 -0.0421223 0.0803208
    endloop
  endfacet
  facet normal 0.470393 -0.426346 0.772632
    outer loop
      vertex 0.0519122 -0.0426033 0.0740951
      vertex 0.0460482 -0.0377908 0.0803208
      vertex 0.0421223 -0.0421223 0.0803208
    endloop
  endfacet
  facet normal 0.509921 -0.378181 0.772632
    outer loop
      vertex 0.0519122 -0.0426033 0.0740951
      vertex 0.0558381 -0.0373098 0.0740951
      vertex 0.0460482 -0.0377908 0.0803208
    endloop
  endfacet
  facet normal 0.509921 -0.378181 0.772632
    outer loop
      vertex 0.0558381 -0.0373098 0.0740951
      vertex 0.0495306 -0.0330953 0.0803208
      vertex 0.0460482 -0.0377908 0.0803208
    endloop
  endfacet
  facet normal 0.544533 -0.326381 0.772632
    outer loop
      vertex 0.0558381 -0.0373098 0.0740951
      vertex 0.0592262 -0.0316571 0.0740951
      vertex 0.0495306 -0.0330953 0.0803208
    endloop
  endfacet
  facet normal 0.544533 -0.326381 0.772632
    outer loop
      vertex 0.0592262 -0.0316571 0.0740951
      vertex 0.052536 -0.0280811 0.0803208
      vertex 0.0495306 -0.0330953 0.0803208
    endloop
  endfacet
  facet normal 0.573901 -0.271437 0.772632
    outer loop
      vertex 0.0592262 -0.0316571 0.0740951
      vertex 0.062044 -0.0256994 0.0740951
      vertex 0.052536 -0.0280811 0.0803208
    endloop
  endfacet
  facet normal 0.573901 -0.271427 0.772635
    outer loop
      vertex 0.062044 -0.0256994 0.0740951
      vertex 0.0550354 -0.0227964 0.0803208
      vertex 0.052536 -0.0280811 0.0803208
    endloop
  endfacet
  facet normal 0.59774 -0.213873 0.772635
    outer loop
      vertex 0.062044 -0.0256994 0.0740951
      vertex 0.0642642 -0.0194943 0.0740951
      vertex 0.0550354 -0.0227964 0.0803208
    endloop
  endfacet
  facet normal 0.597741 -0.213882 0.772632
    outer loop
      vertex 0.0642642 -0.0194943 0.0740951
      vertex 0.0570049 -0.0172922 0.0803208
      vertex 0.0550354 -0.0227964 0.0803208
    endloop
  endfacet
  facet normal 0.615829 -0.154256 0.772632
    outer loop
      vertex 0.0642642 -0.0194943 0.0740951
      vertex 0.0658655 -0.0131015 0.0740951
      vertex 0.0570049 -0.0172922 0.0803208
    endloop
  endfacet
  facet normal 0.615828 -0.154253 0.772633
    outer loop
      vertex 0.0658655 -0.0131015 0.0740951
      vertex 0.0584253 -0.0116215 0.0803208
      vertex 0.0570049 -0.0172922 0.0803208
    endloop
  endfacet
  facet normal 0.627982 -0.0931512 0.772633
    outer loop
      vertex 0.0658655 -0.0131015 0.0740951
      vertex 0.0668325 -0.00658243 0.0740951
      vertex 0.0584253 -0.0116215 0.0803208
    endloop
  endfacet
  facet normal 0.627984 -0.0931556 0.772631
    outer loop
      vertex 0.0668325 -0.00658243 0.0740951
      vertex 0.0592831 -0.00583887 0.0803208
      vertex 0.0584253 -0.0116215 0.0803208
    endloop
  endfacet
  facet normal 0.634091 -0.0311534 0.772631
    outer loop
      vertex 0.0668325 -0.00658243 0.0740951
      vertex 0.0671559 0 0.0740951
      vertex 0.0592831 -0.00583887 0.0803208
    endloop
  endfacet
  facet normal 0.634087 -0.0311458 0.772634
    outer loop
      vertex 0.0671559 0 0.0740951
      vertex 0.0595699 0 0.0803208
      vertex 0.0592831 -0.00583887 0.0803208
    endloop
  endfacet
  facet normal 0.70668 0.0347181 0.70668
    outer loop
      vertex 0.0740951 0 0.0671559
      vertex 0.0737383 0.00726259 0.0671559
      vertex 0.0671559 0 0.0740951
    endloop
  endfacet
  facet normal 0.70668 0.0347197 0.706681
    outer loop
      vertex 0.0737383 0.00726259 0.0671559
      vertex 0.0668325 0.00658243 0.0740951
      vertex 0.0671559 0 0.0740951
    endloop
  endfacet
  facet normal 0.699874 0.103814 0.706681
    outer loop
      vertex 0.0737383 0.00726259 0.0671559
      vertex 0.0726714 0.0144552 0.0671559
      vertex 0.0668325 0.00658243 0.0740951
    endloop
  endfacet
  facet normal 0.699874 0.103815 0.706682
    outer loop
      vertex 0.0726714 0.0144552 0.0671559
      vertex 0.0658655 0.0131015 0.0740951
      vertex 0.0668325 0.00658243 0.0740951
    endloop
  endfacet
  facet normal 0.686328 0.171915 0.706681
    outer loop
      vertex 0.0726714 0.0144552 0.0671559
      vertex 0.0709046 0.0215087 0.0671559
      vertex 0.0658655 0.0131015 0.0740951
    endloop
  endfacet
  facet normal 0.686329 0.171915 0.706681
    outer loop
      vertex 0.0709046 0.0215087 0.0671559
      vertex 0.0642642 0.0194943 0.0740951
      vertex 0.0658655 0.0131015 0.0740951
    endloop
  endfacet
  facet normal 0.666174 0.238356 0.706682
    outer loop
      vertex 0.0709046 0.0215087 0.0671559
      vertex 0.068455 0.028355 0.0671559
      vertex 0.0642642 0.0194943 0.0740951
    endloop
  endfacet
  facet normal 0.666172 0.238358 0.706683
    outer loop
      vertex 0.068455 0.028355 0.0671559
      vertex 0.062044 0.0256994 0.0740951
      vertex 0.0642642 0.0194943 0.0740951
    endloop
  endfacet
  facet normal 0.6396 0.302509 0.706683
    outer loop
      vertex 0.068455 0.028355 0.0671559
      vertex 0.0653461 0.0349282 0.0671559
      vertex 0.062044 0.0256994 0.0740951
    endloop
  endfacet
  facet normal 0.639599 0.30251 0.706684
    outer loop
      vertex 0.0653461 0.0349282 0.0671559
      vertex 0.0592262 0.0316571 0.0740951
      vertex 0.062044 0.0256994 0.0740951
    endloop
  endfacet
  facet normal 0.606864 0.363751 0.706683
    outer loop
      vertex 0.0653461 0.0349282 0.0671559
      vertex 0.0616078 0.041165 0.0671559
      vertex 0.0592262 0.0316571 0.0740951
    endloop
  endfacet
  facet normal 0.606873 0.363746 0.706679
    outer loop
      vertex 0.0616078 0.041165 0.0671559
      vertex 0.0558381 0.0373098 0.0740951
      vertex 0.0592262 0.0316571 0.0740951
    endloop
  endfacet
  facet normal 0.568299 0.421476 0.706679
    outer loop
      vertex 0.0616078 0.041165 0.0671559
      vertex 0.0572763 0.0470054 0.0671559
      vertex 0.0558381 0.0373098 0.0740951
    endloop
  endfacet
  facet normal 0.568298 0.421476 0.706679
    outer loop
      vertex 0.0572763 0.0470054 0.0671559
      vertex 0.0519122 0.0426033 0.0740951
      vertex 0.0558381 0.0373098 0.0740951
    endloop
  endfacet
  facet normal 0.524254 0.475145 0.706679
    outer loop
      vertex 0.0572763 0.0470054 0.0671559
      vertex 0.0523932 0.0523932 0.0671559
      vertex 0.0519122 0.0426033 0.0740951
    endloop
  endfacet
  facet normal 0.524244 0.475149 0.706684
    outer loop
      vertex 0.0523932 0.0523932 0.0671559
      vertex 0.0474864 0.0474864 0.0740951
      vertex 0.0519122 0.0426033 0.0740951
    endloop
  endfacet
  facet normal 0.475142 0.524251 0.706684
    outer loop
      vertex 0.0523932 0.0523932 0.0671559
      vertex 0.0470054 0.0572763 0.0671559
      vertex 0.0474864 0.0474864 0.0740951
    endloop
  endfacet
  facet normal 0.475152 0.524248 0.706679
    outer loop
      vertex 0.0470054 0.0572763 0.0671559
      vertex 0.0426033 0.0519122 0.0740951
      vertex 0.0474864 0.0474864 0.0740951
    endloop
  endfacet
  facet normal 0.421475 0.568299 0.706679
    outer loop
      vertex 0.0470054 0.0572763 0.0671559
      vertex 0.041165 0.0616078 0.0671559
      vertex 0.0426033 0.0519122 0.0740951
    endloop
  endfacet
  facet normal 0.421476 0.568298 0.706679
    outer loop
      vertex 0.041165 0.0616078 0.0671559
      vertex 0.0373098 0.0558381 0.0740951
      vertex 0.0426033 0.0519122 0.0740951
    endloop
  endfacet
  facet normal 0.363753 0.606868 0.706679
    outer loop
      vertex 0.041165 0.0616078 0.0671559
      vertex 0.0349282 0.0653461 0.0671559
      vertex 0.0373098 0.0558381 0.0740951
    endloop
  endfacet
  facet normal 0.363743 0.606869 0.706683
    outer loop
      vertex 0.0349282 0.0653461 0.0671559
      vertex 0.0316571 0.0592262 0.0740951
      vertex 0.0373098 0.0558381 0.0740951
    endloop
  endfacet
  facet normal 0.302509 0.639599 0.706684
    outer loop
      vertex 0.0349282 0.0653461 0.0671559
      vertex 0.028355 0.068455 0.0671559
      vertex 0.0316571 0.0592262 0.0740951
    endloop
  endfacet
  facet normal 0.30251 0.639599 0.706683
    outer loop
      vertex 0.028355 0.068455 0.0671559
      vertex 0.0256994 0.062044 0.0740951
      vertex 0.0316571 0.0592262 0.0740951
    endloop
  endfacet
  facet normal 0.238356 0.666173 0.706683
    outer loop
      vertex 0.028355 0.068455 0.0671559
      vertex 0.0215087 0.0709046 0.0671559
      vertex 0.0256994 0.062044 0.0740951
    endloop
  endfacet
  facet normal 0.238358 0.666173 0.706682
    outer loop
      vertex 0.0215087 0.0709046 0.0671559
      vertex 0.0194943 0.0642642 0.0740951
      vertex 0.0256994 0.062044 0.0740951
    endloop
  endfacet
  facet normal 0.171915 0.686328 0.706681
    outer loop
      vertex 0.0215087 0.0709046 0.0671559
      vertex 0.0144552 0.0726714 0.0671559
      vertex 0.0194943 0.0642642 0.0740951
    endloop
  endfacet
  facet normal 0.171915 0.686328 0.706681
    outer loop
      vertex 0.0144552 0.0726714 0.0671559
      vertex 0.0131015 0.0658655 0.0740951
      vertex 0.0194943 0.0642642 0.0740951
    endloop
  endfacet
  facet normal 0.103814 0.699874 0.706682
    outer loop
      vertex 0.0144552 0.0726714 0.0671559
      vertex 0.00726259 0.0737383 0.0671559
      vertex 0.0131015 0.0658655 0.0740951
    endloop
  endfacet
  facet normal 0.103815 0.699874 0.706681
    outer loop
      vertex 0.00726259 0.0737383 0.0671559
      vertex 0.00658243 0.0668325 0.0740951
      vertex 0.0131015 0.0658655 0.0740951
    endloop
  endfacet
  facet normal 0.0347181 0.70668 0.706681
    outer loop
      vertex 0.00726259 0.0737383 0.0671559
      vertex 0 0.0740951 0.0671559
      vertex 0.00658243 0.0668325 0.0740951
    endloop
  endfacet
  facet normal 0.0347198 0.70668 0.70668
    outer loop
      vertex 0 0.0740951 0.0671559
      vertex 0 0.0671559 0.0740951
      vertex 0.00658243 0.0668325 0.0740951
    endloop
  endfacet
  facet normal -0.0347181 0.70668 0.70668
    outer loop
      vertex 0 0.0740951 0.0671559
      vertex -0.00726259 0.0737383 0.0671559
      vertex 0 0.0671559 0.0740951
    endloop
  endfacet
  facet normal -0.0347197 0.70668 0.706681
    outer loop
      vertex -0.00726259 0.0737383 0.0671559
      vertex -0.00658243 0.0668325 0.0740951
      vertex 0 0.0671559 0.0740951
    endloop
  endfacet
  facet normal -0.103814 0.699874 0.706681
    outer loop
      vertex -0.00726259 0.0737383 0.0671559
      vertex -0.0144552 0.0726714 0.0671559
      vertex -0.00658243 0.0668325 0.0740951
    endloop
  endfacet
  facet normal -0.103815 0.699874 0.706682
    outer loop
      vertex -0.0144552 0.0726714 0.0671559
      vertex -0.0131015 0.0658655 0.0740951
      vertex -0.00658243 0.0668325 0.0740951
    endloop
  endfacet
  facet normal -0.171915 0.686328 0.706681
    outer loop
      vertex -0.0144552 0.0726714 0.0671559
      vertex -0.0215087 0.0709046 0.0671559
      vertex -0.0131015 0.0658655 0.0740951
    endloop
  endfacet
  facet normal -0.171915 0.686329 0.706681
    outer loop
      vertex -0.0215087 0.0709046 0.0671559
      vertex -0.0194943 0.0642642 0.0740951
      vertex -0.0131015 0.0658655 0.0740951
    endloop
  endfacet
  facet normal -0.238356 0.666174 0.706682
    outer loop
      vertex -0.0215087 0.0709046 0.0671559
      vertex -0.028355 0.068455 0.0671559
      vertex -0.0194943 0.0642642 0.0740951
    endloop
  endfacet
  facet normal -0.238358 0.666172 0.706683
    outer loop
      vertex -0.028355 0.068455 0.0671559
      vertex -0.0256994 0.062044 0.0740951
      vertex -0.0194943 0.0642642 0.0740951
    endloop
  endfacet
  facet normal -0.302509 0.6396 0.706683
    outer loop
      vertex -0.028355 0.068455 0.0671559
      vertex -0.0349282 0.0653461 0.0671559
      vertex -0.0256994 0.062044 0.0740951
    endloop
  endfacet
  facet normal -0.30251 0.639599 0.706684
    outer loop
      vertex -0.0349282 0.0653461 0.0671559
      vertex -0.0316571 0.0592262 0.0740951
      vertex -0.0256994 0.062044 0.0740951
    endloop
  endfacet
  facet normal -0.363751 0.606864 0.706683
    outer loop
      vertex -0.0349282 0.0653461 0.0671559
      vertex -0.041165 0.0616078 0.0671559
      vertex -0.0316571 0.0592262 0.0740951
    endloop
  endfacet
  facet normal -0.363746 0.606873 0.706679
    outer loop
      vertex -0.041165 0.0616078 0.0671559
      vertex -0.0373098 0.0558381 0.0740951
      vertex -0.0316571 0.0592262 0.0740951
    endloop
  endfacet
  facet normal -0.421476 0.568299 0.706679
    outer loop
      vertex -0.041165 0.0616078 0.0671559
      vertex -0.0470054 0.0572763 0.0671559
      vertex -0.0373098 0.0558381 0.0740951
    endloop
  endfacet
  facet normal -0.421476 0.568298 0.706679
    outer loop
      vertex -0.0470054 0.0572763 0.0671559
      vertex -0.0426033 0.0519122 0.0740951
      vertex -0.0373098 0.0558381 0.0740951
    endloop
  endfacet
  facet normal -0.475145 0.524254 0.706679
    outer loop
      vertex -0.0470054 0.0572763 0.0671559
      vertex -0.0523932 0.0523932 0.0671559
      vertex -0.0426033 0.0519122 0.0740951
    endloop
  endfacet
  facet normal -0.475149 0.524244 0.706684
    outer loop
      vertex -0.0523932 0.0523932 0.0671559
      vertex -0.0474864 0.0474864 0.0740951
      vertex -0.0426033 0.0519122 0.0740951
    endloop
  endfacet
  facet normal -0.524251 0.475142 0.706684
    outer loop
      vertex -0.0523932 0.0523932 0.0671559
      vertex -0.0572763 0.0470054 0.0671559
      vertex -0.0474864 0.0474864 0.0740951
    endloop
  endfacet
  facet normal -0.524248 0.475152 0.706679
    outer loop
      vertex -0.0572763 0.0470054 0.0671559
      vertex -0.0519122 0.0426033 0.0740951
      vertex -0.0474864 0.0474864 0.0740951
    endloop
  endfacet
  facet normal -0.568299 0.421475 0.706679
    outer loop
      vertex -0.0572763 0.0470054 0.0671559
      vertex -0.0616078 0.041165 0.0671559
      vertex -0.0519122 0.0426033 0.0740951
    endloop
  endfacet
  facet normal -0.568298 0.421476 0.706679
    outer loop
      vertex -0.0616078 0.041165 0.0671559
      vertex -0.0558381 0.0373098 0.0740951
      vertex -0.0519122 0.0426033 0.0740951
    endloop
  endfacet
  facet normal -0.606868 0.363753 0.706679
    outer loop
      vertex -0.0616078 0.041165 0.0671559
      vertex -0.0653461 0.0349282 0.0671559
      vertex -0.0558381 0.0373098 0.0740951
    endloop
  endfacet
  facet normal -0.606869 0.363743 0.706683
    outer loop
      vertex -0.0653461 0.0349282 0.0671559
      vertex -0.0592262 0.0316571 0.0740951
      vertex -0.0558381 0.0373098 0.0740951
    endloop
  endfacet
  facet normal -0.639599 0.302509 0.706684
    outer loop
      vertex -0.0653461 0.0349282 0.0671559
      vertex -0.068455 0.028355 0.0671559
      vertex -0.0592262 0.0316571 0.0740951
    endloop
  endfacet
  facet normal -0.639599 0.30251 0.706683
    outer loop
      vertex -0.068455 0.028355 0.0671559
      vertex -0.062044 0.0256994 0.0740951
      vertex -0.0592262 0.0316571 0.0740951
    endloop
  endfacet
  facet normal -0.666173 0.238356 0.706683
    outer loop
      vertex -0.068455 0.028355 0.0671559
      vertex -0.0709046 0.0215087 0.0671559
      vertex -0.062044 0.0256994 0.0740951
    endloop
  endfacet
  facet normal -0.666173 0.238358 0.706682
    outer loop
      vertex -0.0709046 0.0215087 0.0671559
      vertex -0.0642642 0.0194943 0.0740951
      vertex -0.062044 0.0256994 0.0740951
    endloop
  endfacet
  facet normal -0.686328 0.171915 0.706681
    outer loop
      vertex -0.0709046 0.0215087 0.0671559
      vertex -0.0726714 0.0144552 0.0671559
      vertex -0.0642642 0.0194943 0.0740951
    endloop
  endfacet
  facet normal -0.686328 0.171915 0.706681
    outer loop
      vertex -0.0726714 0.0144552 0.0671559
      vertex -0.0658655 0.0131015 0.0740951
      vertex -0.0642642 0.0194943 0.0740951
    endloop
  endfacet
  facet normal -0.699874 0.103814 0.706682
    outer loop
      vertex -0.0726714 0.0144552 0.0671559
      vertex -0.0737383 0.00726259 0.0671559
      vertex -0.0658655 0.0131015 0.0740951
    endloop
  endfacet
  facet normal -0.699874 0.103815 0.706681
    outer loop
      vertex -0.0737383 0.00726259 0.0671559
      vertex -0.0668325 0.00658243 0.0740951
      vertex -0.0658655 0.0131015 0.0740951
    endloop
  endfacet
  facet normal -0.70668 0.0347181 0.706681
    outer loop
      vertex -0.0737383 0.00726259 0.0671559
      vertex -0.0740951 -0 0.0671559
      vertex -0.0668325 0.00658243 0.0740951
    endloop
  endfacet
  facet normal -0.70668 0.0347198 0.70668
    outer loop
      vertex -0.0740951 -0 0.0671559
      vertex -0.0671559 -0 0.0740951
      vertex -0.0668325 0.00658243 0.0740951
    endloop
  endfacet
  facet normal -0.70668 -0.0347181 0.70668
    outer loop
      vertex -0.0740951 -0 0.0671559
      vertex -0.0737383 -0.00726259 0.0671559
      vertex -0.0671559 -0 0.0740951
    endloop
  endfacet
  facet normal -0.70668 -0.0347197 0.706681
    outer loop
      vertex -0.0737383 -0.00726259 0.0671559
      vertex -0.0668325 -0.00658243 0.0740951
      vertex -0.0671559 -0 0.0740951
    endloop
  endfacet
  facet normal -0.699874 -0.103814 0.706681
    outer loop
      vertex -0.0737383 -0.00726259 0.0671559
      vertex -0.0726714 -0.0144552 0.0671559
      vertex -0.0668325 -0.00658243 0.0740951
    endloop
  endfacet
  facet normal -0.699874 -0.103815 0.706682
    outer loop
      vertex -0.0726714 -0.0144552 0.0671559
      vertex -0.0658655 -0.0131015 0.0740951
      vertex -0.0668325 -0.00658243 0.0740951
    endloop
  endfacet
  facet normal -0.686328 -0.171915 0.706681
    outer loop
      vertex -0.0726714 -0.0144552 0.0671559
      vertex -0.0709046 -0.0215087 0.0671559
      vertex -0.0658655 -0.0131015 0.0740951
    endloop
  endfacet
  facet normal -0.686329 -0.171915 0.706681
    outer loop
      vertex -0.0709046 -0.0215087 0.0671559
      vertex -0.0642642 -0.0194943 0.0740951
      vertex -0.0658655 -0.0131015 0.0740951
    endloop
  endfacet
  facet normal -0.666174 -0.238356 0.706682
    outer loop
      vertex -0.0709046 -0.0215087 0.0671559
      vertex -0.068455 -0.028355 0.0671559
      vertex -0.0642642 -0.0194943 0.0740951
    endloop
  endfacet
  facet normal -0.666172 -0.238358 0.706683
    outer loop
      vertex -0.068455 -0.028355 0.0671559
      vertex -0.062044 -0.0256994 0.0740951
      vertex -0.0642642 -0.0194943 0.0740951
    endloop
  endfacet
  facet normal -0.6396 -0.302509 0.706683
    outer loop
      vertex -0.068455 -0.028355 0.0671559
      vertex -0.0653461 -0.0349282 0.0671559
      vertex -0.062044 -0.0256994 0.0740951
    endloop
  endfacet
  facet normal -0.639599 -0.30251 0.706684
    outer loop
      vertex -0.0653461 -0.0349282 0.0671559
      vertex -0.0592262 -0.0316571 0.0740951
      vertex -0.062044 -0.0256994 0.0740951
    endloop
  endfacet
  facet normal -0.606864 -0.363751 0.706683
    outer loop
      vertex -0.0653461 -0.0349282 0.0671559
      vertex -0.0616078 -0.041165 0.0671559
      vertex -0.0592262 -0.0316571 0.0740951
    endloop
  endfacet
  facet normal -0.606873 -0.363746 0.706679
    outer loop
      vertex -0.0616078 -0.041165 0.0671559
      vertex -0.0558381 -0.0373098 0.0740951
      vertex -0.0592262 -0.0316571 0.0740951
    endloop
  endfacet
  facet normal -0.568299 -0.421476 0.706679
    outer loop
      vertex -0.0616078 -0.041165 0.0671559
      vertex -0.0572763 -0.0470054 0.0671559
      vertex -0.0558381 -0.0373098 0.0740951
    endloop
  endfacet
  facet normal -0.568298 -0.421476 0.706679
    outer loop
      vertex -0.0572763 -0.0470054 0.0671559
      vertex -0.0519122 -0.0426033 0.0740951
      vertex -0.0558381 -0.0373098 0.0740951
    endloop
  endfacet
  facet normal -0.524254 -0.475145 0.706679
    outer loop
      vertex -0.0572763 -0.0470054 0.0671559
      vertex -0.0523932 -0.0523932 0.0671559
      vertex -0.0519122 -0.0426033 0.0740951
    endloop
  endfacet
  facet normal -0.524244 -0.475149 0.706684
    outer loop
      vertex -0.0523932 -0.0523932 0.0671559
      vertex -0.0474864 -0.0474864 0.0740951
      vertex -0.0519122 -0.0426033 0.0740951
    endloop
  endfacet
  facet normal -0.475142 -0.524251 0.706684
    outer loop
      vertex -0.0523932 -0.0523932 0.0671559
      vertex -0.0470054 -0.0572763 0.0671559
      vertex -0.0474864 -0.0474864 0.0740951
    endloop
  endfacet
  facet normal -0.475152 -0.524248 0.706679
    outer loop
      vertex -0.0470054 -0.0572763 0.0671559
      vertex -0.0426033 -0.0519122 0.0740951
      vertex -0.0474864 -0.0474864 0.0740951
    endloop
  endfacet
  facet normal -0.421475 -0.568299 0.706679
    outer loop
      vertex -0.0470054 -0.0572763 0.0671559
      vertex -0.041165 -0.0616078 0.0671559
      vertex -0.0426033 -0.0519122 0.0740951
    endloop
  endfacet
  facet normal -0.421476 -0.568298 0.706679
    outer loop
      vertex -0.041165 -0.0616078 0.0671559
      vertex -0.0373098 -0.0558381 0.0740951
      vertex -0.0426033 -0.0519122 0.0740951
    endloop
  endfacet
  facet normal -0.363753 -0.606868 0.706679
    outer loop
      vertex -0.041165 -0.0616078 0.0671559
      vertex -0.0349282 -0.0653461 0.0671559
      vertex -0.0373098 -0.0558381 0.0740951
    endloop
  endfacet
  facet normal -0.363743 -0.606869 0.706683
    outer loop
      vertex -0.0349282 -0.0653461 0.0671559
      vertex -0.0316571 -0.0592262 0.0740951
      vertex -0.0373098 -0.0558381 0.0740951
    endloop
  endfacet
  facet normal -0.302509 -0.639599 0.706684
    outer loop
      vertex -0.0349282 -0.0653461 0.0671559
      vertex -0.028355 -0.068455 0.0671559
      vertex -0.0316571 -0.0592262 0.0740951
    endloop
  endfacet
  facet normal -0.30251 -0.639599 0.706683
    outer loop
      vertex -0.028355 -0.068455 0.0671559
      vertex -0.0256994 -0.062044 0.0740951
      vertex -0.0316571 -0.0592262 0.0740951
    endloop
  endfacet
  facet normal -0.238356 -0.666173 0.706683
    outer loop
      vertex -0.028355 -0.068455 0.0671559
      vertex -0.0215087 -0.0709046 0.0671559
      vertex -0.0256994 -0.062044 0.0740951
    endloop
  endfacet
  facet normal -0.238358 -0.666173 0.706682
    outer loop
      vertex -0.0215087 -0.0709046 0.0671559
      vertex -0.0194943 -0.0642642 0.0740951
      vertex -0.0256994 -0.062044 0.0740951
    endloop
  endfacet
  facet normal -0.171915 -0.686328 0.706681
    outer loop
      vertex -0.0215087 -0.0709046 0.0671559
      vertex -0.0144552 -0.0726714 0.0671559
      vertex -0.0194943 -0.0642642 0.0740951
    endloop
  endfacet
  facet normal -0.171915 -0.686328 0.706681
    outer loop
      vertex -0.0144552 -0.0726714 0.0671559
      vertex -0.0131015 -0.0658655 0.0740951
      vertex -0.0194943 -0.0642642 0.0740951
    endloop
  endfacet
  facet normal -0.103814 -0.699874 0.706682
    outer loop
      vertex -0.0144552 -0.0726714 0.0671559
      vertex -0.00726259 -0.0737383 0.0671559
      vertex -0.0131015 -0.0658655 0.0740951
    endloop
  endfacet
  facet normal -0.103815 -0.699874 0.706681
    outer loop
      vertex -0.00726259 -0.0737383 0.0671559
      vertex -0.00658243 -0.0668325 0.0740951
      vertex -0.0131015 -0.0658655 0.0740951
    endloop
  endfacet
  facet normal -0.0347181 -0.70668 0.706681
    outer loop
      vertex -0.00726259 -0.0737383 0.0671559
      vertex -0 -0.0740951 0.0671559
      vertex -0.00658243 -0.0668325 0.0740951
    endloop
  endfacet
  facet normal -0.0347198 -0.70668 0.70668
    outer loop
      vertex -0 -0.0740951 0.0671559
      vertex -0 -0.0671559 0.0740951
      vertex -0.00658243 -0.0668325 0.0740951
    endloop
  endfacet
  facet normal 0.0347181 -0.70668 0.70668
    outer loop
      vertex -0 -0.0740951 0.0671559
      vertex 0.00726259 -0.0737383 0.0671559
      vertex -0 -0.0671559 0.0740951
    endloop
  endfacet
  facet normal 0.0347197 -0.70668 0.706681
    outer loop
      vertex 0.00726259 -0.0737383 0.0671559
      vertex 0.00658243 -0.0668325 0.0740951
      vertex -0 -0.0671559 0.0740951
    endloop
  endfacet
  facet normal 0.103814 -0.699874 0.706681
    outer loop
      vertex 0.00726259 -0.0737383 0.0671559
      vertex 0.0144552 -0.0726714 0.0671559
      vertex 0.00658243 -0.0668325 0.0740951
    endloop
  endfacet
  facet normal 0.103815 -0.699874 0.706682
    outer loop
      vertex 0.0144552 -0.0726714 0.0671559
      vertex 0.0131015 -0.0658655 0.0740951
      vertex 0.00658243 -0.0668325 0.0740951
    endloop
  endfacet
  facet normal 0.171915 -0.686328 0.706681
    outer loop
      vertex 0.0144552 -0.0726714 0.0671559
      vertex 0.0215087 -0.0709046 0.0671559
      vertex 0.0131015 -0.0658655 0.0740951
    endloop
  endfacet
  facet normal 0.171915 -0.686329 0.706681
    outer loop
      vertex 0.0215087 -0.0709046 0.0671559
      vertex 0.0194943 -0.0642642 0.0740951
      vertex 0.0131015 -0.0658655 0.0740951
    endloop
  endfacet
  facet normal 0.238356 -0.666174 0.706682
    outer loop
      vertex 0.0215087 -0.0709046 0.0671559
      vertex 0.028355 -0.068455 0.0671559
      vertex 0.0194943 -0.0642642 0.0740951
    endloop
  endfacet
  facet normal 0.238358 -0.666172 0.706683
    outer loop
      vertex 0.028355 -0.068455 0.0671559
      vertex 0.0256994 -0.062044 0.0740951
      vertex 0.0194943 -0.0642642 0.0740951
    endloop
  endfacet
  facet normal 0.302509 -0.6396 0.706683
    outer loop
      vertex 0.028355 -0.068455 0.0671559
      vertex 0.0349282 -0.0653461 0.0671559
      vertex 0.0256994 -0.062044 0.0740951
    endloop
  endfacet
  facet normal 0.30251 -0.639599 0.706684
    outer loop
      vertex 0.0349282 -0.0653461 0.0671559
      vertex 0.0316571 -0.0592262 0.0740951
      vertex 0.0256994 -0.062044 0.0740951
    endloop
  endfacet
  facet normal 0.363751 -0.606864 0.706683
    outer loop
      vertex 0.0349282 -0.0653461 0.0671559
      vertex 0.041165 -0.0616078 0.0671559
      vertex 0.0316571 -0.0592262 0.0740951
    endloop
  endfacet
  facet normal 0.363746 -0.606873 0.706679
    outer loop
      vertex 0.041165 -0.0616078 0.0671559
      vertex 0.0373098 -0.0558381 0.0740951
      vertex 0.0316571 -0.0592262 0.0740951
    endloop
  endfacet
  facet normal 0.421476 -0.568299 0.706679
    outer loop
      vertex 0.041165 -0.0616078 0.0671559
      vertex 0.0470054 -0.0572763 0.0671559
      vertex 0.0373098 -0.0558381 0.0740951
    endloop
  endfacet
  facet normal 0.421476 -0.568298 0.706679
    outer loop
      vertex 0.0470054 -0.0572763 0.0671559
      vertex 0.0426033 -0.0519122 0.0740951
      vertex 0.0373098 -0.0558381 0.0740951
    endloop
  endfacet
  facet normal 0.475145 -0.524254 0.706679
    outer loop
      vertex 0.0470054 -0.0572763 0.0671559
      vertex 0.0523932 -0.0523932 0.0671559
      vertex 0.0426033 -0.0519122 0.0740951
    endloop
  endfacet
  facet normal 0.475149 -0.524244 0.706684
    outer loop
      vertex 0.0523932 -0.0523932 0.0671559
      vertex 0.0474864 -0.0474864 0.0740951
      vertex 0.0426033 -0.0519122 0.0740951
    endloop
  endfacet
  facet normal 0.524251 -0.475142 0.706684
    outer loop
      vertex 0.0523932 -0.0523932 0.0671559
      vertex 0.0572763 -0.0470054 0.0671559
      vertex 0.0474864 -0.0474864 0.0740951
    endloop
  endfacet
  facet normal 0.524248 -0.475152 0.706679
    outer loop
      vertex 0.0572763 -0.0470054 0.0671559
      vertex 0.0519122 -0.0426033 0.0740951
      vertex 0.0474864 -0.0474864 0.0740951
    endloop
  endfacet
  facet normal 0.568299 -0.421475 0.706679
    outer loop
      vertex 0.0572763 -0.0470054 0.0671559
      vertex 0.0616078 -0.041165 0.0671559
      vertex 0.0519122 -0.0426033 0.0740951
    endloop
  endfacet
  facet normal 0.568298 -0.421476 0.706679
    outer loop
      vertex 0.0616078 -0.041165 0.0671559
      vertex 0.0558381 -0.0373098 0.0740951
      vertex 0.0519122 -0.0426033 0.0740951
    endloop
  endfacet
  facet normal 0.606868 -0.363753 0.706679
    outer loop
      vertex 0.0616078 -0.041165 0.0671559
      vertex 0.0653461 -0.0349282 0.0671559
      vertex 0.0558381 -0.0373098 0.0740951
    endloop
  endfacet
  facet normal 0.606869 -0.363743 0.706683
    outer loop
      vertex 0.0653461 -0.0349282 0.0671559
      vertex 0.0592262 -0.0316571 0.0740951
      vertex 0.0558381 -0.0373098 0.0740951
    endloop
  endfacet
  facet normal 0.639599 -0.302509 0.706684
    outer loop
      vertex 0.0653461 -0.0349282 0.0671559
      vertex 0.068455 -0.028355 0.0671559
      vertex 0.0592262 -0.0316571 0.0740951
    endloop
  endfacet
  facet normal 0.639599 -0.30251 0.706683
    outer loop
      vertex 0.068455 -0.028355 0.0671559
      vertex 0.062044 -0.0256994 0.0740951
      vertex 0.0592262 -0.0316571 0.0740951
    endloop
  endfacet
  facet normal 0.666173 -0.238356 0.706683
    outer loop
      vertex 0.068455 -0.028355 0.0671559
      vertex 0.0709046 -0.0215087 0.0671559
      vertex 0.062044 -0.0256994 0.0740951
    endloop
  endfacet
  facet normal 0.666173 -0.238358 0.706682
    outer loop
      vertex 0.0709046 -0.0215087 0.0671559
      vertex 0.0642642 -0.0194943 0.0740951
      vertex 0.062044 -0.0256994 0.0740951
    endloop
  endfacet
  facet normal 0.686328 -0.171915 0.706681
    outer loop
      vertex 0.0709046 -0.0215087 0.0671559
      vertex 0.0726714 -0.0144552 0.0671559
      vertex 0.0642642 -0.0194943 0.0740951
    endloop
  endfacet
  facet normal 0.686328 -0.171915 0.706681
    outer loop
      vertex 0.0726714 -0.0144552 0.0671559
      vertex 0.0658655 -0.0131015 0.0740951
      vertex 0.0642642 -0.0194943 0.0740951
    endloop
  endfacet
  facet normal 0.699874 -0.103814 0.706682
    outer loop
      vertex 0.0726714 -0.0144552 0.0671559
      vertex 0.0737383 -0.00726259 0.0671559
      vertex 0.0658655 -0.0131015 0.0740951
    endloop
  endfacet
  facet normal 0.699874 -0.103815 0.706681
    outer loop
      vertex 0.0737383 -0.00726259 0.0671559
      vertex 0.0668325 -0.00658243 0.0740951
      vertex 0.0658655 -0.0131015 0.0740951
    endloop
  endfacet
  facet normal 0.70668 -0.0347181 0.706681
    outer loop
      vertex 0.0737383 -0.00726259 0.0671559
      vertex 0.0740951 0 0.0671559
      vertex 0.0668325 -0.00658243 0.0740951
    endloop
  endfacet
  facet normal 0.70668 -0.0347198 0.70668
    outer loop
      vertex 0.0740951 0 0.0671559
      vertex 0.0671559 0 0.0740951
      vertex 0.0668325 -0.00658243 0.0740951
    endloop
  endfacet
  facet normal 0.772452 0.0379514 0.633938
    outer loop
      vertex 0.0803208 0 0.0595699
      vertex 0.079934 0.00787281 0.0595699
      vertex 0.0740951 0 0.0671559
    endloop
  endfacet
  facet normal 0.772453 0.0379494 0.633937
    outer loop
      vertex 0.079934 0.00787281 0.0595699
      vertex 0.0737383 0.00726259 0.0671559
      vertex 0.0740951 0 0.0671559
    endloop
  endfacet
  facet normal 0.765014 0.113482 0.633937
    outer loop
      vertex 0.079934 0.00787281 0.0595699
      vertex 0.0787774 0.0156698 0.0595699
      vertex 0.0737383 0.00726259 0.0671559
    endloop
  endfacet
  facet normal 0.765017 0.113477 0.633934
    outer loop
      vertex 0.0787774 0.0156698 0.0595699
      vertex 0.0726714 0.0144552 0.0671559
      vertex 0.0737383 0.00726259 0.0671559
    endloop
  endfacet
  facet normal 0.750211 0.187913 0.633934
    outer loop
      vertex 0.0787774 0.0156698 0.0595699
      vertex 0.0768622 0.0233159 0.0595699
      vertex 0.0726714 0.0144552 0.0671559
    endloop
  endfacet
  facet normal 0.750208 0.187916 0.633936
    outer loop
      vertex 0.0768622 0.0233159 0.0595699
      vertex 0.0709046 0.0215087 0.0671559
      vertex 0.0726714 0.0144552 0.0671559
    endloop
  endfacet
  facet normal 0.728175 0.26055 0.633936
    outer loop
      vertex 0.0768622 0.0233159 0.0595699
      vertex 0.0742067 0.0307374 0.0595699
      vertex 0.0709046 0.0215087 0.0671559
    endloop
  endfacet
  facet normal 0.728182 0.260543 0.633931
    outer loop
      vertex 0.0742067 0.0307374 0.0595699
      vertex 0.068455 0.028355 0.0671559
      vertex 0.0709046 0.0215087 0.0671559
    endloop
  endfacet
  facet normal 0.699136 0.330666 0.633931
    outer loop
      vertex 0.0742067 0.0307374 0.0595699
      vertex 0.0708366 0.0378629 0.0595699
      vertex 0.068455 0.028355 0.0671559
    endloop
  endfacet
  facet normal 0.699135 0.330667 0.633932
    outer loop
      vertex 0.0708366 0.0378629 0.0595699
      vertex 0.0653461 0.0349282 0.0671559
      vertex 0.068455 0.028355 0.0671559
    endloop
  endfacet
  facet normal 0.663359 0.397599 0.633932
    outer loop
      vertex 0.0708366 0.0378629 0.0595699
      vertex 0.0667843 0.0446238 0.0595699
      vertex 0.0653461 0.0349282 0.0671559
    endloop
  endfacet
  facet normal 0.663348 0.397607 0.633939
    outer loop
      vertex 0.0667843 0.0446238 0.0595699
      vertex 0.0616078 0.041165 0.0671559
      vertex 0.0653461 0.0349282 0.0671559
    endloop
  endfacet
  facet normal 0.621186 0.460706 0.633939
    outer loop
      vertex 0.0667843 0.0446238 0.0595699
      vertex 0.0620888 0.0509549 0.0595699
      vertex 0.0616078 0.041165 0.0671559
    endloop
  endfacet
  facet normal 0.621192 0.460703 0.633935
    outer loop
      vertex 0.0620888 0.0509549 0.0595699
      vertex 0.0572763 0.0470054 0.0671559
      vertex 0.0616078 0.041165 0.0671559
    endloop
  endfacet
  facet normal 0.573038 0.519378 0.633935
    outer loop
      vertex 0.0620888 0.0509549 0.0595699
      vertex 0.0567953 0.0567953 0.0595699
      vertex 0.0572763 0.0470054 0.0671559
    endloop
  endfacet
  facet normal 0.573053 0.519372 0.633926
    outer loop
      vertex 0.0567953 0.0567953 0.0595699
      vertex 0.0523932 0.0523932 0.0671559
      vertex 0.0572763 0.0470054 0.0671559
    endloop
  endfacet
  facet normal 0.519383 0.573043 0.633927
    outer loop
      vertex 0.0567953 0.0567953 0.0595699
      vertex 0.0509549 0.0620888 0.0595699
      vertex 0.0523932 0.0523932 0.0671559
    endloop
  endfacet
  facet normal 0.519368 0.573048 0.633935
    outer loop
      vertex 0.0509549 0.0620888 0.0595699
      vertex 0.0470054 0.0572763 0.0671559
      vertex 0.0523932 0.0523932 0.0671559
    endloop
  endfacet
  facet normal 0.460708 0.621188 0.633935
    outer loop
      vertex 0.0509549 0.0620888 0.0595699
      vertex 0.0446238 0.0667843 0.0595699
      vertex 0.0470054 0.0572763 0.0671559
    endloop
  endfacet
  facet normal 0.460701 0.621189 0.633939
    outer loop
      vertex 0.0446238 0.0667843 0.0595699
      vertex 0.041165 0.0616078 0.0671559
      vertex 0.0470054 0.0572763 0.0671559
    endloop
  endfacet
  facet normal 0.397596 0.663354 0.633939
    outer loop
      vertex 0.0446238 0.0667843 0.0595699
      vertex 0.0378629 0.0708366 0.0595699
      vertex 0.041165 0.0616078 0.0671559
    endloop
  endfacet
  facet normal 0.39761 0.663353 0.633932
    outer loop
      vertex 0.0378629 0.0708366 0.0595699
      vertex 0.0349282 0.0653461 0.0671559
      vertex 0.041165 0.0616078 0.0671559
    endloop
  endfacet
  facet normal 0.330665 0.699136 0.633932
    outer loop
      vertex 0.0378629 0.0708366 0.0595699
      vertex 0.0307374 0.0742067 0.0595699
      vertex 0.0349282 0.0653461 0.0671559
    endloop
  endfacet
  facet normal 0.330667 0.699136 0.633931
    outer loop
      vertex 0.0307374 0.0742067 0.0595699
      vertex 0.028355 0.068455 0.0671559
      vertex 0.0349282 0.0653461 0.0671559
    endloop
  endfacet
  facet normal 0.260551 0.728179 0.633931
    outer loop
      vertex 0.0307374 0.0742067 0.0595699
      vertex 0.0233159 0.0768622 0.0595699
      vertex 0.028355 0.068455 0.0671559
    endloop
  endfacet
  facet normal 0.260541 0.728178 0.633936
    outer loop
      vertex 0.0233159 0.0768622 0.0595699
      vertex 0.0215087 0.0709046 0.0671559
      vertex 0.028355 0.068455 0.0671559
    endloop
  endfacet
  facet normal 0.187913 0.750209 0.633936
    outer loop
      vertex 0.0233159 0.0768622 0.0595699
      vertex 0.0156698 0.0787774 0.0595699
      vertex 0.0215087 0.0709046 0.0671559
    endloop
  endfacet
  facet normal 0.187917 0.75021 0.633934
    outer loop
      vertex 0.0156698 0.0787774 0.0595699
      vertex 0.0144552 0.0726714 0.0671559
      vertex 0.0215087 0.0709046 0.0671559
    endloop
  endfacet
  facet normal 0.113482 0.765016 0.633934
    outer loop
      vertex 0.0156698 0.0787774 0.0595699
      vertex 0.00787281 0.079934 0.0595699
      vertex 0.0144552 0.0726714 0.0671559
    endloop
  endfacet
  facet normal 0.113477 0.765014 0.633937
    outer loop
      vertex 0.00787281 0.079934 0.0595699
      vertex 0.00726259 0.0737383 0.0671559
      vertex 0.0144552 0.0726714 0.0671559
    endloop
  endfacet
  facet normal 0.0379515 0.772453 0.633937
    outer loop
      vertex 0.00787281 0.079934 0.0595699
      vertex 0 0.0803208 0.0595699
      vertex 0.00726259 0.0737383 0.0671559
    endloop
  endfacet
  facet normal 0.0379494 0.772452 0.633938
    outer loop
      vertex 0 0.0803208 0.0595699
      vertex 0 0.0740951 0.0671559
      vertex 0.00726259 0.0737383 0.0671559
    endloop
  endfacet
  facet normal -0.0379514 0.772452 0.633938
    outer loop
      vertex 0 0.0803208 0.0595699
      vertex -0.00787281 0.079934 0.0595699
      vertex 0 0.0740951 0.0671559
    endloop
  endfacet
  facet normal -0.0379494 0.772453 0.633937
    outer loop
      vertex -0.00787281 0.079934 0.0595699
      vertex -0.00726259 0.0737383 0.0671559
      vertex 0 0.0740951 0.0671559
    endloop
  endfacet
  facet normal -0.113482 0.765014 0.633937
    outer loop
      vertex -0.00787281 0.079934 0.0595699
      vertex -0.0156698 0.0787774 0.0595699
      vertex -0.00726259 0.0737383 0.0671559
    endloop
  endfacet
  facet normal -0.113477 0.765017 0.633934
    outer loop
      vertex -0.0156698 0.0787774 0.0595699
      vertex -0.0144552 0.0726714 0.0671559
      vertex -0.00726259 0.0737383 0.0671559
    endloop
  endfacet
  facet normal -0.187913 0.750211 0.633934
    outer loop
      vertex -0.0156698 0.0787774 0.0595699
      vertex -0.0233159 0.0768622 0.0595699
      vertex -0.0144552 0.0726714 0.0671559
    endloop
  endfacet
  facet normal -0.187916 0.750208 0.633936
    outer loop
      vertex -0.0233159 0.0768622 0.0595699
      vertex -0.0215087 0.0709046 0.0671559
      vertex -0.0144552 0.0726714 0.0671559
    endloop
  endfacet
  facet normal -0.26055 0.728175 0.633936
    outer loop
      vertex -0.0233159 0.0768622 0.0595699
      vertex -0.0307374 0.0742067 0.0595699
      vertex -0.0215087 0.0709046 0.0671559
    endloop
  endfacet
  facet normal -0.260543 0.728182 0.633931
    outer loop
      vertex -0.0307374 0.0742067 0.0595699
      vertex -0.028355 0.068455 0.0671559
      vertex -0.0215087 0.0709046 0.0671559
    endloop
  endfacet
  facet normal -0.330666 0.699136 0.633931
    outer loop
      vertex -0.0307374 0.0742067 0.0595699
      vertex -0.0378629 0.0708366 0.0595699
      vertex -0.028355 0.068455 0.0671559
    endloop
  endfacet
  facet normal -0.330667 0.699135 0.633932
    outer loop
      vertex -0.0378629 0.0708366 0.0595699
      vertex -0.0349282 0.0653461 0.0671559
      vertex -0.028355 0.068455 0.0671559
    endloop
  endfacet
  facet normal -0.397599 0.663359 0.633932
    outer loop
      vertex -0.0378629 0.0708366 0.0595699
      vertex -0.0446238 0.0667843 0.0595699
      vertex -0.0349282 0.0653461 0.0671559
    endloop
  endfacet
  facet normal -0.397607 0.663348 0.633939
    outer loop
      vertex -0.0446238 0.0667843 0.0595699
      vertex -0.041165 0.0616078 0.0671559
      vertex -0.0349282 0.0653461 0.0671559
    endloop
  endfacet
  facet normal -0.460706 0.621186 0.633939
    outer loop
      vertex -0.0446238 0.0667843 0.0595699
      vertex -0.0509549 0.0620888 0.0595699
      vertex -0.041165 0.0616078 0.0671559
    endloop
  endfacet
  facet normal -0.460703 0.621192 0.633935
    outer loop
      vertex -0.0509549 0.0620888 0.0595699
      vertex -0.0470054 0.0572763 0.0671559
      vertex -0.041165 0.0616078 0.0671559
    endloop
  endfacet
  facet normal -0.519378 0.573038 0.633935
    outer loop
      vertex -0.0509549 0.0620888 0.0595699
      vertex -0.0567953 0.0567953 0.0595699
      vertex -0.0470054 0.0572763 0.0671559
    endloop
  endfacet
  facet normal -0.519372 0.573053 0.633926
    outer loop
      vertex -0.0567953 0.0567953 0.0595699
      vertex -0.0523932 0.0523932 0.0671559
      vertex -0.0470054 0.0572763 0.0671559
    endloop
  endfacet
  facet normal -0.573043 0.519383 0.633927
    outer loop
      vertex -0.0567953 0.0567953 0.0595699
      vertex -0.0620888 0.0509549 0.0595699
      vertex -0.0523932 0.0523932 0.0671559
    endloop
  endfacet
  facet normal -0.573048 0.519368 0.633935
    outer loop
      vertex -0.0620888 0.0509549 0.0595699
      vertex -0.0572763 0.0470054 0.0671559
      vertex -0.0523932 0.0523932 0.0671559
    endloop
  endfacet
  facet normal -0.621188 0.460708 0.633935
    outer loop
      vertex -0.0620888 0.0509549 0.0595699
      vertex -0.0667843 0.0446238 0.0595699
      vertex -0.0572763 0.0470054 0.0671559
    endloop
  endfacet
  facet normal -0.621189 0.460701 0.633939
    outer loop
      vertex -0.0667843 0.0446238 0.0595699
      vertex -0.0616078 0.041165 0.0671559
      vertex -0.0572763 0.0470054 0.0671559
    endloop
  endfacet
  facet normal -0.663354 0.397596 0.633939
    outer loop
      vertex -0.0667843 0.0446238 0.0595699
      vertex -0.0708366 0.0378629 0.0595699
      vertex -0.0616078 0.041165 0.0671559
    endloop
  endfacet
  facet normal -0.663353 0.39761 0.633932
    outer loop
      vertex -0.0708366 0.0378629 0.0595699
      vertex -0.0653461 0.0349282 0.0671559
      vertex -0.0616078 0.041165 0.0671559
    endloop
  endfacet
  facet normal -0.699136 0.330665 0.633932
    outer loop
      vertex -0.0708366 0.0378629 0.0595699
      vertex -0.0742067 0.0307374 0.0595699
      vertex -0.0653461 0.0349282 0.0671559
    endloop
  endfacet
  facet normal -0.699136 0.330667 0.633931
    outer loop
      vertex -0.0742067 0.0307374 0.0595699
      vertex -0.068455 0.028355 0.0671559
      vertex -0.0653461 0.0349282 0.0671559
    endloop
  endfacet
  facet normal -0.728179 0.260551 0.633931
    outer loop
      vertex -0.0742067 0.0307374 0.0595699
      vertex -0.0768622 0.0233159 0.0595699
      vertex -0.068455 0.028355 0.0671559
    endloop
  endfacet
  facet normal -0.728178 0.260541 0.633936
    outer loop
      vertex -0.0768622 0.0233159 0.0595699
      vertex -0.0709046 0.0215087 0.0671559
      vertex -0.068455 0.028355 0.0671559
    endloop
  endfacet
  facet normal -0.750209 0.187913 0.633936
    outer loop
      vertex -0.0768622 0.0233159 0.0595699
      vertex -0.0787774 0.0156698 0.0595699
      vertex -0.0709046 0.0215087 0.0671559
    endloop
  endfacet
  facet normal -0.75021 0.187917 0.633934
    outer loop
      vertex -0.0787774 0.0156698 0.0595699
      vertex -0.0726714 0.0144552 0.0671559
      vertex -0.0709046 0.0215087 0.0671559
    endloop
  endfacet
  facet normal -0.765016 0.113482 0.633934
    outer loop
      vertex -0.0787774 0.0156698 0.0595699
      vertex -0.079934 0.00787281 0.0595699
      vertex -0.0726714 0.0144552 0.0671559
    endloop
  endfacet
  facet normal -0.765014 0.113477 0.633937
    outer loop
      vertex -0.079934 0.00787281 0.0595699
      vertex -0.0737383 0.00726259 0.0671559
      vertex -0.0726714 0.0144552 0.0671559
    endloop
  endfacet
  facet normal -0.772453 0.0379515 0.633937
    outer loop
      vertex -0.079934 0.00787281 0.0595699
      vertex -0.0803208 -0 0.0595699
      vertex -0.0737383 0.00726259 0.0671559
    endloop
  endfacet
  facet normal -0.772452 0.0379494 0.633938
    outer loop
      vertex -0.0803208 -0 0.0595699
      vertex -0.0740951 -0 0.0671559
      vertex -0.0737383 0.00726259 0.0671559
    endloop
  endfacet
  facet normal -0.772452 -0.0379514 0.633938
    outer loop
      vertex -0.0803208 -0 0.0595699
      vertex -0.079934 -0.00787281 0.0595699
      vertex -0.0740951 -0 0.0671559
    endloop
  endfacet
  facet normal -0.772453 -0.0379494 0.633937
    outer loop
      vertex -0.079934 -0.00787281 0.0595699
      vertex -0.0737383 -0.00726259 0.0671559
      vertex -0.0740951 -0 0.0671559
    endloop
  endfacet
  facet normal -0.765014 -0.113482 0.633937
    outer loop
      vertex -0.079934 -0.00787281 0.0595699
      vertex -0.0787774 -0.0156698 0.0595699
      vertex -0.0737383 -0.00726259 0.0671559
    endloop
  endfacet
  facet normal -0.765017 -0.113477 0.633934
    outer loop
      vertex -0.0787774 -0.0156698 0.0595699
      vertex -0.0726714 -0.0144552 0.0671559
      vertex -0.0737383 -0.00726259 0.0671559
    endloop
  endfacet
  facet normal -0.750211 -0.187913 0.633934
    outer loop
      vertex -0.0787774 -0.0156698 0.0595699
      vertex -0.0768622 -0.0233159 0.0595699
      vertex -0.0726714 -0.0144552 0.0671559
    endloop
  endfacet
  facet normal -0.750208 -0.187916 0.633936
    outer loop
      vertex -0.0768622 -0.0233159 0.0595699
      vertex -0.0709046 -0.0215087 0.0671559
      vertex -0.0726714 -0.0144552 0.0671559
    endloop
  endfacet
  facet normal -0.728175 -0.26055 0.633936
    outer loop
      vertex -0.0768622 -0.0233159 0.0595699
      vertex -0.0742067 -0.0307374 0.0595699
      vertex -0.0709046 -0.0215087 0.0671559
    endloop
  endfacet
  facet normal -0.728182 -0.260543 0.633931
    outer loop
      vertex -0.0742067 -0.0307374 0.0595699
      vertex -0.068455 -0.028355 0.0671559
      vertex -0.0709046 -0.0215087 0.0671559
    endloop
  endfacet
  facet normal -0.699136 -0.330666 0.633931
    outer loop
      vertex -0.0742067 -0.0307374 0.0595699
      vertex -0.0708366 -0.0378629 0.0595699
      vertex -0.068455 -0.028355 0.0671559
    endloop
  endfacet
  facet normal -0.699135 -0.330667 0.633932
    outer loop
      vertex -0.0708366 -0.0378629 0.0595699
      vertex -0.0653461 -0.0349282 0.0671559
      vertex -0.068455 -0.028355 0.0671559
    endloop
  endfacet
  facet normal -0.663359 -0.397599 0.633932
    outer loop
      vertex -0.0708366 -0.0378629 0.0595699
      vertex -0.0667843 -0.0446238 0.0595699
      vertex -0.0653461 -0.0349282 0.0671559
    endloop
  endfacet
  facet normal -0.663348 -0.397607 0.633939
    outer loop
      vertex -0.0667843 -0.0446238 0.0595699
      vertex -0.0616078 -0.041165 0.0671559
      vertex -0.0653461 -0.0349282 0.0671559
    endloop
  endfacet
  facet normal -0.621186 -0.460706 0.633939
    outer loop
      vertex -0.0667843 -0.0446238 0.0595699
      vertex -0.0620888 -0.0509549 0.0595699
      vertex -0.0616078 -0.041165 0.0671559
    endloop
  endfacet
  facet normal -0.621192 -0.460703 0.633935
    outer loop
      vertex -0.0620888 -0.0509549 0.0595699
      vertex -0.0572763 -0.0470054 0.0671559
      vertex -0.0616078 -0.041165 0.0671559
    endloop
  endfacet
  facet normal -0.573038 -0.519378 0.633935
    outer loop
      vertex -0.0620888 -0.0509549 0.0595699
      vertex -0.0567953 -0.0567953 0.0595699
      vertex -0.0572763 -0.0470054 0.0671559
    endloop
  endfacet
  facet normal -0.573053 -0.519372 0.633926
    outer loop
      vertex -0.0567953 -0.0567953 0.0595699
      vertex -0.0523932 -0.0523932 0.0671559
      vertex -0.0572763 -0.0470054 0.0671559
    endloop
  endfacet
  facet normal -0.519383 -0.573043 0.633927
    outer loop
      vertex -0.0567953 -0.0567953 0.0595699
      vertex -0.0509549 -0.0620888 0.0595699
      vertex -0.0523932 -0.0523932 0.0671559
    endloop
  endfacet
  facet normal -0.519368 -0.573048 0.633935
    outer loop
      vertex -0.0509549 -0.0620888 0.0595699
      vertex -0.0470054 -0.0572763 0.0671559
      vertex -0.0523932 -0.0523932 0.0671559
    endloop
  endfacet
  facet normal -0.460708 -0.621188 0.633935
    outer loop
      vertex -0.0509549 -0.0620888 0.0595699
      vertex -0.0446238 -0.0667843 0.0595699
      vertex -0.0470054 -0.0572763 0.0671559
    endloop
  endfacet
  facet normal -0.460701 -0.621189 0.633939
    outer loop
      vertex -0.0446238 -0.0667843 0.0595699
      vertex -0.041165 -0.0616078 0.0671559
      vertex -0.0470054 -0.0572763 0.0671559
    endloop
  endfacet
  facet normal -0.397596 -0.663354 0.633939
    outer loop
      vertex -0.0446238 -0.0667843 0.0595699
      vertex -0.0378629 -0.0708366 0.0595699
      vertex -0.041165 -0.0616078 0.0671559
    endloop
  endfacet
  facet normal -0.39761 -0.663353 0.633932
    outer loop
      vertex -0.0378629 -0.0708366 0.0595699
      vertex -0.0349282 -0.0653461 0.0671559
      vertex -0.041165 -0.0616078 0.0671559
    endloop
  endfacet
  facet normal -0.330665 -0.699136 0.633932
    outer loop
      vertex -0.0378629 -0.0708366 0.0595699
      vertex -0.0307374 -0.0742067 0.0595699
      vertex -0.0349282 -0.0653461 0.0671559
    endloop
  endfacet
  facet normal -0.330667 -0.699136 0.633931
    outer loop
      vertex -0.0307374 -0.0742067 0.0595699
      vertex -0.028355 -0.068455 0.0671559
      vertex -0.0349282 -0.0653461 0.0671559
    endloop
  endfacet
  facet normal -0.260551 -0.728179 0.633931
    outer loop
      vertex -0.0307374 -0.0742067 0.0595699
      vertex -0.0233159 -0.0768622 0.0595699
      vertex -0.028355 -0.068455 0.0671559
    endloop
  endfacet
  facet normal -0.260541 -0.728178 0.633936
    outer loop
      vertex -0.0233159 -0.0768622 0.0595699
      vertex -0.0215087 -0.0709046 0.0671559
      vertex -0.028355 -0.068455 0.0671559
    endloop
  endfacet
  facet normal -0.187913 -0.750209 0.633936
    outer loop
      vertex -0.0233159 -0.0768622 0.0595699
      vertex -0.0156698 -0.0787774 0.0595699
      vertex -0.0215087 -0.0709046 0.0671559
    endloop
  endfacet
  facet normal -0.187917 -0.75021 0.633934
    outer loop
      vertex -0.0156698 -0.0787774 0.0595699
      vertex -0.0144552 -0.0726714 0.0671559
      vertex -0.0215087 -0.0709046 0.0671559
    endloop
  endfacet
  facet normal -0.113482 -0.765016 0.633934
    outer loop
      vertex -0.0156698 -0.0787774 0.0595699
      vertex -0.00787281 -0.079934 0.0595699
      vertex -0.0144552 -0.0726714 0.0671559
    endloop
  endfacet
  facet normal -0.113477 -0.765014 0.633937
    outer loop
      vertex -0.00787281 -0.079934 0.0595699
      vertex -0.00726259 -0.0737383 0.0671559
      vertex -0.0144552 -0.0726714 0.0671559
    endloop
  endfacet
  facet normal -0.0379515 -0.772453 0.633937
    outer loop
      vertex -0.00787281 -0.079934 0.0595699
      vertex -0 -0.0803208 0.0595699
      vertex -0.00726259 -0.0737383 0.0671559
    endloop
  endfacet
  facet normal -0.0379494 -0.772452 0.633938
    outer loop
      vertex -0 -0.0803208 0.0595699
      vertex -0 -0.0740951 0.0671559
      vertex -0.00726259 -0.0737383 0.0671559
    endloop
  endfacet
  facet normal 0.0379514 -0.772452 0.633938
    outer loop
      vertex -0 -0.0803208 0.0595699
      vertex 0.00787281 -0.079934 0.0595699
      vertex -0 -0.0740951 0.0671559
    endloop
  endfacet
  facet normal 0.0379494 -0.772453 0.633937
    outer loop
      vertex 0.00787281 -0.079934 0.0595699
      vertex 0.00726259 -0.0737383 0.0671559
      vertex -0 -0.0740951 0.0671559
    endloop
  endfacet
  facet normal 0.113482 -0.765014 0.633937
    outer loop
      vertex 0.00787281 -0.079934 0.0595699
      vertex 0.0156698 -0.0787774 0.0595699
      vertex 0.00726259 -0.0737383 0.0671559
    endloop
  endfacet
  facet normal 0.113477 -0.765017 0.633934
    outer loop
      vertex 0.0156698 -0.0787774 0.0595699
      vertex 0.0144552 -0.0726714 0.0671559
      vertex 0.00726259 -0.0737383 0.0671559
    endloop
  endfacet
  facet normal 0.187913 -0.750211 0.633934
    outer loop
      vertex 0.0156698 -0.0787774 0.0595699
      vertex 0.0233159 -0.0768622 0.0595699
      vertex 0.0144552 -0.0726714 0.0671559
    endloop
  endfacet
  facet normal 0.187916 -0.750208 0.633936
    outer loop
      vertex 0.0233159 -0.0768622 0.0595699
      vertex 0.0215087 -0.0709046 0.0671559
      vertex 0.0144552 -0.0726714 0.0671559
    endloop
  endfacet
  facet normal 0.26055 -0.728175 0.633936
    outer loop
      vertex 0.0233159 -0.0768622 0.0595699
      vertex 0.0307374 -0.0742067 0.0595699
      vertex 0.0215087 -0.0709046 0.0671559
    endloop
  endfacet
  facet normal 0.260543 -0.728182 0.633931
    outer loop
      vertex 0.0307374 -0.0742067 0.0595699
      vertex 0.028355 -0.068455 0.0671559
      vertex 0.0215087 -0.0709046 0.0671559
    endloop
  endfacet
  facet normal 0.330666 -0.699136 0.633931
    outer loop
      vertex 0.0307374 -0.0742067 0.0595699
      vertex 0.0378629 -0.0708366 0.0595699
      vertex 0.028355 -0.068455 0.0671559
    endloop
  endfacet
  facet normal 0.330667 -0.699135 0.633932
    outer loop
      vertex 0.0378629 -0.0708366 0.0595699
      vertex 0.0349282 -0.0653461 0.0671559
      vertex 0.028355 -0.068455 0.0671559
    endloop
  endfacet
  facet normal 0.397599 -0.663359 0.633932
    outer loop
      vertex 0.0378629 -0.0708366 0.0595699
      vertex 0.0446238 -0.0667843 0.0595699
      vertex 0.0349282 -0.0653461 0.0671559
    endloop
  endfacet
  facet normal 0.397607 -0.663348 0.633939
    outer loop
      vertex 0.0446238 -0.0667843 0.0595699
      vertex 0.041165 -0.0616078 0.0671559
      vertex 0.0349282 -0.0653461 0.0671559
    endloop
  endfacet
  facet normal 0.460706 -0.621186 0.633939
    outer loop
      vertex 0.0446238 -0.0667843 0.0595699
      vertex 0.0509549 -0.0620888 0.0595699
      vertex 0.041165 -0.0616078 0.0671559
    endloop
  endfacet
  facet normal 0.460703 -0.621192 0.633935
    outer loop
      vertex 0.0509549 -0.0620888 0.0595699
      vertex 0.0470054 -0.0572763 0.0671559
      vertex 0.041165 -0.0616078 0.0671559
    endloop
  endfacet
  facet normal 0.519378 -0.573038 0.633935
    outer loop
      vertex 0.0509549 -0.0620888 0.0595699
      vertex 0.0567953 -0.0567953 0.0595699
      vertex 0.0470054 -0.0572763 0.0671559
    endloop
  endfacet
  facet normal 0.519372 -0.573053 0.633926
    outer loop
      vertex 0.0567953 -0.0567953 0.0595699
      vertex 0.0523932 -0.0523932 0.0671559
      vertex 0.0470054 -0.0572763 0.0671559
    endloop
  endfacet
  facet normal 0.573043 -0.519383 0.633927
    outer loop
      vertex 0.0567953 -0.0567953 0.0595699
      vertex 0.0620888 -0.0509549 0.0595699
      vertex 0.0523932 -0.0523932 0.0671559
    endloop
  endfacet
  facet normal 0.573048 -0.519368 0.633935
    outer loop
      vertex 0.0620888 -0.0509549 0.0595699
      vertex 0.0572763 -0.0470054 0.0671559
      vertex 0.0523932 -0.0523932 0.0671559
    endloop
  endfacet
  facet normal 0.621188 -0.460708 0.633935
    outer loop
      vertex 0.0620888 -0.0509549 0.0595699
      vertex 0.0667843 -0.0446238 0.0595699
      vertex 0.0572763 -0.0470054 0.0671559
    endloop
  endfacet
  facet normal 0.621189 -0.460701 0.633939
    outer loop
      vertex 0.0667843 -0.0446238 0.0595699
      vertex 0.0616078 -0.041165 0.0671559
      vertex 0.0572763 -0.0470054 0.0671559
    endloop
  endfacet
  facet normal 0.663354 -0.397596 0.633939
    outer loop
      vertex 0.0667843 -0.0446238 0.0595699
      vertex 0.0708366 -0.0378629 0.0595699
      vertex 0.0616078 -0.041165 0.0671559
    endloop
  endfacet
  facet normal 0.663353 -0.39761 0.633932
    outer loop
      vertex 0.0708366 -0.0378629 0.0595699
      vertex 0.0653461 -0.0349282 0.0671559
      vertex 0.0616078 -0.041165 0.0671559
    endloop
  endfacet
  facet normal 0.699136 -0.330665 0.633932
    outer loop
      vertex 0.0708366 -0.0378629 0.0595699
      vertex 0.0742067 -0.0307374 0.0595699
      vertex 0.0653461 -0.0349282 0.0671559
    endloop
  endfacet
  facet normal 0.699136 -0.330667 0.633931
    outer loop
      vertex 0.0742067 -0.0307374 0.0595699
      vertex 0.068455 -0.028355 0.0671559
      vertex 0.0653461 -0.0349282 0.0671559
    endloop
  endfacet
  facet normal 0.728179 -0.260551 0.633931
    outer loop
      vertex 0.0742067 -0.0307374 0.0595699
      vertex 0.0768622 -0.0233159 0.0595699
      vertex 0.068455 -0.028355 0.0671559
    endloop
  endfacet
  facet normal 0.728178 -0.260541 0.633936
    outer loop
      vertex 0.0768622 -0.0233159 0.0595699
      vertex 0.0709046 -0.0215087 0.0671559
      vertex 0.068455 -0.028355 0.0671559
    endloop
  endfacet
  facet normal 0.750209 -0.187913 0.633936
    outer loop
      vertex 0.0768622 -0.0233159 0.0595699
      vertex 0.0787774 -0.0156698 0.0595699
      vertex 0.0709046 -0.0215087 0.0671559
    endloop
  endfacet
  facet normal 0.75021 -0.187917 0.633934
    outer loop
      vertex 0.0787774 -0.0156698 0.0595699
      vertex 0.0726714 -0.0144552 0.0671559
      vertex 0.0709046 -0.0215087 0.0671559
    endloop
  endfacet
  facet normal 0.765016 -0.113482 0.633934
    outer loop
      vertex 0.0787774 -0.0156698 0.0595699
      vertex 0.079934 -0.00787281 0.0595699
      vertex 0.0726714 -0.0144552 0.0671559
    endloop
  endfacet
  facet normal 0.765014 -0.113477 0.633937
    outer loop
      vertex 0.079934 -0.00787281 0.0595699
      vertex 0.0737383 -0.00726259 0.0671559
      vertex 0.0726714 -0.0144552 0.0671559
    endloop
  endfacet
  facet normal 0.772453 -0.0379515 0.633937
    outer loop
      vertex 0.079934 -0.00787281 0.0595699
      vertex 0.0803208 0 0.0595699
      vertex 0.0737383 -0.00726259 0.0671559
    endloop
  endfacet
  facet normal 0.772452 -0.0379494 0.633938
    outer loop
      vertex 0.0803208 0 0.0595699
      vertex 0.0740951 0 0.0671559
      vertex 0.0737383 -0.00726259 0.0671559
    endloop
  endfacet
  facet normal 0.830775 0.0408213 0.555109
    outer loop
      vertex 0.0857729 0 0.0514103
      vertex 0.0853598 0.00840721 0.0514103
      vertex 0.0803208 0 0.0595699
    endloop
  endfacet
  facet normal 0.830777 0.040817 0.555106
    outer loop
      vertex 0.0853598 0.00840721 0.0514103
      vertex 0.079934 0.00787281 0.0595699
      vertex 0.0803208 0 0.0595699
    endloop
  endfacet
  facet normal 0.822778 0.122039 0.555106
    outer loop
      vertex 0.0853598 0.00840721 0.0514103
      vertex 0.0841248 0.0167335 0.0514103
      vertex 0.079934 0.00787281 0.0595699
    endloop
  endfacet
  facet normal 0.822771 0.122049 0.555114
    outer loop
      vertex 0.0841248 0.0167335 0.0514103
      vertex 0.0787774 0.0156698 0.0595699
      vertex 0.079934 0.00787281 0.0595699
    endloop
  endfacet
  facet normal 0.806845 0.202112 0.555114
    outer loop
      vertex 0.0841248 0.0167335 0.0514103
      vertex 0.0820795 0.0248985 0.0514103
      vertex 0.0787774 0.0156698 0.0595699
    endloop
  endfacet
  facet normal 0.806853 0.202101 0.555106
    outer loop
      vertex 0.0820795 0.0248985 0.0514103
      vertex 0.0768622 0.0233159 0.0595699
      vertex 0.0787774 0.0156698 0.0595699
    endloop
  endfacet
  facet normal 0.783159 0.280213 0.555106
    outer loop
      vertex 0.0820795 0.0248985 0.0514103
      vertex 0.0792438 0.0328239 0.0514103
      vertex 0.0768622 0.0233159 0.0595699
    endloop
  endfacet
  facet normal 0.783152 0.280221 0.555112
    outer loop
      vertex 0.0792438 0.0328239 0.0514103
      vertex 0.0742067 0.0307374 0.0595699
      vertex 0.0768622 0.0233159 0.0595699
    endloop
  endfacet
  facet normal 0.751914 0.355635 0.555112
    outer loop
      vertex 0.0792438 0.0328239 0.0514103
      vertex 0.0756449 0.040433 0.0514103
      vertex 0.0742067 0.0307374 0.0595699
    endloop
  endfacet
  facet normal 0.751919 0.35563 0.555108
    outer loop
      vertex 0.0756449 0.040433 0.0514103
      vertex 0.0708366 0.0378629 0.0595699
      vertex 0.0742067 0.0307374 0.0595699
    endloop
  endfacet
  facet normal 0.713439 0.427621 0.555108
    outer loop
      vertex 0.0756449 0.040433 0.0514103
      vertex 0.0713175 0.0476528 0.0514103
      vertex 0.0708366 0.0378629 0.0595699
    endloop
  endfacet
  facet normal 0.713443 0.427618 0.555105
    outer loop
      vertex 0.0713175 0.0476528 0.0514103
      vertex 0.0667843 0.0446238 0.0595699
      vertex 0.0708366 0.0378629 0.0595699
    endloop
  endfacet
  facet normal 0.668093 0.495489 0.555105
    outer loop
      vertex 0.0713175 0.0476528 0.0514103
      vertex 0.0663033 0.0544137 0.0514103
      vertex 0.0667843 0.0446238 0.0595699
    endloop
  endfacet
  facet normal 0.668088 0.495492 0.555109
    outer loop
      vertex 0.0663033 0.0544137 0.0514103
      vertex 0.0620888 0.0509549 0.0595699
      vertex 0.0667843 0.0446238 0.0595699
    endloop
  endfacet
  facet normal 0.616311 0.558582 0.555109
    outer loop
      vertex 0.0663033 0.0544137 0.0514103
      vertex 0.0606506 0.0606506 0.0514103
      vertex 0.0620888 0.0509549 0.0595699
    endloop
  endfacet
  facet normal 0.616299 0.558588 0.555118
    outer loop
      vertex 0.0606506 0.0606506 0.0514103
      vertex 0.0567953 0.0567953 0.0595699
      vertex 0.0620888 0.0509549 0.0595699
    endloop
  endfacet
  facet normal 0.558579 0.616307 0.555118
    outer loop
      vertex 0.0606506 0.0606506 0.0514103
      vertex 0.0544137 0.0663033 0.0514103
      vertex 0.0567953 0.0567953 0.0595699
    endloop
  endfacet
  facet normal 0.558592 0.616303 0.555109
    outer loop
      vertex 0.0544137 0.0663033 0.0514103
      vertex 0.0509549 0.0620888 0.0595699
      vertex 0.0567953 0.0567953 0.0595699
    endloop
  endfacet
  facet normal 0.495488 0.668091 0.555109
    outer loop
      vertex 0.0544137 0.0663033 0.0514103
      vertex 0.0476528 0.0713175 0.0514103
      vertex 0.0509549 0.0620888 0.0595699
    endloop
  endfacet
  facet normal 0.495493 0.66809 0.555105
    outer loop
      vertex 0.0476528 0.0713175 0.0514103
      vertex 0.0446238 0.0667843 0.0595699
      vertex 0.0509549 0.0620888 0.0595699
    endloop
  endfacet
  facet normal 0.427622 0.713441 0.555105
    outer loop
      vertex 0.0476528 0.0713175 0.0514103
      vertex 0.040433 0.0756449 0.0514103
      vertex 0.0446238 0.0667843 0.0595699
    endloop
  endfacet
  facet normal 0.427617 0.713441 0.555108
    outer loop
      vertex 0.040433 0.0756449 0.0514103
      vertex 0.0378629 0.0708366 0.0595699
      vertex 0.0446238 0.0667843 0.0595699
    endloop
  endfacet
  facet normal 0.355636 0.751916 0.555108
    outer loop
      vertex 0.040433 0.0756449 0.0514103
      vertex 0.0328239 0.0792438 0.0514103
      vertex 0.0378629 0.0708366 0.0595699
    endloop
  endfacet
  facet normal 0.355629 0.751916 0.555113
    outer loop
      vertex 0.0328239 0.0792438 0.0514103
      vertex 0.0307374 0.0742067 0.0595699
      vertex 0.0378629 0.0708366 0.0595699
    endloop
  endfacet
  facet normal 0.280212 0.783155 0.555112
    outer loop
      vertex 0.0328239 0.0792438 0.0514103
      vertex 0.0248985 0.0820795 0.0514103
      vertex 0.0307374 0.0742067 0.0595699
    endloop
  endfacet
  facet normal 0.280222 0.783156 0.555106
    outer loop
      vertex 0.0248985 0.0820795 0.0514103
      vertex 0.0233159 0.0768622 0.0595699
      vertex 0.0307374 0.0742067 0.0595699
    endloop
  endfacet
  facet normal 0.202113 0.80685 0.555106
    outer loop
      vertex 0.0248985 0.0820795 0.0514103
      vertex 0.0167335 0.0841248 0.0514103
      vertex 0.0233159 0.0768622 0.0595699
    endloop
  endfacet
  facet normal 0.2021 0.806848 0.555114
    outer loop
      vertex 0.0167335 0.0841248 0.0514103
      vertex 0.0156698 0.0787774 0.0595699
      vertex 0.0233159 0.0768622 0.0595699
    endloop
  endfacet
  facet normal 0.122038 0.822773 0.555114
    outer loop
      vertex 0.0167335 0.0841248 0.0514103
      vertex 0.00840721 0.0853598 0.0514103
      vertex 0.0156698 0.0787774 0.0595699
    endloop
  endfacet
  facet normal 0.12205 0.822776 0.555106
    outer loop
      vertex 0.00840721 0.0853598 0.0514103
      vertex 0.00787281 0.079934 0.0595699
      vertex 0.0156698 0.0787774 0.0595699
    endloop
  endfacet
  facet normal 0.0408214 0.830777 0.555106
    outer loop
      vertex 0.00840721 0.0853598 0.0514103
      vertex 0 0.0857729 0.0514103
      vertex 0.00787281 0.079934 0.0595699
    endloop
  endfacet
  facet normal 0.0408169 0.830775 0.555109
    outer loop
      vertex 0 0.0857729 0.0514103
      vertex 0 0.0803208 0.0595699
      vertex 0.00787281 0.079934 0.0595699
    endloop
  endfacet
  facet normal -0.0408213 0.830775 0.555109
    outer loop
      vertex 0 0.0857729 0.0514103
      vertex -0.00840721 0.0853598 0.0514103
      vertex 0 0.0803208 0.0595699
    endloop
  endfacet
  facet normal -0.040817 0.830777 0.555106
    outer loop
      vertex -0.00840721 0.0853598 0.0514103
      vertex -0.00787281 0.079934 0.0595699
      vertex 0 0.0803208 0.0595699
    endloop
  endfacet
  facet normal -0.122039 0.822778 0.555106
    outer loop
      vertex -0.00840721 0.0853598 0.0514103
      vertex -0.0167335 0.0841248 0.0514103
      vertex -0.00787281 0.079934 0.0595699
    endloop
  endfacet
  facet normal -0.122049 0.822771 0.555114
    outer loop
      vertex -0.0167335 0.0841248 0.0514103
      vertex -0.0156698 0.0787774 0.0595699
      vertex -0.00787281 0.079934 0.0595699
    endloop
  endfacet
  facet normal -0.202112 0.806845 0.555114
    outer loop
      vertex -0.0167335 0.0841248 0.0514103
      vertex -0.0248985 0.0820795 0.0514103
      vertex -0.0156698 0.0787774 0.0595699
    endloop
  endfacet
  facet normal -0.202101 0.806853 0.555106
    outer loop
      vertex -0.0248985 0.0820795 0.0514103
      vertex -0.0233159 0.0768622 0.0595699
      vertex -0.0156698 0.0787774 0.0595699
    endloop
  endfacet
  facet normal -0.280213 0.783159 0.555106
    outer loop
      vertex -0.0248985 0.0820795 0.0514103
      vertex -0.0328239 0.0792438 0.0514103
      vertex -0.0233159 0.0768622 0.0595699
    endloop
  endfacet
  facet normal -0.280221 0.783152 0.555112
    outer loop
      vertex -0.0328239 0.0792438 0.0514103
      vertex -0.0307374 0.0742067 0.0595699
      vertex -0.0233159 0.0768622 0.0595699
    endloop
  endfacet
  facet normal -0.355635 0.751914 0.555112
    outer loop
      vertex -0.0328239 0.0792438 0.0514103
      vertex -0.040433 0.0756449 0.0514103
      vertex -0.0307374 0.0742067 0.0595699
    endloop
  endfacet
  facet normal -0.35563 0.751919 0.555108
    outer loop
      vertex -0.040433 0.0756449 0.0514103
      vertex -0.0378629 0.0708366 0.0595699
      vertex -0.0307374 0.0742067 0.0595699
    endloop
  endfacet
  facet normal -0.427621 0.713439 0.555108
    outer loop
      vertex -0.040433 0.0756449 0.0514103
      vertex -0.0476528 0.0713175 0.0514103
      vertex -0.0378629 0.0708366 0.0595699
    endloop
  endfacet
  facet normal -0.427618 0.713443 0.555105
    outer loop
      vertex -0.0476528 0.0713175 0.0514103
      vertex -0.0446238 0.0667843 0.0595699
      vertex -0.0378629 0.0708366 0.0595699
    endloop
  endfacet
  facet normal -0.495489 0.668093 0.555105
    outer loop
      vertex -0.0476528 0.0713175 0.0514103
      vertex -0.0544137 0.0663033 0.0514103
      vertex -0.0446238 0.0667843 0.0595699
    endloop
  endfacet
  facet normal -0.495492 0.668088 0.555109
    outer loop
      vertex -0.0544137 0.0663033 0.0514103
      vertex -0.0509549 0.0620888 0.0595699
      vertex -0.0446238 0.0667843 0.0595699
    endloop
  endfacet
  facet normal -0.558582 0.616311 0.555109
    outer loop
      vertex -0.0544137 0.0663033 0.0514103
      vertex -0.0606506 0.0606506 0.0514103
      vertex -0.0509549 0.0620888 0.0595699
    endloop
  endfacet
  facet normal -0.558588 0.616299 0.555118
    outer loop
      vertex -0.0606506 0.0606506 0.0514103
      vertex -0.0567953 0.0567953 0.0595699
      vertex -0.0509549 0.0620888 0.0595699
    endloop
  endfacet
  facet normal -0.616307 0.558579 0.555118
    outer loop
      vertex -0.0606506 0.0606506 0.0514103
      vertex -0.0663033 0.0544137 0.0514103
      vertex -0.0567953 0.0567953 0.0595699
    endloop
  endfacet
  facet normal -0.616303 0.558592 0.555109
    outer loop
      vertex -0.0663033 0.0544137 0.0514103
      vertex -0.0620888 0.0509549 0.0595699
      vertex -0.0567953 0.0567953 0.0595699
    endloop
  endfacet
  facet normal -0.668091 0.495488 0.555109
    outer loop
      vertex -0.0663033 0.0544137 0.0514103
      vertex -0.0713175 0.0476528 0.0514103
      vertex -0.0620888 0.0509549 0.0595699
    endloop
  endfacet
  facet normal -0.66809 0.495493 0.555105
    outer loop
      vertex -0.0713175 0.0476528 0.0514103
      vertex -0.0667843 0.0446238 0.0595699
      vertex -0.0620888 0.0509549 0.0595699
    endloop
  endfacet
  facet normal -0.713441 0.427622 0.555105
    outer loop
      vertex -0.0713175 0.0476528 0.0514103
      vertex -0.0756449 0.040433 0.0514103
      vertex -0.0667843 0.0446238 0.0595699
    endloop
  endfacet
  facet normal -0.713441 0.427617 0.555108
    outer loop
      vertex -0.0756449 0.040433 0.0514103
      vertex -0.0708366 0.0378629 0.0595699
      vertex -0.0667843 0.0446238 0.0595699
    endloop
  endfacet
  facet normal -0.751916 0.355636 0.555108
    outer loop
      vertex -0.0756449 0.040433 0.0514103
      vertex -0.0792438 0.0328239 0.0514103
      vertex -0.0708366 0.0378629 0.0595699
    endloop
  endfacet
  facet normal -0.751916 0.355629 0.555113
    outer loop
      vertex -0.0792438 0.0328239 0.0514103
      vertex -0.0742067 0.0307374 0.0595699
      vertex -0.0708366 0.0378629 0.0595699
    endloop
  endfacet
  facet normal -0.783155 0.280212 0.555112
    outer loop
      vertex -0.0792438 0.0328239 0.0514103
      vertex -0.0820795 0.0248985 0.0514103
      vertex -0.0742067 0.0307374 0.0595699
    endloop
  endfacet
  facet normal -0.783156 0.280222 0.555106
    outer loop
      vertex -0.0820795 0.0248985 0.0514103
      vertex -0.0768622 0.0233159 0.0595699
      vertex -0.0742067 0.0307374 0.0595699
    endloop
  endfacet
  facet normal -0.80685 0.202113 0.555106
    outer loop
      vertex -0.0820795 0.0248985 0.0514103
      vertex -0.0841248 0.0167335 0.0514103
      vertex -0.0768622 0.0233159 0.0595699
    endloop
  endfacet
  facet normal -0.806848 0.2021 0.555114
    outer loop
      vertex -0.0841248 0.0167335 0.0514103
      vertex -0.0787774 0.0156698 0.0595699
      vertex -0.0768622 0.0233159 0.0595699
    endloop
  endfacet
  facet normal -0.822773 0.122038 0.555114
    outer loop
      vertex -0.0841248 0.0167335 0.0514103
      vertex -0.0853598 0.00840721 0.0514103
      vertex -0.0787774 0.0156698 0.0595699
    endloop
  endfacet
  facet normal -0.822776 0.12205 0.555106
    outer loop
      vertex -0.0853598 0.00840721 0.0514103
      vertex -0.079934 0.00787281 0.0595699
      vertex -0.0787774 0.0156698 0.0595699
    endloop
  endfacet
  facet normal -0.830777 0.0408214 0.555106
    outer loop
      vertex -0.0853598 0.00840721 0.0514103
      vertex -0.0857729 -0 0.0514103
      vertex -0.079934 0.00787281 0.0595699
    endloop
  endfacet
  facet normal -0.830775 0.0408169 0.555109
    outer loop
      vertex -0.0857729 -0 0.0514103
      vertex -0.0803208 -0 0.0595699
      vertex -0.079934 0.00787281 0.0595699
    endloop
  endfacet
  facet normal -0.830775 -0.0408213 0.555109
    outer loop
      vertex -0.0857729 -0 0.0514103
      vertex -0.0853598 -0.00840721 0.0514103
      vertex -0.0803208 -0 0.0595699
    endloop
  endfacet
  facet normal -0.830777 -0.040817 0.555106
    outer loop
      vertex -0.0853598 -0.00840721 0.0514103
      vertex -0.079934 -0.00787281 0.0595699
      vertex -0.0803208 -0 0.0595699
    endloop
  endfacet
  facet normal -0.822778 -0.122039 0.555106
    outer loop
      vertex -0.0853598 -0.00840721 0.0514103
      vertex -0.0841248 -0.0167335 0.0514103
      vertex -0.079934 -0.00787281 0.0595699
    endloop
  endfacet
  facet normal -0.822771 -0.122049 0.555114
    outer loop
      vertex -0.0841248 -0.0167335 0.0514103
      vertex -0.0787774 -0.0156698 0.0595699
      vertex -0.079934 -0.00787281 0.0595699
    endloop
  endfacet
  facet normal -0.806845 -0.202112 0.555114
    outer loop
      vertex -0.0841248 -0.0167335 0.0514103
      vertex -0.0820795 -0.0248985 0.0514103
      vertex -0.0787774 -0.0156698 0.0595699
    endloop
  endfacet
  facet normal -0.806853 -0.202101 0.555106
    outer loop
      vertex -0.0820795 -0.0248985 0.0514103
      vertex -0.0768622 -0.0233159 0.0595699
      vertex -0.0787774 -0.0156698 0.0595699
    endloop
  endfacet
  facet normal -0.783159 -0.280213 0.555106
    outer loop
      vertex -0.0820795 -0.0248985 0.0514103
      vertex -0.0792438 -0.0328239 0.0514103
      vertex -0.0768622 -0.0233159 0.0595699
    endloop
  endfacet
  facet normal -0.783152 -0.280221 0.555112
    outer loop
      vertex -0.0792438 -0.0328239 0.0514103
      vertex -0.0742067 -0.0307374 0.0595699
      vertex -0.0768622 -0.0233159 0.0595699
    endloop
  endfacet
  facet normal -0.751914 -0.355635 0.555112
    outer loop
      vertex -0.0792438 -0.0328239 0.0514103
      vertex -0.0756449 -0.040433 0.0514103
      vertex -0.0742067 -0.0307374 0.0595699
    endloop
  endfacet
  facet normal -0.751919 -0.35563 0.555108
    outer loop
      vertex -0.0756449 -0.040433 0.0514103
      vertex -0.0708366 -0.0378629 0.0595699
      vertex -0.0742067 -0.0307374 0.0595699
    endloop
  endfacet
  facet normal -0.713439 -0.427621 0.555108
    outer loop
      vertex -0.0756449 -0.040433 0.0514103
      vertex -0.0713175 -0.0476528 0.0514103
      vertex -0.0708366 -0.0378629 0.0595699
    endloop
  endfacet
  facet normal -0.713443 -0.427618 0.555105
    outer loop
      vertex -0.0713175 -0.0476528 0.0514103
      vertex -0.0667843 -0.0446238 0.0595699
      vertex -0.0708366 -0.0378629 0.0595699
    endloop
  endfacet
  facet normal -0.668093 -0.495489 0.555105
    outer loop
      vertex -0.0713175 -0.0476528 0.0514103
      vertex -0.0663033 -0.0544137 0.0514103
      vertex -0.0667843 -0.0446238 0.0595699
    endloop
  endfacet
  facet normal -0.668088 -0.495492 0.555109
    outer loop
      vertex -0.0663033 -0.0544137 0.0514103
      vertex -0.0620888 -0.0509549 0.0595699
      vertex -0.0667843 -0.0446238 0.0595699
    endloop
  endfacet
  facet normal -0.616311 -0.558582 0.555109
    outer loop
      vertex -0.0663033 -0.0544137 0.0514103
      vertex -0.0606506 -0.0606506 0.0514103
      vertex -0.0620888 -0.0509549 0.0595699
    endloop
  endfacet
  facet normal -0.616299 -0.558588 0.555118
    outer loop
      vertex -0.0606506 -0.0606506 0.0514103
      vertex -0.0567953 -0.0567953 0.0595699
      vertex -0.0620888 -0.0509549 0.0595699
    endloop
  endfacet
  facet normal -0.558579 -0.616307 0.555118
    outer loop
      vertex -0.0606506 -0.0606506 0.0514103
      vertex -0.0544137 -0.0663033 0.0514103
      vertex -0.0567953 -0.0567953 0.0595699
    endloop
  endfacet
  facet normal -0.558592 -0.616303 0.555109
    outer loop
      vertex -0.0544137 -0.0663033 0.0514103
      vertex -0.0509549 -0.0620888 0.0595699
      vertex -0.0567953 -0.0567953 0.0595699
    endloop
  endfacet
  facet normal -0.495488 -0.668091 0.555109
    outer loop
      vertex -0.0544137 -0.0663033 0.0514103
      vertex -0.0476528 -0.0713175 0.0514103
      vertex -0.0509549 -0.0620888 0.0595699
    endloop
  endfacet
  facet normal -0.495493 -0.66809 0.555105
    outer loop
      vertex -0.0476528 -0.0713175 0.0514103
      vertex -0.0446238 -0.0667843 0.0595699
      vertex -0.0509549 -0.0620888 0.0595699
    endloop
  endfacet
  facet normal -0.427622 -0.713441 0.555105
    outer loop
      vertex -0.0476528 -0.0713175 0.0514103
      vertex -0.040433 -0.0756449 0.0514103
      vertex -0.0446238 -0.0667843 0.0595699
    endloop
  endfacet
  facet normal -0.427617 -0.713441 0.555108
    outer loop
      vertex -0.040433 -0.0756449 0.0514103
      vertex -0.0378629 -0.0708366 0.0595699
      vertex -0.0446238 -0.0667843 0.0595699
    endloop
  endfacet
  facet normal -0.355636 -0.751916 0.555108
    outer loop
      vertex -0.040433 -0.0756449 0.0514103
      vertex -0.0328239 -0.0792438 0.0514103
      vertex -0.0378629 -0.0708366 0.0595699
    endloop
  endfacet
  facet normal -0.355629 -0.751916 0.555113
    outer loop
      vertex -0.0328239 -0.0792438 0.0514103
      vertex -0.0307374 -0.0742067 0.0595699
      vertex -0.0378629 -0.0708366 0.0595699
    endloop
  endfacet
  facet normal -0.280212 -0.783155 0.555112
    outer loop
      vertex -0.0328239 -0.0792438 0.0514103
      vertex -0.0248985 -0.0820795 0.0514103
      vertex -0.0307374 -0.0742067 0.0595699
    endloop
  endfacet
  facet normal -0.280222 -0.783156 0.555106
    outer loop
      vertex -0.0248985 -0.0820795 0.0514103
      vertex -0.0233159 -0.0768622 0.0595699
      vertex -0.0307374 -0.0742067 0.0595699
    endloop
  endfacet
  facet normal -0.202113 -0.80685 0.555106
    outer loop
      vertex -0.0248985 -0.0820795 0.0514103
      vertex -0.0167335 -0.0841248 0.0514103
      vertex -0.0233159 -0.0768622 0.0595699
    endloop
  endfacet
  facet normal -0.2021 -0.806848 0.555114
    outer loop
      vertex -0.0167335 -0.0841248 0.0514103
      vertex -0.0156698 -0.0787774 0.0595699
      vertex -0.0233159 -0.0768622 0.0595699
    endloop
  endfacet
  facet normal -0.122038 -0.822773 0.555114
    outer loop
      vertex -0.0167335 -0.0841248 0.0514103
      vertex -0.00840721 -0.0853598 0.0514103
      vertex -0.0156698 -0.0787774 0.0595699
    endloop
  endfacet
  facet normal -0.12205 -0.822776 0.555106
    outer loop
      vertex -0.00840721 -0.0853598 0.0514103
      vertex -0.00787281 -0.079934 0.0595699
      vertex -0.0156698 -0.0787774 0.0595699
    endloop
  endfacet
  facet normal -0.0408214 -0.830777 0.555106
    outer loop
      vertex -0.00840721 -0.0853598 0.0514103
      vertex -0 -0.0857729 0.0514103
      vertex -0.00787281 -0.079934 0.0595699
    endloop
  endfacet
  facet normal -0.0408169 -0.830775 0.555109
    outer loop
      vertex -0 -0.0857729 0.0514103
      vertex -0 -0.0803208 0.0595699
      vertex -0.00787281 -0.079934 0.0595699
    endloop
  endfacet
  facet normal 0.0408213 -0.830775 0.555109
    outer loop
      vertex -0 -0.0857729 0.0514103
      vertex 0.00840721 -0.0853598 0.0514103
      vertex -0 -0.0803208 0.0595699
    endloop
  endfacet
  facet normal 0.040817 -0.830777 0.555106
    outer loop
      vertex 0.00840721 -0.0853598 0.0514103
      vertex 0.00787281 -0.079934 0.0595699
      vertex -0 -0.0803208 0.0595699
    endloop
  endfacet
  facet normal 0.122039 -0.822778 0.555106
    outer loop
      vertex 0.00840721 -0.0853598 0.0514103
      vertex 0.0167335 -0.0841248 0.0514103
      vertex 0.00787281 -0.079934 0.0595699
    endloop
  endfacet
  facet normal 0.122049 -0.822771 0.555114
    outer loop
      vertex 0.0167335 -0.0841248 0.0514103
      vertex 0.0156698 -0.0787774 0.0595699
      vertex 0.00787281 -0.079934 0.0595699
    endloop
  endfacet
  facet normal 0.202112 -0.806845 0.555114
    outer loop
      vertex 0.0167335 -0.0841248 0.0514103
      vertex 0.0248985 -0.0820795 0.0514103
      vertex 0.0156698 -0.0787774 0.0595699
    endloop
  endfacet
  facet normal 0.202101 -0.806853 0.555106
    outer loop
      vertex 0.0248985 -0.0820795 0.0514103
      vertex 0.0233159 -0.0768622 0.0595699
      vertex 0.0156698 -0.0787774 0.0595699
    endloop
  endfacet
  facet normal 0.280213 -0.783159 0.555106
    outer loop
      vertex 0.0248985 -0.0820795 0.0514103
      vertex 0.0328239 -0.0792438 0.0514103
      vertex 0.0233159 -0.0768622 0.0595699
    endloop
  endfacet
  facet normal 0.280221 -0.783152 0.555112
    outer loop
      vertex 0.0328239 -0.0792438 0.0514103
      vertex 0.0307374 -0.0742067 0.0595699
      vertex 0.0233159 -0.0768622 0.0595699
    endloop
  endfacet
  facet normal 0.355635 -0.751914 0.555112
    outer loop
      vertex 0.0328239 -0.0792438 0.0514103
      vertex 0.040433 -0.0756449 0.0514103
      vertex 0.0307374 -0.0742067 0.0595699
    endloop
  endfacet
  facet normal 0.35563 -0.751919 0.555108
    outer loop
      vertex 0.040433 -0.0756449 0.0514103
      vertex 0.0378629 -0.0708366 0.0595699
      vertex 0.0307374 -0.0742067 0.0595699
    endloop
  endfacet
  facet normal 0.427621 -0.713439 0.555108
    outer loop
      vertex 0.040433 -0.0756449 0.0514103
      vertex 0.0476528 -0.0713175 0.0514103
      vertex 0.0378629 -0.0708366 0.0595699
    endloop
  endfacet
  facet normal 0.427618 -0.713443 0.555105
    outer loop
      vertex 0.0476528 -0.0713175 0.0514103
      vertex 0.0446238 -0.0667843 0.0595699
      vertex 0.0378629 -0.0708366 0.0595699
    endloop
  endfacet
  facet normal 0.495489 -0.668093 0.555105
    outer loop
      vertex 0.0476528 -0.0713175 0.0514103
      vertex 0.0544137 -0.0663033 0.0514103
      vertex 0.0446238 -0.0667843 0.0595699
    endloop
  endfacet
  facet normal 0.495492 -0.668088 0.555109
    outer loop
      vertex 0.0544137 -0.0663033 0.0514103
      vertex 0.0509549 -0.0620888 0.0595699
      vertex 0.0446238 -0.0667843 0.0595699
    endloop
  endfacet
  facet normal 0.558582 -0.616311 0.555109
    outer loop
      vertex 0.0544137 -0.0663033 0.0514103
      vertex 0.0606506 -0.0606506 0.0514103
      vertex 0.0509549 -0.0620888 0.0595699
    endloop
  endfacet
  facet normal 0.558588 -0.616299 0.555118
    outer loop
      vertex 0.0606506 -0.0606506 0.0514103
      vertex 0.0567953 -0.0567953 0.0595699
      vertex 0.0509549 -0.0620888 0.0595699
    endloop
  endfacet
  facet normal 0.616307 -0.558579 0.555118
    outer loop
      vertex 0.0606506 -0.0606506 0.0514103
      vertex 0.0663033 -0.0544137 0.0514103
      vertex 0.0567953 -0.0567953 0.0595699
    endloop
  endfacet
  facet normal 0.616303 -0.558592 0.555109
    outer loop
      vertex 0.0663033 -0.0544137 0.0514103
      vertex 0.0620888 -0.0509549 0.0595699
      vertex 0.0567953 -0.0567953 0.0595699
    endloop
  endfacet
  facet normal 0.668091 -0.495488 0.555109
    outer loop
      vertex 0.0663033 -0.0544137 0.0514103
      vertex 0.0713175 -0.0476528 0.0514103
      vertex 0.0620888 -0.0509549 0.0595699
    endloop
  endfacet
  facet normal 0.66809 -0.495493 0.555105
    outer loop
      vertex 0.0713175 -0.0476528 0.0514103
      vertex 0.0667843 -0.0446238 0.0595699
      vertex 0.0620888 -0.0509549 0.0595699
    endloop
  endfacet
  facet normal 0.713441 -0.427622 0.555105
    outer loop
      vertex 0.0713175 -0.0476528 0.0514103
      vertex 0.0756449 -0.040433 0.0514103
      vertex 0.0667843 -0.0446238 0.0595699
    endloop
  endfacet
  facet normal 0.713441 -0.427617 0.555108
    outer loop
      vertex 0.0756449 -0.040433 0.0514103
      vertex 0.0708366 -0.0378629 0.0595699
      vertex 0.0667843 -0.0446238 0.0595699
    endloop
  endfacet
  facet normal 0.751916 -0.355636 0.555108
    outer loop
      vertex 0.0756449 -0.040433 0.0514103
      vertex 0.0792438 -0.0328239 0.0514103
      vertex 0.0708366 -0.0378629 0.0595699
    endloop
  endfacet
  facet normal 0.751916 -0.355629 0.555113
    outer loop
      vertex 0.0792438 -0.0328239 0.0514103
      vertex 0.0742067 -0.0307374 0.0595699
      vertex 0.0708366 -0.0378629 0.0595699
    endloop
  endfacet
  facet normal 0.783155 -0.280212 0.555112
    outer loop
      vertex 0.0792438 -0.0328239 0.0514103
      vertex 0.0820795 -0.0248985 0.0514103
      vertex 0.0742067 -0.0307374 0.0595699
    endloop
  endfacet
  facet normal 0.783156 -0.280222 0.555106
    outer loop
      vertex 0.0820795 -0.0248985 0.0514103
      vertex 0.0768622 -0.0233159 0.0595699
      vertex 0.0742067 -0.0307374 0.0595699
    endloop
  endfacet
  facet normal 0.80685 -0.202113 0.555106
    outer loop
      vertex 0.0820795 -0.0248985 0.0514103
      vertex 0.0841248 -0.0167335 0.0514103
      vertex 0.0768622 -0.0233159 0.0595699
    endloop
  endfacet
  facet normal 0.806848 -0.2021 0.555114
    outer loop
      vertex 0.0841248 -0.0167335 0.0514103
      vertex 0.0787774 -0.0156698 0.0595699
      vertex 0.0768622 -0.0233159 0.0595699
    endloop
  endfacet
  facet normal 0.822773 -0.122038 0.555114
    outer loop
      vertex 0.0841248 -0.0167335 0.0514103
      vertex 0.0853598 -0.00840721 0.0514103
      vertex 0.0787774 -0.0156698 0.0595699
    endloop
  endfacet
  facet normal 0.822776 -0.12205 0.555106
    outer loop
      vertex 0.0853598 -0.00840721 0.0514103
      vertex 0.079934 -0.00787281 0.0595699
      vertex 0.0787774 -0.0156698 0.0595699
    endloop
  endfacet
  facet normal 0.830777 -0.0408214 0.555106
    outer loop
      vertex 0.0853598 -0.00840721 0.0514103
      vertex 0.0857729 0 0.0514103
      vertex 0.079934 -0.00787281 0.0595699
    endloop
  endfacet
  facet normal 0.830775 -0.0408169 0.555109
    outer loop
      vertex 0.0857729 0 0.0514103
      vertex 0.0803208 0 0.0595699
      vertex 0.079934 -0.00787281 0.0595699
    endloop
  endfacet
  facet normal 0.881098 0.0432861 0.470948
    outer loop
      vertex 0.0903989 0 0.0427555
      vertex 0.0899636 0.00886064 0.0427555
      vertex 0.0857729 0 0.0514103
    endloop
  endfacet
  facet normal 0.881095 0.0432938 0.470954
    outer loop
      vertex 0.0899636 0.00886064 0.0427555
      vertex 0.0853598 0.00840721 0.0514103
      vertex 0.0857729 0 0.0514103
    endloop
  endfacet
  facet normal 0.87261 0.129439 0.470954
    outer loop
      vertex 0.0899636 0.00886064 0.0427555
      vertex 0.0886619 0.017636 0.0427555
      vertex 0.0853598 0.00840721 0.0514103
    endloop
  endfacet
  facet normal 0.872615 0.129431 0.470947
    outer loop
      vertex 0.0886619 0.017636 0.0427555
      vertex 0.0841248 0.0167335 0.0514103
      vertex 0.0853598 0.00840721 0.0514103
    endloop
  endfacet
  facet normal 0.855725 0.214344 0.470947
    outer loop
      vertex 0.0886619 0.017636 0.0427555
      vertex 0.0865064 0.0262414 0.0427555
      vertex 0.0841248 0.0167335 0.0514103
    endloop
  endfacet
  facet normal 0.855718 0.214354 0.470956
    outer loop
      vertex 0.0865064 0.0262414 0.0427555
      vertex 0.0820795 0.0248985 0.0514103
      vertex 0.0841248 0.0167335 0.0514103
    endloop
  endfacet
  facet normal 0.830589 0.297191 0.470956
    outer loop
      vertex 0.0865064 0.0262414 0.0427555
      vertex 0.0835177 0.0345942 0.0427555
      vertex 0.0820795 0.0248985 0.0514103
    endloop
  endfacet
  facet normal 0.830594 0.297186 0.470951
    outer loop
      vertex 0.0835177 0.0345942 0.0427555
      vertex 0.0792438 0.0328239 0.0514103
      vertex 0.0820795 0.0248985 0.0514103
    endloop
  endfacet
  facet normal 0.797462 0.377173 0.470951
    outer loop
      vertex 0.0835177 0.0345942 0.0427555
      vertex 0.0797247 0.0426138 0.0427555
      vertex 0.0792438 0.0328239 0.0514103
    endloop
  endfacet
  facet normal 0.797458 0.377176 0.470954
    outer loop
      vertex 0.0797247 0.0426138 0.0427555
      vertex 0.0756449 0.040433 0.0514103
      vertex 0.0792438 0.0328239 0.0514103
    endloop
  endfacet
  facet normal 0.756655 0.453514 0.470955
    outer loop
      vertex 0.0797247 0.0426138 0.0427555
      vertex 0.075164 0.050223 0.0427555
      vertex 0.0756449 0.040433 0.0514103
    endloop
  endfacet
  facet normal 0.756648 0.453519 0.470962
    outer loop
      vertex 0.075164 0.050223 0.0427555
      vertex 0.0713175 0.0476528 0.0514103
      vertex 0.0756449 0.040433 0.0514103
    endloop
  endfacet
  facet normal 0.708549 0.525503 0.470962
    outer loop
      vertex 0.075164 0.050223 0.0427555
      vertex 0.0698793 0.0573485 0.0427555
      vertex 0.0713175 0.0476528 0.0514103
    endloop
  endfacet
  facet normal 0.708556 0.525498 0.470956
    outer loop
      vertex 0.0698793 0.0573485 0.0427555
      vertex 0.0663033 0.0544137 0.0514103
      vertex 0.0713175 0.0476528 0.0514103
    endloop
  endfacet
  facet normal 0.653635 0.59242 0.470956
    outer loop
      vertex 0.0698793 0.0573485 0.0427555
      vertex 0.0639217 0.0639217 0.0427555
      vertex 0.0663033 0.0544137 0.0514103
    endloop
  endfacet
  facet normal 0.653642 0.592417 0.470951
    outer loop
      vertex 0.0639217 0.0639217 0.0427555
      vertex 0.0606506 0.0606506 0.0514103
      vertex 0.0663033 0.0544137 0.0514103
    endloop
  endfacet
  facet normal 0.592422 0.653637 0.470951
    outer loop
      vertex 0.0639217 0.0639217 0.0427555
      vertex 0.0573485 0.0698793 0.0427555
      vertex 0.0606506 0.0606506 0.0514103
    endloop
  endfacet
  facet normal 0.592414 0.65364 0.470956
    outer loop
      vertex 0.0573485 0.0698793 0.0427555
      vertex 0.0544137 0.0663033 0.0514103
      vertex 0.0606506 0.0606506 0.0514103
    endloop
  endfacet
  facet normal 0.525505 0.708552 0.470956
    outer loop
      vertex 0.0573485 0.0698793 0.0427555
      vertex 0.050223 0.075164 0.0427555
      vertex 0.0544137 0.0663033 0.0514103
    endloop
  endfacet
  facet normal 0.525497 0.708554 0.470962
    outer loop
      vertex 0.050223 0.075164 0.0427555
      vertex 0.0476528 0.0713175 0.0514103
      vertex 0.0544137 0.0663033 0.0514103
    endloop
  endfacet
  facet normal 0.453512 0.756652 0.470962
    outer loop
      vertex 0.050223 0.075164 0.0427555
      vertex 0.0426138 0.0797247 0.0427555
      vertex 0.0476528 0.0713175 0.0514103
    endloop
  endfacet
  facet normal 0.453521 0.756651 0.470955
    outer loop
      vertex 0.0426138 0.0797247 0.0427555
      vertex 0.040433 0.0756449 0.0514103
      vertex 0.0476528 0.0713175 0.0514103
    endloop
  endfacet
  facet normal 0.377172 0.797461 0.470954
    outer loop
      vertex 0.0426138 0.0797247 0.0427555
      vertex 0.0345942 0.0835177 0.0427555
      vertex 0.040433 0.0756449 0.0514103
    endloop
  endfacet
  facet normal 0.377177 0.79746 0.470951
    outer loop
      vertex 0.0345942 0.0835177 0.0427555
      vertex 0.0328239 0.0792438 0.0514103
      vertex 0.040433 0.0756449 0.0514103
    endloop
  endfacet
  facet normal 0.297192 0.830591 0.470951
    outer loop
      vertex 0.0345942 0.0835177 0.0427555
      vertex 0.0262414 0.0865064 0.0427555
      vertex 0.0328239 0.0792438 0.0514103
    endloop
  endfacet
  facet normal 0.297185 0.830591 0.470956
    outer loop
      vertex 0.0262414 0.0865064 0.0427555
      vertex 0.0248985 0.0820795 0.0514103
      vertex 0.0328239 0.0792438 0.0514103
    endloop
  endfacet
  facet normal 0.214343 0.855721 0.470956
    outer loop
      vertex 0.0262414 0.0865064 0.0427555
      vertex 0.017636 0.0886619 0.0427555
      vertex 0.0248985 0.0820795 0.0514103
    endloop
  endfacet
  facet normal 0.214355 0.855722 0.470947
    outer loop
      vertex 0.017636 0.0886619 0.0427555
      vertex 0.0167335 0.0841248 0.0514103
      vertex 0.0248985 0.0820795 0.0514103
    endloop
  endfacet
  facet normal 0.12944 0.872613 0.470947
    outer loop
      vertex 0.017636 0.0886619 0.0427555
      vertex 0.00886064 0.0899636 0.0427555
      vertex 0.0167335 0.0841248 0.0514103
    endloop
  endfacet
  facet normal 0.12943 0.872611 0.470954
    outer loop
      vertex 0.00886064 0.0899636 0.0427555
      vertex 0.00840721 0.0853598 0.0514103
      vertex 0.0167335 0.0841248 0.0514103
    endloop
  endfacet
  facet normal 0.0432859 0.881095 0.470954
    outer loop
      vertex 0.00886064 0.0899636 0.0427555
      vertex 0 0.0903989 0.0427555
      vertex 0.00840721 0.0853598 0.0514103
    endloop
  endfacet
  facet normal 0.043294 0.881098 0.470948
    outer loop
      vertex 0 0.0903989 0.0427555
      vertex 0 0.0857729 0.0514103
      vertex 0.00840721 0.0853598 0.0514103
    endloop
  endfacet
  facet normal -0.0432861 0.881098 0.470948
    outer loop
      vertex 0 0.0903989 0.0427555
      vertex -0.00886064 0.0899636 0.0427555
      vertex 0 0.0857729 0.0514103
    endloop
  endfacet
  facet normal -0.0432938 0.881095 0.470954
    outer loop
      vertex -0.00886064 0.0899636 0.0427555
      vertex -0.00840721 0.0853598 0.0514103
      vertex 0 0.0857729 0.0514103
    endloop
  endfacet
  facet normal -0.129439 0.87261 0.470954
    outer loop
      vertex -0.00886064 0.0899636 0.0427555
      vertex -0.017636 0.0886619 0.0427555
      vertex -0.00840721 0.0853598 0.0514103
    endloop
  endfacet
  facet normal -0.129431 0.872615 0.470947
    outer loop
      vertex -0.017636 0.0886619 0.0427555
      vertex -0.0167335 0.0841248 0.0514103
      vertex -0.00840721 0.0853598 0.0514103
    endloop
  endfacet
  facet normal -0.214344 0.855725 0.470947
    outer loop
      vertex -0.017636 0.0886619 0.0427555
      vertex -0.0262414 0.0865064 0.0427555
      vertex -0.0167335 0.0841248 0.0514103
    endloop
  endfacet
  facet normal -0.214354 0.855718 0.470956
    outer loop
      vertex -0.0262414 0.0865064 0.0427555
      vertex -0.0248985 0.0820795 0.0514103
      vertex -0.0167335 0.0841248 0.0514103
    endloop
  endfacet
  facet normal -0.297191 0.830589 0.470956
    outer loop
      vertex -0.0262414 0.0865064 0.0427555
      vertex -0.0345942 0.0835177 0.0427555
      vertex -0.0248985 0.0820795 0.0514103
    endloop
  endfacet
  facet normal -0.297186 0.830594 0.470951
    outer loop
      vertex -0.0345942 0.0835177 0.0427555
      vertex -0.0328239 0.0792438 0.0514103
      vertex -0.0248985 0.0820795 0.0514103
    endloop
  endfacet
  facet normal -0.377173 0.797462 0.470951
    outer loop
      vertex -0.0345942 0.0835177 0.0427555
      vertex -0.0426138 0.0797247 0.0427555
      vertex -0.0328239 0.0792438 0.0514103
    endloop
  endfacet
  facet normal -0.377176 0.797458 0.470954
    outer loop
      vertex -0.0426138 0.0797247 0.0427555
      vertex -0.040433 0.0756449 0.0514103
      vertex -0.0328239 0.0792438 0.0514103
    endloop
  endfacet
  facet normal -0.453514 0.756655 0.470955
    outer loop
      vertex -0.0426138 0.0797247 0.0427555
      vertex -0.050223 0.075164 0.0427555
      vertex -0.040433 0.0756449 0.0514103
    endloop
  endfacet
  facet normal -0.453519 0.756648 0.470962
    outer loop
      vertex -0.050223 0.075164 0.0427555
      vertex -0.0476528 0.0713175 0.0514103
      vertex -0.040433 0.0756449 0.0514103
    endloop
  endfacet
  facet normal -0.525503 0.708549 0.470962
    outer loop
      vertex -0.050223 0.075164 0.0427555
      vertex -0.0573485 0.0698793 0.0427555
      vertex -0.0476528 0.0713175 0.0514103
    endloop
  endfacet
  facet normal -0.525498 0.708556 0.470956
    outer loop
      vertex -0.0573485 0.0698793 0.0427555
      vertex -0.0544137 0.0663033 0.0514103
      vertex -0.0476528 0.0713175 0.0514103
    endloop
  endfacet
  facet normal -0.59242 0.653635 0.470956
    outer loop
      vertex -0.0573485 0.0698793 0.0427555
      vertex -0.0639217 0.0639217 0.0427555
      vertex -0.0544137 0.0663033 0.0514103
    endloop
  endfacet
  facet normal -0.592417 0.653642 0.470951
    outer loop
      vertex -0.0639217 0.0639217 0.0427555
      vertex -0.0606506 0.0606506 0.0514103
      vertex -0.0544137 0.0663033 0.0514103
    endloop
  endfacet
  facet normal -0.653637 0.592422 0.470951
    outer loop
      vertex -0.0639217 0.0639217 0.0427555
      vertex -0.0698793 0.0573485 0.0427555
      vertex -0.0606506 0.0606506 0.0514103
    endloop
  endfacet
  facet normal -0.65364 0.592414 0.470956
    outer loop
      vertex -0.0698793 0.0573485 0.0427555
      vertex -0.0663033 0.0544137 0.0514103
      vertex -0.0606506 0.0606506 0.0514103
    endloop
  endfacet
  facet normal -0.708552 0.525505 0.470956
    outer loop
      vertex -0.0698793 0.0573485 0.0427555
      vertex -0.075164 0.050223 0.0427555
      vertex -0.0663033 0.0544137 0.0514103
    endloop
  endfacet
  facet normal -0.708554 0.525497 0.470962
    outer loop
      vertex -0.075164 0.050223 0.0427555
      vertex -0.0713175 0.0476528 0.0514103
      vertex -0.0663033 0.0544137 0.0514103
    endloop
  endfacet
  facet normal -0.756652 0.453512 0.470962
    outer loop
      vertex -0.075164 0.050223 0.0427555
      vertex -0.0797247 0.0426138 0.0427555
      vertex -0.0713175 0.0476528 0.0514103
    endloop
  endfacet
  facet normal -0.756651 0.453521 0.470955
    outer loop
      vertex -0.0797247 0.0426138 0.0427555
      vertex -0.0756449 0.040433 0.0514103
      vertex -0.0713175 0.0476528 0.0514103
    endloop
  endfacet
  facet normal -0.797461 0.377172 0.470954
    outer loop
      vertex -0.0797247 0.0426138 0.0427555
      vertex -0.0835177 0.0345942 0.0427555
      vertex -0.0756449 0.040433 0.0514103
    endloop
  endfacet
  facet normal -0.79746 0.377177 0.470951
    outer loop
      vertex -0.0835177 0.0345942 0.0427555
      vertex -0.0792438 0.0328239 0.0514103
      vertex -0.0756449 0.040433 0.0514103
    endloop
  endfacet
  facet normal -0.830591 0.297192 0.470951
    outer loop
      vertex -0.0835177 0.0345942 0.0427555
      vertex -0.0865064 0.0262414 0.0427555
      vertex -0.0792438 0.0328239 0.0514103
    endloop
  endfacet
  facet normal -0.830591 0.297185 0.470956
    outer loop
      vertex -0.0865064 0.0262414 0.0427555
      vertex -0.0820795 0.0248985 0.0514103
      vertex -0.0792438 0.0328239 0.0514103
    endloop
  endfacet
  facet normal -0.855721 0.214343 0.470956
    outer loop
      vertex -0.0865064 0.0262414 0.0427555
      vertex -0.0886619 0.017636 0.0427555
      vertex -0.0820795 0.0248985 0.0514103
    endloop
  endfacet
  facet normal -0.855722 0.214355 0.470947
    outer loop
      vertex -0.0886619 0.017636 0.0427555
      vertex -0.0841248 0.0167335 0.0514103
      vertex -0.0820795 0.0248985 0.0514103
    endloop
  endfacet
  facet normal -0.872613 0.12944 0.470947
    outer loop
      vertex -0.0886619 0.017636 0.0427555
      vertex -0.0899636 0.00886064 0.0427555
      vertex -0.0841248 0.0167335 0.0514103
    endloop
  endfacet
  facet normal -0.872611 0.12943 0.470954
    outer loop
      vertex -0.0899636 0.00886064 0.0427555
      vertex -0.0853598 0.00840721 0.0514103
      vertex -0.0841248 0.0167335 0.0514103
    endloop
  endfacet
  facet normal -0.881095 0.0432859 0.470954
    outer loop
      vertex -0.0899636 0.00886064 0.0427555
      vertex -0.0903989 -0 0.0427555
      vertex -0.0853598 0.00840721 0.0514103
    endloop
  endfacet
  facet normal -0.881098 0.043294 0.470948
    outer loop
      vertex -0.0903989 -0 0.0427555
      vertex -0.0857729 -0 0.0514103
      vertex -0.0853598 0.00840721 0.0514103
    endloop
  endfacet
  facet normal -0.881098 -0.0432861 0.470948
    outer loop
      vertex -0.0903989 -0 0.0427555
      vertex -0.0899636 -0.00886064 0.0427555
      vertex -0.0857729 -0 0.0514103
    endloop
  endfacet
  facet normal -0.881095 -0.0432938 0.470954
    outer loop
      vertex -0.0899636 -0.00886064 0.0427555
      vertex -0.0853598 -0.00840721 0.0514103
      vertex -0.0857729 -0 0.0514103
    endloop
  endfacet
  facet normal -0.87261 -0.129439 0.470954
    outer loop
      vertex -0.0899636 -0.00886064 0.0427555
      vertex -0.0886619 -0.017636 0.0427555
      vertex -0.0853598 -0.00840721 0.0514103
    endloop
  endfacet
  facet normal -0.872615 -0.129431 0.470947
    outer loop
      vertex -0.0886619 -0.017636 0.0427555
      vertex -0.0841248 -0.0167335 0.0514103
      vertex -0.0853598 -0.00840721 0.0514103
    endloop
  endfacet
  facet normal -0.855725 -0.214344 0.470947
    outer loop
      vertex -0.0886619 -0.017636 0.0427555
      vertex -0.0865064 -0.0262414 0.0427555
      vertex -0.0841248 -0.0167335 0.0514103
    endloop
  endfacet
  facet normal -0.855718 -0.214354 0.470956
    outer loop
      vertex -0.0865064 -0.0262414 0.0427555
      vertex -0.0820795 -0.0248985 0.0514103
      vertex -0.0841248 -0.0167335 0.0514103
    endloop
  endfacet
  facet normal -0.830589 -0.297191 0.470956
    outer loop
      vertex -0.0865064 -0.0262414 0.0427555
      vertex -0.0835177 -0.0345942 0.0427555
      vertex -0.0820795 -0.0248985 0.0514103
    endloop
  endfacet
  facet normal -0.830594 -0.297186 0.470951
    outer loop
      vertex -0.0835177 -0.0345942 0.0427555
      vertex -0.0792438 -0.0328239 0.0514103
      vertex -0.0820795 -0.0248985 0.0514103
    endloop
  endfacet
  facet normal -0.797462 -0.377173 0.470951
    outer loop
      vertex -0.0835177 -0.0345942 0.0427555
      vertex -0.0797247 -0.0426138 0.0427555
      vertex -0.0792438 -0.0328239 0.0514103
    endloop
  endfacet
  facet normal -0.797458 -0.377176 0.470954
    outer loop
      vertex -0.0797247 -0.0426138 0.0427555
      vertex -0.0756449 -0.040433 0.0514103
      vertex -0.0792438 -0.0328239 0.0514103
    endloop
  endfacet
  facet normal -0.756655 -0.453514 0.470955
    outer loop
      vertex -0.0797247 -0.0426138 0.0427555
      vertex -0.075164 -0.050223 0.0427555
      vertex -0.0756449 -0.040433 0.0514103
    endloop
  endfacet
  facet normal -0.756648 -0.453519 0.470962
    outer loop
      vertex -0.075164 -0.050223 0.0427555
      vertex -0.0713175 -0.0476528 0.0514103
      vertex -0.0756449 -0.040433 0.0514103
    endloop
  endfacet
  facet normal -0.708549 -0.525503 0.470962
    outer loop
      vertex -0.075164 -0.050223 0.0427555
      vertex -0.0698793 -0.0573485 0.0427555
      vertex -0.0713175 -0.0476528 0.0514103
    endloop
  endfacet
  facet normal -0.708556 -0.525498 0.470956
    outer loop
      vertex -0.0698793 -0.0573485 0.0427555
      vertex -0.0663033 -0.0544137 0.0514103
      vertex -0.0713175 -0.0476528 0.0514103
    endloop
  endfacet
  facet normal -0.653635 -0.59242 0.470956
    outer loop
      vertex -0.0698793 -0.0573485 0.0427555
      vertex -0.0639217 -0.0639217 0.0427555
      vertex -0.0663033 -0.0544137 0.0514103
    endloop
  endfacet
  facet normal -0.653642 -0.592417 0.470951
    outer loop
      vertex -0.0639217 -0.0639217 0.0427555
      vertex -0.0606506 -0.0606506 0.0514103
      vertex -0.0663033 -0.0544137 0.0514103
    endloop
  endfacet
  facet normal -0.592422 -0.653637 0.470951
    outer loop
      vertex -0.0639217 -0.0639217 0.0427555
      vertex -0.0573485 -0.0698793 0.0427555
      vertex -0.0606506 -0.0606506 0.0514103
    endloop
  endfacet
  facet normal -0.592414 -0.65364 0.470956
    outer loop
      vertex -0.0573485 -0.0698793 0.0427555
      vertex -0.0544137 -0.0663033 0.0514103
      vertex -0.0606506 -0.0606506 0.0514103
    endloop
  endfacet
  facet normal -0.525505 -0.708552 0.470956
    outer loop
      vertex -0.0573485 -0.0698793 0.0427555
      vertex -0.050223 -0.075164 0.0427555
      vertex -0.0544137 -0.0663033 0.0514103
    endloop
  endfacet
  facet normal -0.525497 -0.708554 0.470962
    outer loop
      vertex -0.050223 -0.075164 0.0427555
      vertex -0.0476528 -0.0713175 0.0514103
      vertex -0.0544137 -0.0663033 0.0514103
    endloop
  endfacet
  facet normal -0.453512 -0.756652 0.470962
    outer loop
      vertex -0.050223 -0.075164 0.0427555
      vertex -0.0426138 -0.0797247 0.0427555
      vertex -0.0476528 -0.0713175 0.0514103
    endloop
  endfacet
  facet normal -0.453521 -0.756651 0.470955
    outer loop
      vertex -0.0426138 -0.0797247 0.0427555
      vertex -0.040433 -0.0756449 0.0514103
      vertex -0.0476528 -0.0713175 0.0514103
    endloop
  endfacet
  facet normal -0.377172 -0.797461 0.470954
    outer loop
      vertex -0.0426138 -0.0797247 0.0427555
      vertex -0.0345942 -0.0835177 0.0427555
      vertex -0.040433 -0.0756449 0.0514103
    endloop
  endfacet
  facet normal -0.377177 -0.79746 0.470951
    outer loop
      vertex -0.0345942 -0.0835177 0.0427555
      vertex -0.0328239 -0.0792438 0.0514103
      vertex -0.040433 -0.0756449 0.0514103
    endloop
  endfacet
  facet normal -0.297192 -0.830591 0.470951
    outer loop
      vertex -0.0345942 -0.0835177 0.0427555
      vertex -0.0262414 -0.0865064 0.0427555
      vertex -0.0328239 -0.0792438 0.0514103
    endloop
  endfacet
  facet normal -0.297185 -0.830591 0.470956
    outer loop
      vertex -0.0262414 -0.0865064 0.0427555
      vertex -0.0248985 -0.0820795 0.0514103
      vertex -0.0328239 -0.0792438 0.0514103
    endloop
  endfacet
  facet normal -0.214343 -0.855721 0.470956
    outer loop
      vertex -0.0262414 -0.0865064 0.0427555
      vertex -0.017636 -0.0886619 0.0427555
      vertex -0.0248985 -0.0820795 0.0514103
    endloop
  endfacet
  facet normal -0.214355 -0.855722 0.470947
    outer loop
      vertex -0.017636 -0.0886619 0.0427555
      vertex -0.0167335 -0.0841248 0.0514103
      vertex -0.0248985 -0.0820795 0.0514103
    endloop
  endfacet
  facet normal -0.12944 -0.872613 0.470947
    outer loop
      vertex -0.017636 -0.0886619 0.0427555
      vertex -0.00886064 -0.0899636 0.0427555
      vertex -0.0167335 -0.0841248 0.0514103
    endloop
  endfacet
  facet normal -0.12943 -0.872611 0.470954
    outer loop
      vertex -0.00886064 -0.0899636 0.0427555
      vertex -0.00840721 -0.0853598 0.0514103
      vertex -0.0167335 -0.0841248 0.0514103
    endloop
  endfacet
  facet normal -0.0432859 -0.881095 0.470954
    outer loop
      vertex -0.00886064 -0.0899636 0.0427555
      vertex -0 -0.0903989 0.0427555
      vertex -0.00840721 -0.0853598 0.0514103
    endloop
  endfacet
  facet normal -0.043294 -0.881098 0.470948
    outer loop
      vertex -0 -0.0903989 0.0427555
      vertex -0 -0.0857729 0.0514103
      vertex -0.00840721 -0.0853598 0.0514103
    endloop
  endfacet
  facet normal 0.0432861 -0.881098 0.470948
    outer loop
      vertex -0 -0.0903989 0.0427555
      vertex 0.00886064 -0.0899636 0.0427555
      vertex -0 -0.0857729 0.0514103
    endloop
  endfacet
  facet normal 0.0432938 -0.881095 0.470954
    outer loop
      vertex 0.00886064 -0.0899636 0.0427555
      vertex 0.00840721 -0.0853598 0.0514103
      vertex -0 -0.0857729 0.0514103
    endloop
  endfacet
  facet normal 0.129439 -0.87261 0.470954
    outer loop
      vertex 0.00886064 -0.0899636 0.0427555
      vertex 0.017636 -0.0886619 0.0427555
      vertex 0.00840721 -0.0853598 0.0514103
    endloop
  endfacet
  facet normal 0.129431 -0.872615 0.470947
    outer loop
      vertex 0.017636 -0.0886619 0.0427555
      vertex 0.0167335 -0.0841248 0.0514103
      vertex 0.00840721 -0.0853598 0.0514103
    endloop
  endfacet
  facet normal 0.214344 -0.855725 0.470947
    outer loop
      vertex 0.017636 -0.0886619 0.0427555
      vertex 0.0262414 -0.0865064 0.0427555
      vertex 0.0167335 -0.0841248 0.0514103
    endloop
  endfacet
  facet normal 0.214354 -0.855718 0.470956
    outer loop
      vertex 0.0262414 -0.0865064 0.0427555
      vertex 0.0248985 -0.0820795 0.0514103
      vertex 0.0167335 -0.0841248 0.0514103
    endloop
  endfacet
  facet normal 0.297191 -0.830589 0.470956
    outer loop
      vertex 0.0262414 -0.0865064 0.0427555
      vertex 0.0345942 -0.0835177 0.0427555
      vertex 0.0248985 -0.0820795 0.0514103
    endloop
  endfacet
  facet normal 0.297186 -0.830594 0.470951
    outer loop
      vertex 0.0345942 -0.0835177 0.0427555
      vertex 0.0328239 -0.0792438 0.0514103
      vertex 0.0248985 -0.0820795 0.0514103
    endloop
  endfacet
  facet normal 0.377173 -0.797462 0.470951
    outer loop
      vertex 0.0345942 -0.0835177 0.0427555
      vertex 0.0426138 -0.0797247 0.0427555
      vertex 0.0328239 -0.0792438 0.0514103
    endloop
  endfacet
  facet normal 0.377176 -0.797458 0.470954
    outer loop
      vertex 0.0426138 -0.0797247 0.0427555
      vertex 0.040433 -0.0756449 0.0514103
      vertex 0.0328239 -0.0792438 0.0514103
    endloop
  endfacet
  facet normal 0.453514 -0.756655 0.470955
    outer loop
      vertex 0.0426138 -0.0797247 0.0427555
      vertex 0.050223 -0.075164 0.0427555
      vertex 0.040433 -0.0756449 0.0514103
    endloop
  endfacet
  facet normal 0.453519 -0.756648 0.470962
    outer loop
      vertex 0.050223 -0.075164 0.0427555
      vertex 0.0476528 -0.0713175 0.0514103
      vertex 0.040433 -0.0756449 0.0514103
    endloop
  endfacet
  facet normal 0.525503 -0.708549 0.470962
    outer loop
      vertex 0.050223 -0.075164 0.0427555
      vertex 0.0573485 -0.0698793 0.0427555
      vertex 0.0476528 -0.0713175 0.0514103
    endloop
  endfacet
  facet normal 0.525498 -0.708556 0.470956
    outer loop
      vertex 0.0573485 -0.0698793 0.0427555
      vertex 0.0544137 -0.0663033 0.0514103
      vertex 0.0476528 -0.0713175 0.0514103
    endloop
  endfacet
  facet normal 0.59242 -0.653635 0.470956
    outer loop
      vertex 0.0573485 -0.0698793 0.0427555
      vertex 0.0639217 -0.0639217 0.0427555
      vertex 0.0544137 -0.0663033 0.0514103
    endloop
  endfacet
  facet normal 0.592417 -0.653642 0.470951
    outer loop
      vertex 0.0639217 -0.0639217 0.0427555
      vertex 0.0606506 -0.0606506 0.0514103
      vertex 0.0544137 -0.0663033 0.0514103
    endloop
  endfacet
  facet normal 0.653637 -0.592422 0.470951
    outer loop
      vertex 0.0639217 -0.0639217 0.0427555
      vertex 0.0698793 -0.0573485 0.0427555
      vertex 0.0606506 -0.0606506 0.0514103
    endloop
  endfacet
  facet normal 0.65364 -0.592414 0.470956
    outer loop
      vertex 0.0698793 -0.0573485 0.0427555
      vertex 0.0663033 -0.0544137 0.0514103
      vertex 0.0606506 -0.0606506 0.0514103
    endloop
  endfacet
  facet normal 0.708552 -0.525505 0.470956
    outer loop
      vertex 0.0698793 -0.0573485 0.0427555
      vertex 0.075164 -0.050223 0.0427555
      vertex 0.0663033 -0.0544137 0.0514103
    endloop
  endfacet
  facet normal 0.708554 -0.525497 0.470962
    outer loop
      vertex 0.075164 -0.050223 0.0427555
      vertex 0.0713175 -0.0476528 0.0514103
      vertex 0.0663033 -0.0544137 0.0514103
    endloop
  endfacet
  facet normal 0.756652 -0.453512 0.470962
    outer loop
      vertex 0.075164 -0.050223 0.0427555
      vertex 0.0797247 -0.0426138 0.0427555
      vertex 0.0713175 -0.0476528 0.0514103
    endloop
  endfacet
  facet normal 0.756651 -0.453521 0.470955
    outer loop
      vertex 0.0797247 -0.0426138 0.0427555
      vertex 0.0756449 -0.040433 0.0514103
      vertex 0.0713175 -0.0476528 0.0514103
    endloop
  endfacet
  facet normal 0.797461 -0.377172 0.470954
    outer loop
      vertex 0.0797247 -0.0426138 0.0427555
      vertex 0.0835177 -0.0345942 0.0427555
      vertex 0.0756449 -0.040433 0.0514103
    endloop
  endfacet
  facet normal 0.79746 -0.377177 0.470951
    outer loop
      vertex 0.0835177 -0.0345942 0.0427555
      vertex 0.0792438 -0.0328239 0.0514103
      vertex 0.0756449 -0.040433 0.0514103
    endloop
  endfacet
  facet normal 0.830591 -0.297192 0.470951
    outer loop
      vertex 0.0835177 -0.0345942 0.0427555
      vertex 0.0865064 -0.0262414 0.0427555
      vertex 0.0792438 -0.0328239 0.0514103
    endloop
  endfacet
  facet normal 0.830591 -0.297185 0.470956
    outer loop
      vertex 0.0865064 -0.0262414 0.0427555
      vertex 0.0820795 -0.0248985 0.0514103
      vertex 0.0792438 -0.0328239 0.0514103
    endloop
  endfacet
  facet normal 0.855721 -0.214343 0.470956
    outer loop
      vertex 0.0865064 -0.0262414 0.0427555
      vertex 0.0886619 -0.017636 0.0427555
      vertex 0.0820795 -0.0248985 0.0514103
    endloop
  endfacet
  facet normal 0.855722 -0.214355 0.470947
    outer loop
      vertex 0.0886619 -0.017636 0.0427555
      vertex 0.0841248 -0.0167335 0.0514103
      vertex 0.0820795 -0.0248985 0.0514103
    endloop
  endfacet
  facet normal 0.872613 -0.12944 0.470947
    outer loop
      vertex 0.0886619 -0.017636 0.0427555
      vertex 0.0899636 -0.00886064 0.0427555
      vertex 0.0841248 -0.0167335 0.0514103
    endloop
  endfacet
  facet normal 0.872611 -0.12943 0.470954
    outer loop
      vertex 0.0899636 -0.00886064 0.0427555
      vertex 0.0853598 -0.00840721 0.0514103
      vertex 0.0841248 -0.0167335 0.0514103
    endloop
  endfacet
  facet normal 0.881095 -0.0432859 0.470954
    outer loop
      vertex 0.0899636 -0.00886064 0.0427555
      vertex 0.0903989 0 0.0427555
      vertex 0.0853598 -0.00840721 0.0514103
    endloop
  endfacet
  facet normal 0.881098 -0.043294 0.470948
    outer loop
      vertex 0.0903989 0 0.0427555
      vertex 0.0857729 0 0.0514103
      vertex 0.0853598 -0.00840721 0.0514103
    endloop
  endfacet
  facet normal 0.922928 0.0453426 0.382293
    outer loop
      vertex 0.0941544 0 0.033689
      vertex 0.093701 0.00922875 0.033689
      vertex 0.0903989 0 0.0427555
    endloop
  endfacet
  facet normal 0.922929 0.0453411 0.382291
    outer loop
      vertex 0.093701 0.00922875 0.033689
      vertex 0.0899636 0.00886064 0.0427555
      vertex 0.0903989 0 0.0427555
    endloop
  endfacet
  facet normal 0.914041 0.135578 0.382292
    outer loop
      vertex 0.093701 0.00922875 0.033689
      vertex 0.0923453 0.0183686 0.033689
      vertex 0.0899636 0.00886064 0.0427555
    endloop
  endfacet
  facet normal 0.914038 0.135585 0.382297
    outer loop
      vertex 0.0923453 0.0183686 0.033689
      vertex 0.0886619 0.017636 0.0427555
      vertex 0.0899636 0.00886064 0.0427555
    endloop
  endfacet
  facet normal 0.896345 0.224531 0.382296
    outer loop
      vertex 0.0923453 0.0183686 0.033689
      vertex 0.0901001 0.0273316 0.033689
      vertex 0.0886619 0.017636 0.0427555
    endloop
  endfacet
  facet normal 0.896353 0.22452 0.382286
    outer loop
      vertex 0.0901001 0.0273316 0.033689
      vertex 0.0865064 0.0262414 0.0427555
      vertex 0.0886619 0.017636 0.0427555
    endloop
  endfacet
  facet normal 0.870028 0.311301 0.382286
    outer loop
      vertex 0.0901001 0.0273316 0.033689
      vertex 0.0869873 0.0360313 0.033689
      vertex 0.0865064 0.0262414 0.0427555
    endloop
  endfacet
  facet normal 0.870027 0.311303 0.382288
    outer loop
      vertex 0.0869873 0.0360313 0.033689
      vertex 0.0835177 0.0345942 0.0427555
      vertex 0.0865064 0.0262414 0.0427555
    endloop
  endfacet
  facet normal 0.835328 0.395073 0.382288
    outer loop
      vertex 0.0869873 0.0360313 0.033689
      vertex 0.0830368 0.0443841 0.033689
      vertex 0.0835177 0.0345942 0.0427555
    endloop
  endfacet
  facet normal 0.835322 0.395079 0.382295
    outer loop
      vertex 0.0830368 0.0443841 0.033689
      vertex 0.0797247 0.0426138 0.0427555
      vertex 0.0835177 0.0345942 0.0427555
    endloop
  endfacet
  facet normal 0.792573 0.475056 0.382295
    outer loop
      vertex 0.0830368 0.0443841 0.033689
      vertex 0.0782865 0.0523094 0.033689
      vertex 0.0797247 0.0426138 0.0427555
    endloop
  endfacet
  facet normal 0.792583 0.475048 0.382284
    outer loop
      vertex 0.0782865 0.0523094 0.033689
      vertex 0.075164 0.050223 0.0427555
      vertex 0.0797247 0.0426138 0.0427555
    endloop
  endfacet
  facet normal 0.742198 0.550455 0.382285
    outer loop
      vertex 0.0782865 0.0523094 0.033689
      vertex 0.0727823 0.0597309 0.033689
      vertex 0.075164 0.050223 0.0427555
    endloop
  endfacet
  facet normal 0.742195 0.550457 0.382287
    outer loop
      vertex 0.0727823 0.0597309 0.033689
      vertex 0.0698793 0.0573485 0.0427555
      vertex 0.075164 0.050223 0.0427555
    endloop
  endfacet
  facet normal 0.684673 0.620549 0.382286
    outer loop
      vertex 0.0727823 0.0597309 0.033689
      vertex 0.0665772 0.0665772 0.033689
      vertex 0.0698793 0.0573485 0.0427555
    endloop
  endfacet
  facet normal 0.684671 0.620549 0.382288
    outer loop
      vertex 0.0665772 0.0665772 0.033689
      vertex 0.0639217 0.0639217 0.0427555
      vertex 0.0698793 0.0573485 0.0427555
    endloop
  endfacet
  facet normal 0.620548 0.684672 0.382288
    outer loop
      vertex 0.0665772 0.0665772 0.033689
      vertex 0.0597309 0.0727823 0.033689
      vertex 0.0639217 0.0639217 0.0427555
    endloop
  endfacet
  facet normal 0.62055 0.684671 0.382286
    outer loop
      vertex 0.0597309 0.0727823 0.033689
      vertex 0.0573485 0.0698793 0.0427555
      vertex 0.0639217 0.0639217 0.0427555
    endloop
  endfacet
  facet normal 0.550455 0.742197 0.382287
    outer loop
      vertex 0.0597309 0.0727823 0.033689
      vertex 0.0523094 0.0782865 0.033689
      vertex 0.0573485 0.0698793 0.0427555
    endloop
  endfacet
  facet normal 0.550457 0.742196 0.382284
    outer loop
      vertex 0.0523094 0.0782865 0.033689
      vertex 0.050223 0.075164 0.0427555
      vertex 0.0573485 0.0698793 0.0427555
    endloop
  endfacet
  facet normal 0.475058 0.792577 0.382285
    outer loop
      vertex 0.0523094 0.0782865 0.033689
      vertex 0.0443841 0.0830368 0.033689
      vertex 0.050223 0.075164 0.0427555
    endloop
  endfacet
  facet normal 0.475046 0.79258 0.382295
    outer loop
      vertex 0.0443841 0.0830368 0.033689
      vertex 0.0426138 0.0797247 0.0427555
      vertex 0.050223 0.075164 0.0427555
    endloop
  endfacet
  facet normal 0.395072 0.835326 0.382295
    outer loop
      vertex 0.0443841 0.0830368 0.033689
      vertex 0.0360313 0.0869873 0.033689
      vertex 0.0426138 0.0797247 0.0427555
    endloop
  endfacet
  facet normal 0.39508 0.835325 0.382288
    outer loop
      vertex 0.0360313 0.0869873 0.033689
      vertex 0.0345942 0.0835177 0.0427555
      vertex 0.0426138 0.0797247 0.0427555
    endloop
  endfacet
  facet normal 0.311301 0.870027 0.382288
    outer loop
      vertex 0.0360313 0.0869873 0.033689
      vertex 0.0273316 0.0901001 0.033689
      vertex 0.0345942 0.0835177 0.0427555
    endloop
  endfacet
  facet normal 0.311303 0.870027 0.382286
    outer loop
      vertex 0.0273316 0.0901001 0.033689
      vertex 0.0262414 0.0865064 0.0427555
      vertex 0.0345942 0.0835177 0.0427555
    endloop
  endfacet
  facet normal 0.224532 0.89635 0.382286
    outer loop
      vertex 0.0273316 0.0901001 0.033689
      vertex 0.0183686 0.0923453 0.033689
      vertex 0.0262414 0.0865064 0.0427555
    endloop
  endfacet
  facet normal 0.224519 0.896348 0.382297
    outer loop
      vertex 0.0183686 0.0923453 0.033689
      vertex 0.017636 0.0886619 0.0427555
      vertex 0.0262414 0.0865064 0.0427555
    endloop
  endfacet
  facet normal 0.135578 0.914039 0.382297
    outer loop
      vertex 0.0183686 0.0923453 0.033689
      vertex 0.00922875 0.093701 0.033689
      vertex 0.017636 0.0886619 0.0427555
    endloop
  endfacet
  facet normal 0.135585 0.91404 0.382291
    outer loop
      vertex 0.00922875 0.093701 0.033689
      vertex 0.00886064 0.0899636 0.0427555
      vertex 0.017636 0.0886619 0.0427555
    endloop
  endfacet
  facet normal 0.0453426 0.922929 0.382291
    outer loop
      vertex 0.00922875 0.093701 0.033689
      vertex 0 0.0941544 0.033689
      vertex 0.00886064 0.0899636 0.0427555
    endloop
  endfacet
  facet normal 0.045341 0.922928 0.382293
    outer loop
      vertex 0 0.0941544 0.033689
      vertex 0 0.0903989 0.0427555
      vertex 0.00886064 0.0899636 0.0427555
    endloop
  endfacet
  facet normal -0.0453426 0.922928 0.382293
    outer loop
      vertex 0 0.0941544 0.033689
      vertex -0.00922875 0.093701 0.033689
      vertex 0 0.0903989 0.0427555
    endloop
  endfacet
  facet normal -0.0453411 0.922929 0.382291
    outer loop
      vertex -0.00922875 0.093701 0.033689
      vertex -0.00886064 0.0899636 0.0427555
      vertex 0 0.0903989 0.0427555
    endloop
  endfacet
  facet normal -0.135578 0.914041 0.382292
    outer loop
      vertex -0.00922875 0.093701 0.033689
      vertex -0.0183686 0.0923453 0.033689
      vertex -0.00886064 0.0899636 0.0427555
    endloop
  endfacet
  facet normal -0.135585 0.914038 0.382297
    outer loop
      vertex -0.0183686 0.0923453 0.033689
      vertex -0.017636 0.0886619 0.0427555
      vertex -0.00886064 0.0899636 0.0427555
    endloop
  endfacet
  facet normal -0.224531 0.896345 0.382296
    outer loop
      vertex -0.0183686 0.0923453 0.033689
      vertex -0.0273316 0.0901001 0.033689
      vertex -0.017636 0.0886619 0.0427555
    endloop
  endfacet
  facet normal -0.22452 0.896353 0.382286
    outer loop
      vertex -0.0273316 0.0901001 0.033689
      vertex -0.0262414 0.0865064 0.0427555
      vertex -0.017636 0.0886619 0.0427555
    endloop
  endfacet
  facet normal -0.311301 0.870028 0.382286
    outer loop
      vertex -0.0273316 0.0901001 0.033689
      vertex -0.0360313 0.0869873 0.033689
      vertex -0.0262414 0.0865064 0.0427555
    endloop
  endfacet
  facet normal -0.311303 0.870027 0.382288
    outer loop
      vertex -0.0360313 0.0869873 0.033689
      vertex -0.0345942 0.0835177 0.0427555
      vertex -0.0262414 0.0865064 0.0427555
    endloop
  endfacet
  facet normal -0.395073 0.835328 0.382288
    outer loop
      vertex -0.0360313 0.0869873 0.033689
      vertex -0.0443841 0.0830368 0.033689
      vertex -0.0345942 0.0835177 0.0427555
    endloop
  endfacet
  facet normal -0.395079 0.835322 0.382295
    outer loop
      vertex -0.0443841 0.0830368 0.033689
      vertex -0.0426138 0.0797247 0.0427555
      vertex -0.0345942 0.0835177 0.0427555
    endloop
  endfacet
  facet normal -0.475056 0.792573 0.382295
    outer loop
      vertex -0.0443841 0.0830368 0.033689
      vertex -0.0523094 0.0782865 0.033689
      vertex -0.0426138 0.0797247 0.0427555
    endloop
  endfacet
  facet normal -0.475048 0.792583 0.382284
    outer loop
      vertex -0.0523094 0.0782865 0.033689
      vertex -0.050223 0.075164 0.0427555
      vertex -0.0426138 0.0797247 0.0427555
    endloop
  endfacet
  facet normal -0.550455 0.742198 0.382285
    outer loop
      vertex -0.0523094 0.0782865 0.033689
      vertex -0.0597309 0.0727823 0.033689
      vertex -0.050223 0.075164 0.0427555
    endloop
  endfacet
  facet normal -0.550457 0.742195 0.382287
    outer loop
      vertex -0.0597309 0.0727823 0.033689
      vertex -0.0573485 0.0698793 0.0427555
      vertex -0.050223 0.075164 0.0427555
    endloop
  endfacet
  facet normal -0.620549 0.684673 0.382286
    outer loop
      vertex -0.0597309 0.0727823 0.033689
      vertex -0.0665772 0.0665772 0.033689
      vertex -0.0573485 0.0698793 0.0427555
    endloop
  endfacet
  facet normal -0.620549 0.684671 0.382288
    outer loop
      vertex -0.0665772 0.0665772 0.033689
      vertex -0.0639217 0.0639217 0.0427555
      vertex -0.0573485 0.0698793 0.0427555
    endloop
  endfacet
  facet normal -0.684672 0.620548 0.382288
    outer loop
      vertex -0.0665772 0.0665772 0.033689
      vertex -0.0727823 0.0597309 0.033689
      vertex -0.0639217 0.0639217 0.0427555
    endloop
  endfacet
  facet normal -0.684671 0.62055 0.382286
    outer loop
      vertex -0.0727823 0.0597309 0.033689
      vertex -0.0698793 0.0573485 0.0427555
      vertex -0.0639217 0.0639217 0.0427555
    endloop
  endfacet
  facet normal -0.742197 0.550455 0.382287
    outer loop
      vertex -0.0727823 0.0597309 0.033689
      vertex -0.0782865 0.0523094 0.033689
      vertex -0.0698793 0.0573485 0.0427555
    endloop
  endfacet
  facet normal -0.742196 0.550457 0.382284
    outer loop
      vertex -0.0782865 0.0523094 0.033689
      vertex -0.075164 0.050223 0.0427555
      vertex -0.0698793 0.0573485 0.0427555
    endloop
  endfacet
  facet normal -0.792577 0.475058 0.382285
    outer loop
      vertex -0.0782865 0.0523094 0.033689
      vertex -0.0830368 0.0443841 0.033689
      vertex -0.075164 0.050223 0.0427555
    endloop
  endfacet
  facet normal -0.79258 0.475046 0.382295
    outer loop
      vertex -0.0830368 0.0443841 0.033689
      vertex -0.0797247 0.0426138 0.0427555
      vertex -0.075164 0.050223 0.0427555
    endloop
  endfacet
  facet normal -0.835326 0.395072 0.382295
    outer loop
      vertex -0.0830368 0.0443841 0.033689
      vertex -0.0869873 0.0360313 0.033689
      vertex -0.0797247 0.0426138 0.0427555
    endloop
  endfacet
  facet normal -0.835325 0.39508 0.382288
    outer loop
      vertex -0.0869873 0.0360313 0.033689
      vertex -0.0835177 0.0345942 0.0427555
      vertex -0.0797247 0.0426138 0.0427555
    endloop
  endfacet
  facet normal -0.870027 0.311301 0.382288
    outer loop
      vertex -0.0869873 0.0360313 0.033689
      vertex -0.0901001 0.0273316 0.033689
      vertex -0.0835177 0.0345942 0.0427555
    endloop
  endfacet
  facet normal -0.870027 0.311303 0.382286
    outer loop
      vertex -0.0901001 0.0273316 0.033689
      vertex -0.0865064 0.0262414 0.0427555
      vertex -0.0835177 0.0345942 0.0427555
    endloop
  endfacet
  facet normal -0.89635 0.224532 0.382286
    outer loop
      vertex -0.0901001 0.0273316 0.033689
      vertex -0.0923453 0.0183686 0.033689
      vertex -0.0865064 0.0262414 0.0427555
    endloop
  endfacet
  facet normal -0.896348 0.224519 0.382297
    outer loop
      vertex -0.0923453 0.0183686 0.033689
      vertex -0.0886619 0.017636 0.0427555
      vertex -0.0865064 0.0262414 0.0427555
    endloop
  endfacet
  facet normal -0.914039 0.135578 0.382297
    outer loop
      vertex -0.0923453 0.0183686 0.033689
      vertex -0.093701 0.00922875 0.033689
      vertex -0.0886619 0.017636 0.0427555
    endloop
  endfacet
  facet normal -0.91404 0.135585 0.382291
    outer loop
      vertex -0.093701 0.00922875 0.033689
      vertex -0.0899636 0.00886064 0.0427555
      vertex -0.0886619 0.017636 0.0427555
    endloop
  endfacet
  facet normal -0.922929 0.0453426 0.382291
    outer loop
      vertex -0.093701 0.00922875 0.033689
      vertex -0.0941544 -0 0.033689
      vertex -0.0899636 0.00886064 0.0427555
    endloop
  endfacet
  facet normal -0.922928 0.045341 0.382293
    outer loop
      vertex -0.0941544 -0 0.033689
      vertex -0.0903989 -0 0.0427555
      vertex -0.0899636 0.00886064 0.0427555
    endloop
  endfacet
  facet normal -0.922928 -0.0453426 0.382293
    outer loop
      vertex -0.0941544 -0 0.033689
      vertex -0.093701 -0.00922875 0.033689
      vertex -0.0903989 -0 0.0427555
    endloop
  endfacet
  facet normal -0.922929 -0.0453411 0.382291
    outer loop
      vertex -0.093701 -0.00922875 0.033689
      vertex -0.0899636 -0.00886064 0.0427555
      vertex -0.0903989 -0 0.0427555
    endloop
  endfacet
  facet normal -0.914041 -0.135578 0.382292
    outer loop
      vertex -0.093701 -0.00922875 0.033689
      vertex -0.0923453 -0.0183686 0.033689
      vertex -0.0899636 -0.00886064 0.0427555
    endloop
  endfacet
  facet normal -0.914038 -0.135585 0.382297
    outer loop
      vertex -0.0923453 -0.0183686 0.033689
      vertex -0.0886619 -0.017636 0.0427555
      vertex -0.0899636 -0.00886064 0.0427555
    endloop
  endfacet
  facet normal -0.896345 -0.224531 0.382296
    outer loop
      vertex -0.0923453 -0.0183686 0.033689
      vertex -0.0901001 -0.0273316 0.033689
      vertex -0.0886619 -0.017636 0.0427555
    endloop
  endfacet
  facet normal -0.896353 -0.22452 0.382286
    outer loop
      vertex -0.0901001 -0.0273316 0.033689
      vertex -0.0865064 -0.0262414 0.0427555
      vertex -0.0886619 -0.017636 0.0427555
    endloop
  endfacet
  facet normal -0.870028 -0.311301 0.382286
    outer loop
      vertex -0.0901001 -0.0273316 0.033689
      vertex -0.0869873 -0.0360313 0.033689
      vertex -0.0865064 -0.0262414 0.0427555
    endloop
  endfacet
  facet normal -0.870027 -0.311303 0.382288
    outer loop
      vertex -0.0869873 -0.0360313 0.033689
      vertex -0.0835177 -0.0345942 0.0427555
      vertex -0.0865064 -0.0262414 0.0427555
    endloop
  endfacet
  facet normal -0.835328 -0.395073 0.382288
    outer loop
      vertex -0.0869873 -0.0360313 0.033689
      vertex -0.0830368 -0.0443841 0.033689
      vertex -0.0835177 -0.0345942 0.0427555
    endloop
  endfacet
  facet normal -0.835322 -0.395079 0.382295
    outer loop
      vertex -0.0830368 -0.0443841 0.033689
      vertex -0.0797247 -0.0426138 0.0427555
      vertex -0.0835177 -0.0345942 0.0427555
    endloop
  endfacet
  facet normal -0.792573 -0.475056 0.382295
    outer loop
      vertex -0.0830368 -0.0443841 0.033689
      vertex -0.0782865 -0.0523094 0.033689
      vertex -0.0797247 -0.0426138 0.0427555
    endloop
  endfacet
  facet normal -0.792583 -0.475048 0.382284
    outer loop
      vertex -0.0782865 -0.0523094 0.033689
      vertex -0.075164 -0.050223 0.0427555
      vertex -0.0797247 -0.0426138 0.0427555
    endloop
  endfacet
  facet normal -0.742198 -0.550455 0.382285
    outer loop
      vertex -0.0782865 -0.0523094 0.033689
      vertex -0.0727823 -0.0597309 0.033689
      vertex -0.075164 -0.050223 0.0427555
    endloop
  endfacet
  facet normal -0.742195 -0.550457 0.382287
    outer loop
      vertex -0.0727823 -0.0597309 0.033689
      vertex -0.0698793 -0.0573485 0.0427555
      vertex -0.075164 -0.050223 0.0427555
    endloop
  endfacet
  facet normal -0.684673 -0.620549 0.382286
    outer loop
      vertex -0.0727823 -0.0597309 0.033689
      vertex -0.0665772 -0.0665772 0.033689
      vertex -0.0698793 -0.0573485 0.0427555
    endloop
  endfacet
  facet normal -0.684671 -0.620549 0.382288
    outer loop
      vertex -0.0665772 -0.0665772 0.033689
      vertex -0.0639217 -0.0639217 0.0427555
      vertex -0.0698793 -0.0573485 0.0427555
    endloop
  endfacet
  facet normal -0.620548 -0.684672 0.382288
    outer loop
      vertex -0.0665772 -0.0665772 0.033689
      vertex -0.0597309 -0.0727823 0.033689
      vertex -0.0639217 -0.0639217 0.0427555
    endloop
  endfacet
  facet normal -0.62055 -0.684671 0.382286
    outer loop
      vertex -0.0597309 -0.0727823 0.033689
      vertex -0.0573485 -0.0698793 0.0427555
      vertex -0.0639217 -0.0639217 0.0427555
    endloop
  endfacet
  facet normal -0.550455 -0.742197 0.382287
    outer loop
      vertex -0.0597309 -0.0727823 0.033689
      vertex -0.0523094 -0.0782865 0.033689
      vertex -0.0573485 -0.0698793 0.0427555
    endloop
  endfacet
  facet normal -0.550457 -0.742196 0.382284
    outer loop
      vertex -0.0523094 -0.0782865 0.033689
      vertex -0.050223 -0.075164 0.0427555
      vertex -0.0573485 -0.0698793 0.0427555
    endloop
  endfacet
  facet normal -0.475058 -0.792577 0.382285
    outer loop
      vertex -0.0523094 -0.0782865 0.033689
      vertex -0.0443841 -0.0830368 0.033689
      vertex -0.050223 -0.075164 0.0427555
    endloop
  endfacet
  facet normal -0.475046 -0.79258 0.382295
    outer loop
      vertex -0.0443841 -0.0830368 0.033689
      vertex -0.0426138 -0.0797247 0.0427555
      vertex -0.050223 -0.075164 0.0427555
    endloop
  endfacet
  facet normal -0.395072 -0.835326 0.382295
    outer loop
      vertex -0.0443841 -0.0830368 0.033689
      vertex -0.0360313 -0.0869873 0.033689
      vertex -0.0426138 -0.0797247 0.0427555
    endloop
  endfacet
  facet normal -0.39508 -0.835325 0.382288
    outer loop
      vertex -0.0360313 -0.0869873 0.033689
      vertex -0.0345942 -0.0835177 0.0427555
      vertex -0.0426138 -0.0797247 0.0427555
    endloop
  endfacet
  facet normal -0.311301 -0.870027 0.382288
    outer loop
      vertex -0.0360313 -0.0869873 0.033689
      vertex -0.0273316 -0.0901001 0.033689
      vertex -0.0345942 -0.0835177 0.0427555
    endloop
  endfacet
  facet normal -0.311303 -0.870027 0.382286
    outer loop
      vertex -0.0273316 -0.0901001 0.033689
      vertex -0.0262414 -0.0865064 0.0427555
      vertex -0.0345942 -0.0835177 0.0427555
    endloop
  endfacet
  facet normal -0.224532 -0.89635 0.382286
    outer loop
      vertex -0.0273316 -0.0901001 0.033689
      vertex -0.0183686 -0.0923453 0.033689
      vertex -0.0262414 -0.0865064 0.0427555
    endloop
  endfacet
  facet normal -0.224519 -0.896348 0.382297
    outer loop
      vertex -0.0183686 -0.0923453 0.033689
      vertex -0.017636 -0.0886619 0.0427555
      vertex -0.0262414 -0.0865064 0.0427555
    endloop
  endfacet
  facet normal -0.135578 -0.914039 0.382297
    outer loop
      vertex -0.0183686 -0.0923453 0.033689
      vertex -0.00922875 -0.093701 0.033689
      vertex -0.017636 -0.0886619 0.0427555
    endloop
  endfacet
  facet normal -0.135585 -0.91404 0.382291
    outer loop
      vertex -0.00922875 -0.093701 0.033689
      vertex -0.00886064 -0.0899636 0.0427555
      vertex -0.017636 -0.0886619 0.0427555
    endloop
  endfacet
  facet normal -0.0453426 -0.922929 0.382291
    outer loop
      vertex -0.00922875 -0.093701 0.033689
      vertex -0 -0.0941544 0.033689
      vertex -0.00886064 -0.0899636 0.0427555
    endloop
  endfacet
  facet normal -0.045341 -0.922928 0.382293
    outer loop
      vertex -0 -0.0941544 0.033689
      vertex -0 -0.0903989 0.0427555
      vertex -0.00886064 -0.0899636 0.0427555
    endloop
  endfacet
  facet normal 0.0453426 -0.922928 0.382293
    outer loop
      vertex -0 -0.0941544 0.033689
      vertex 0.00922875 -0.093701 0.033689
      vertex -0 -0.0903989 0.0427555
    endloop
  endfacet
  facet normal 0.0453411 -0.922929 0.382291
    outer loop
      vertex 0.00922875 -0.093701 0.033689
      vertex 0.00886064 -0.0899636 0.0427555
      vertex -0 -0.0903989 0.0427555
    endloop
  endfacet
  facet normal 0.135578 -0.914041 0.382292
    outer loop
      vertex 0.00922875 -0.093701 0.033689
      vertex 0.0183686 -0.0923453 0.033689
      vertex 0.00886064 -0.0899636 0.0427555
    endloop
  endfacet
  facet normal 0.135585 -0.914038 0.382297
    outer loop
      vertex 0.0183686 -0.0923453 0.033689
      vertex 0.017636 -0.0886619 0.0427555
      vertex 0.00886064 -0.0899636 0.0427555
    endloop
  endfacet
  facet normal 0.224531 -0.896345 0.382296
    outer loop
      vertex 0.0183686 -0.0923453 0.033689
      vertex 0.0273316 -0.0901001 0.033689
      vertex 0.017636 -0.0886619 0.0427555
    endloop
  endfacet
  facet normal 0.22452 -0.896353 0.382286
    outer loop
      vertex 0.0273316 -0.0901001 0.033689
      vertex 0.0262414 -0.0865064 0.0427555
      vertex 0.017636 -0.0886619 0.0427555
    endloop
  endfacet
  facet normal 0.311301 -0.870028 0.382286
    outer loop
      vertex 0.0273316 -0.0901001 0.033689
      vertex 0.0360313 -0.0869873 0.033689
      vertex 0.0262414 -0.0865064 0.0427555
    endloop
  endfacet
  facet normal 0.311303 -0.870027 0.382288
    outer loop
      vertex 0.0360313 -0.0869873 0.033689
      vertex 0.0345942 -0.0835177 0.0427555
      vertex 0.0262414 -0.0865064 0.0427555
    endloop
  endfacet
  facet normal 0.395073 -0.835328 0.382288
    outer loop
      vertex 0.0360313 -0.0869873 0.033689
      vertex 0.0443841 -0.0830368 0.033689
      vertex 0.0345942 -0.0835177 0.0427555
    endloop
  endfacet
  facet normal 0.395079 -0.835322 0.382295
    outer loop
      vertex 0.0443841 -0.0830368 0.033689
      vertex 0.0426138 -0.0797247 0.0427555
      vertex 0.0345942 -0.0835177 0.0427555
    endloop
  endfacet
  facet normal 0.475056 -0.792573 0.382295
    outer loop
      vertex 0.0443841 -0.0830368 0.033689
      vertex 0.0523094 -0.0782865 0.033689
      vertex 0.0426138 -0.0797247 0.0427555
    endloop
  endfacet
  facet normal 0.475048 -0.792583 0.382284
    outer loop
      vertex 0.0523094 -0.0782865 0.033689
      vertex 0.050223 -0.075164 0.0427555
      vertex 0.0426138 -0.0797247 0.0427555
    endloop
  endfacet
  facet normal 0.550455 -0.742198 0.382285
    outer loop
      vertex 0.0523094 -0.0782865 0.033689
      vertex 0.0597309 -0.0727823 0.033689
      vertex 0.050223 -0.075164 0.0427555
    endloop
  endfacet
  facet normal 0.550457 -0.742195 0.382287
    outer loop
      vertex 0.0597309 -0.0727823 0.033689
      vertex 0.0573485 -0.0698793 0.0427555
      vertex 0.050223 -0.075164 0.0427555
    endloop
  endfacet
  facet normal 0.620549 -0.684673 0.382286
    outer loop
      vertex 0.0597309 -0.0727823 0.033689
      vertex 0.0665772 -0.0665772 0.033689
      vertex 0.0573485 -0.0698793 0.0427555
    endloop
  endfacet
  facet normal 0.620549 -0.684671 0.382288
    outer loop
      vertex 0.0665772 -0.0665772 0.033689
      vertex 0.0639217 -0.0639217 0.0427555
      vertex 0.0573485 -0.0698793 0.0427555
    endloop
  endfacet
  facet normal 0.684672 -0.620548 0.382288
    outer loop
      vertex 0.0665772 -0.0665772 0.033689
      vertex 0.0727823 -0.0597309 0.033689
      vertex 0.0639217 -0.0639217 0.0427555
    endloop
  endfacet
  facet normal 0.684671 -0.62055 0.382286
    outer loop
      vertex 0.0727823 -0.0597309 0.033689
      vertex 0.0698793 -0.0573485 0.0427555
      vertex 0.0639217 -0.0639217 0.0427555
    endloop
  endfacet
  facet normal 0.742197 -0.550455 0.382287
    outer loop
      vertex 0.0727823 -0.0597309 0.033689
      vertex 0.0782865 -0.0523094 0.033689
      vertex 0.0698793 -0.0573485 0.0427555
    endloop
  endfacet
  facet normal 0.742196 -0.550457 0.382284
    outer loop
      vertex 0.0782865 -0.0523094 0.033689
      vertex 0.075164 -0.050223 0.0427555
      vertex 0.0698793 -0.0573485 0.0427555
    endloop
  endfacet
  facet normal 0.792577 -0.475058 0.382285
    outer loop
      vertex 0.0782865 -0.0523094 0.033689
      vertex 0.0830368 -0.0443841 0.033689
      vertex 0.075164 -0.050223 0.0427555
    endloop
  endfacet
  facet normal 0.79258 -0.475046 0.382295
    outer loop
      vertex 0.0830368 -0.0443841 0.033689
      vertex 0.0797247 -0.0426138 0.0427555
      vertex 0.075164 -0.050223 0.0427555
    endloop
  endfacet
  facet normal 0.835326 -0.395072 0.382295
    outer loop
      vertex 0.0830368 -0.0443841 0.033689
      vertex 0.0869873 -0.0360313 0.033689
      vertex 0.0797247 -0.0426138 0.0427555
    endloop
  endfacet
  facet normal 0.835325 -0.39508 0.382288
    outer loop
      vertex 0.0869873 -0.0360313 0.033689
      vertex 0.0835177 -0.0345942 0.0427555
      vertex 0.0797247 -0.0426138 0.0427555
    endloop
  endfacet
  facet normal 0.870027 -0.311301 0.382288
    outer loop
      vertex 0.0869873 -0.0360313 0.033689
      vertex 0.0901001 -0.0273316 0.033689
      vertex 0.0835177 -0.0345942 0.0427555
    endloop
  endfacet
  facet normal 0.870027 -0.311303 0.382286
    outer loop
      vertex 0.0901001 -0.0273316 0.033689
      vertex 0.0865064 -0.0262414 0.0427555
      vertex 0.0835177 -0.0345942 0.0427555
    endloop
  endfacet
  facet normal 0.89635 -0.224532 0.382286
    outer loop
      vertex 0.0901001 -0.0273316 0.033689
      vertex 0.0923453 -0.0183686 0.033689
      vertex 0.0865064 -0.0262414 0.0427555
    endloop
  endfacet
  facet normal 0.896348 -0.224519 0.382297
    outer loop
      vertex 0.0923453 -0.0183686 0.033689
      vertex 0.0886619 -0.017636 0.0427555
      vertex 0.0865064 -0.0262414 0.0427555
    endloop
  endfacet
  facet normal 0.914039 -0.135578 0.382297
    outer loop
      vertex 0.0923453 -0.0183686 0.033689
      vertex 0.093701 -0.00922875 0.033689
      vertex 0.0886619 -0.017636 0.0427555
    endloop
  endfacet
  facet normal 0.91404 -0.135585 0.382291
    outer loop
      vertex 0.093701 -0.00922875 0.033689
      vertex 0.0899636 -0.00886064 0.0427555
      vertex 0.0886619 -0.017636 0.0427555
    endloop
  endfacet
  facet normal 0.922929 -0.0453426 0.382291
    outer loop
      vertex 0.093701 -0.00922875 0.033689
      vertex 0.0941544 0 0.033689
      vertex 0.0899636 -0.00886064 0.0427555
    endloop
  endfacet
  facet normal 0.922928 -0.045341 0.382293
    outer loop
      vertex 0.0941544 0 0.033689
      vertex 0.0903989 0 0.0427555
      vertex 0.0899636 -0.00886064 0.0427555
    endloop
  endfacet
  facet normal 0.955885 0.04696 0.289962
    outer loop
      vertex 0.0970031 0 0.024298
      vertex 0.096536 0.00950797 0.024298
      vertex 0.0941544 0 0.033689
    endloop
  endfacet
  facet normal 0.955885 0.0469617 0.289963
    outer loop
      vertex 0.096536 0.00950797 0.024298
      vertex 0.093701 0.00922875 0.033689
      vertex 0.0941544 0 0.033689
    endloop
  endfacet
  facet normal 0.946679 0.140427 0.289963
    outer loop
      vertex 0.096536 0.00950797 0.024298
      vertex 0.0951392 0.0189244 0.024298
      vertex 0.093701 0.00922875 0.033689
    endloop
  endfacet
  facet normal 0.946682 0.14042 0.289956
    outer loop
      vertex 0.0951392 0.0189244 0.024298
      vertex 0.0923453 0.0183686 0.033689
      vertex 0.093701 0.00922875 0.033689
    endloop
  endfacet
  facet normal 0.928359 0.23254 0.289957
    outer loop
      vertex 0.0951392 0.0189244 0.024298
      vertex 0.0928262 0.0281585 0.024298
      vertex 0.0923453 0.0183686 0.033689
    endloop
  endfacet
  facet normal 0.928353 0.232549 0.289967
    outer loop
      vertex 0.0928262 0.0281585 0.024298
      vertex 0.0901001 0.0273316 0.033689
      vertex 0.0923453 0.0183686 0.033689
    endloop
  endfacet
  facet normal 0.901093 0.322415 0.289966
    outer loop
      vertex 0.0928262 0.0281585 0.024298
      vertex 0.0896192 0.0371215 0.024298
      vertex 0.0901001 0.0273316 0.033689
    endloop
  endfacet
  facet normal 0.901092 0.322416 0.289967
    outer loop
      vertex 0.0896192 0.0371215 0.024298
      vertex 0.0869873 0.0360313 0.033689
      vertex 0.0901001 0.0273316 0.033689
    endloop
  endfacet
  facet normal 0.865151 0.409186 0.289967
    outer loop
      vertex 0.0896192 0.0371215 0.024298
      vertex 0.0855491 0.045727 0.024298
      vertex 0.0869873 0.0360313 0.033689
    endloop
  endfacet
  facet normal 0.865156 0.40918 0.28996
    outer loop
      vertex 0.0855491 0.045727 0.024298
      vertex 0.0830368 0.0443841 0.033689
      vertex 0.0869873 0.0360313 0.033689
    endloop
  endfacet
  facet normal 0.82088 0.492015 0.289961
    outer loop
      vertex 0.0855491 0.045727 0.024298
      vertex 0.0806552 0.053892 0.024298
      vertex 0.0830368 0.0443841 0.033689
    endloop
  endfacet
  facet normal 0.820875 0.49202 0.289967
    outer loop
      vertex 0.0806552 0.053892 0.024298
      vertex 0.0782865 0.0523094 0.033689
      vertex 0.0830368 0.0443841 0.033689
    endloop
  endfacet
  facet normal 0.768696 0.570111 0.289966
    outer loop
      vertex 0.0806552 0.053892 0.024298
      vertex 0.0749844 0.0615381 0.024298
      vertex 0.0782865 0.0523094 0.033689
    endloop
  endfacet
  facet normal 0.768698 0.570109 0.289964
    outer loop
      vertex 0.0749844 0.0615381 0.024298
      vertex 0.0727823 0.0597309 0.033689
      vertex 0.0782865 0.0523094 0.033689
    endloop
  endfacet
  facet normal 0.709124 0.642701 0.289964
    outer loop
      vertex 0.0749844 0.0615381 0.024298
      vertex 0.0685916 0.0685916 0.024298
      vertex 0.0727823 0.0597309 0.033689
    endloop
  endfacet
  facet normal 0.709118 0.642704 0.28997
    outer loop
      vertex 0.0685916 0.0685916 0.024298
      vertex 0.0665772 0.0665772 0.033689
      vertex 0.0727823 0.0597309 0.033689
    endloop
  endfacet
  facet normal 0.642699 0.709123 0.28997
    outer loop
      vertex 0.0685916 0.0685916 0.024298
      vertex 0.0615381 0.0749844 0.024298
      vertex 0.0665772 0.0665772 0.033689
    endloop
  endfacet
  facet normal 0.642706 0.709119 0.289964
    outer loop
      vertex 0.0615381 0.0749844 0.024298
      vertex 0.0597309 0.0727823 0.033689
      vertex 0.0665772 0.0665772 0.033689
    endloop
  endfacet
  facet normal 0.570111 0.768697 0.289964
    outer loop
      vertex 0.0615381 0.0749844 0.024298
      vertex 0.053892 0.0806552 0.024298
      vertex 0.0597309 0.0727823 0.033689
    endloop
  endfacet
  facet normal 0.570109 0.768697 0.289966
    outer loop
      vertex 0.053892 0.0806552 0.024298
      vertex 0.0523094 0.0782865 0.033689
      vertex 0.0597309 0.0727823 0.033689
    endloop
  endfacet
  facet normal 0.492014 0.820878 0.289967
    outer loop
      vertex 0.053892 0.0806552 0.024298
      vertex 0.045727 0.0855491 0.024298
      vertex 0.0523094 0.0782865 0.033689
    endloop
  endfacet
  facet normal 0.492021 0.820877 0.289961
    outer loop
      vertex 0.045727 0.0855491 0.024298
      vertex 0.0443841 0.0830368 0.033689
      vertex 0.0523094 0.0782865 0.033689
    endloop
  endfacet
  facet normal 0.409187 0.865153 0.289961
    outer loop
      vertex 0.045727 0.0855491 0.024298
      vertex 0.0371215 0.0896192 0.024298
      vertex 0.0443841 0.0830368 0.033689
    endloop
  endfacet
  facet normal 0.409179 0.865154 0.289968
    outer loop
      vertex 0.0371215 0.0896192 0.024298
      vertex 0.0360313 0.0869873 0.033689
      vertex 0.0443841 0.0830368 0.033689
    endloop
  endfacet
  facet normal 0.322415 0.901093 0.289967
    outer loop
      vertex 0.0371215 0.0896192 0.024298
      vertex 0.0281585 0.0928262 0.024298
      vertex 0.0360313 0.0869873 0.033689
    endloop
  endfacet
  facet normal 0.322416 0.901092 0.289966
    outer loop
      vertex 0.0281585 0.0928262 0.024298
      vertex 0.0273316 0.0901001 0.033689
      vertex 0.0360313 0.0869873 0.033689
    endloop
  endfacet
  facet normal 0.232539 0.928356 0.289967
    outer loop
      vertex 0.0281585 0.0928262 0.024298
      vertex 0.0189244 0.0951392 0.024298
      vertex 0.0273316 0.0901001 0.033689
    endloop
  endfacet
  facet normal 0.23255 0.928356 0.289957
    outer loop
      vertex 0.0189244 0.0951392 0.024298
      vertex 0.0183686 0.0923453 0.033689
      vertex 0.0273316 0.0901001 0.033689
    endloop
  endfacet
  facet normal 0.140427 0.946681 0.289957
    outer loop
      vertex 0.0189244 0.0951392 0.024298
      vertex 0.00950797 0.096536 0.024298
      vertex 0.0183686 0.0923453 0.033689
    endloop
  endfacet
  facet normal 0.14042 0.94668 0.289963
    outer loop
      vertex 0.00950797 0.096536 0.024298
      vertex 0.00922875 0.093701 0.033689
      vertex 0.0183686 0.0923453 0.033689
    endloop
  endfacet
  facet normal 0.04696 0.955885 0.289963
    outer loop
      vertex 0.00950797 0.096536 0.024298
      vertex 0 0.0970031 0.024298
      vertex 0.00922875 0.093701 0.033689
    endloop
  endfacet
  facet normal 0.0469618 0.955885 0.289962
    outer loop
      vertex 0 0.0970031 0.024298
      vertex 0 0.0941544 0.033689
      vertex 0.00922875 0.093701 0.033689
    endloop
  endfacet
  facet normal -0.04696 0.955885 0.289962
    outer loop
      vertex 0 0.0970031 0.024298
      vertex -0.00950797 0.096536 0.024298
      vertex 0 0.0941544 0.033689
    endloop
  endfacet
  facet normal -0.0469617 0.955885 0.289963
    outer loop
      vertex -0.00950797 0.096536 0.024298
      vertex -0.00922875 0.093701 0.033689
      vertex 0 0.0941544 0.033689
    endloop
  endfacet
  facet normal -0.140427 0.946679 0.289963
    outer loop
      vertex -0.00950797 0.096536 0.024298
      vertex -0.0189244 0.0951392 0.024298
      vertex -0.00922875 0.093701 0.033689
    endloop
  endfacet
  facet normal -0.14042 0.946682 0.289956
    outer loop
      vertex -0.0189244 0.0951392 0.024298
      vertex -0.0183686 0.0923453 0.033689
      vertex -0.00922875 0.093701 0.033689
    endloop
  endfacet
  facet normal -0.23254 0.928359 0.289957
    outer loop
      vertex -0.0189244 0.0951392 0.024298
      vertex -0.0281585 0.0928262 0.024298
      vertex -0.0183686 0.0923453 0.033689
    endloop
  endfacet
  facet normal -0.232549 0.928353 0.289967
    outer loop
      vertex -0.0281585 0.0928262 0.024298
      vertex -0.0273316 0.0901001 0.033689
      vertex -0.0183686 0.0923453 0.033689
    endloop
  endfacet
  facet normal -0.322415 0.901093 0.289966
    outer loop
      vertex -0.0281585 0.0928262 0.024298
      vertex -0.0371215 0.0896192 0.024298
      vertex -0.0273316 0.0901001 0.033689
    endloop
  endfacet
  facet normal -0.322416 0.901092 0.289967
    outer loop
      vertex -0.0371215 0.0896192 0.024298
      vertex -0.0360313 0.0869873 0.033689
      vertex -0.0273316 0.0901001 0.033689
    endloop
  endfacet
  facet normal -0.409186 0.865151 0.289967
    outer loop
      vertex -0.0371215 0.0896192 0.024298
      vertex -0.045727 0.0855491 0.024298
      vertex -0.0360313 0.0869873 0.033689
    endloop
  endfacet
  facet normal -0.40918 0.865156 0.28996
    outer loop
      vertex -0.045727 0.0855491 0.024298
      vertex -0.0443841 0.0830368 0.033689
      vertex -0.0360313 0.0869873 0.033689
    endloop
  endfacet
  facet normal -0.492015 0.82088 0.289961
    outer loop
      vertex -0.045727 0.0855491 0.024298
      vertex -0.053892 0.0806552 0.024298
      vertex -0.0443841 0.0830368 0.033689
    endloop
  endfacet
  facet normal -0.49202 0.820875 0.289967
    outer loop
      vertex -0.053892 0.0806552 0.024298
      vertex -0.0523094 0.0782865 0.033689
      vertex -0.0443841 0.0830368 0.033689
    endloop
  endfacet
  facet normal -0.570111 0.768696 0.289966
    outer loop
      vertex -0.053892 0.0806552 0.024298
      vertex -0.0615381 0.0749844 0.024298
      vertex -0.0523094 0.0782865 0.033689
    endloop
  endfacet
  facet normal -0.570109 0.768698 0.289964
    outer loop
      vertex -0.0615381 0.0749844 0.024298
      vertex -0.0597309 0.0727823 0.033689
      vertex -0.0523094 0.0782865 0.033689
    endloop
  endfacet
  facet normal -0.642701 0.709124 0.289964
    outer loop
      vertex -0.0615381 0.0749844 0.024298
      vertex -0.0685916 0.0685916 0.024298
      vertex -0.0597309 0.0727823 0.033689
    endloop
  endfacet
  facet normal -0.642704 0.709118 0.28997
    outer loop
      vertex -0.0685916 0.0685916 0.024298
      vertex -0.0665772 0.0665772 0.033689
      vertex -0.0597309 0.0727823 0.033689
    endloop
  endfacet
  facet normal -0.709123 0.642699 0.28997
    outer loop
      vertex -0.0685916 0.0685916 0.024298
      vertex -0.0749844 0.0615381 0.024298
      vertex -0.0665772 0.0665772 0.033689
    endloop
  endfacet
  facet normal -0.709119 0.642706 0.289964
    outer loop
      vertex -0.0749844 0.0615381 0.024298
      vertex -0.0727823 0.0597309 0.033689
      vertex -0.0665772 0.0665772 0.033689
    endloop
  endfacet
  facet normal -0.768697 0.570111 0.289964
    outer loop
      vertex -0.0749844 0.0615381 0.024298
      vertex -0.0806552 0.053892 0.024298
      vertex -0.0727823 0.0597309 0.033689
    endloop
  endfacet
  facet normal -0.768697 0.570109 0.289966
    outer loop
      vertex -0.0806552 0.053892 0.024298
      vertex -0.0782865 0.0523094 0.033689
      vertex -0.0727823 0.0597309 0.033689
    endloop
  endfacet
  facet normal -0.820878 0.492014 0.289967
    outer loop
      vertex -0.0806552 0.053892 0.024298
      vertex -0.0855491 0.045727 0.024298
      vertex -0.0782865 0.0523094 0.033689
    endloop
  endfacet
  facet normal -0.820877 0.492021 0.289961
    outer loop
      vertex -0.0855491 0.045727 0.024298
      vertex -0.0830368 0.0443841 0.033689
      vertex -0.0782865 0.0523094 0.033689
    endloop
  endfacet
  facet normal -0.865153 0.409187 0.289961
    outer loop
      vertex -0.0855491 0.045727 0.024298
      vertex -0.0896192 0.0371215 0.024298
      vertex -0.0830368 0.0443841 0.033689
    endloop
  endfacet
  facet normal -0.865154 0.409179 0.289968
    outer loop
      vertex -0.0896192 0.0371215 0.024298
      vertex -0.0869873 0.0360313 0.033689
      vertex -0.0830368 0.0443841 0.033689
    endloop
  endfacet
  facet normal -0.901093 0.322415 0.289967
    outer loop
      vertex -0.0896192 0.0371215 0.024298
      vertex -0.0928262 0.0281585 0.024298
      vertex -0.0869873 0.0360313 0.033689
    endloop
  endfacet
  facet normal -0.901092 0.322416 0.289966
    outer loop
      vertex -0.0928262 0.0281585 0.024298
      vertex -0.0901001 0.0273316 0.033689
      vertex -0.0869873 0.0360313 0.033689
    endloop
  endfacet
  facet normal -0.928356 0.232539 0.289967
    outer loop
      vertex -0.0928262 0.0281585 0.024298
      vertex -0.0951392 0.0189244 0.024298
      vertex -0.0901001 0.0273316 0.033689
    endloop
  endfacet
  facet normal -0.928356 0.23255 0.289957
    outer loop
      vertex -0.0951392 0.0189244 0.024298
      vertex -0.0923453 0.0183686 0.033689
      vertex -0.0901001 0.0273316 0.033689
    endloop
  endfacet
  facet normal -0.946681 0.140427 0.289957
    outer loop
      vertex -0.0951392 0.0189244 0.024298
      vertex -0.096536 0.00950797 0.024298
      vertex -0.0923453 0.0183686 0.033689
    endloop
  endfacet
  facet normal -0.94668 0.14042 0.289963
    outer loop
      vertex -0.096536 0.00950797 0.024298
      vertex -0.093701 0.00922875 0.033689
      vertex -0.0923453 0.0183686 0.033689
    endloop
  endfacet
  facet normal -0.955885 0.04696 0.289963
    outer loop
      vertex -0.096536 0.00950797 0.024298
      vertex -0.0970031 -0 0.024298
      vertex -0.093701 0.00922875 0.033689
    endloop
  endfacet
  facet normal -0.955885 0.0469618 0.289962
    outer loop
      vertex -0.0970031 -0 0.024298
      vertex -0.0941544 -0 0.033689
      vertex -0.093701 0.00922875 0.033689
    endloop
  endfacet
  facet normal -0.955885 -0.04696 0.289962
    outer loop
      vertex -0.0970031 -0 0.024298
      vertex -0.096536 -0.00950797 0.024298
      vertex -0.0941544 -0 0.033689
    endloop
  endfacet
  facet normal -0.955885 -0.0469617 0.289963
    outer loop
      vertex -0.096536 -0.00950797 0.024298
      vertex -0.093701 -0.00922875 0.033689
      vertex -0.0941544 -0 0.033689
    endloop
  endfacet
  facet normal -0.946679 -0.140427 0.289963
    outer loop
      vertex -0.096536 -0.00950797 0.024298
      vertex -0.0951392 -0.0189244 0.024298
      vertex -0.093701 -0.00922875 0.033689
    endloop
  endfacet
  facet normal -0.946682 -0.14042 0.289956
    outer loop
      vertex -0.0951392 -0.0189244 0.024298
      vertex -0.0923453 -0.0183686 0.033689
      vertex -0.093701 -0.00922875 0.033689
    endloop
  endfacet
  facet normal -0.928359 -0.23254 0.289957
    outer loop
      vertex -0.0951392 -0.0189244 0.024298
      vertex -0.0928262 -0.0281585 0.024298
      vertex -0.0923453 -0.0183686 0.033689
    endloop
  endfacet
  facet normal -0.928353 -0.232549 0.289967
    outer loop
      vertex -0.0928262 -0.0281585 0.024298
      vertex -0.0901001 -0.0273316 0.033689
      vertex -0.0923453 -0.0183686 0.033689
    endloop
  endfacet
  facet normal -0.901093 -0.322415 0.289966
    outer loop
      vertex -0.0928262 -0.0281585 0.024298
      vertex -0.0896192 -0.0371215 0.024298
      vertex -0.0901001 -0.0273316 0.033689
    endloop
  endfacet
  facet normal -0.901092 -0.322416 0.289967
    outer loop
      vertex -0.0896192 -0.0371215 0.024298
      vertex -0.0869873 -0.0360313 0.033689
      vertex -0.0901001 -0.0273316 0.033689
    endloop
  endfacet
  facet normal -0.865151 -0.409186 0.289967
    outer loop
      vertex -0.0896192 -0.0371215 0.024298
      vertex -0.0855491 -0.045727 0.024298
      vertex -0.0869873 -0.0360313 0.033689
    endloop
  endfacet
  facet normal -0.865156 -0.40918 0.28996
    outer loop
      vertex -0.0855491 -0.045727 0.024298
      vertex -0.0830368 -0.0443841 0.033689
      vertex -0.0869873 -0.0360313 0.033689
    endloop
  endfacet
  facet normal -0.82088 -0.492015 0.289961
    outer loop
      vertex -0.0855491 -0.045727 0.024298
      vertex -0.0806552 -0.053892 0.024298
      vertex -0.0830368 -0.0443841 0.033689
    endloop
  endfacet
  facet normal -0.820875 -0.49202 0.289967
    outer loop
      vertex -0.0806552 -0.053892 0.024298
      vertex -0.0782865 -0.0523094 0.033689
      vertex -0.0830368 -0.0443841 0.033689
    endloop
  endfacet
  facet normal -0.768696 -0.570111 0.289966
    outer loop
      vertex -0.0806552 -0.053892 0.024298
      vertex -0.0749844 -0.0615381 0.024298
      vertex -0.0782865 -0.0523094 0.033689
    endloop
  endfacet
  facet normal -0.768698 -0.570109 0.289964
    outer loop
      vertex -0.0749844 -0.0615381 0.024298
      vertex -0.0727823 -0.0597309 0.033689
      vertex -0.0782865 -0.0523094 0.033689
    endloop
  endfacet
  facet normal -0.709124 -0.642701 0.289964
    outer loop
      vertex -0.0749844 -0.0615381 0.024298
      vertex -0.0685916 -0.0685916 0.024298
      vertex -0.0727823 -0.0597309 0.033689
    endloop
  endfacet
  facet normal -0.709118 -0.642704 0.28997
    outer loop
      vertex -0.0685916 -0.0685916 0.024298
      vertex -0.0665772 -0.0665772 0.033689
      vertex -0.0727823 -0.0597309 0.033689
    endloop
  endfacet
  facet normal -0.642699 -0.709123 0.28997
    outer loop
      vertex -0.0685916 -0.0685916 0.024298
      vertex -0.0615381 -0.0749844 0.024298
      vertex -0.0665772 -0.0665772 0.033689
    endloop
  endfacet
  facet normal -0.642706 -0.709119 0.289964
    outer loop
      vertex -0.0615381 -0.0749844 0.024298
      vertex -0.0597309 -0.0727823 0.033689
      vertex -0.0665772 -0.0665772 0.033689
    endloop
  endfacet
  facet normal -0.570111 -0.768697 0.289964
    outer loop
      vertex -0.0615381 -0.0749844 0.024298
      vertex -0.053892 -0.0806552 0.024298
      vertex -0.0597309 -0.0727823 0.033689
    endloop
  endfacet
  facet normal -0.570109 -0.768697 0.289966
    outer loop
      vertex -0.053892 -0.0806552 0.024298
      vertex -0.0523094 -0.0782865 0.033689
      vertex -0.0597309 -0.0727823 0.033689
    endloop
  endfacet
  facet normal -0.492014 -0.820878 0.289967
    outer loop
      vertex -0.053892 -0.0806552 0.024298
      vertex -0.045727 -0.0855491 0.024298
      vertex -0.0523094 -0.0782865 0.033689
    endloop
  endfacet
  facet normal -0.492021 -0.820877 0.289961
    outer loop
      vertex -0.045727 -0.0855491 0.024298
      vertex -0.0443841 -0.0830368 0.033689
      vertex -0.0523094 -0.0782865 0.033689
    endloop
  endfacet
  facet normal -0.409187 -0.865153 0.289961
    outer loop
      vertex -0.045727 -0.0855491 0.024298
      vertex -0.0371215 -0.0896192 0.024298
      vertex -0.0443841 -0.0830368 0.033689
    endloop
  endfacet
  facet normal -0.409179 -0.865154 0.289968
    outer loop
      vertex -0.0371215 -0.0896192 0.024298
      vertex -0.0360313 -0.0869873 0.033689
      vertex -0.0443841 -0.0830368 0.033689
    endloop
  endfacet
  facet normal -0.322415 -0.901093 0.289967
    outer loop
      vertex -0.0371215 -0.0896192 0.024298
      vertex -0.0281585 -0.0928262 0.024298
      vertex -0.0360313 -0.0869873 0.033689
    endloop
  endfacet
  facet normal -0.322416 -0.901092 0.289966
    outer loop
      vertex -0.0281585 -0.0928262 0.024298
      vertex -0.0273316 -0.0901001 0.033689
      vertex -0.0360313 -0.0869873 0.033689
    endloop
  endfacet
  facet normal -0.232539 -0.928356 0.289967
    outer loop
      vertex -0.0281585 -0.0928262 0.024298
      vertex -0.0189244 -0.0951392 0.024298
      vertex -0.0273316 -0.0901001 0.033689
    endloop
  endfacet
  facet normal -0.23255 -0.928356 0.289957
    outer loop
      vertex -0.0189244 -0.0951392 0.024298
      vertex -0.0183686 -0.0923453 0.033689
      vertex -0.0273316 -0.0901001 0.033689
    endloop
  endfacet
  facet normal -0.140427 -0.946681 0.289957
    outer loop
      vertex -0.0189244 -0.0951392 0.024298
      vertex -0.00950797 -0.096536 0.024298
      vertex -0.0183686 -0.0923453 0.033689
    endloop
  endfacet
  facet normal -0.14042 -0.94668 0.289963
    outer loop
      vertex -0.00950797 -0.096536 0.024298
      vertex -0.00922875 -0.093701 0.033689
      vertex -0.0183686 -0.0923453 0.033689
    endloop
  endfacet
  facet normal -0.04696 -0.955885 0.289963
    outer loop
      vertex -0.00950797 -0.096536 0.024298
      vertex -0 -0.0970031 0.024298
      vertex -0.00922875 -0.093701 0.033689
    endloop
  endfacet
  facet normal -0.0469618 -0.955885 0.289962
    outer loop
      vertex -0 -0.0970031 0.024298
      vertex -0 -0.0941544 0.033689
      vertex -0.00922875 -0.093701 0.033689
    endloop
  endfacet
  facet normal 0.04696 -0.955885 0.289962
    outer loop
      vertex -0 -0.0970031 0.024298
      vertex 0.00950797 -0.096536 0.024298
      vertex -0 -0.0941544 0.033689
    endloop
  endfacet
  facet normal 0.0469617 -0.955885 0.289963
    outer loop
      vertex 0.00950797 -0.096536 0.024298
      vertex 0.00922875 -0.093701 0.033689
      vertex -0 -0.0941544 0.033689
    endloop
  endfacet
  facet normal 0.140427 -0.946679 0.289963
    outer loop
      vertex 0.00950797 -0.096536 0.024298
      vertex 0.0189244 -0.0951392 0.024298
      vertex 0.00922875 -0.093701 0.033689
    endloop
  endfacet
  facet normal 0.14042 -0.946682 0.289956
    outer loop
      vertex 0.0189244 -0.0951392 0.024298
      vertex 0.0183686 -0.0923453 0.033689
      vertex 0.00922875 -0.093701 0.033689
    endloop
  endfacet
  facet normal 0.23254 -0.928359 0.289957
    outer loop
      vertex 0.0189244 -0.0951392 0.024298
      vertex 0.0281585 -0.0928262 0.024298
      vertex 0.0183686 -0.0923453 0.033689
    endloop
  endfacet
  facet normal 0.232549 -0.928353 0.289967
    outer loop
      vertex 0.0281585 -0.0928262 0.024298
      vertex 0.0273316 -0.0901001 0.033689
      vertex 0.0183686 -0.0923453 0.033689
    endloop
  endfacet
  facet normal 0.322415 -0.901093 0.289966
    outer loop
      vertex 0.0281585 -0.0928262 0.024298
      vertex 0.0371215 -0.0896192 0.024298
      vertex 0.0273316 -0.0901001 0.033689
    endloop
  endfacet
  facet normal 0.322416 -0.901092 0.289967
    outer loop
      vertex 0.0371215 -0.0896192 0.024298
      vertex 0.0360313 -0.0869873 0.033689
      vertex 0.0273316 -0.0901001 0.033689
    endloop
  endfacet
  facet normal 0.409186 -0.865151 0.289967
    outer loop
      vertex 0.0371215 -0.0896192 0.024298
      vertex 0.045727 -0.0855491 0.024298
      vertex 0.0360313 -0.0869873 0.033689
    endloop
  endfacet
  facet normal 0.40918 -0.865156 0.28996
    outer loop
      vertex 0.045727 -0.0855491 0.024298
      vertex 0.0443841 -0.0830368 0.033689
      vertex 0.0360313 -0.0869873 0.033689
    endloop
  endfacet
  facet normal 0.492015 -0.82088 0.289961
    outer loop
      vertex 0.045727 -0.0855491 0.024298
      vertex 0.053892 -0.0806552 0.024298
      vertex 0.0443841 -0.0830368 0.033689
    endloop
  endfacet
  facet normal 0.49202 -0.820875 0.289967
    outer loop
      vertex 0.053892 -0.0806552 0.024298
      vertex 0.0523094 -0.0782865 0.033689
      vertex 0.0443841 -0.0830368 0.033689
    endloop
  endfacet
  facet normal 0.570111 -0.768696 0.289966
    outer loop
      vertex 0.053892 -0.0806552 0.024298
      vertex 0.0615381 -0.0749844 0.024298
      vertex 0.0523094 -0.0782865 0.033689
    endloop
  endfacet
  facet normal 0.570109 -0.768698 0.289964
    outer loop
      vertex 0.0615381 -0.0749844 0.024298
      vertex 0.0597309 -0.0727823 0.033689
      vertex 0.0523094 -0.0782865 0.033689
    endloop
  endfacet
  facet normal 0.642701 -0.709124 0.289964
    outer loop
      vertex 0.0615381 -0.0749844 0.024298
      vertex 0.0685916 -0.0685916 0.024298
      vertex 0.0597309 -0.0727823 0.033689
    endloop
  endfacet
  facet normal 0.642704 -0.709118 0.28997
    outer loop
      vertex 0.0685916 -0.0685916 0.024298
      vertex 0.0665772 -0.0665772 0.033689
      vertex 0.0597309 -0.0727823 0.033689
    endloop
  endfacet
  facet normal 0.709123 -0.642699 0.28997
    outer loop
      vertex 0.0685916 -0.0685916 0.024298
      vertex 0.0749844 -0.0615381 0.024298
      vertex 0.0665772 -0.0665772 0.033689
    endloop
  endfacet
  facet normal 0.709119 -0.642706 0.289964
    outer loop
      vertex 0.0749844 -0.0615381 0.024298
      vertex 0.0727823 -0.0597309 0.033689
      vertex 0.0665772 -0.0665772 0.033689
    endloop
  endfacet
  facet normal 0.768697 -0.570111 0.289964
    outer loop
      vertex 0.0749844 -0.0615381 0.024298
      vertex 0.0806552 -0.053892 0.024298
      vertex 0.0727823 -0.0597309 0.033689
    endloop
  endfacet
  facet normal 0.768697 -0.570109 0.289966
    outer loop
      vertex 0.0806552 -0.053892 0.024298
      vertex 0.0782865 -0.0523094 0.033689
      vertex 0.0727823 -0.0597309 0.033689
    endloop
  endfacet
  facet normal 0.820878 -0.492014 0.289967
    outer loop
      vertex 0.0806552 -0.053892 0.024298
      vertex 0.0855491 -0.045727 0.024298
      vertex 0.0782865 -0.0523094 0.033689
    endloop
  endfacet
  facet normal 0.820877 -0.492021 0.289961
    outer loop
      vertex 0.0855491 -0.045727 0.024298
      vertex 0.0830368 -0.0443841 0.033689
      vertex 0.0782865 -0.0523094 0.033689
    endloop
  endfacet
  facet normal 0.865153 -0.409187 0.289961
    outer loop
      vertex 0.0855491 -0.045727 0.024298
      vertex 0.0896192 -0.0371215 0.024298
      vertex 0.0830368 -0.0443841 0.033689
    endloop
  endfacet
  facet normal 0.865154 -0.409179 0.289968
    outer loop
      vertex 0.0896192 -0.0371215 0.024298
      vertex 0.0869873 -0.0360313 0.033689
      vertex 0.0830368 -0.0443841 0.033689
    endloop
  endfacet
  facet normal 0.901093 -0.322415 0.289967
    outer loop
      vertex 0.0896192 -0.0371215 0.024298
      vertex 0.0928262 -0.0281585 0.024298
      vertex 0.0869873 -0.0360313 0.033689
    endloop
  endfacet
  facet normal 0.901092 -0.322416 0.289966
    outer loop
      vertex 0.0928262 -0.0281585 0.024298
      vertex 0.0901001 -0.0273316 0.033689
      vertex 0.0869873 -0.0360313 0.033689
    endloop
  endfacet
  facet normal 0.928356 -0.232539 0.289967
    outer loop
      vertex 0.0928262 -0.0281585 0.024298
      vertex 0.0951392 -0.0189244 0.024298
      vertex 0.0901001 -0.0273316 0.033689
    endloop
  endfacet
  facet normal 0.928356 -0.23255 0.289957
    outer loop
      vertex 0.0951392 -0.0189244 0.024298
      vertex 0.0923453 -0.0183686 0.033689
      vertex 0.0901001 -0.0273316 0.033689
    endloop
  endfacet
  facet normal 0.946681 -0.140427 0.289957
    outer loop
      vertex 0.0951392 -0.0189244 0.024298
      vertex 0.096536 -0.00950797 0.024298
      vertex 0.0923453 -0.0183686 0.033689
    endloop
  endfacet
  facet normal 0.94668 -0.14042 0.289963
    outer loop
      vertex 0.096536 -0.00950797 0.024298
      vertex 0.093701 -0.00922875 0.033689
      vertex 0.0923453 -0.0183686 0.033689
    endloop
  endfacet
  facet normal 0.955885 -0.04696 0.289963
    outer loop
      vertex 0.096536 -0.00950797 0.024298
      vertex 0.0970031 0 0.024298
      vertex 0.093701 -0.00922875 0.033689
    endloop
  endfacet
  facet normal 0.955885 -0.0469618 0.289962
    outer loop
      vertex 0.0970031 0 0.024298
      vertex 0.0941544 0 0.033689
      vertex 0.093701 -0.00922875 0.033689
    endloop
  endfacet
  facet normal 0.979649 0.0481255 0.194861
    outer loop
      vertex 0.0989176 0 0.014673
      vertex 0.0984413 0.00969562 0.014673
      vertex 0.0970031 0 0.024298
    endloop
  endfacet
  facet normal 0.979649 0.0481274 0.194863
    outer loop
      vertex 0.0984413 0.00969562 0.014673
      vertex 0.096536 0.00950797 0.024298
      vertex 0.0970031 0 0.024298
    endloop
  endfacet
  facet normal 0.970215 0.143911 0.194863
    outer loop
      vertex 0.0984413 0.00969562 0.014673
      vertex 0.097017 0.0192979 0.014673
      vertex 0.096536 0.00950797 0.024298
    endloop
  endfacet
  facet normal 0.970213 0.143918 0.19487
    outer loop
      vertex 0.097017 0.0192979 0.014673
      vertex 0.0951392 0.0189244 0.024298
      vertex 0.096536 0.00950797 0.024298
    endloop
  endfacet
  facet normal 0.951435 0.238323 0.194869
    outer loop
      vertex 0.097017 0.0192979 0.014673
      vertex 0.0946583 0.0287143 0.014673
      vertex 0.0951392 0.0189244 0.024298
    endloop
  endfacet
  facet normal 0.951436 0.23832 0.194866
    outer loop
      vertex 0.0946583 0.0287143 0.014673
      vertex 0.0928262 0.0281585 0.024298
      vertex 0.0951392 0.0189244 0.024298
    endloop
  endfacet
  facet normal 0.923494 0.330434 0.194866
    outer loop
      vertex 0.0946583 0.0287143 0.014673
      vertex 0.091388 0.0378541 0.014673
      vertex 0.0928262 0.0281585 0.024298
    endloop
  endfacet
  facet normal 0.923496 0.330431 0.194863
    outer loop
      vertex 0.091388 0.0378541 0.014673
      vertex 0.0896192 0.0371215 0.024298
      vertex 0.0928262 0.0281585 0.024298
    endloop
  endfacet
  facet normal 0.886663 0.419355 0.194862
    outer loop
      vertex 0.091388 0.0378541 0.014673
      vertex 0.0872376 0.0466295 0.014673
      vertex 0.0896192 0.0371215 0.024298
    endloop
  endfacet
  facet normal 0.886659 0.419359 0.194867
    outer loop
      vertex 0.0872376 0.0466295 0.014673
      vertex 0.0855491 0.045727 0.024298
      vertex 0.0896192 0.0371215 0.024298
    endloop
  endfacet
  facet normal 0.841283 0.504252 0.194867
    outer loop
      vertex 0.0872376 0.0466295 0.014673
      vertex 0.082247 0.0549557 0.014673
      vertex 0.0855491 0.045727 0.024298
    endloop
  endfacet
  facet normal 0.841287 0.504247 0.19486
    outer loop
      vertex 0.082247 0.0549557 0.014673
      vertex 0.0806552 0.053892 0.024298
      vertex 0.0855491 0.045727 0.024298
    endloop
  endfacet
  facet normal 0.787813 0.584277 0.194861
    outer loop
      vertex 0.082247 0.0549557 0.014673
      vertex 0.0764644 0.0627527 0.014673
      vertex 0.0806552 0.053892 0.024298
    endloop
  endfacet
  facet normal 0.787806 0.584284 0.19487
    outer loop
      vertex 0.0764644 0.0627527 0.014673
      vertex 0.0749844 0.0615381 0.024298
      vertex 0.0806552 0.053892 0.024298
    endloop
  endfacet
  facet normal 0.726741 0.658691 0.19487
    outer loop
      vertex 0.0764644 0.0627527 0.014673
      vertex 0.0699453 0.0699453 0.014673
      vertex 0.0749844 0.0615381 0.024298
    endloop
  endfacet
  facet normal 0.726755 0.65868 0.194853
    outer loop
      vertex 0.0699453 0.0699453 0.014673
      vertex 0.0685916 0.0685916 0.024298
      vertex 0.0749844 0.0615381 0.024298
    endloop
  endfacet
  facet normal 0.658693 0.726743 0.194853
    outer loop
      vertex 0.0699453 0.0699453 0.014673
      vertex 0.0627527 0.0764644 0.014673
      vertex 0.0685916 0.0685916 0.024298
    endloop
  endfacet
  facet normal 0.658678 0.726753 0.19487
    outer loop
      vertex 0.0627527 0.0764644 0.014673
      vertex 0.0615381 0.0749844 0.024298
      vertex 0.0685916 0.0685916 0.024298
    endloop
  endfacet
  facet normal 0.584276 0.787812 0.19487
    outer loop
      vertex 0.0627527 0.0764644 0.014673
      vertex 0.0549557 0.082247 0.014673
      vertex 0.0615381 0.0749844 0.024298
    endloop
  endfacet
  facet normal 0.584285 0.787808 0.194861
    outer loop
      vertex 0.0549557 0.082247 0.014673
      vertex 0.053892 0.0806552 0.024298
      vertex 0.0615381 0.0749844 0.024298
    endloop
  endfacet
  facet normal 0.504253 0.841284 0.19486
    outer loop
      vertex 0.0549557 0.082247 0.014673
      vertex 0.0466295 0.0872376 0.014673
      vertex 0.053892 0.0806552 0.024298
    endloop
  endfacet
  facet normal 0.504246 0.841286 0.194867
    outer loop
      vertex 0.0466295 0.0872376 0.014673
      vertex 0.045727 0.0855491 0.024298
      vertex 0.053892 0.0806552 0.024298
    endloop
  endfacet
  facet normal 0.419354 0.886662 0.194867
    outer loop
      vertex 0.0466295 0.0872376 0.014673
      vertex 0.0378541 0.091388 0.014673
      vertex 0.045727 0.0855491 0.024298
    endloop
  endfacet
  facet normal 0.419359 0.88666 0.194862
    outer loop
      vertex 0.0378541 0.091388 0.014673
      vertex 0.0371215 0.0896192 0.024298
      vertex 0.045727 0.0855491 0.024298
    endloop
  endfacet
  facet normal 0.330434 0.923494 0.194863
    outer loop
      vertex 0.0378541 0.091388 0.014673
      vertex 0.0287143 0.0946583 0.014673
      vertex 0.0371215 0.0896192 0.024298
    endloop
  endfacet
  facet normal 0.33043 0.923495 0.194866
    outer loop
      vertex 0.0287143 0.0946583 0.014673
      vertex 0.0281585 0.0928262 0.024298
      vertex 0.0371215 0.0896192 0.024298
    endloop
  endfacet
  facet normal 0.238324 0.951435 0.194866
    outer loop
      vertex 0.0287143 0.0946583 0.014673
      vertex 0.0192979 0.097017 0.014673
      vertex 0.0281585 0.0928262 0.024298
    endloop
  endfacet
  facet normal 0.23832 0.951436 0.194869
    outer loop
      vertex 0.0192979 0.097017 0.014673
      vertex 0.0189244 0.0951392 0.024298
      vertex 0.0281585 0.0928262 0.024298
    endloop
  endfacet
  facet normal 0.143911 0.970214 0.194869
    outer loop
      vertex 0.0192979 0.097017 0.014673
      vertex 0.00969562 0.0984413 0.014673
      vertex 0.0189244 0.0951392 0.024298
    endloop
  endfacet
  facet normal 0.143918 0.970214 0.194863
    outer loop
      vertex 0.00969562 0.0984413 0.014673
      vertex 0.00950797 0.096536 0.024298
      vertex 0.0189244 0.0951392 0.024298
    endloop
  endfacet
  facet normal 0.0481255 0.979649 0.194863
    outer loop
      vertex 0.00969562 0.0984413 0.014673
      vertex 0 0.0989176 0.014673
      vertex 0.00950797 0.096536 0.024298
    endloop
  endfacet
  facet normal 0.0481274 0.979649 0.194861
    outer loop
      vertex 0 0.0989176 0.014673
      vertex 0 0.0970031 0.024298
      vertex 0.00950797 0.096536 0.024298
    endloop
  endfacet
  facet normal -0.0481255 0.979649 0.194861
    outer loop
      vertex 0 0.0989176 0.014673
      vertex -0.00969562 0.0984413 0.014673
      vertex 0 0.0970031 0.024298
    endloop
  endfacet
  facet normal -0.0481274 0.979649 0.194863
    outer loop
      vertex -0.00969562 0.0984413 0.014673
      vertex -0.00950797 0.096536 0.024298
      vertex 0 0.0970031 0.024298
    endloop
  endfacet
  facet normal -0.143911 0.970215 0.194863
    outer loop
      vertex -0.00969562 0.0984413 0.014673
      vertex -0.0192979 0.097017 0.014673
      vertex -0.00950797 0.096536 0.024298
    endloop
  endfacet
  facet normal -0.143918 0.970213 0.19487
    outer loop
      vertex -0.0192979 0.097017 0.014673
      vertex -0.0189244 0.0951392 0.024298
      vertex -0.00950797 0.096536 0.024298
    endloop
  endfacet
  facet normal -0.238323 0.951435 0.194869
    outer loop
      vertex -0.0192979 0.097017 0.014673
      vertex -0.0287143 0.0946583 0.014673
      vertex -0.0189244 0.0951392 0.024298
    endloop
  endfacet
  facet normal -0.23832 0.951436 0.194866
    outer loop
      vertex -0.0287143 0.0946583 0.014673
      vertex -0.0281585 0.0928262 0.024298
      vertex -0.0189244 0.0951392 0.024298
    endloop
  endfacet
  facet normal -0.330434 0.923494 0.194866
    outer loop
      vertex -0.0287143 0.0946583 0.014673
      vertex -0.0378541 0.091388 0.014673
      vertex -0.0281585 0.0928262 0.024298
    endloop
  endfacet
  facet normal -0.330431 0.923496 0.194863
    outer loop
      vertex -0.0378541 0.091388 0.014673
      vertex -0.0371215 0.0896192 0.024298
      vertex -0.0281585 0.0928262 0.024298
    endloop
  endfacet
  facet normal -0.419355 0.886663 0.194862
    outer loop
      vertex -0.0378541 0.091388 0.014673
      vertex -0.0466295 0.0872376 0.014673
      vertex -0.0371215 0.0896192 0.024298
    endloop
  endfacet
  facet normal -0.419359 0.886659 0.194867
    outer loop
      vertex -0.0466295 0.0872376 0.014673
      vertex -0.045727 0.0855491 0.024298
      vertex -0.0371215 0.0896192 0.024298
    endloop
  endfacet
  facet normal -0.504252 0.841283 0.194867
    outer loop
      vertex -0.0466295 0.0872376 0.014673
      vertex -0.0549557 0.082247 0.014673
      vertex -0.045727 0.0855491 0.024298
    endloop
  endfacet
  facet normal -0.504247 0.841287 0.19486
    outer loop
      vertex -0.0549557 0.082247 0.014673
      vertex -0.053892 0.0806552 0.024298
      vertex -0.045727 0.0855491 0.024298
    endloop
  endfacet
  facet normal -0.584277 0.787813 0.194861
    outer loop
      vertex -0.0549557 0.082247 0.014673
      vertex -0.0627527 0.0764644 0.014673
      vertex -0.053892 0.0806552 0.024298
    endloop
  endfacet
  facet normal -0.584284 0.787806 0.19487
    outer loop
      vertex -0.0627527 0.0764644 0.014673
      vertex -0.0615381 0.0749844 0.024298
      vertex -0.053892 0.0806552 0.024298
    endloop
  endfacet
  facet normal -0.658691 0.726741 0.19487
    outer loop
      vertex -0.0627527 0.0764644 0.014673
      vertex -0.0699453 0.0699453 0.014673
      vertex -0.0615381 0.0749844 0.024298
    endloop
  endfacet
  facet normal -0.65868 0.726755 0.194853
    outer loop
      vertex -0.0699453 0.0699453 0.014673
      vertex -0.0685916 0.0685916 0.024298
      vertex -0.0615381 0.0749844 0.024298
    endloop
  endfacet
  facet normal -0.726743 0.658693 0.194853
    outer loop
      vertex -0.0699453 0.0699453 0.014673
      vertex -0.0764644 0.0627527 0.014673
      vertex -0.0685916 0.0685916 0.024298
    endloop
  endfacet
  facet normal -0.726753 0.658678 0.19487
    outer loop
      vertex -0.0764644 0.0627527 0.014673
      vertex -0.0749844 0.0615381 0.024298
      vertex -0.0685916 0.0685916 0.024298
    endloop
  endfacet
  facet normal -0.787812 0.584276 0.19487
    outer loop
      vertex -0.0764644 0.0627527 0.014673
      vertex -0.082247 0.0549557 0.014673
      vertex -0.0749844 0.0615381 0.024298
    endloop
  endfacet
  facet normal -0.787808 0.584285 0.194861
    outer loop
      vertex -0.082247 0.0549557 0.014673
      vertex -0.0806552 0.053892 0.024298
      vertex -0.0749844 0.0615381 0.024298
    endloop
  endfacet
  facet normal -0.841284 0.504253 0.19486
    outer loop
      vertex -0.082247 0.0549557 0.014673
      vertex -0.0872376 0.0466295 0.014673
      vertex -0.0806552 0.053892 0.024298
    endloop
  endfacet
  facet normal -0.841286 0.504246 0.194867
    outer loop
      vertex -0.0872376 0.0466295 0.014673
      vertex -0.0855491 0.045727 0.024298
      vertex -0.0806552 0.053892 0.024298
    endloop
  endfacet
  facet normal -0.886662 0.419354 0.194867
    outer loop
      vertex -0.0872376 0.0466295 0.014673
      vertex -0.091388 0.0378541 0.014673
      vertex -0.0855491 0.045727 0.024298
    endloop
  endfacet
  facet normal -0.88666 0.419359 0.194862
    outer loop
      vertex -0.091388 0.0378541 0.014673
      vertex -0.0896192 0.0371215 0.024298
      vertex -0.0855491 0.045727 0.024298
    endloop
  endfacet
  facet normal -0.923494 0.330434 0.194863
    outer loop
      vertex -0.091388 0.0378541 0.014673
      vertex -0.0946583 0.0287143 0.014673
      vertex -0.0896192 0.0371215 0.024298
    endloop
  endfacet
  facet normal -0.923495 0.33043 0.194866
    outer loop
      vertex -0.0946583 0.0287143 0.014673
      vertex -0.0928262 0.0281585 0.024298
      vertex -0.0896192 0.0371215 0.024298
    endloop
  endfacet
  facet normal -0.951435 0.238324 0.194866
    outer loop
      vertex -0.0946583 0.0287143 0.014673
      vertex -0.097017 0.0192979 0.014673
      vertex -0.0928262 0.0281585 0.024298
    endloop
  endfacet
  facet normal -0.951436 0.23832 0.194869
    outer loop
      vertex -0.097017 0.0192979 0.014673
      vertex -0.0951392 0.0189244 0.024298
      vertex -0.0928262 0.0281585 0.024298
    endloop
  endfacet
  facet normal -0.970214 0.143911 0.194869
    outer loop
      vertex -0.097017 0.0192979 0.014673
      vertex -0.0984413 0.00969562 0.014673
      vertex -0.0951392 0.0189244 0.024298
    endloop
  endfacet
  facet normal -0.970214 0.143918 0.194863
    outer loop
      vertex -0.0984413 0.00969562 0.014673
      vertex -0.096536 0.00950797 0.024298
      vertex -0.0951392 0.0189244 0.024298
    endloop
  endfacet
  facet normal -0.979649 0.0481255 0.194863
    outer loop
      vertex -0.0984413 0.00969562 0.014673
      vertex -0.0989176 -0 0.014673
      vertex -0.096536 0.00950797 0.024298
    endloop
  endfacet
  facet normal -0.979649 0.0481274 0.194861
    outer loop
      vertex -0.0989176 -0 0.014673
      vertex -0.0970031 -0 0.024298
      vertex -0.096536 0.00950797 0.024298
    endloop
  endfacet
  facet normal -0.979649 -0.0481255 0.194861
    outer loop
      vertex -0.0989176 -0 0.014673
      vertex -0.0984413 -0.00969562 0.014673
      vertex -0.0970031 -0 0.024298
    endloop
  endfacet
  facet normal -0.979649 -0.0481274 0.194863
    outer loop
      vertex -0.0984413 -0.00969562 0.014673
      vertex -0.096536 -0.00950797 0.024298
      vertex -0.0970031 -0 0.024298
    endloop
  endfacet
  facet normal -0.970215 -0.143911 0.194863
    outer loop
      vertex -0.0984413 -0.00969562 0.014673
      vertex -0.097017 -0.0192979 0.014673
      vertex -0.096536 -0.00950797 0.024298
    endloop
  endfacet
  facet normal -0.970213 -0.143918 0.19487
    outer loop
      vertex -0.097017 -0.0192979 0.014673
      vertex -0.0951392 -0.0189244 0.024298
      vertex -0.096536 -0.00950797 0.024298
    endloop
  endfacet
  facet normal -0.951435 -0.238323 0.194869
    outer loop
      vertex -0.097017 -0.0192979 0.014673
      vertex -0.0946583 -0.0287143 0.014673
      vertex -0.0951392 -0.0189244 0.024298
    endloop
  endfacet
  facet normal -0.951436 -0.23832 0.194866
    outer loop
      vertex -0.0946583 -0.0287143 0.014673
      vertex -0.0928262 -0.0281585 0.024298
      vertex -0.0951392 -0.0189244 0.024298
    endloop
  endfacet
  facet normal -0.923494 -0.330434 0.194866
    outer loop
      vertex -0.0946583 -0.0287143 0.014673
      vertex -0.091388 -0.0378541 0.014673
      vertex -0.0928262 -0.0281585 0.024298
    endloop
  endfacet
  facet normal -0.923496 -0.330431 0.194863
    outer loop
      vertex -0.091388 -0.0378541 0.014673
      vertex -0.0896192 -0.0371215 0.024298
      vertex -0.0928262 -0.0281585 0.024298
    endloop
  endfacet
  facet normal -0.886663 -0.419355 0.194862
    outer loop
      vertex -0.091388 -0.0378541 0.014673
      vertex -0.0872376 -0.0466295 0.014673
      vertex -0.0896192 -0.0371215 0.024298
    endloop
  endfacet
  facet normal -0.886659 -0.419359 0.194867
    outer loop
      vertex -0.0872376 -0.0466295 0.014673
      vertex -0.0855491 -0.045727 0.024298
      vertex -0.0896192 -0.0371215 0.024298
    endloop
  endfacet
  facet normal -0.841283 -0.504252 0.194867
    outer loop
      vertex -0.0872376 -0.0466295 0.014673
      vertex -0.082247 -0.0549557 0.014673
      vertex -0.0855491 -0.045727 0.024298
    endloop
  endfacet
  facet normal -0.841287 -0.504247 0.19486
    outer loop
      vertex -0.082247 -0.0549557 0.014673
      vertex -0.0806552 -0.053892 0.024298
      vertex -0.0855491 -0.045727 0.024298
    endloop
  endfacet
  facet normal -0.787813 -0.584277 0.194861
    outer loop
      vertex -0.082247 -0.0549557 0.014673
      vertex -0.0764644 -0.0627527 0.014673
      vertex -0.0806552 -0.053892 0.024298
    endloop
  endfacet
  facet normal -0.787806 -0.584284 0.19487
    outer loop
      vertex -0.0764644 -0.0627527 0.014673
      vertex -0.0749844 -0.0615381 0.024298
      vertex -0.0806552 -0.053892 0.024298
    endloop
  endfacet
  facet normal -0.726741 -0.658691 0.19487
    outer loop
      vertex -0.0764644 -0.0627527 0.014673
      vertex -0.0699453 -0.0699453 0.014673
      vertex -0.0749844 -0.0615381 0.024298
    endloop
  endfacet
  facet normal -0.726755 -0.65868 0.194853
    outer loop
      vertex -0.0699453 -0.0699453 0.014673
      vertex -0.0685916 -0.0685916 0.024298
      vertex -0.0749844 -0.0615381 0.024298
    endloop
  endfacet
  facet normal -0.658693 -0.726743 0.194853
    outer loop
      vertex -0.0699453 -0.0699453 0.014673
      vertex -0.0627527 -0.0764644 0.014673
      vertex -0.0685916 -0.0685916 0.024298
    endloop
  endfacet
  facet normal -0.658678 -0.726753 0.19487
    outer loop
      vertex -0.0627527 -0.0764644 0.014673
      vertex -0.0615381 -0.0749844 0.024298
      vertex -0.0685916 -0.0685916 0.024298
    endloop
  endfacet
  facet normal -0.584276 -0.787812 0.19487
    outer loop
      vertex -0.0627527 -0.0764644 0.014673
      vertex -0.0549557 -0.082247 0.014673
      vertex -0.0615381 -0.0749844 0.024298
    endloop
  endfacet
  facet normal -0.584285 -0.787808 0.194861
    outer loop
      vertex -0.0549557 -0.082247 0.014673
      vertex -0.053892 -0.0806552 0.024298
      vertex -0.0615381 -0.0749844 0.024298
    endloop
  endfacet
  facet normal -0.504253 -0.841284 0.19486
    outer loop
      vertex -0.0549557 -0.082247 0.014673
      vertex -0.0466295 -0.0872376 0.014673
      vertex -0.053892 -0.0806552 0.024298
    endloop
  endfacet
  facet normal -0.504246 -0.841286 0.194867
    outer loop
      vertex -0.0466295 -0.0872376 0.014673
      vertex -0.045727 -0.0855491 0.024298
      vertex -0.053892 -0.0806552 0.024298
    endloop
  endfacet
  facet normal -0.419354 -0.886662 0.194867
    outer loop
      vertex -0.0466295 -0.0872376 0.014673
      vertex -0.0378541 -0.091388 0.014673
      vertex -0.045727 -0.0855491 0.024298
    endloop
  endfacet
  facet normal -0.419359 -0.88666 0.194862
    outer loop
      vertex -0.0378541 -0.091388 0.014673
      vertex -0.0371215 -0.0896192 0.024298
      vertex -0.045727 -0.0855491 0.024298
    endloop
  endfacet
  facet normal -0.330434 -0.923494 0.194863
    outer loop
      vertex -0.0378541 -0.091388 0.014673
      vertex -0.0287143 -0.0946583 0.014673
      vertex -0.0371215 -0.0896192 0.024298
    endloop
  endfacet
  facet normal -0.33043 -0.923495 0.194866
    outer loop
      vertex -0.0287143 -0.0946583 0.014673
      vertex -0.0281585 -0.0928262 0.024298
      vertex -0.0371215 -0.0896192 0.024298
    endloop
  endfacet
  facet normal -0.238324 -0.951435 0.194866
    outer loop
      vertex -0.0287143 -0.0946583 0.014673
      vertex -0.0192979 -0.097017 0.014673
      vertex -0.0281585 -0.0928262 0.024298
    endloop
  endfacet
  facet normal -0.23832 -0.951436 0.194869
    outer loop
      vertex -0.0192979 -0.097017 0.014673
      vertex -0.0189244 -0.0951392 0.024298
      vertex -0.0281585 -0.0928262 0.024298
    endloop
  endfacet
  facet normal -0.143911 -0.970214 0.194869
    outer loop
      vertex -0.0192979 -0.097017 0.014673
      vertex -0.00969562 -0.0984413 0.014673
      vertex -0.0189244 -0.0951392 0.024298
    endloop
  endfacet
  facet normal -0.143918 -0.970214 0.194863
    outer loop
      vertex -0.00969562 -0.0984413 0.014673
      vertex -0.00950797 -0.096536 0.024298
      vertex -0.0189244 -0.0951392 0.024298
    endloop
  endfacet
  facet normal -0.0481255 -0.979649 0.194863
    outer loop
      vertex -0.00969562 -0.0984413 0.014673
      vertex -0 -0.0989176 0.014673
      vertex -0.00950797 -0.096536 0.024298
    endloop
  endfacet
  facet normal -0.0481274 -0.979649 0.194861
    outer loop
      vertex -0 -0.0989176 0.014673
      vertex -0 -0.0970031 0.024298
      vertex -0.00950797 -0.096536 0.024298
    endloop
  endfacet
  facet normal 0.0481255 -0.979649 0.194861
    outer loop
      vertex -0 -0.0989176 0.014673
      vertex 0.00969562 -0.0984413 0.014673
      vertex -0 -0.0970031 0.024298
    endloop
  endfacet
  facet normal 0.0481274 -0.979649 0.194863
    outer loop
      vertex 0.00969562 -0.0984413 0.014673
      vertex 0.00950797 -0.096536 0.024298
      vertex -0 -0.0970031 0.024298
    endloop
  endfacet
  facet normal 0.143911 -0.970215 0.194863
    outer loop
      vertex 0.00969562 -0.0984413 0.014673
      vertex 0.0192979 -0.097017 0.014673
      vertex 0.00950797 -0.096536 0.024298
    endloop
  endfacet
  facet normal 0.143918 -0.970213 0.19487
    outer loop
      vertex 0.0192979 -0.097017 0.014673
      vertex 0.0189244 -0.0951392 0.024298
      vertex 0.00950797 -0.096536 0.024298
    endloop
  endfacet
  facet normal 0.238323 -0.951435 0.194869
    outer loop
      vertex 0.0192979 -0.097017 0.014673
      vertex 0.0287143 -0.0946583 0.014673
      vertex 0.0189244 -0.0951392 0.024298
    endloop
  endfacet
  facet normal 0.23832 -0.951436 0.194866
    outer loop
      vertex 0.0287143 -0.0946583 0.014673
      vertex 0.0281585 -0.0928262 0.024298
      vertex 0.0189244 -0.0951392 0.024298
    endloop
  endfacet
  facet normal 0.330434 -0.923494 0.194866
    outer loop
      vertex 0.0287143 -0.0946583 0.014673
      vertex 0.0378541 -0.091388 0.014673
      vertex 0.0281585 -0.0928262 0.024298
    endloop
  endfacet
  facet normal 0.330431 -0.923496 0.194863
    outer loop
      vertex 0.0378541 -0.091388 0.014673
      vertex 0.0371215 -0.0896192 0.024298
      vertex 0.0281585 -0.0928262 0.024298
    endloop
  endfacet
  facet normal 0.419355 -0.886663 0.194862
    outer loop
      vertex 0.0378541 -0.091388 0.014673
      vertex 0.0466295 -0.0872376 0.014673
      vertex 0.0371215 -0.0896192 0.024298
    endloop
  endfacet
  facet normal 0.419359 -0.886659 0.194867
    outer loop
      vertex 0.0466295 -0.0872376 0.014673
      vertex 0.045727 -0.0855491 0.024298
      vertex 0.0371215 -0.0896192 0.024298
    endloop
  endfacet
  facet normal 0.504252 -0.841283 0.194867
    outer loop
      vertex 0.0466295 -0.0872376 0.014673
      vertex 0.0549557 -0.082247 0.014673
      vertex 0.045727 -0.0855491 0.024298
    endloop
  endfacet
  facet normal 0.504247 -0.841287 0.19486
    outer loop
      vertex 0.0549557 -0.082247 0.014673
      vertex 0.053892 -0.0806552 0.024298
      vertex 0.045727 -0.0855491 0.024298
    endloop
  endfacet
  facet normal 0.584277 -0.787813 0.194861
    outer loop
      vertex 0.0549557 -0.082247 0.014673
      vertex 0.0627527 -0.0764644 0.014673
      vertex 0.053892 -0.0806552 0.024298
    endloop
  endfacet
  facet normal 0.584284 -0.787806 0.19487
    outer loop
      vertex 0.0627527 -0.0764644 0.014673
      vertex 0.0615381 -0.0749844 0.024298
      vertex 0.053892 -0.0806552 0.024298
    endloop
  endfacet
  facet normal 0.658691 -0.726741 0.19487
    outer loop
      vertex 0.0627527 -0.0764644 0.014673
      vertex 0.0699453 -0.0699453 0.014673
      vertex 0.0615381 -0.0749844 0.024298
    endloop
  endfacet
  facet normal 0.65868 -0.726755 0.194853
    outer loop
      vertex 0.0699453 -0.0699453 0.014673
      vertex 0.0685916 -0.0685916 0.024298
      vertex 0.0615381 -0.0749844 0.024298
    endloop
  endfacet
  facet normal 0.726743 -0.658693 0.194853
    outer loop
      vertex 0.0699453 -0.0699453 0.014673
      vertex 0.0764644 -0.0627527 0.014673
      vertex 0.0685916 -0.0685916 0.024298
    endloop
  endfacet
  facet normal 0.726753 -0.658678 0.19487
    outer loop
      vertex 0.0764644 -0.0627527 0.014673
      vertex 0.0749844 -0.0615381 0.024298
      vertex 0.0685916 -0.0685916 0.024298
    endloop
  endfacet
  facet normal 0.787812 -0.584276 0.19487
    outer loop
      vertex 0.0764644 -0.0627527 0.014673
      vertex 0.082247 -0.0549557 0.014673
      vertex 0.0749844 -0.0615381 0.024298
    endloop
  endfacet
  facet normal 0.787808 -0.584285 0.194861
    outer loop
      vertex 0.082247 -0.0549557 0.014673
      vertex 0.0806552 -0.053892 0.024298
      vertex 0.0749844 -0.0615381 0.024298
    endloop
  endfacet
  facet normal 0.841284 -0.504253 0.19486
    outer loop
      vertex 0.082247 -0.0549557 0.014673
      vertex 0.0872376 -0.0466295 0.014673
      vertex 0.0806552 -0.053892 0.024298
    endloop
  endfacet
  facet normal 0.841286 -0.504246 0.194867
    outer loop
      vertex 0.0872376 -0.0466295 0.014673
      vertex 0.0855491 -0.045727 0.024298
      vertex 0.0806552 -0.053892 0.024298
    endloop
  endfacet
  facet normal 0.886662 -0.419354 0.194867
    outer loop
      vertex 0.0872376 -0.0466295 0.014673
      vertex 0.091388 -0.0378541 0.014673
      vertex 0.0855491 -0.045727 0.024298
    endloop
  endfacet
  facet normal 0.88666 -0.419359 0.194862
    outer loop
      vertex 0.091388 -0.0378541 0.014673
      vertex 0.0896192 -0.0371215 0.024298
      vertex 0.0855491 -0.045727 0.024298
    endloop
  endfacet
  facet normal 0.923494 -0.330434 0.194863
    outer loop
      vertex 0.091388 -0.0378541 0.014673
      vertex 0.0946583 -0.0287143 0.014673
      vertex 0.0896192 -0.0371215 0.024298
    endloop
  endfacet
  facet normal 0.923495 -0.33043 0.194866
    outer loop
      vertex 0.0946583 -0.0287143 0.014673
      vertex 0.0928262 -0.0281585 0.024298
      vertex 0.0896192 -0.0371215 0.024298
    endloop
  endfacet
  facet normal 0.951435 -0.238324 0.194866
    outer loop
      vertex 0.0946583 -0.0287143 0.014673
      vertex 0.097017 -0.0192979 0.014673
      vertex 0.0928262 -0.0281585 0.024298
    endloop
  endfacet
  facet normal 0.951436 -0.23832 0.194869
    outer loop
      vertex 0.097017 -0.0192979 0.014673
      vertex 0.0951392 -0.0189244 0.024298
      vertex 0.0928262 -0.0281585 0.024298
    endloop
  endfacet
  facet normal 0.970214 -0.143911 0.194869
    outer loop
      vertex 0.097017 -0.0192979 0.014673
      vertex 0.0984413 -0.00969562 0.014673
      vertex 0.0951392 -0.0189244 0.024298
    endloop
  endfacet
  facet normal 0.970214 -0.143918 0.194863
    outer loop
      vertex 0.0984413 -0.00969562 0.014673
      vertex 0.096536 -0.00950797 0.024298
      vertex 0.0951392 -0.0189244 0.024298
    endloop
  endfacet
  facet normal 0.979649 -0.0481255 0.194863
    outer loop
      vertex 0.0984413 -0.00969562 0.014673
      vertex 0.0989176 0 0.014673
      vertex 0.096536 -0.00950797 0.024298
    endloop
  endfacet
  facet normal 0.979649 -0.0481274 0.194861
    outer loop
      vertex 0.0989176 0 0.014673
      vertex 0.0970031 0 0.024298
      vertex 0.096536 -0.00950797 0.024298
    endloop
  endfacet
  facet normal 0.993998 0.0488272 0.0979013
    outer loop
      vertex 0.0998795 0 0.00490677
      vertex 0.0993986 0.00978991 0.00490677
      vertex 0.0989176 0 0.014673
    endloop
  endfacet
  facet normal 0.993997 0.0488304 0.0979045
    outer loop
      vertex 0.0993986 0.00978991 0.00490677
      vertex 0.0984413 0.00969562 0.014673
      vertex 0.0989176 0 0.014673
    endloop
  endfacet
  facet normal 0.984424 0.146025 0.0979045
    outer loop
      vertex 0.0993986 0.00978991 0.00490677
      vertex 0.0979604 0.0194855 0.00490677
      vertex 0.0984413 0.00969562 0.014673
    endloop
  endfacet
  facet normal 0.984426 0.146019 0.0978986
    outer loop
      vertex 0.0979604 0.0194855 0.00490677
      vertex 0.097017 0.0192979 0.014673
      vertex 0.0984413 0.00969562 0.014673
    endloop
  endfacet
  facet normal 0.965372 0.24181 0.0978982
    outer loop
      vertex 0.0979604 0.0194855 0.00490677
      vertex 0.0955788 0.0289935 0.00490677
      vertex 0.097017 0.0192979 0.014673
    endloop
  endfacet
  facet normal 0.965371 0.241814 0.0979025
    outer loop
      vertex 0.0955788 0.0289935 0.00490677
      vertex 0.0946583 0.0287143 0.014673
      vertex 0.097017 0.0192979 0.014673
    endloop
  endfacet
  facet normal 0.93702 0.335273 0.0979022
    outer loop
      vertex 0.0955788 0.0289935 0.00490677
      vertex 0.0922767 0.0382222 0.00490677
      vertex 0.0946583 0.0287143 0.014673
    endloop
  endfacet
  facet normal 0.93702 0.335274 0.0979031
    outer loop
      vertex 0.0922767 0.0382222 0.00490677
      vertex 0.091388 0.0378541 0.014673
      vertex 0.0946583 0.0287143 0.014673
    endloop
  endfacet
  facet normal 0.899646 0.425501 0.097903
    outer loop
      vertex 0.0922767 0.0382222 0.00490677
      vertex 0.0880859 0.0470829 0.00490677
      vertex 0.091388 0.0378541 0.014673
    endloop
  endfacet
  facet normal 0.899649 0.425497 0.0978978
    outer loop
      vertex 0.0880859 0.0470829 0.00490677
      vertex 0.0872376 0.0466295 0.014673
      vertex 0.091388 0.0378541 0.014673
    endloop
  endfacet
  facet normal 0.853608 0.511635 0.0978976
    outer loop
      vertex 0.0880859 0.0470829 0.00490677
      vertex 0.0830468 0.0554901 0.00490677
      vertex 0.0872376 0.0466295 0.014673
    endloop
  endfacet
  facet normal 0.853605 0.511638 0.0979019
    outer loop
      vertex 0.0830468 0.0554901 0.00490677
      vertex 0.082247 0.0549557 0.014673
      vertex 0.0872376 0.0466295 0.014673
    endloop
  endfacet
  facet normal 0.799347 0.59284 0.0979018
    outer loop
      vertex 0.0830468 0.0554901 0.00490677
      vertex 0.0772079 0.0633629 0.00490677
      vertex 0.082247 0.0549557 0.014673
    endloop
  endfacet
  facet normal 0.799352 0.592835 0.0978951
    outer loop
      vertex 0.0772079 0.0633629 0.00490677
      vertex 0.0764644 0.0627527 0.014673
      vertex 0.082247 0.0549557 0.014673
    endloop
  endfacet
  facet normal 0.737394 0.668331 0.0978953
    outer loop
      vertex 0.0772079 0.0633629 0.00490677
      vertex 0.0706255 0.0706255 0.00490677
      vertex 0.0764644 0.0627527 0.014673
    endloop
  endfacet
  facet normal 0.737386 0.668339 0.0979061
    outer loop
      vertex 0.0706255 0.0706255 0.00490677
      vertex 0.0699453 0.0699453 0.014673
      vertex 0.0764644 0.0627527 0.014673
    endloop
  endfacet
  facet normal 0.66833 0.737393 0.0979061
    outer loop
      vertex 0.0706255 0.0706255 0.00490677
      vertex 0.0633629 0.0772079 0.00490677
      vertex 0.0699453 0.0699453 0.014673
    endloop
  endfacet
  facet normal 0.668339 0.737387 0.0978953
    outer loop
      vertex 0.0633629 0.0772079 0.00490677
      vertex 0.0627527 0.0764644 0.014673
      vertex 0.0699453 0.0699453 0.014673
    endloop
  endfacet
  facet normal 0.59284 0.799348 0.0978951
    outer loop
      vertex 0.0633629 0.0772079 0.00490677
      vertex 0.0554901 0.0830468 0.00490677
      vertex 0.0627527 0.0764644 0.014673
    endloop
  endfacet
  facet normal 0.592834 0.799351 0.0979018
    outer loop
      vertex 0.0554901 0.0830468 0.00490677
      vertex 0.0549557 0.082247 0.014673
      vertex 0.0627527 0.0764644 0.014673
    endloop
  endfacet
  facet normal 0.511634 0.853607 0.0979019
    outer loop
      vertex 0.0554901 0.0830468 0.00490677
      vertex 0.0470829 0.0880859 0.00490677
      vertex 0.0549557 0.082247 0.014673
    endloop
  endfacet
  facet normal 0.511638 0.853605 0.0978976
    outer loop
      vertex 0.0470829 0.0880859 0.00490677
      vertex 0.0466295 0.0872376 0.014673
      vertex 0.0549557 0.082247 0.014673
    endloop
  endfacet
  facet normal 0.425501 0.899647 0.0978978
    outer loop
      vertex 0.0470829 0.0880859 0.00490677
      vertex 0.0382222 0.0922767 0.00490677
      vertex 0.0466295 0.0872376 0.014673
    endloop
  endfacet
  facet normal 0.425496 0.899649 0.097903
    outer loop
      vertex 0.0382222 0.0922767 0.00490677
      vertex 0.0378541 0.091388 0.014673
      vertex 0.0466295 0.0872376 0.014673
    endloop
  endfacet
  facet normal 0.335273 0.93702 0.0979031
    outer loop
      vertex 0.0382222 0.0922767 0.00490677
      vertex 0.0289935 0.0955788 0.00490677
      vertex 0.0378541 0.091388 0.014673
    endloop
  endfacet
  facet normal 0.335274 0.93702 0.0979022
    outer loop
      vertex 0.0289935 0.0955788 0.00490677
      vertex 0.0287143 0.0946583 0.014673
      vertex 0.0378541 0.091388 0.014673
    endloop
  endfacet
  facet normal 0.24181 0.965372 0.0979025
    outer loop
      vertex 0.0289935 0.0955788 0.00490677
      vertex 0.0194855 0.0979604 0.00490677
      vertex 0.0287143 0.0946583 0.014673
    endloop
  endfacet
  facet normal 0.241814 0.965371 0.0978981
    outer loop
      vertex 0.0194855 0.0979604 0.00490677
      vertex 0.0192979 0.097017 0.014673
      vertex 0.0287143 0.0946583 0.014673
    endloop
  endfacet
  facet normal 0.146025 0.984425 0.0978987
    outer loop
      vertex 0.0194855 0.0979604 0.00490677
      vertex 0.00978991 0.0993986 0.00490677
      vertex 0.0192979 0.097017 0.014673
    endloop
  endfacet
  facet normal 0.146019 0.984425 0.0979046
    outer loop
      vertex 0.00978991 0.0993986 0.00490677
      vertex 0.00969562 0.0984413 0.014673
      vertex 0.0192979 0.097017 0.014673
    endloop
  endfacet
  facet normal 0.0488271 0.993997 0.0979045
    outer loop
      vertex 0.00978991 0.0993986 0.00490677
      vertex 0 0.0998795 0.00490677
      vertex 0.00969562 0.0984413 0.014673
    endloop
  endfacet
  facet normal 0.0488304 0.993997 0.0979013
    outer loop
      vertex 0 0.0998795 0.00490677
      vertex 0 0.0989176 0.014673
      vertex 0.00969562 0.0984413 0.014673
    endloop
  endfacet
  facet normal -0.0488272 0.993998 0.0979013
    outer loop
      vertex 0 0.0998795 0.00490677
      vertex -0.00978991 0.0993986 0.00490677
      vertex 0 0.0989176 0.014673
    endloop
  endfacet
  facet normal -0.0488304 0.993997 0.0979045
    outer loop
      vertex -0.00978991 0.0993986 0.00490677
      vertex -0.00969562 0.0984413 0.014673
      vertex 0 0.0989176 0.014673
    endloop
  endfacet
  facet normal -0.146025 0.984424 0.0979045
    outer loop
      vertex -0.00978991 0.0993986 0.00490677
      vertex -0.0194855 0.0979604 0.00490677
      vertex -0.00969562 0.0984413 0.014673
    endloop
  endfacet
  facet normal -0.146019 0.984426 0.0978986
    outer loop
      vertex -0.0194855 0.0979604 0.00490677
      vertex -0.0192979 0.097017 0.014673
      vertex -0.00969562 0.0984413 0.014673
    endloop
  endfacet
  facet normal -0.24181 0.965372 0.0978982
    outer loop
      vertex -0.0194855 0.0979604 0.00490677
      vertex -0.0289935 0.0955788 0.00490677
      vertex -0.0192979 0.097017 0.014673
    endloop
  endfacet
  facet normal -0.241814 0.965371 0.0979025
    outer loop
      vertex -0.0289935 0.0955788 0.00490677
      vertex -0.0287143 0.0946583 0.014673
      vertex -0.0192979 0.097017 0.014673
    endloop
  endfacet
  facet normal -0.335273 0.93702 0.0979022
    outer loop
      vertex -0.0289935 0.0955788 0.00490677
      vertex -0.0382222 0.0922767 0.00490677
      vertex -0.0287143 0.0946583 0.014673
    endloop
  endfacet
  facet normal -0.335274 0.93702 0.0979031
    outer loop
      vertex -0.0382222 0.0922767 0.00490677
      vertex -0.0378541 0.091388 0.014673
      vertex -0.0287143 0.0946583 0.014673
    endloop
  endfacet
  facet normal -0.425501 0.899646 0.097903
    outer loop
      vertex -0.0382222 0.0922767 0.00490677
      vertex -0.0470829 0.0880859 0.00490677
      vertex -0.0378541 0.091388 0.014673
    endloop
  endfacet
  facet normal -0.425497 0.899649 0.0978978
    outer loop
      vertex -0.0470829 0.0880859 0.00490677
      vertex -0.0466295 0.0872376 0.014673
      vertex -0.0378541 0.091388 0.014673
    endloop
  endfacet
  facet normal -0.511635 0.853608 0.0978976
    outer loop
      vertex -0.0470829 0.0880859 0.00490677
      vertex -0.0554901 0.0830468 0.00490677
      vertex -0.0466295 0.0872376 0.014673
    endloop
  endfacet
  facet normal -0.511638 0.853605 0.0979019
    outer loop
      vertex -0.0554901 0.0830468 0.00490677
      vertex -0.0549557 0.082247 0.014673
      vertex -0.0466295 0.0872376 0.014673
    endloop
  endfacet
  facet normal -0.59284 0.799347 0.0979018
    outer loop
      vertex -0.0554901 0.0830468 0.00490677
      vertex -0.0633629 0.0772079 0.00490677
      vertex -0.0549557 0.082247 0.014673
    endloop
  endfacet
  facet normal -0.592835 0.799352 0.0978951
    outer loop
      vertex -0.0633629 0.0772079 0.00490677
      vertex -0.0627527 0.0764644 0.014673
      vertex -0.0549557 0.082247 0.014673
    endloop
  endfacet
  facet normal -0.668331 0.737394 0.0978953
    outer loop
      vertex -0.0633629 0.0772079 0.00490677
      vertex -0.0706255 0.0706255 0.00490677
      vertex -0.0627527 0.0764644 0.014673
    endloop
  endfacet
  facet normal -0.668339 0.737386 0.0979061
    outer loop
      vertex -0.0706255 0.0706255 0.00490677
      vertex -0.0699453 0.0699453 0.014673
      vertex -0.0627527 0.0764644 0.014673
    endloop
  endfacet
  facet normal -0.737393 0.66833 0.0979061
    outer loop
      vertex -0.0706255 0.0706255 0.00490677
      vertex -0.0772079 0.0633629 0.00490677
      vertex -0.0699453 0.0699453 0.014673
    endloop
  endfacet
  facet normal -0.737387 0.668339 0.0978953
    outer loop
      vertex -0.0772079 0.0633629 0.00490677
      vertex -0.0764644 0.0627527 0.014673
      vertex -0.0699453 0.0699453 0.014673
    endloop
  endfacet
  facet normal -0.799348 0.59284 0.0978951
    outer loop
      vertex -0.0772079 0.0633629 0.00490677
      vertex -0.0830468 0.0554901 0.00490677
      vertex -0.0764644 0.0627527 0.014673
    endloop
  endfacet
  facet normal -0.799351 0.592834 0.0979018
    outer loop
      vertex -0.0830468 0.0554901 0.00490677
      vertex -0.082247 0.0549557 0.014673
      vertex -0.0764644 0.0627527 0.014673
    endloop
  endfacet
  facet normal -0.853607 0.511634 0.0979019
    outer loop
      vertex -0.0830468 0.0554901 0.00490677
      vertex -0.0880859 0.0470829 0.00490677
      vertex -0.082247 0.0549557 0.014673
    endloop
  endfacet
  facet normal -0.853605 0.511638 0.0978976
    outer loop
      vertex -0.0880859 0.0470829 0.00490677
      vertex -0.0872376 0.0466295 0.014673
      vertex -0.082247 0.0549557 0.014673
    endloop
  endfacet
  facet normal -0.899647 0.425501 0.0978978
    outer loop
      vertex -0.0880859 0.0470829 0.00490677
      vertex -0.0922767 0.0382222 0.00490677
      vertex -0.0872376 0.0466295 0.014673
    endloop
  endfacet
  facet normal -0.899649 0.425496 0.097903
    outer loop
      vertex -0.0922767 0.0382222 0.00490677
      vertex -0.091388 0.0378541 0.014673
      vertex -0.0872376 0.0466295 0.014673
    endloop
  endfacet
  facet normal -0.93702 0.335273 0.0979031
    outer loop
      vertex -0.0922767 0.0382222 0.00490677
      vertex -0.0955788 0.0289935 0.00490677
      vertex -0.091388 0.0378541 0.014673
    endloop
  endfacet
  facet normal -0.93702 0.335274 0.0979022
    outer loop
      vertex -0.0955788 0.0289935 0.00490677
      vertex -0.0946583 0.0287143 0.014673
      vertex -0.091388 0.0378541 0.014673
    endloop
  endfacet
  facet normal -0.965372 0.24181 0.0979025
    outer loop
      vertex -0.0955788 0.0289935 0.00490677
      vertex -0.0979604 0.0194855 0.00490677
      vertex -0.0946583 0.0287143 0.014673
    endloop
  endfacet
  facet normal -0.965371 0.241814 0.0978981
    outer loop
      vertex -0.0979604 0.0194855 0.00490677
      vertex -0.097017 0.0192979 0.014673
      vertex -0.0946583 0.0287143 0.014673
    endloop
  endfacet
  facet normal -0.984425 0.146025 0.0978987
    outer loop
      vertex -0.0979604 0.0194855 0.00490677
      vertex -0.0993986 0.00978991 0.00490677
      vertex -0.097017 0.0192979 0.014673
    endloop
  endfacet
  facet normal -0.984425 0.146019 0.0979046
    outer loop
      vertex -0.0993986 0.00978991 0.00490677
      vertex -0.0984413 0.00969562 0.014673
      vertex -0.097017 0.0192979 0.014673
    endloop
  endfacet
  facet normal -0.993997 0.0488271 0.0979045
    outer loop
      vertex -0.0993986 0.00978991 0.00490677
      vertex -0.0998795 -0 0.00490677
      vertex -0.0984413 0.00969562 0.014673
    endloop
  endfacet
  facet normal -0.993997 0.0488304 0.0979013
    outer loop
      vertex -0.0998795 -0 0.00490677
      vertex -0.0989176 -0 0.014673
      vertex -0.0984413 0.00969562 0.014673
    endloop
  endfacet
  facet normal -0.993998 -0.0488272 0.0979013
    outer loop
      vertex -0.0998795 -0 0.00490677
      vertex -0.0993986 -0.00978991 0.00490677
      vertex -0.0989176 -0 0.014673
    endloop
  endfacet
  facet normal -0.993997 -0.0488304 0.0979045
    outer loop
      vertex -0.0993986 -0.00978991 0.00490677
      vertex -0.0984413 -0.00969562 0.014673
      vertex -0.0989176 -0 0.014673
    endloop
  endfacet
  facet normal -0.984424 -0.146025 0.0979045
    outer loop
      vertex -0.0993986 -0.00978991 0.00490677
      vertex -0.0979604 -0.0194855 0.00490677
      vertex -0.0984413 -0.00969562 0.014673
    endloop
  endfacet
  facet normal -0.984426 -0.146019 0.0978986
    outer loop
      vertex -0.0979604 -0.0194855 0.00490677
      vertex -0.097017 -0.0192979 0.014673
      vertex -0.0984413 -0.00969562 0.014673
    endloop
  endfacet
  facet normal -0.965372 -0.24181 0.0978982
    outer loop
      vertex -0.0979604 -0.0194855 0.00490677
      vertex -0.0955788 -0.0289935 0.00490677
      vertex -0.097017 -0.0192979 0.014673
    endloop
  endfacet
  facet normal -0.965371 -0.241814 0.0979025
    outer loop
      vertex -0.0955788 -0.0289935 0.00490677
      vertex -0.0946583 -0.0287143 0.014673
      vertex -0.097017 -0.0192979 0.014673
    endloop
  endfacet
  facet normal -0.93702 -0.335273 0.0979022
    outer loop
      vertex -0.0955788 -0.0289935 0.00490677
      vertex -0.0922767 -0.0382222 0.00490677
      vertex -0.0946583 -0.0287143 0.014673
    endloop
  endfacet
  facet normal -0.93702 -0.335274 0.0979031
    outer loop
      vertex -0.0922767 -0.0382222 0.00490677
      vertex -0.091388 -0.0378541 0.014673
      vertex -0.0946583 -0.0287143 0.014673
    endloop
  endfacet
  facet normal -0.899646 -0.425501 0.097903
    outer loop
      vertex -0.0922767 -0.0382222 0.00490677
      vertex -0.0880859 -0.0470829 0.00490677
      vertex -0.091388 -0.0378541 0.014673
    endloop
  endfacet
  facet normal -0.899649 -0.425497 0.0978978
    outer loop
      vertex -0.0880859 -0.0470829 0.00490677
      vertex -0.0872376 -0.0466295 0.014673
      vertex -0.091388 -0.0378541 0.014673
    endloop
  endfacet
  facet normal -0.853608 -0.511635 0.0978976
    outer loop
      vertex -0.0880859 -0.0470829 0.00490677
      vertex -0.0830468 -0.0554901 0.00490677
      vertex -0.0872376 -0.0466295 0.014673
    endloop
  endfacet
  facet normal -0.853605 -0.511638 0.0979019
    outer loop
      vertex -0.0830468 -0.0554901 0.00490677
      vertex -0.082247 -0.0549557 0.014673
      vertex -0.0872376 -0.0466295 0.014673
    endloop
  endfacet
  facet normal -0.799347 -0.59284 0.0979018
    outer loop
      vertex -0.0830468 -0.0554901 0.00490677
      vertex -0.0772079 -0.0633629 0.00490677
      vertex -0.082247 -0.0549557 0.014673
    endloop
  endfacet
  facet normal -0.799352 -0.592835 0.0978951
    outer loop
      vertex -0.0772079 -0.0633629 0.00490677
      vertex -0.0764644 -0.0627527 0.014673
      vertex -0.082247 -0.0549557 0.014673
    endloop
  endfacet
  facet normal -0.737394 -0.668331 0.0978953
    outer loop
      vertex -0.0772079 -0.0633629 0.00490677
      vertex -0.0706255 -0.0706255 0.00490677
      vertex -0.0764644 -0.0627527 0.014673
    endloop
  endfacet
  facet normal -0.737386 -0.668339 0.0979061
    outer loop
      vertex -0.0706255 -0.0706255 0.00490677
      vertex -0.0699453 -0.0699453 0.014673
      vertex -0.0764644 -0.0627527 0.014673
    endloop
  endfacet
  facet normal -0.66833 -0.737393 0.0979061
    outer loop
      vertex -0.0706255 -0.0706255 0.00490677
      vertex -0.0633629 -0.0772079 0.00490677
      vertex -0.0699453 -0.0699453 0.014673
    endloop
  endfacet
  facet normal -0.668339 -0.737387 0.0978953
    outer loop
      vertex -0.0633629 -0.0772079 0.00490677
      vertex -0.0627527 -0.0764644 0.014673
      vertex -0.0699453 -0.0699453 0.014673
    endloop
  endfacet
  facet normal -0.59284 -0.799348 0.0978951
    outer loop
      vertex -0.0633629 -0.0772079 0.00490677
      vertex -0.0554901 -0.0830468 0.00490677
      vertex -0.0627527 -0.0764644 0.014673
    endloop
  endfacet
  facet normal -0.592834 -0.799351 0.0979018
    outer loop
      vertex -0.0554901 -0.0830468 0.00490677
      vertex -0.0549557 -0.082247 0.014673
      vertex -0.0627527 -0.0764644 0.014673
    endloop
  endfacet
  facet normal -0.511634 -0.853607 0.0979019
    outer loop
      vertex -0.0554901 -0.0830468 0.00490677
      vertex -0.0470829 -0.0880859 0.00490677
      vertex -0.0549557 -0.082247 0.014673
    endloop
  endfacet
  facet normal -0.511638 -0.853605 0.0978976
    outer loop
      vertex -0.0470829 -0.0880859 0.00490677
      vertex -0.0466295 -0.0872376 0.014673
      vertex -0.0549557 -0.082247 0.014673
    endloop
  endfacet
  facet normal -0.425501 -0.899647 0.0978978
    outer loop
      vertex -0.0470829 -0.0880859 0.00490677
      vertex -0.0382222 -0.0922767 0.00490677
      vertex -0.0466295 -0.0872376 0.014673
    endloop
  endfacet
  facet normal -0.425496 -0.899649 0.097903
    outer loop
      vertex -0.0382222 -0.0922767 0.00490677
      vertex -0.0378541 -0.091388 0.014673
      vertex -0.0466295 -0.0872376 0.014673
    endloop
  endfacet
  facet normal -0.335273 -0.93702 0.0979031
    outer loop
      vertex -0.0382222 -0.0922767 0.00490677
      vertex -0.0289935 -0.0955788 0.00490677
      vertex -0.0378541 -0.091388 0.014673
    endloop
  endfacet
  facet normal -0.335274 -0.93702 0.0979022
    outer loop
      vertex -0.0289935 -0.0955788 0.00490677
      vertex -0.0287143 -0.0946583 0.014673
      vertex -0.0378541 -0.091388 0.014673
    endloop
  endfacet
  facet normal -0.24181 -0.965372 0.0979025
    outer loop
      vertex -0.0289935 -0.0955788 0.00490677
      vertex -0.0194855 -0.0979604 0.00490677
      vertex -0.0287143 -0.0946583 0.014673
    endloop
  endfacet
  facet normal -0.241814 -0.965371 0.0978981
    outer loop
      vertex -0.0194855 -0.0979604 0.00490677
      vertex -0.0192979 -0.097017 0.014673
      vertex -0.0287143 -0.0946583 0.014673
    endloop
  endfacet
  facet normal -0.146025 -0.984425 0.0978987
    outer loop
      vertex -0.0194855 -0.0979604 0.00490677
      vertex -0.00978991 -0.0993986 0.00490677
      vertex -0.0192979 -0.097017 0.014673
    endloop
  endfacet
  facet normal -0.146019 -0.984425 0.0979046
    outer loop
      vertex -0.00978991 -0.0993986 0.00490677
      vertex -0.00969562 -0.0984413 0.014673
      vertex -0.0192979 -0.097017 0.014673
    endloop
  endfacet
  facet normal -0.0488271 -0.993997 0.0979045
    outer loop
      vertex -0.00978991 -0.0993986 0.00490677
      vertex -0 -0.0998795 0.00490677
      vertex -0.00969562 -0.0984413 0.014673
    endloop
  endfacet
  facet normal -0.0488304 -0.993997 0.0979013
    outer loop
      vertex -0 -0.0998795 0.00490677
      vertex -0 -0.0989176 0.014673
      vertex -0.00969562 -0.0984413 0.014673
    endloop
  endfacet
  facet normal 0.0488272 -0.993998 0.0979013
    outer loop
      vertex -0 -0.0998795 0.00490677
      vertex 0.00978991 -0.0993986 0.00490677
      vertex -0 -0.0989176 0.014673
    endloop
  endfacet
  facet normal 0.0488304 -0.993997 0.0979045
    outer loop
      vertex 0.00978991 -0.0993986 0.00490677
      vertex 0.00969562 -0.0984413 0.014673
      vertex -0 -0.0989176 0.014673
    endloop
  endfacet
  facet normal 0.146025 -0.984424 0.0979045
    outer loop
      vertex 0.00978991 -0.0993986 0.00490677
      vertex 0.0194855 -0.0979604 0.00490677
      vertex 0.00969562 -0.0984413 0.014673
    endloop
  endfacet
  facet normal 0.146019 -0.984426 0.0978986
    outer loop
      vertex 0.0194855 -0.0979604 0.00490677
      vertex 0.0192979 -0.097017 0.014673
      vertex 0.00969562 -0.0984413 0.014673
    endloop
  endfacet
  facet normal 0.24181 -0.965372 0.0978982
    outer loop
      vertex 0.0194855 -0.0979604 0.00490677
      vertex 0.0289935 -0.0955788 0.00490677
      vertex 0.0192979 -0.097017 0.014673
    endloop
  endfacet
  facet normal 0.241814 -0.965371 0.0979025
    outer loop
      vertex 0.0289935 -0.0955788 0.00490677
      vertex 0.0287143 -0.0946583 0.014673
      vertex 0.0192979 -0.097017 0.014673
    endloop
  endfacet
  facet normal 0.335273 -0.93702 0.0979022
    outer loop
      vertex 0.0289935 -0.0955788 0.00490677
      vertex 0.0382222 -0.0922767 0.00490677
      vertex 0.0287143 -0.0946583 0.014673
    endloop
  endfacet
  facet normal 0.335274 -0.93702 0.0979031
    outer loop
      vertex 0.0382222 -0.0922767 0.00490677
      vertex 0.0378541 -0.091388 0.014673
      vertex 0.0287143 -0.0946583 0.014673
    endloop
  endfacet
  facet normal 0.425501 -0.899646 0.097903
    outer loop
      vertex 0.0382222 -0.0922767 0.00490677
      vertex 0.0470829 -0.0880859 0.00490677
      vertex 0.0378541 -0.091388 0.014673
    endloop
  endfacet
  facet normal 0.425497 -0.899649 0.0978978
    outer loop
      vertex 0.0470829 -0.0880859 0.00490677
      vertex 0.0466295 -0.0872376 0.014673
      vertex 0.0378541 -0.091388 0.014673
    endloop
  endfacet
  facet normal 0.511635 -0.853608 0.0978976
    outer loop
      vertex 0.0470829 -0.0880859 0.00490677
      vertex 0.0554901 -0.0830468 0.00490677
      vertex 0.0466295 -0.0872376 0.014673
    endloop
  endfacet
  facet normal 0.511638 -0.853605 0.0979019
    outer loop
      vertex 0.0554901 -0.0830468 0.00490677
      vertex 0.0549557 -0.082247 0.014673
      vertex 0.0466295 -0.0872376 0.014673
    endloop
  endfacet
  facet normal 0.59284 -0.799347 0.0979018
    outer loop
      vertex 0.0554901 -0.0830468 0.00490677
      vertex 0.0633629 -0.0772079 0.00490677
      vertex 0.0549557 -0.082247 0.014673
    endloop
  endfacet
  facet normal 0.592835 -0.799352 0.0978951
    outer loop
      vertex 0.0633629 -0.0772079 0.00490677
      vertex 0.0627527 -0.0764644 0.014673
      vertex 0.0549557 -0.082247 0.014673
    endloop
  endfacet
  facet normal 0.668331 -0.737394 0.0978953
    outer loop
      vertex 0.0633629 -0.0772079 0.00490677
      vertex 0.0706255 -0.0706255 0.00490677
      vertex 0.0627527 -0.0764644 0.014673
    endloop
  endfacet
  facet normal 0.668339 -0.737386 0.0979061
    outer loop
      vertex 0.0706255 -0.0706255 0.00490677
      vertex 0.0699453 -0.0699453 0.014673
      vertex 0.0627527 -0.0764644 0.014673
    endloop
  endfacet
  facet normal 0.737393 -0.66833 0.0979061
    outer loop
      vertex 0.0706255 -0.0706255 0.00490677
      vertex 0.0772079 -0.0633629 0.00490677
      vertex 0.0699453 -0.0699453 0.014673
    endloop
  endfacet
  facet normal 0.737387 -0.668339 0.0978953
    outer loop
      vertex 0.0772079 -0.0633629 0.00490677
      vertex 0.0764644 -0.0627527 0.014673
      vertex 0.0699453 -0.0699453 0.014673
    endloop
  endfacet
  facet normal 0.799348 -0.59284 0.0978951
    outer loop
      vertex 0.0772079 -0.0633629 0.00490677
      vertex 0.0830468 -0.0554901 0.00490677
      vertex 0.0764644 -0.0627527 0.014673
    endloop
  endfacet
  facet normal 0.799351 -0.592834 0.0979018
    outer loop
      vertex 0.0830468 -0.0554901 0.00490677
      vertex 0.082247 -0.0549557 0.014673
      vertex 0.0764644 -0.0627527 0.014673
    endloop
  endfacet
  facet normal 0.853607 -0.511634 0.0979019
    outer loop
      vertex 0.0830468 -0.0554901 0.00490677
      vertex 0.0880859 -0.0470829 0.00490677
      vertex 0.082247 -0.0549557 0.014673
    endloop
  endfacet
  facet normal 0.853605 -0.511638 0.0978976
    outer loop
      vertex 0.0880859 -0.0470829 0.00490677
      vertex 0.0872376 -0.0466295 0.014673
      vertex 0.082247 -0.0549557 0.014673
    endloop
  endfacet
  facet normal 0.899647 -0.425501 0.0978978
    outer loop
      vertex 0.0880859 -0.0470829 0.00490677
      vertex 0.0922767 -0.0382222 0.00490677
      vertex 0.0872376 -0.0466295 0.014673
    endloop
  endfacet
  facet normal 0.899649 -0.425496 0.097903
    outer loop
      vertex 0.0922767 -0.0382222 0.00490677
      vertex 0.091388 -0.0378541 0.014673
      vertex 0.0872376 -0.0466295 0.014673
    endloop
  endfacet
  facet normal 0.93702 -0.335273 0.0979031
    outer loop
      vertex 0.0922767 -0.0382222 0.00490677
      vertex 0.0955788 -0.0289935 0.00490677
      vertex 0.091388 -0.0378541 0.014673
    endloop
  endfacet
  facet normal 0.93702 -0.335274 0.0979022
    outer loop
      vertex 0.0955788 -0.0289935 0.00490677
      vertex 0.0946583 -0.0287143 0.014673
      vertex 0.091388 -0.0378541 0.014673
    endloop
  endfacet
  facet normal 0.965372 -0.24181 0.0979025
    outer loop
      vertex 0.0955788 -0.0289935 0.00490677
      vertex 0.0979604 -0.0194855 0.00490677
      vertex 0.0946583 -0.0287143 0.014673
    endloop
  endfacet
  facet normal 0.965371 -0.241814 0.0978981
    outer loop
      vertex 0.0979604 -0.0194855 0.00490677
      vertex 0.097017 -0.0192979 0.014673
      vertex 0.0946583 -0.0287143 0.014673
    endloop
  endfacet
  facet normal 0.984425 -0.146025 0.0978987
    outer loop
      vertex 0.0979604 -0.0194855 0.00490677
      vertex 0.0993986 -0.00978991 0.00490677
      vertex 0.097017 -0.0192979 0.014673
    endloop
  endfacet
  facet normal 0.984425 -0.146019 0.0979046
    outer loop
      vertex 0.0993986 -0.00978991 0.00490677
      vertex 0.0984413 -0.00969562 0.014673
      vertex 0.097017 -0.0192979 0.014673
    endloop
  endfacet
  facet normal 0.993997 -0.0488271 0.0979045
    outer loop
      vertex 0.0993986 -0.00978991 0.00490677
      vertex 0.0998795 0 0.00490677
      vertex 0.0984413 -0.00969562 0.014673
    endloop
  endfacet
  facet normal 0.993997 -0.0488304 0.0979013
    outer loop
      vertex 0.0998795 0 0.00490677
      vertex 0.0989176 0 0.014673
      vertex 0.0984413 -0.00969562 0.014673
    endloop
  endfacet
  facet normal 0.998796 0.0490628 -0
    outer loop
      vertex 0.0998795 0 -0.00490677
      vertex 0.0993986 0.00978991 -0.00490677
      vertex 0.0998795 0 0.00490677
    endloop
  endfacet
  facet normal 0.998796 0.0490628 -0
    outer loop
      vertex 0.0993986 0.00978991 -0.00490677
      vertex 0.0993986 0.00978991 0.00490677
      vertex 0.0998795 0 0.00490677
    endloop
  endfacet
  facet normal 0.989177 0.14673 -0
    outer loop
      vertex 0.0993986 0.00978991 -0.00490677
      vertex 0.0979604 0.0194855 -0.00490677
      vertex 0.0993986 0.00978991 0.00490677
    endloop
  endfacet
  facet normal 0.989177 0.14673 -0
    outer loop
      vertex 0.0979604 0.0194855 -0.00490677
      vertex 0.0979604 0.0194855 0.00490677
      vertex 0.0993986 0.00978991 0.00490677
    endloop
  endfacet
  facet normal 0.970032 0.242977 -0
    outer loop
      vertex 0.0979604 0.0194855 -0.00490677
      vertex 0.0955788 0.0289935 -0.00490677
      vertex 0.0979604 0.0194855 0.00490677
    endloop
  endfacet
  facet normal 0.970032 0.242977 -0
    outer loop
      vertex 0.0955788 0.0289935 -0.00490677
      vertex 0.0955788 0.0289935 0.00490677
      vertex 0.0979604 0.0194855 0.00490677
    endloop
  endfacet
  facet normal 0.941543 0.336892 -0
    outer loop
      vertex 0.0955788 0.0289935 -0.00490677
      vertex 0.0922767 0.0382222 -0.00490677
      vertex 0.0955788 0.0289935 0.00490677
    endloop
  endfacet
  facet normal 0.941543 0.336892 -0
    outer loop
      vertex 0.0922767 0.0382222 -0.00490677
      vertex 0.0922767 0.0382222 0.00490677
      vertex 0.0955788 0.0289935 0.00490677
    endloop
  endfacet
  facet normal 0.903989 0.427555 -0
    outer loop
      vertex 0.0922767 0.0382222 -0.00490677
      vertex 0.0880859 0.0470829 -0.00490677
      vertex 0.0922767 0.0382222 0.00490677
    endloop
  endfacet
  facet normal 0.903989 0.427555 -0
    outer loop
      vertex 0.0880859 0.0470829 -0.00490677
      vertex 0.0880859 0.0470829 0.00490677
      vertex 0.0922767 0.0382222 0.00490677
    endloop
  endfacet
  facet normal 0.857728 0.514104 -0
    outer loop
      vertex 0.0880859 0.0470829 -0.00490677
      vertex 0.0830468 0.0554901 -0.00490677
      vertex 0.0880859 0.0470829 0.00490677
    endloop
  endfacet
  facet normal 0.857728 0.514104 -0
    outer loop
      vertex 0.0830468 0.0554901 -0.00490677
      vertex 0.0830468 0.0554901 0.00490677
      vertex 0.0880859 0.0470829 0.00490677
    endloop
  endfacet
  facet normal 0.803206 0.595702 -0
    outer loop
      vertex 0.0830468 0.0554901 -0.00490677
      vertex 0.0772079 0.0633629 -0.00490677
      vertex 0.0830468 0.0554901 0.00490677
    endloop
  endfacet
  facet normal 0.803206 0.595702 -0
    outer loop
      vertex 0.0772079 0.0633629 -0.00490677
      vertex 0.0772079 0.0633629 0.00490677
      vertex 0.0830468 0.0554901 0.00490677
    endloop
  endfacet
  facet normal 0.740953 0.671557 -0
    outer loop
      vertex 0.0772079 0.0633629 -0.00490677
      vertex 0.0706255 0.0706255 -0.00490677
      vertex 0.0772079 0.0633629 0.00490677
    endloop
  endfacet
  facet normal 0.740953 0.671557 -0
    outer loop
      vertex 0.0706255 0.0706255 -0.00490677
      vertex 0.0706255 0.0706255 0.00490677
      vertex 0.0772079 0.0633629 0.00490677
    endloop
  endfacet
  facet normal 0.671557 0.740953 -0
    outer loop
      vertex 0.0706255 0.0706255 -0.00490677
      vertex 0.0633629 0.0772079 -0.00490677
      vertex 0.0706255 0.0706255 0.00490677
    endloop
  endfacet
  facet normal 0.671557 0.740953 -0
    outer loop
      vertex 0.0633629 0.0772079 -0.00490677
      vertex 0.0633629 0.0772079 0.00490677
      vertex 0.0706255 0.0706255 0.00490677
    endloop
  endfacet
  facet normal 0.595702 0.803206 -0
    outer loop
      vertex 0.0633629 0.0772079 -0.00490677
      vertex 0.0554901 0.0830468 -0.00490677
      vertex 0.0633629 0.0772079 0.00490677
    endloop
  endfacet
  facet normal 0.595702 0.803206 -0
    outer loop
      vertex 0.0554901 0.0830468 -0.00490677
      vertex 0.0554901 0.0830468 0.00490677
      vertex 0.0633629 0.0772079 0.00490677
    endloop
  endfacet
  facet normal 0.514104 0.857728 -0
    outer loop
      vertex 0.0554901 0.0830468 -0.00490677
      vertex 0.0470829 0.0880859 -0.00490677
      vertex 0.0554901 0.0830468 0.00490677
    endloop
  endfacet
  facet normal 0.514104 0.857728 -0
    outer loop
      vertex 0.0470829 0.0880859 -0.00490677
      vertex 0.0470829 0.0880859 0.00490677
      vertex 0.0554901 0.0830468 0.00490677
    endloop
  endfacet
  facet normal 0.427555 0.903989 -0
    outer loop
      vertex 0.0470829 0.0880859 -0.00490677
      vertex 0.0382222 0.0922767 -0.00490677
      vertex 0.0470829 0.0880859 0.00490677
    endloop
  endfacet
  facet normal 0.427555 0.903989 -0
    outer loop
      vertex 0.0382222 0.0922767 -0.00490677
      vertex 0.0382222 0.0922767 0.00490677
      vertex 0.0470829 0.0880859 0.00490677
    endloop
  endfacet
  facet normal 0.336892 0.941543 -0
    outer loop
      vertex 0.0382222 0.0922767 -0.00490677
      vertex 0.0289935 0.0955788 -0.00490677
      vertex 0.0382222 0.0922767 0.00490677
    endloop
  endfacet
  facet normal 0.336892 0.941543 -0
    outer loop
      vertex 0.0289935 0.0955788 -0.00490677
      vertex 0.0289935 0.0955788 0.00490677
      vertex 0.0382222 0.0922767 0.00490677
    endloop
  endfacet
  facet normal 0.242977 0.970032 -0
    outer loop
      vertex 0.0289935 0.0955788 -0.00490677
      vertex 0.0194855 0.0979604 -0.00490677
      vertex 0.0289935 0.0955788 0.00490677
    endloop
  endfacet
  facet normal 0.242977 0.970032 -0
    outer loop
      vertex 0.0194855 0.0979604 -0.00490677
      vertex 0.0194855 0.0979604 0.00490677
      vertex 0.0289935 0.0955788 0.00490677
    endloop
  endfacet
  facet normal 0.14673 0.989177 -0
    outer loop
      vertex 0.0194855 0.0979604 -0.00490677
      vertex 0.00978991 0.0993986 -0.00490677
      vertex 0.0194855 0.0979604 0.00490677
    endloop
  endfacet
  facet normal 0.14673 0.989177 -0
    outer loop
      vertex 0.00978991 0.0993986 -0.00490677
      vertex 0.00978991 0.0993986 0.00490677
      vertex 0.0194855 0.0979604 0.00490677
    endloop
  endfacet
  facet normal 0.0490628 0.998796 -0
    outer loop
      vertex 0.00978991 0.0993986 -0.00490677
      vertex 0 0.0998795 -0.00490677
      vertex 0.00978991 0.0993986 0.00490677
    endloop
  endfacet
  facet normal 0.0490628 0.998796 -0
    outer loop
      vertex 0 0.0998795 -0.00490677
      vertex 0 0.0998795 0.00490677
      vertex 0.00978991 0.0993986 0.00490677
    endloop
  endfacet
  facet normal -0.0490628 0.998796 0
    outer loop
      vertex 0 0.0998795 -0.00490677
      vertex -0.00978991 0.0993986 -0.00490677
      vertex 0 0.0998795 0.00490677
    endloop
  endfacet
  facet normal -0.0490628 0.998796 0
    outer loop
      vertex -0.00978991 0.0993986 -0.00490677
      vertex -0.00978991 0.0993986 0.00490677
      vertex 0 0.0998795 0.00490677
    endloop
  endfacet
  facet normal -0.14673 0.989177 0
    outer loop
      vertex -0.00978991 0.0993986 -0.00490677
      vertex -0.0194855 0.0979604 -0.00490677
      vertex -0.00978991 0.0993986 0.00490677
    endloop
  endfacet
  facet normal -0.14673 0.989177 0
    outer loop
      vertex -0.0194855 0.0979604 -0.00490677
      vertex -0.0194855 0.0979604 0.00490677
      vertex -0.00978991 0.0993986 0.00490677
    endloop
  endfacet
  facet normal -0.242977 0.970032 0
    outer loop
      vertex -0.0194855 0.0979604 -0.00490677
      vertex -0.0289935 0.0955788 -0.00490677
      vertex -0.0194855 0.0979604 0.00490677
    endloop
  endfacet
  facet normal -0.242977 0.970032 0
    outer loop
      vertex -0.0289935 0.0955788 -0.00490677
      vertex -0.0289935 0.0955788 0.00490677
      vertex -0.0194855 0.0979604 0.00490677
    endloop
  endfacet
  facet normal -0.336892 0.941543 0
    outer loop
      vertex -0.0289935 0.0955788 -0.00490677
      vertex -0.0382222 0.0922767 -0.00490677
      vertex -0.0289935 0.0955788 0.00490677
    endloop
  endfacet
  facet normal -0.336892 0.941543 0
    outer loop
      vertex -0.0382222 0.0922767 -0.00490677
      vertex -0.0382222 0.0922767 0.00490677
      vertex -0.0289935 0.0955788 0.00490677
    endloop
  endfacet
  facet normal -0.427555 0.903989 0
    outer loop
      vertex -0.0382222 0.0922767 -0.00490677
      vertex -0.0470829 0.0880859 -0.00490677
      vertex -0.0382222 0.0922767 0.00490677
    endloop
  endfacet
  facet normal -0.427555 0.903989 0
    outer loop
      vertex -0.0470829 0.0880859 -0.00490677
      vertex -0.0470829 0.0880859 0.00490677
      vertex -0.0382222 0.0922767 0.00490677
    endloop
  endfacet
  facet normal -0.514104 0.857728 0
    outer loop
      vertex -0.0470829 0.0880859 -0.00490677
      vertex -0.0554901 0.0830468 -0.00490677
      vertex -0.0470829 0.0880859 0.00490677
    endloop
  endfacet
  facet normal -0.514104 0.857728 0
    outer loop
      vertex -0.0554901 0.0830468 -0.00490677
      vertex -0.0554901 0.0830468 0.00490677
      vertex -0.0470829 0.0880859 0.00490677
    endloop
  endfacet
  facet normal -0.595702 0.803206 0
    outer loop
      vertex -0.0554901 0.0830468 -0.00490677
      vertex -0.0633629 0.0772079 -0.00490677
      vertex -0.0554901 0.0830468 0.00490677
    endloop
  endfacet
  facet normal -0.595702 0.803206 0
    outer loop
      vertex -0.0633629 0.0772079 -0.00490677
      vertex -0.0633629 0.0772079 0.00490677
      vertex -0.0554901 0.0830468 0.00490677
    endloop
  endfacet
  facet normal -0.671557 0.740953 0
    outer loop
      vertex -0.0633629 0.0772079 -0.00490677
      vertex -0.0706255 0.0706255 -0.00490677
      vertex -0.0633629 0.0772079 0.00490677
    endloop
  endfacet
  facet normal -0.671557 0.740953 0
    outer loop
      vertex -0.0706255 0.0706255 -0.00490677
      vertex -0.0706255 0.0706255 0.00490677
      vertex -0.0633629 0.0772079 0.00490677
    endloop
  endfacet
  facet normal -0.740953 0.671557 0
    outer loop
      vertex -0.0706255 0.0706255 -0.00490677
      vertex -0.0772079 0.0633629 -0.00490677
      vertex -0.0706255 0.0706255 0.00490677
    endloop
  endfacet
  facet normal -0.740953 0.671557 0
    outer loop
      vertex -0.0772079 0.0633629 -0.00490677
      vertex -0.0772079 0.0633629 0.00490677
      vertex -0.0706255 0.0706255 0.00490677
    endloop
  endfacet
  facet normal -0.803206 0.595702 0
    outer loop
      vertex -0.0772079 0.0633629 -0.00490677
      vertex -0.0830468 0.0554901 -0.00490677
      vertex -0.0772079 0.0633629 0.00490677
    endloop
  endfacet
  facet normal -0.803206 0.595702 0
    outer loop
      vertex -0.0830468 0.0554901 -0.00490677
      vertex -0.0830468 0.0554901 0.00490677
      vertex -0.0772079 0.0633629 0.00490677
    endloop
  endfacet
  facet normal -0.857728 0.514104 0
    outer loop
      vertex -0.0830468 0.0554901 -0.00490677
      vertex -0.0880859 0.0470829 -0.00490677
      vertex -0.0830468 0.0554901 0.00490677
    endloop
  endfacet
  facet normal -0.857728 0.514104 0
    outer loop
      vertex -0.0880859 0.0470829 -0.00490677
      vertex -0.0880859 0.0470829 0.00490677
      vertex -0.0830468 0.0554901 0.00490677
    endloop
  endfacet
  facet normal -0.903989 0.427555 0
    outer loop
      vertex -0.0880859 0.0470829 -0.00490677
      vertex -0.0922767 0.0382222 -0.00490677
      vertex -0.0880859 0.0470829 0.00490677
    endloop
  endfacet
  facet normal -0.903989 0.427555 0
    outer loop
      vertex -0.0922767 0.0382222 -0.00490677
      vertex -0.0922767 0.0382222 0.00490677
      vertex -0.0880859 0.0470829 0.00490677
    endloop
  endfacet
  facet normal -0.941543 0.336892 0
    outer loop
      vertex -0.0922767 0.0382222 -0.00490677
      vertex -0.0955788 0.0289935 -0.00490677
      vertex -0.0922767 0.0382222 0.00490677
    endloop
  endfacet
  facet normal -0.941543 0.336892 0
    outer loop
      vertex -0.0955788 0.0289935 -0.00490677
      vertex -0.0955788 0.0289935 0.00490677
      vertex -0.0922767 0.0382222 0.00490677
    endloop
  endfacet
  facet normal -0.970032 0.242977 0
    outer loop
      vertex -0.0955788 0.0289935 -0.00490677
      vertex -0.0979604 0.0194855 -0.00490677
      vertex -0.0955788 0.0289935 0.00490677
    endloop
  endfacet
  facet normal -0.970032 0.242977 0
    outer loop
      vertex -0.0979604 0.0194855 -0.00490677
      vertex -0.0979604 0.0194855 0.00490677
      vertex -0.0955788 0.0289935 0.00490677
    endloop
  endfacet
  facet normal -0.989177 0.14673 0
    outer loop
      vertex -0.0979604 0.0194855 -0.00490677
      vertex -0.0993986 0.00978991 -0.00490677
      vertex -0.0979604 0.0194855 0.00490677
    endloop
  endfacet
  facet normal -0.989177 0.14673 0
    outer loop
      vertex -0.0993986 0.00978991 -0.00490677
      vertex -0.0993986 0.00978991 0.00490677
      vertex -0.0979604 0.0194855 0.00490677
    endloop
  endfacet
  facet normal -0.998796 0.0490628 0
    outer loop
      vertex -0.0993986 0.00978991 -0.00490677
      vertex -0.0998795 -0 -0.00490677
      vertex -0.0993986 0.00978991 0.00490677
    endloop
  endfacet
  facet normal -0.998796 0.0490628 0
    outer loop
      vertex -0.0998795 -0 -0.00490677
      vertex -0.0998795 -0 0.00490677
      vertex -0.0993986 0.00978991 0.00490677
    endloop
  endfacet
  facet normal -0.998796 -0.0490628 0
    outer loop
      vertex -0.0998795 -0 -0.00490677
      vertex -0.0993986 -0.00978991 -0.00490677
      vertex -0.0998795 -0 0.00490677
    endloop
  endfacet
  facet normal -0.998796 -0.0490628 0
    outer loop
      vertex -0.0993986 -0.00978991 -0.00490677
      vertex -0.0993986 -0.00978991 0.00490677
      vertex -0.0998795 -0 0.00490677
    endloop
  endfacet
  facet normal -0.989177 -0.14673 0
    outer loop
      vertex -0.0993986 -0.00978991 -0.00490677
      vertex -0.0979604 -0.0194855 -0.00490677
      vertex -0.0993986 -0.00978991 0.00490677
    endloop
  endfacet
  facet normal -0.989177 -0.14673 0
    outer loop
      vertex -0.0979604 -0.0194855 -0.00490677
      vertex -0.0979604 -0.0194855 0.00490677
      vertex -0.0993986 -0.00978991 0.00490677
    endloop
  endfacet
  facet normal -0.970032 -0.242977 0
    outer loop
      vertex -0.0979604 -0.0194855 -0.00490677
      vertex -0.0955788 -0.0289935 -0.00490677
      vertex -0.0979604 -0.0194855 0.00490677
    endloop
  endfacet
  facet normal -0.970032 -0.242977 0
    outer loop
      vertex -0.0955788 -0.0289935 -0.00490677
      vertex -0.0955788 -0.0289935 0.00490677
      vertex -0.0979604 -0.0194855 0.00490677
    endloop
  endfacet
  facet normal -0.941543 -0.336892 0
    outer loop
      vertex -0.0955788 -0.0289935 -0.00490677
      vertex -0.0922767 -0.0382222 -0.00490677
      vertex -0.0955788 -0.0289935 0.00490677
    endloop
  endfacet
  facet normal -0.941543 -0.336892 0
    outer loop
      vertex -0.0922767 -0.0382222 -0.00490677
      vertex -0.0922767 -0.0382222 0.00490677
      vertex -0.0955788 -0.0289935 0.00490677
    endloop
  endfacet
  facet normal -0.903989 -0.427555 0
    outer loop
      vertex -0.0922767 -0.0382222 -0.00490677
      vertex -0.0880859 -0.0470829 -0.00490677
      vertex -0.0922767 -0.0382222 0.00490677
    endloop
  endfacet
  facet normal -0.903989 -0.427555 0
    outer loop
      vertex -0.0880859 -0.0470829 -0.00490677
      vertex -0.0880859 -0.0470829 0.00490677
      vertex -0.0922767 -0.0382222 0.00490677
    endloop
  endfacet
  facet normal -0.857728 -0.514104 0
    outer loop
      vertex -0.0880859 -0.0470829 -0.00490677
      vertex -0.0830468 -0.0554901 -0.00490677
      vertex -0.0880859 -0.0470829 0.00490677
    endloop
  endfacet
  facet normal -0.857728 -0.514104 0
    outer loop
      vertex -0.0830468 -0.0554901 -0.00490677
      vertex -0.0830468 -0.0554901 0.00490677
      vertex -0.0880859 -0.0470829 0.00490677
    endloop
  endfacet
  facet normal -0.803206 -0.595702 0
    outer loop
      vertex -0.0830468 -0.0554901 -0.00490677
      vertex -0.0772079 -0.0633629 -0.00490677
      vertex -0.0830468 -0.0554901 0.00490677
    endloop
  endfacet
  facet normal -0.803206 -0.595702 0
    outer loop
      vertex -0.0772079 -0.0633629 -0.00490677
      vertex -0.0772079 -0.0633629 0.00490677
      vertex -0.0830468 -0.0554901 0.00490677
    endloop
  endfacet
  facet normal -0.740953 -0.671557 0
    outer loop
      vertex -0.0772079 -0.0633629 -0.00490677
      vertex -0.0706255 -0.0706255 -0.00490677
      vertex -0.0772079 -0.0633629 0.00490677
    endloop
  endfacet
  facet normal -0.740953 -0.671557 0
    outer loop
      vertex -0.0706255 -0.0706255 -0.00490677
      vertex -0.0706255 -0.0706255 0.00490677
      vertex -0.0772079 -0.0633629 0.00490677
    endloop
  endfacet
  facet normal -0.671557 -0.740953 0
    outer loop
      vertex -0.0706255 -0.0706255 -0.00490677
      vertex -0.0633629 -0.0772079 -0.00490677
      vertex -0.0706255 -0.0706255 0.00490677
    endloop
  endfacet
  facet normal -0.671557 -0.740953 0
    outer loop
      vertex -0.0633629 -0.0772079 -0.00490677
      vertex -0.0633629 -0.0772079 0.00490677
      vertex -0.0706255 -0.0706255 0.00490677
    endloop
  endfacet
  facet normal -0.595702 -0.803206 0
    outer loop
      vertex -0.0633629 -0.0772079 -0.00490677
      vertex -0.0554901 -0.0830468 -0.00490677
      vertex -0.0633629 -0.0772079 0.00490677
    endloop
  endfacet
  facet normal -0.595702 -0.803206 0
    outer loop
      vertex -0.0554901 -0.0830468 -0.00490677
      vertex -0.0554901 -0.0830468 0.00490677
      vertex -0.0633629 -0.0772079 0.00490677
    endloop
  endfacet
  facet normal -0.514104 -0.857728 0
    outer loop
      vertex -0.0554901 -0.0830468 -0.00490677
      vertex -0.0470829 -0.0880859 -0.00490677
      vertex -0.0554901 -0.0830468 0.00490677
    endloop
  endfacet
  facet normal -0.514104 -0.857728 0
    outer loop
      vertex -0.0470829 -0.0880859 -0.00490677
      vertex -0.0470829 -0.0880859 0.00490677
      vertex -0.0554901 -0.0830468 0.00490677
    endloop
  endfacet
  facet normal -0.427555 -0.903989 0
    outer loop
      vertex -0.0470829 -0.0880859 -0.00490677
      vertex -0.0382222 -0.0922767 -0.00490677
      vertex -0.0470829 -0.0880859 0.00490677
    endloop
  endfacet
  facet normal -0.427555 -0.903989 0
    outer loop
      vertex -0.0382222 -0.0922767 -0.00490677
      vertex -0.0382222 -0.0922767 0.00490677
      vertex -0.0470829 -0.0880859 0.00490677
    endloop
  endfacet
  facet normal -0.336892 -0.941543 0
    outer loop
      vertex -0.0382222 -0.0922767 -0.00490677
      vertex -0.0289935 -0.0955788 -0.00490677
      vertex -0.0382222 -0.0922767 0.00490677
    endloop
  endfacet
  facet normal -0.336892 -0.941543 0
    outer loop
      vertex -0.0289935 -0.0955788 -0.00490677
      vertex -0.0289935 -0.0955788 0.00490677
      vertex -0.0382222 -0.0922767 0.00490677
    endloop
  endfacet
  facet normal -0.242977 -0.970032 0
    outer loop
      vertex -0.0289935 -0.0955788 -0.00490677
      vertex -0.0194855 -0.0979604 -0.00490677
      vertex -0.0289935 -0.0955788 0.00490677
    endloop
  endfacet
  facet normal -0.242977 -0.970032 0
    outer loop
      vertex -0.0194855 -0.0979604 -0.00490677
      vertex -0.0194855 -0.0979604 0.00490677
      vertex -0.0289935 -0.0955788 0.00490677
    endloop
  endfacet
  facet normal -0.14673 -0.989177 0
    outer loop
      vertex -0.0194855 -0.0979604 -0.00490677
      vertex -0.00978991 -0.0993986 -0.00490677
      vertex -0.0194855 -0.0979604 0.00490677
    endloop
  endfacet
  facet normal -0.14673 -0.989177 0
    outer loop
      vertex -0.00978991 -0.0993986 -0.00490677
      vertex -0.00978991 -0.0993986 0.00490677
      vertex -0.0194855 -0.0979604 0.00490677
    endloop
  endfacet
  facet normal -0.0490628 -0.998796 0
    outer loop
      vertex -0.00978991 -0.0993986 -0.00490677
      vertex -0 -0.0998795 -0.00490677
      vertex -0.00978991 -0.0993986 0.00490677
    endloop
  endfacet
  facet normal -0.0490628 -0.998796 0
    outer loop
      vertex -0 -0.0998795 -0.00490677
      vertex -0 -0.0998795 0.00490677
      vertex -0.00978991 -0.0993986 0.00490677
    endloop
  endfacet
  facet normal 0.0490628 -0.998796 0
    outer loop
      vertex -0 -0.0998795 -0.00490677
      vertex 0.00978991 -0.0993986 -0.00490677
      vertex -0 -0.0998795 0.00490677
    endloop
  endfacet
  facet normal 0.0490628 -0.998796 0
    outer loop
      vertex 0.00978991 -0.0993986 -0.00490677
      vertex 0.00978991 -0.0993986 0.00490677
      vertex -0 -0.0998795 0.00490677
    endloop
  endfacet
  facet normal 0.14673 -0.989177 0
    outer loop
      vertex 0.00978991 -0.0993986 -0.00490677
      vertex 0.0194855 -0.0979604 -0.00490677
      vertex 0.00978991 -0.0993986 0.00490677
    endloop
  endfacet
  facet normal 0.14673 -0.989177 0
    outer loop
      vertex 0.0194855 -0.0979604 -0.00490677
      vertex 0.0194855 -0.0979604 0.00490677
      vertex 0.00978991 -0.0993986 0.00490677
    endloop
  endfacet
  facet normal 0.242977 -0.970032 0
    outer loop
      vertex 0.0194855 -0.0979604 -0.00490677
      vertex 0.0289935 -0.0955788 -0.00490677
      vertex 0.0194855 -0.0979604 0.00490677
    endloop
  endfacet
  facet normal 0.242977 -0.970032 0
    outer loop
      vertex 0.0289935 -0.0955788 -0.00490677
      vertex 0.0289935 -0.0955788 0.00490677
      vertex 0.0194855 -0.0979604 0.00490677
    endloop
  endfacet
  facet normal 0.336892 -0.941543 0
    outer loop
      vertex 0.0289935 -0.0955788 -0.00490677
      vertex 0.0382222 -0.0922767 -0.00490677
      vertex 0.0289935 -0.0955788 0.00490677
    endloop
  endfacet
  facet normal 0.336892 -0.941543 0
    outer loop
      vertex 0.0382222 -0.0922767 -0.00490677
      vertex 0.0382222 -0.0922767 0.00490677
      vertex 0.0289935 -0.0955788 0.00490677
    endloop
  endfacet
  facet normal 0.427555 -0.903989 0
    outer loop
      vertex 0.0382222 -0.0922767 -0.00490677
      vertex 0.0470829 -0.0880859 -0.00490677
      vertex 0.0382222 -0.0922767 0.00490677
    endloop
  endfacet
  facet normal 0.427555 -0.903989 0
    outer loop
      vertex 0.0470829 -0.0880859 -0.00490677
      vertex 0.0470829 -0.0880859 0.00490677
      vertex 0.0382222 -0.0922767 0.00490677
    endloop
  endfacet
  facet normal 0.514104 -0.857728 0
    outer loop
      vertex 0.0470829 -0.0880859 -0.00490677
      vertex 0.0554901 -0.0830468 -0.00490677
      vertex 0.0470829 -0.0880859 0.00490677
    endloop
  endfacet
  facet normal 0.514104 -0.857728 0
    outer loop
      vertex 0.0554901 -0.0830468 -0.00490677
      vertex 0.0554901 -0.0830468 0.00490677
      vertex 0.0470829 -0.0880859 0.00490677
    endloop
  endfacet
  facet normal 0.595702 -0.803206 0
    outer loop
      vertex 0.0554901 -0.0830468 -0.00490677
      vertex 0.0633629 -0.0772079 -0.00490677
      vertex 0.0554901 -0.0830468 0.00490677
    endloop
  endfacet
  facet normal 0.595702 -0.803206 0
    outer loop
      vertex 0.0633629 -0.0772079 -0.00490677
      vertex 0.0633629 -0.0772079 0.00490677
      vertex 0.0554901 -0.0830468 0.00490677
    endloop
  endfacet
  facet normal 0.671557 -0.740953 0
    outer loop
      vertex 0.0633629 -0.0772079 -0.00490677
      vertex 0.0706255 -0.0706255 -0.00490677
      vertex 0.0633629 -0.0772079 0.00490677
    endloop
  endfacet
  facet normal 0.671557 -0.740953 0
    outer loop
      vertex 0.0706255 -0.0706255 -0.00490677
      vertex 0.0706255 -0.0706255 0.00490677
      vertex 0.0633629 -0.0772079 0.00490677
    endloop
  endfacet
  facet normal 0.740953 -0.671557 0
    outer loop
      vertex 0.0706255 -0.0706255 -0.00490677
      vertex 0.0772079 -0.0633629 -0.00490677
      vertex 0.0706255 -0.0706255 0.00490677
    endloop
  endfacet
  facet normal 0.740953 -0.671557 0
    outer loop
      vertex 0.0772079 -0.0633629 -0.00490677
      vertex 0.0772079 -0.0633629 0.00490677
      vertex 0.0706255 -0.0706255 0.00490677
    endloop
  endfacet
  facet normal 0.803206 -0.595702 0
    outer loop
      vertex 0.0772079 -0.0633629 -0.00490677
      vertex 0.0830468 -0.0554901 -0.00490677
      vertex 0.0772079 -0.0633629 0.00490677
    endloop
  endfacet
  facet normal 0.803206 -0.595702 0
    outer loop
      vertex 0.0830468 -0.0554901 -0.00490677
      vertex 0.0830468 -0.0554901 0.00490677
      vertex 0.0772079 -0.0633629 0.00490677
    endloop
  endfacet
  facet normal 0.857728 -0.514104 0
    outer loop
      vertex 0.0830468 -0.0554901 -0.00490677
      vertex 0.0880859 -0.0470829 -0.00490677
      vertex 0.0830468 -0.0554901 0.00490677
    endloop
  endfacet
  facet normal 0.857728 -0.514104 0
    outer loop
      vertex 0.0880859 -0.0470829 -0.00490677
      vertex 0.0880859 -0.0470829 0.00490677
      vertex 0.0830468 -0.0554901 0.00490677
    endloop
  endfacet
  facet normal 0.903989 -0.427555 0
    outer loop
      vertex 0.0880859 -0.0470829 -0.00490677
      vertex 0.0922767 -0.0382222 -0.00490677
      vertex 0.0880859 -0.0470829 0.00490677
    endloop
  endfacet
  facet normal 0.903989 -0.427555 0
    outer loop
      vertex 0.0922767 -0.0382222 -0.00490677
      vertex 0.0922767 -0.0382222 0.00490677
      vertex 0.0880859 -0.0470829 0.00490677
    endloop
  endfacet
  facet normal 0.941543 -0.336892 0
    outer loop
      vertex 0.0922767 -0.0382222 -0.00490677
      vertex 0.0955788 -0.0289935 -0.00490677
      vertex 0.0922767 -0.0382222 0.00490677
    endloop
  endfacet
  facet normal 0.941543 -0.336892 0
    outer loop
      vertex 0.0955788 -0.0289935 -0.00490677
      vertex 0.0955788 -0.0289935 0.00490677
      vertex 0.0922767 -0.0382222 0.00490677
    endloop
  endfacet
  facet normal 0.970032 -0.242977 0
    outer loop
      vertex 0.0955788 -0.0289935 -0.00490677
      vertex 0.0979604 -0.0194855 -0.00490677
      vertex 0.0955788 -0.0289935 0.00490677
    endloop
  endfacet
  facet normal 0.970032 -0.242977 0
    outer loop
      vertex 0.0979604 -0.0194855 -0.00490677
      vertex 0.0979604 -0.0194855 0.00490677
      vertex 0.0955788 -0.0289935 0.00490677
    endloop
  endfacet
  facet normal 0.989177 -0.14673 0
    outer loop
      vertex 0.0979604 -0.0194855 -0.00490677
      vertex 0.0993986 -0.00978991 -0.00490677
      vertex 0.0979604 -0.0194855 0.00490677
    endloop
  endfacet
  facet normal 0.989177 -0.14673 0
    outer loop
      vertex 0.0993986 -0.00978991 -0.00490677
      vertex 0.0993986 -0.00978991 0.00490677
      vertex 0.0979604 -0.0194855 0.00490677
    endloop
  endfacet
  facet normal 0.998796 -0.0490628 0
    outer loop
      vertex 0.0993986 -0.00978991 -0.00490677
      vertex 0.0998795 0 -0.00490677
      vertex 0.0993986 -0.00978991 0.00490677
    endloop
  endfacet
  facet normal 0.998796 -0.0490628 0
    outer loop
      vertex 0.0998795 0 -0.00490677
      vertex 0.0998795 0 0.00490677
      vertex 0.0993986 -0.00978991 0.00490677
    endloop
  endfacet
  facet normal 0.993997 0.0488304 -0.0979013
    outer loop
      vertex 0.0989176 0 -0.014673
      vertex 0.0984413 0.00969562 -0.014673
      vertex 0.0998795 0 -0.00490677
    endloop
  endfacet
  facet normal 0.993997 0.0488271 -0.0979045
    outer loop
      vertex 0.0984413 0.00969562 -0.014673
      vertex 0.0993986 0.00978991 -0.00490677
      vertex 0.0998795 0 -0.00490677
    endloop
  endfacet
  facet normal 0.984425 0.146019 -0.0979046
    outer loop
      vertex 0.0984413 0.00969562 -0.014673
      vertex 0.097017 0.0192979 -0.014673
      vertex 0.0993986 0.00978991 -0.00490677
    endloop
  endfacet
  facet normal 0.984425 0.146025 -0.0978987
    outer loop
      vertex 0.097017 0.0192979 -0.014673
      vertex 0.0979604 0.0194855 -0.00490677
      vertex 0.0993986 0.00978991 -0.00490677
    endloop
  endfacet
  facet normal 0.965371 0.241814 -0.0978981
    outer loop
      vertex 0.097017 0.0192979 -0.014673
      vertex 0.0946583 0.0287143 -0.014673
      vertex 0.0979604 0.0194855 -0.00490677
    endloop
  endfacet
  facet normal 0.965372 0.24181 -0.0979025
    outer loop
      vertex 0.0946583 0.0287143 -0.014673
      vertex 0.0955788 0.0289935 -0.00490677
      vertex 0.0979604 0.0194855 -0.00490677
    endloop
  endfacet
  facet normal 0.93702 0.335274 -0.0979022
    outer loop
      vertex 0.0946583 0.0287143 -0.014673
      vertex 0.091388 0.0378541 -0.014673
      vertex 0.0955788 0.0289935 -0.00490677
    endloop
  endfacet
  facet normal 0.93702 0.335273 -0.0979031
    outer loop
      vertex 0.091388 0.0378541 -0.014673
      vertex 0.0922767 0.0382222 -0.00490677
      vertex 0.0955788 0.0289935 -0.00490677
    endloop
  endfacet
  facet normal 0.899649 0.425496 -0.097903
    outer loop
      vertex 0.091388 0.0378541 -0.014673
      vertex 0.0872376 0.0466295 -0.014673
      vertex 0.0922767 0.0382222 -0.00490677
    endloop
  endfacet
  facet normal 0.899647 0.425501 -0.0978978
    outer loop
      vertex 0.0872376 0.0466295 -0.014673
      vertex 0.0880859 0.0470829 -0.00490677
      vertex 0.0922767 0.0382222 -0.00490677
    endloop
  endfacet
  facet normal 0.853605 0.511638 -0.0978976
    outer loop
      vertex 0.0872376 0.0466295 -0.014673
      vertex 0.082247 0.0549557 -0.014673
      vertex 0.0880859 0.0470829 -0.00490677
    endloop
  endfacet
  facet normal 0.853607 0.511634 -0.0979019
    outer loop
      vertex 0.082247 0.0549557 -0.014673
      vertex 0.0830468 0.0554901 -0.00490677
      vertex 0.0880859 0.0470829 -0.00490677
    endloop
  endfacet
  facet normal 0.799351 0.592834 -0.0979018
    outer loop
      vertex 0.082247 0.0549557 -0.014673
      vertex 0.0764644 0.0627527 -0.014673
      vertex 0.0830468 0.0554901 -0.00490677
    endloop
  endfacet
  facet normal 0.799348 0.59284 -0.0978951
    outer loop
      vertex 0.0764644 0.0627527 -0.014673
      vertex 0.0772079 0.0633629 -0.00490677
      vertex 0.0830468 0.0554901 -0.00490677
    endloop
  endfacet
  facet normal 0.737387 0.668339 -0.0978953
    outer loop
      vertex 0.0764644 0.0627527 -0.014673
      vertex 0.0699453 0.0699453 -0.014673
      vertex 0.0772079 0.0633629 -0.00490677
    endloop
  endfacet
  facet normal 0.737393 0.66833 -0.0979061
    outer loop
      vertex 0.0699453 0.0699453 -0.014673
      vertex 0.0706255 0.0706255 -0.00490677
      vertex 0.0772079 0.0633629 -0.00490677
    endloop
  endfacet
  facet normal 0.668339 0.737386 -0.0979061
    outer loop
      vertex 0.0699453 0.0699453 -0.014673
      vertex 0.0627527 0.0764644 -0.014673
      vertex 0.0706255 0.0706255 -0.00490677
    endloop
  endfacet
  facet normal 0.668331 0.737394 -0.0978953
    outer loop
      vertex 0.0627527 0.0764644 -0.014673
      vertex 0.0633629 0.0772079 -0.00490677
      vertex 0.0706255 0.0706255 -0.00490677
    endloop
  endfacet
  facet normal 0.592835 0.799352 -0.0978951
    outer loop
      vertex 0.0627527 0.0764644 -0.014673
      vertex 0.0549557 0.082247 -0.014673
      vertex 0.0633629 0.0772079 -0.00490677
    endloop
  endfacet
  facet normal 0.59284 0.799347 -0.0979018
    outer loop
      vertex 0.0549557 0.082247 -0.014673
      vertex 0.0554901 0.0830468 -0.00490677
      vertex 0.0633629 0.0772079 -0.00490677
    endloop
  endfacet
  facet normal 0.511638 0.853605 -0.0979019
    outer loop
      vertex 0.0549557 0.082247 -0.014673
      vertex 0.0466295 0.0872376 -0.014673
      vertex 0.0554901 0.0830468 -0.00490677
    endloop
  endfacet
  facet normal 0.511635 0.853608 -0.0978976
    outer loop
      vertex 0.0466295 0.0872376 -0.014673
      vertex 0.0470829 0.0880859 -0.00490677
      vertex 0.0554901 0.0830468 -0.00490677
    endloop
  endfacet
  facet normal 0.425497 0.899649 -0.0978978
    outer loop
      vertex 0.0466295 0.0872376 -0.014673
      vertex 0.0378541 0.091388 -0.014673
      vertex 0.0470829 0.0880859 -0.00490677
    endloop
  endfacet
  facet normal 0.425501 0.899646 -0.097903
    outer loop
      vertex 0.0378541 0.091388 -0.014673
      vertex 0.0382222 0.0922767 -0.00490677
      vertex 0.0470829 0.0880859 -0.00490677
    endloop
  endfacet
  facet normal 0.335274 0.93702 -0.0979031
    outer loop
      vertex 0.0378541 0.091388 -0.014673
      vertex 0.0287143 0.0946583 -0.014673
      vertex 0.0382222 0.0922767 -0.00490677
    endloop
  endfacet
  facet normal 0.335273 0.93702 -0.0979022
    outer loop
      vertex 0.0287143 0.0946583 -0.014673
      vertex 0.0289935 0.0955788 -0.00490677
      vertex 0.0382222 0.0922767 -0.00490677
    endloop
  endfacet
  facet normal 0.241814 0.965371 -0.0979025
    outer loop
      vertex 0.0287143 0.0946583 -0.014673
      vertex 0.0192979 0.097017 -0.014673
      vertex 0.0289935 0.0955788 -0.00490677
    endloop
  endfacet
  facet normal 0.24181 0.965372 -0.0978982
    outer loop
      vertex 0.0192979 0.097017 -0.014673
      vertex 0.0194855 0.0979604 -0.00490677
      vertex 0.0289935 0.0955788 -0.00490677
    endloop
  endfacet
  facet normal 0.146019 0.984426 -0.0978986
    outer loop
      vertex 0.0192979 0.097017 -0.014673
      vertex 0.00969562 0.0984413 -0.014673
      vertex 0.0194855 0.0979604 -0.00490677
    endloop
  endfacet
  facet normal 0.146025 0.984424 -0.0979045
    outer loop
      vertex 0.00969562 0.0984413 -0.014673
      vertex 0.00978991 0.0993986 -0.00490677
      vertex 0.0194855 0.0979604 -0.00490677
    endloop
  endfacet
  facet normal 0.0488304 0.993997 -0.0979045
    outer loop
      vertex 0.00969562 0.0984413 -0.014673
      vertex 0 0.0989176 -0.014673
      vertex 0.00978991 0.0993986 -0.00490677
    endloop
  endfacet
  facet normal 0.0488272 0.993998 -0.0979013
    outer loop
      vertex 0 0.0989176 -0.014673
      vertex 0 0.0998795 -0.00490677
      vertex 0.00978991 0.0993986 -0.00490677
    endloop
  endfacet
  facet normal -0.0488304 0.993997 -0.0979013
    outer loop
      vertex 0 0.0989176 -0.014673
      vertex -0.00969562 0.0984413 -0.014673
      vertex 0 0.0998795 -0.00490677
    endloop
  endfacet
  facet normal -0.0488271 0.993997 -0.0979045
    outer loop
      vertex -0.00969562 0.0984413 -0.014673
      vertex -0.00978991 0.0993986 -0.00490677
      vertex 0 0.0998795 -0.00490677
    endloop
  endfacet
  facet normal -0.146019 0.984425 -0.0979046
    outer loop
      vertex -0.00969562 0.0984413 -0.014673
      vertex -0.0192979 0.097017 -0.014673
      vertex -0.00978991 0.0993986 -0.00490677
    endloop
  endfacet
  facet normal -0.146025 0.984425 -0.0978987
    outer loop
      vertex -0.0192979 0.097017 -0.014673
      vertex -0.0194855 0.0979604 -0.00490677
      vertex -0.00978991 0.0993986 -0.00490677
    endloop
  endfacet
  facet normal -0.241814 0.965371 -0.0978981
    outer loop
      vertex -0.0192979 0.097017 -0.014673
      vertex -0.0287143 0.0946583 -0.014673
      vertex -0.0194855 0.0979604 -0.00490677
    endloop
  endfacet
  facet normal -0.24181 0.965372 -0.0979025
    outer loop
      vertex -0.0287143 0.0946583 -0.014673
      vertex -0.0289935 0.0955788 -0.00490677
      vertex -0.0194855 0.0979604 -0.00490677
    endloop
  endfacet
  facet normal -0.335274 0.93702 -0.0979022
    outer loop
      vertex -0.0287143 0.0946583 -0.014673
      vertex -0.0378541 0.091388 -0.014673
      vertex -0.0289935 0.0955788 -0.00490677
    endloop
  endfacet
  facet normal -0.335273 0.93702 -0.0979031
    outer loop
      vertex -0.0378541 0.091388 -0.014673
      vertex -0.0382222 0.0922767 -0.00490677
      vertex -0.0289935 0.0955788 -0.00490677
    endloop
  endfacet
  facet normal -0.425496 0.899649 -0.097903
    outer loop
      vertex -0.0378541 0.091388 -0.014673
      vertex -0.0466295 0.0872376 -0.014673
      vertex -0.0382222 0.0922767 -0.00490677
    endloop
  endfacet
  facet normal -0.425501 0.899647 -0.0978978
    outer loop
      vertex -0.0466295 0.0872376 -0.014673
      vertex -0.0470829 0.0880859 -0.00490677
      vertex -0.0382222 0.0922767 -0.00490677
    endloop
  endfacet
  facet normal -0.511638 0.853605 -0.0978976
    outer loop
      vertex -0.0466295 0.0872376 -0.014673
      vertex -0.0549557 0.082247 -0.014673
      vertex -0.0470829 0.0880859 -0.00490677
    endloop
  endfacet
  facet normal -0.511634 0.853607 -0.0979019
    outer loop
      vertex -0.0549557 0.082247 -0.014673
      vertex -0.0554901 0.0830468 -0.00490677
      vertex -0.0470829 0.0880859 -0.00490677
    endloop
  endfacet
  facet normal -0.592834 0.799351 -0.0979018
    outer loop
      vertex -0.0549557 0.082247 -0.014673
      vertex -0.0627527 0.0764644 -0.014673
      vertex -0.0554901 0.0830468 -0.00490677
    endloop
  endfacet
  facet normal -0.59284 0.799348 -0.0978951
    outer loop
      vertex -0.0627527 0.0764644 -0.014673
      vertex -0.0633629 0.0772079 -0.00490677
      vertex -0.0554901 0.0830468 -0.00490677
    endloop
  endfacet
  facet normal -0.668339 0.737387 -0.0978953
    outer loop
      vertex -0.0627527 0.0764644 -0.014673
      vertex -0.0699453 0.0699453 -0.014673
      vertex -0.0633629 0.0772079 -0.00490677
    endloop
  endfacet
  facet normal -0.66833 0.737393 -0.0979061
    outer loop
      vertex -0.0699453 0.0699453 -0.014673
      vertex -0.0706255 0.0706255 -0.00490677
      vertex -0.0633629 0.0772079 -0.00490677
    endloop
  endfacet
  facet normal -0.737386 0.668339 -0.0979061
    outer loop
      vertex -0.0699453 0.0699453 -0.014673
      vertex -0.0764644 0.0627527 -0.014673
      vertex -0.0706255 0.0706255 -0.00490677
    endloop
  endfacet
  facet normal -0.737394 0.668331 -0.0978953
    outer loop
      vertex -0.0764644 0.0627527 -0.014673
      vertex -0.0772079 0.0633629 -0.00490677
      vertex -0.0706255 0.0706255 -0.00490677
    endloop
  endfacet
  facet normal -0.799352 0.592835 -0.0978951
    outer loop
      vertex -0.0764644 0.0627527 -0.014673
      vertex -0.082247 0.0549557 -0.014673
      vertex -0.0772079 0.0633629 -0.00490677
    endloop
  endfacet
  facet normal -0.799347 0.59284 -0.0979018
    outer loop
      vertex -0.082247 0.0549557 -0.014673
      vertex -0.0830468 0.0554901 -0.00490677
      vertex -0.0772079 0.0633629 -0.00490677
    endloop
  endfacet
  facet normal -0.853605 0.511638 -0.0979019
    outer loop
      vertex -0.082247 0.0549557 -0.014673
      vertex -0.0872376 0.0466295 -0.014673
      vertex -0.0830468 0.0554901 -0.00490677
    endloop
  endfacet
  facet normal -0.853608 0.511635 -0.0978976
    outer loop
      vertex -0.0872376 0.0466295 -0.014673
      vertex -0.0880859 0.0470829 -0.00490677
      vertex -0.0830468 0.0554901 -0.00490677
    endloop
  endfacet
  facet normal -0.899649 0.425497 -0.0978978
    outer loop
      vertex -0.0872376 0.0466295 -0.014673
      vertex -0.091388 0.0378541 -0.014673
      vertex -0.0880859 0.0470829 -0.00490677
    endloop
  endfacet
  facet normal -0.899646 0.425501 -0.097903
    outer loop
      vertex -0.091388 0.0378541 -0.014673
      vertex -0.0922767 0.0382222 -0.00490677
      vertex -0.0880859 0.0470829 -0.00490677
    endloop
  endfacet
  facet normal -0.93702 0.335274 -0.0979031
    outer loop
      vertex -0.091388 0.0378541 -0.014673
      vertex -0.0946583 0.0287143 -0.014673
      vertex -0.0922767 0.0382222 -0.00490677
    endloop
  endfacet
  facet normal -0.93702 0.335273 -0.0979022
    outer loop
      vertex -0.0946583 0.0287143 -0.014673
      vertex -0.0955788 0.0289935 -0.00490677
      vertex -0.0922767 0.0382222 -0.00490677
    endloop
  endfacet
  facet normal -0.965371 0.241814 -0.0979025
    outer loop
      vertex -0.0946583 0.0287143 -0.014673
      vertex -0.097017 0.0192979 -0.014673
      vertex -0.0955788 0.0289935 -0.00490677
    endloop
  endfacet
  facet normal -0.965372 0.24181 -0.0978982
    outer loop
      vertex -0.097017 0.0192979 -0.014673
      vertex -0.0979604 0.0194855 -0.00490677
      vertex -0.0955788 0.0289935 -0.00490677
    endloop
  endfacet
  facet normal -0.984426 0.146019 -0.0978986
    outer loop
      vertex -0.097017 0.0192979 -0.014673
      vertex -0.0984413 0.00969562 -0.014673
      vertex -0.0979604 0.0194855 -0.00490677
    endloop
  endfacet
  facet normal -0.984424 0.146025 -0.0979045
    outer loop
      vertex -0.0984413 0.00969562 -0.014673
      vertex -0.0993986 0.00978991 -0.00490677
      vertex -0.0979604 0.0194855 -0.00490677
    endloop
  endfacet
  facet normal -0.993997 0.0488304 -0.0979045
    outer loop
      vertex -0.0984413 0.00969562 -0.014673
      vertex -0.0989176 -0 -0.014673
      vertex -0.0993986 0.00978991 -0.00490677
    endloop
  endfacet
  facet normal -0.993998 0.0488272 -0.0979013
    outer loop
      vertex -0.0989176 -0 -0.014673
      vertex -0.0998795 -0 -0.00490677
      vertex -0.0993986 0.00978991 -0.00490677
    endloop
  endfacet
  facet normal -0.993997 -0.0488304 -0.0979013
    outer loop
      vertex -0.0989176 -0 -0.014673
      vertex -0.0984413 -0.00969562 -0.014673
      vertex -0.0998795 -0 -0.00490677
    endloop
  endfacet
  facet normal -0.993997 -0.0488271 -0.0979045
    outer loop
      vertex -0.0984413 -0.00969562 -0.014673
      vertex -0.0993986 -0.00978991 -0.00490677
      vertex -0.0998795 -0 -0.00490677
    endloop
  endfacet
  facet normal -0.984425 -0.146019 -0.0979046
    outer loop
      vertex -0.0984413 -0.00969562 -0.014673
      vertex -0.097017 -0.0192979 -0.014673
      vertex -0.0993986 -0.00978991 -0.00490677
    endloop
  endfacet
  facet normal -0.984425 -0.146025 -0.0978987
    outer loop
      vertex -0.097017 -0.0192979 -0.014673
      vertex -0.0979604 -0.0194855 -0.00490677
      vertex -0.0993986 -0.00978991 -0.00490677
    endloop
  endfacet
  facet normal -0.965371 -0.241814 -0.0978981
    outer loop
      vertex -0.097017 -0.0192979 -0.014673
      vertex -0.0946583 -0.0287143 -0.014673
      vertex -0.0979604 -0.0194855 -0.00490677
    endloop
  endfacet
  facet normal -0.965372 -0.24181 -0.0979025
    outer loop
      vertex -0.0946583 -0.0287143 -0.014673
      vertex -0.0955788 -0.0289935 -0.00490677
      vertex -0.0979604 -0.0194855 -0.00490677
    endloop
  endfacet
  facet normal -0.93702 -0.335274 -0.0979022
    outer loop
      vertex -0.0946583 -0.0287143 -0.014673
      vertex -0.091388 -0.0378541 -0.014673
      vertex -0.0955788 -0.0289935 -0.00490677
    endloop
  endfacet
  facet normal -0.93702 -0.335273 -0.0979031
    outer loop
      vertex -0.091388 -0.0378541 -0.014673
      vertex -0.0922767 -0.0382222 -0.00490677
      vertex -0.0955788 -0.0289935 -0.00490677
    endloop
  endfacet
  facet normal -0.899649 -0.425496 -0.097903
    outer loop
      vertex -0.091388 -0.0378541 -0.014673
      vertex -0.0872376 -0.0466295 -0.014673
      vertex -0.0922767 -0.0382222 -0.00490677
    endloop
  endfacet
  facet normal -0.899647 -0.425501 -0.0978978
    outer loop
      vertex -0.0872376 -0.0466295 -0.014673
      vertex -0.0880859 -0.0470829 -0.00490677
      vertex -0.0922767 -0.0382222 -0.00490677
    endloop
  endfacet
  facet normal -0.853605 -0.511638 -0.0978976
    outer loop
      vertex -0.0872376 -0.0466295 -0.014673
      vertex -0.082247 -0.0549557 -0.014673
      vertex -0.0880859 -0.0470829 -0.00490677
    endloop
  endfacet
  facet normal -0.853607 -0.511634 -0.0979019
    outer loop
      vertex -0.082247 -0.0549557 -0.014673
      vertex -0.0830468 -0.0554901 -0.00490677
      vertex -0.0880859 -0.0470829 -0.00490677
    endloop
  endfacet
  facet normal -0.799351 -0.592834 -0.0979018
    outer loop
      vertex -0.082247 -0.0549557 -0.014673
      vertex -0.0764644 -0.0627527 -0.014673
      vertex -0.0830468 -0.0554901 -0.00490677
    endloop
  endfacet
  facet normal -0.799348 -0.59284 -0.0978951
    outer loop
      vertex -0.0764644 -0.0627527 -0.014673
      vertex -0.0772079 -0.0633629 -0.00490677
      vertex -0.0830468 -0.0554901 -0.00490677
    endloop
  endfacet
  facet normal -0.737387 -0.668339 -0.0978953
    outer loop
      vertex -0.0764644 -0.0627527 -0.014673
      vertex -0.0699453 -0.0699453 -0.014673
      vertex -0.0772079 -0.0633629 -0.00490677
    endloop
  endfacet
  facet normal -0.737393 -0.66833 -0.0979061
    outer loop
      vertex -0.0699453 -0.0699453 -0.014673
      vertex -0.0706255 -0.0706255 -0.00490677
      vertex -0.0772079 -0.0633629 -0.00490677
    endloop
  endfacet
  facet normal -0.668339 -0.737386 -0.0979061
    outer loop
      vertex -0.0699453 -0.0699453 -0.014673
      vertex -0.0627527 -0.0764644 -0.014673
      vertex -0.0706255 -0.0706255 -0.00490677
    endloop
  endfacet
  facet normal -0.668331 -0.737394 -0.0978953
    outer loop
      vertex -0.0627527 -0.0764644 -0.014673
      vertex -0.0633629 -0.0772079 -0.00490677
      vertex -0.0706255 -0.0706255 -0.00490677
    endloop
  endfacet
  facet normal -0.592835 -0.799352 -0.0978951
    outer loop
      vertex -0.0627527 -0.0764644 -0.014673
      vertex -0.0549557 -0.082247 -0.014673
      vertex -0.0633629 -0.0772079 -0.00490677
    endloop
  endfacet
  facet normal -0.59284 -0.799347 -0.0979018
    outer loop
      vertex -0.0549557 -0.082247 -0.014673
      vertex -0.0554901 -0.0830468 -0.00490677
      vertex -0.0633629 -0.0772079 -0.00490677
    endloop
  endfacet
  facet normal -0.511638 -0.853605 -0.0979019
    outer loop
      vertex -0.0549557 -0.082247 -0.014673
      vertex -0.0466295 -0.0872376 -0.014673
      vertex -0.0554901 -0.0830468 -0.00490677
    endloop
  endfacet
  facet normal -0.511635 -0.853608 -0.0978976
    outer loop
      vertex -0.0466295 -0.0872376 -0.014673
      vertex -0.0470829 -0.0880859 -0.00490677
      vertex -0.0554901 -0.0830468 -0.00490677
    endloop
  endfacet
  facet normal -0.425497 -0.899649 -0.0978978
    outer loop
      vertex -0.0466295 -0.0872376 -0.014673
      vertex -0.0378541 -0.091388 -0.014673
      vertex -0.0470829 -0.0880859 -0.00490677
    endloop
  endfacet
  facet normal -0.425501 -0.899646 -0.097903
    outer loop
      vertex -0.0378541 -0.091388 -0.014673
      vertex -0.0382222 -0.0922767 -0.00490677
      vertex -0.0470829 -0.0880859 -0.00490677
    endloop
  endfacet
  facet normal -0.335274 -0.93702 -0.0979031
    outer loop
      vertex -0.0378541 -0.091388 -0.014673
      vertex -0.0287143 -0.0946583 -0.014673
      vertex -0.0382222 -0.0922767 -0.00490677
    endloop
  endfacet
  facet normal -0.335273 -0.93702 -0.0979022
    outer loop
      vertex -0.0287143 -0.0946583 -0.014673
      vertex -0.0289935 -0.0955788 -0.00490677
      vertex -0.0382222 -0.0922767 -0.00490677
    endloop
  endfacet
  facet normal -0.241814 -0.965371 -0.0979025
    outer loop
      vertex -0.0287143 -0.0946583 -0.014673
      vertex -0.0192979 -0.097017 -0.014673
      vertex -0.0289935 -0.0955788 -0.00490677
    endloop
  endfacet
  facet normal -0.24181 -0.965372 -0.0978982
    outer loop
      vertex -0.0192979 -0.097017 -0.014673
      vertex -0.0194855 -0.0979604 -0.00490677
      vertex -0.0289935 -0.0955788 -0.00490677
    endloop
  endfacet
  facet normal -0.146019 -0.984426 -0.0978986
    outer loop
      vertex -0.0192979 -0.097017 -0.014673
      vertex -0.00969562 -0.0984413 -0.014673
      vertex -0.0194855 -0.0979604 -0.00490677
    endloop
  endfacet
  facet normal -0.146025 -0.984424 -0.0979045
    outer loop
      vertex -0.00969562 -0.0984413 -0.014673
      vertex -0.00978991 -0.0993986 -0.00490677
      vertex -0.0194855 -0.0979604 -0.00490677
    endloop
  endfacet
  facet normal -0.0488304 -0.993997 -0.0979045
    outer loop
      vertex -0.00969562 -0.0984413 -0.014673
      vertex -0 -0.0989176 -0.014673
      vertex -0.00978991 -0.0993986 -0.00490677
    endloop
  endfacet
  facet normal -0.0488272 -0.993998 -0.0979013
    outer loop
      vertex -0 -0.0989176 -0.014673
      vertex -0 -0.0998795 -0.00490677
      vertex -0.00978991 -0.0993986 -0.00490677
    endloop
  endfacet
  facet normal 0.0488304 -0.993997 -0.0979013
    outer loop
      vertex -0 -0.0989176 -0.014673
      vertex 0.00969562 -0.0984413 -0.014673
      vertex -0 -0.0998795 -0.00490677
    endloop
  endfacet
  facet normal 0.0488271 -0.993997 -0.0979045
    outer loop
      vertex 0.00969562 -0.0984413 -0.014673
      vertex 0.00978991 -0.0993986 -0.00490677
      vertex -0 -0.0998795 -0.00490677
    endloop
  endfacet
  facet normal 0.146019 -0.984425 -0.0979046
    outer loop
      vertex 0.00969562 -0.0984413 -0.014673
      vertex 0.0192979 -0.097017 -0.014673
      vertex 0.00978991 -0.0993986 -0.00490677
    endloop
  endfacet
  facet normal 0.146025 -0.984425 -0.0978987
    outer loop
      vertex 0.0192979 -0.097017 -0.014673
      vertex 0.0194855 -0.0979604 -0.00490677
      vertex 0.00978991 -0.0993986 -0.00490677
    endloop
  endfacet
  facet normal 0.241814 -0.965371 -0.0978981
    outer loop
      vertex 0.0192979 -0.097017 -0.014673
      vertex 0.0287143 -0.0946583 -0.014673
      vertex 0.0194855 -0.0979604 -0.00490677
    endloop
  endfacet
  facet normal 0.24181 -0.965372 -0.0979025
    outer loop
      vertex 0.0287143 -0.0946583 -0.014673
      vertex 0.0289935 -0.0955788 -0.00490677
      vertex 0.0194855 -0.0979604 -0.00490677
    endloop
  endfacet
  facet normal 0.335274 -0.93702 -0.0979022
    outer loop
      vertex 0.0287143 -0.0946583 -0.014673
      vertex 0.0378541 -0.091388 -0.014673
      vertex 0.0289935 -0.0955788 -0.00490677
    endloop
  endfacet
  facet normal 0.335273 -0.93702 -0.0979031
    outer loop
      vertex 0.0378541 -0.091388 -0.014673
      vertex 0.0382222 -0.0922767 -0.00490677
      vertex 0.0289935 -0.0955788 -0.00490677
    endloop
  endfacet
  facet normal 0.425496 -0.899649 -0.097903
    outer loop
      vertex 0.0378541 -0.091388 -0.014673
      vertex 0.0466295 -0.0872376 -0.014673
      vertex 0.0382222 -0.0922767 -0.00490677
    endloop
  endfacet
  facet normal 0.425501 -0.899647 -0.0978978
    outer loop
      vertex 0.0466295 -0.0872376 -0.014673
      vertex 0.0470829 -0.0880859 -0.00490677
      vertex 0.0382222 -0.0922767 -0.00490677
    endloop
  endfacet
  facet normal 0.511638 -0.853605 -0.0978976
    outer loop
      vertex 0.0466295 -0.0872376 -0.014673
      vertex 0.0549557 -0.082247 -0.014673
      vertex 0.0470829 -0.0880859 -0.00490677
    endloop
  endfacet
  facet normal 0.511634 -0.853607 -0.0979019
    outer loop
      vertex 0.0549557 -0.082247 -0.014673
      vertex 0.0554901 -0.0830468 -0.00490677
      vertex 0.0470829 -0.0880859 -0.00490677
    endloop
  endfacet
  facet normal 0.592834 -0.799351 -0.0979018
    outer loop
      vertex 0.0549557 -0.082247 -0.014673
      vertex 0.0627527 -0.0764644 -0.014673
      vertex 0.0554901 -0.0830468 -0.00490677
    endloop
  endfacet
  facet normal 0.59284 -0.799348 -0.0978951
    outer loop
      vertex 0.0627527 -0.0764644 -0.014673
      vertex 0.0633629 -0.0772079 -0.00490677
      vertex 0.0554901 -0.0830468 -0.00490677
    endloop
  endfacet
  facet normal 0.668339 -0.737387 -0.0978953
    outer loop
      vertex 0.0627527 -0.0764644 -0.014673
      vertex 0.0699453 -0.0699453 -0.014673
      vertex 0.0633629 -0.0772079 -0.00490677
    endloop
  endfacet
  facet normal 0.66833 -0.737393 -0.0979061
    outer loop
      vertex 0.0699453 -0.0699453 -0.014673
      vertex 0.0706255 -0.0706255 -0.00490677
      vertex 0.0633629 -0.0772079 -0.00490677
    endloop
  endfacet
  facet normal 0.737386 -0.668339 -0.0979061
    outer loop
      vertex 0.0699453 -0.0699453 -0.014673
      vertex 0.0764644 -0.0627527 -0.014673
      vertex 0.0706255 -0.0706255 -0.00490677
    endloop
  endfacet
  facet normal 0.737394 -0.668331 -0.0978953
    outer loop
      vertex 0.0764644 -0.0627527 -0.014673
      vertex 0.0772079 -0.0633629 -0.00490677
      vertex 0.0706255 -0.0706255 -0.00490677
    endloop
  endfacet
  facet normal 0.799352 -0.592835 -0.0978951
    outer loop
      vertex 0.0764644 -0.0627527 -0.014673
      vertex 0.082247 -0.0549557 -0.014673
      vertex 0.0772079 -0.0633629 -0.00490677
    endloop
  endfacet
  facet normal 0.799347 -0.59284 -0.0979018
    outer loop
      vertex 0.082247 -0.0549557 -0.014673
      vertex 0.0830468 -0.0554901 -0.00490677
      vertex 0.0772079 -0.0633629 -0.00490677
    endloop
  endfacet
  facet normal 0.853605 -0.511638 -0.0979019
    outer loop
      vertex 0.082247 -0.0549557 -0.014673
      vertex 0.0872376 -0.0466295 -0.014673
      vertex 0.0830468 -0.0554901 -0.00490677
    endloop
  endfacet
  facet normal 0.853608 -0.511635 -0.0978976
    outer loop
      vertex 0.0872376 -0.0466295 -0.014673
      vertex 0.0880859 -0.0470829 -0.00490677
      vertex 0.0830468 -0.0554901 -0.00490677
    endloop
  endfacet
  facet normal 0.899649 -0.425497 -0.0978978
    outer loop
      vertex 0.0872376 -0.0466295 -0.014673
      vertex 0.091388 -0.0378541 -0.014673
      vertex 0.0880859 -0.0470829 -0.00490677
    endloop
  endfacet
  facet normal 0.899646 -0.425501 -0.097903
    outer loop
      vertex 0.091388 -0.0378541 -0.014673
      vertex 0.0922767 -0.0382222 -0.00490677
      vertex 0.0880859 -0.0470829 -0.00490677
    endloop
  endfacet
  facet normal 0.93702 -0.335274 -0.0979031
    outer loop
      vertex 0.091388 -0.0378541 -0.014673
      vertex 0.0946583 -0.0287143 -0.014673
      vertex 0.0922767 -0.0382222 -0.00490677
    endloop
  endfacet
  facet normal 0.93702 -0.335273 -0.0979022
    outer loop
      vertex 0.0946583 -0.0287143 -0.014673
      vertex 0.0955788 -0.0289935 -0.00490677
      vertex 0.0922767 -0.0382222 -0.00490677
    endloop
  endfacet
  facet normal 0.965371 -0.241814 -0.0979025
    outer loop
      vertex 0.0946583 -0.0287143 -0.014673
      vertex 0.097017 -0.0192979 -0.014673
      vertex 0.0955788 -0.0289935 -0.00490677
    endloop
  endfacet
  facet normal 0.965372 -0.24181 -0.0978982
    outer loop
      vertex 0.097017 -0.0192979 -0.014673
      vertex 0.0979604 -0.0194855 -0.00490677
      vertex 0.0955788 -0.0289935 -0.00490677
    endloop
  endfacet
  facet normal 0.984426 -0.146019 -0.0978986
    outer loop
      vertex 0.097017 -0.0192979 -0.014673
      vertex 0.0984413 -0.00969562 -0.014673
      vertex 0.0979604 -0.0194855 -0.00490677
    endloop
  endfacet
  facet normal 0.984424 -0.146025 -0.0979045
    outer loop
      vertex 0.0984413 -0.00969562 -0.014673
      vertex 0.0993986 -0.00978991 -0.00490677
      vertex 0.0979604 -0.0194855 -0.00490677
    endloop
  endfacet
  facet normal 0.993997 -0.0488304 -0.0979045
    outer loop
      vertex 0.0984413 -0.00969562 -0.014673
      vertex 0.0989176 0 -0.014673
      vertex 0.0993986 -0.00978991 -0.00490677
    endloop
  endfacet
  facet normal 0.993998 -0.0488272 -0.0979013
    outer loop
      vertex 0.0989176 0 -0.014673
      vertex 0.0998795 0 -0.00490677
      vertex 0.0993986 -0.00978991 -0.00490677
    endloop
  endfacet
  facet normal 0.979649 0.0481274 -0.194861
    outer loop
      vertex 0.0970031 0 -0.024298
      vertex 0.096536 0.00950797 -0.024298
      vertex 0.0989176 0 -0.014673
    endloop
  endfacet
  facet normal 0.979649 0.0481255 -0.194863
    outer loop
      vertex 0.096536 0.00950797 -0.024298
      vertex 0.0984413 0.00969562 -0.014673
      vertex 0.0989176 0 -0.014673
    endloop
  endfacet
  facet normal 0.970214 0.143918 -0.194863
    outer loop
      vertex 0.096536 0.00950797 -0.024298
      vertex 0.0951392 0.0189244 -0.024298
      vertex 0.0984413 0.00969562 -0.014673
    endloop
  endfacet
  facet normal 0.970214 0.143911 -0.194869
    outer loop
      vertex 0.0951392 0.0189244 -0.024298
      vertex 0.097017 0.0192979 -0.014673
      vertex 0.0984413 0.00969562 -0.014673
    endloop
  endfacet
  facet normal 0.951436 0.23832 -0.194869
    outer loop
      vertex 0.0951392 0.0189244 -0.024298
      vertex 0.0928262 0.0281585 -0.024298
      vertex 0.097017 0.0192979 -0.014673
    endloop
  endfacet
  facet normal 0.951435 0.238324 -0.194866
    outer loop
      vertex 0.0928262 0.0281585 -0.024298
      vertex 0.0946583 0.0287143 -0.014673
      vertex 0.097017 0.0192979 -0.014673
    endloop
  endfacet
  facet normal 0.923495 0.33043 -0.194866
    outer loop
      vertex 0.0928262 0.0281585 -0.024298
      vertex 0.0896192 0.0371215 -0.024298
      vertex 0.0946583 0.0287143 -0.014673
    endloop
  endfacet
  facet normal 0.923494 0.330434 -0.194863
    outer loop
      vertex 0.0896192 0.0371215 -0.024298
      vertex 0.091388 0.0378541 -0.014673
      vertex 0.0946583 0.0287143 -0.014673
    endloop
  endfacet
  facet normal 0.88666 0.419359 -0.194862
    outer loop
      vertex 0.0896192 0.0371215 -0.024298
      vertex 0.0855491 0.045727 -0.024298
      vertex 0.091388 0.0378541 -0.014673
    endloop
  endfacet
  facet normal 0.886662 0.419354 -0.194867
    outer loop
      vertex 0.0855491 0.045727 -0.024298
      vertex 0.0872376 0.0466295 -0.014673
      vertex 0.091388 0.0378541 -0.014673
    endloop
  endfacet
  facet normal 0.841286 0.504246 -0.194867
    outer loop
      vertex 0.0855491 0.045727 -0.024298
      vertex 0.0806552 0.053892 -0.024298
      vertex 0.0872376 0.0466295 -0.014673
    endloop
  endfacet
  facet normal 0.841284 0.504253 -0.19486
    outer loop
      vertex 0.0806552 0.053892 -0.024298
      vertex 0.082247 0.0549557 -0.014673
      vertex 0.0872376 0.0466295 -0.014673
    endloop
  endfacet
  facet normal 0.787808 0.584285 -0.194861
    outer loop
      vertex 0.0806552 0.053892 -0.024298
      vertex 0.0749844 0.0615381 -0.024298
      vertex 0.082247 0.0549557 -0.014673
    endloop
  endfacet
  facet normal 0.787812 0.584276 -0.19487
    outer loop
      vertex 0.0749844 0.0615381 -0.024298
      vertex 0.0764644 0.0627527 -0.014673
      vertex 0.082247 0.0549557 -0.014673
    endloop
  endfacet
  facet normal 0.726753 0.658678 -0.19487
    outer loop
      vertex 0.0749844 0.0615381 -0.024298
      vertex 0.0685916 0.0685916 -0.024298
      vertex 0.0764644 0.0627527 -0.014673
    endloop
  endfacet
  facet normal 0.726743 0.658693 -0.194853
    outer loop
      vertex 0.0685916 0.0685916 -0.024298
      vertex 0.0699453 0.0699453 -0.014673
      vertex 0.0764644 0.0627527 -0.014673
    endloop
  endfacet
  facet normal 0.65868 0.726755 -0.194853
    outer loop
      vertex 0.0685916 0.0685916 -0.024298
      vertex 0.0615381 0.0749844 -0.024298
      vertex 0.0699453 0.0699453 -0.014673
    endloop
  endfacet
  facet normal 0.658691 0.726741 -0.19487
    outer loop
      vertex 0.0615381 0.0749844 -0.024298
      vertex 0.0627527 0.0764644 -0.014673
      vertex 0.0699453 0.0699453 -0.014673
    endloop
  endfacet
  facet normal 0.584284 0.787806 -0.19487
    outer loop
      vertex 0.0615381 0.0749844 -0.024298
      vertex 0.053892 0.0806552 -0.024298
      vertex 0.0627527 0.0764644 -0.014673
    endloop
  endfacet
  facet normal 0.584277 0.787813 -0.194861
    outer loop
      vertex 0.053892 0.0806552 -0.024298
      vertex 0.0549557 0.082247 -0.014673
      vertex 0.0627527 0.0764644 -0.014673
    endloop
  endfacet
  facet normal 0.504247 0.841287 -0.19486
    outer loop
      vertex 0.053892 0.0806552 -0.024298
      vertex 0.045727 0.0855491 -0.024298
      vertex 0.0549557 0.082247 -0.014673
    endloop
  endfacet
  facet normal 0.504252 0.841283 -0.194867
    outer loop
      vertex 0.045727 0.0855491 -0.024298
      vertex 0.0466295 0.0872376 -0.014673
      vertex 0.0549557 0.082247 -0.014673
    endloop
  endfacet
  facet normal 0.419359 0.886659 -0.194867
    outer loop
      vertex 0.045727 0.0855491 -0.024298
      vertex 0.0371215 0.0896192 -0.024298
      vertex 0.0466295 0.0872376 -0.014673
    endloop
  endfacet
  facet normal 0.419355 0.886663 -0.194862
    outer loop
      vertex 0.0371215 0.0896192 -0.024298
      vertex 0.0378541 0.091388 -0.014673
      vertex 0.0466295 0.0872376 -0.014673
    endloop
  endfacet
  facet normal 0.330431 0.923496 -0.194863
    outer loop
      vertex 0.0371215 0.0896192 -0.024298
      vertex 0.0281585 0.0928262 -0.024298
      vertex 0.0378541 0.091388 -0.014673
    endloop
  endfacet
  facet normal 0.330434 0.923494 -0.194866
    outer loop
      vertex 0.0281585 0.0928262 -0.024298
      vertex 0.0287143 0.0946583 -0.014673
      vertex 0.0378541 0.091388 -0.014673
    endloop
  endfacet
  facet normal 0.23832 0.951436 -0.194866
    outer loop
      vertex 0.0281585 0.0928262 -0.024298
      vertex 0.0189244 0.0951392 -0.024298
      vertex 0.0287143 0.0946583 -0.014673
    endloop
  endfacet
  facet normal 0.238323 0.951435 -0.194869
    outer loop
      vertex 0.0189244 0.0951392 -0.024298
      vertex 0.0192979 0.097017 -0.014673
      vertex 0.0287143 0.0946583 -0.014673
    endloop
  endfacet
  facet normal 0.143918 0.970213 -0.19487
    outer loop
      vertex 0.0189244 0.0951392 -0.024298
      vertex 0.00950797 0.096536 -0.024298
      vertex 0.0192979 0.097017 -0.014673
    endloop
  endfacet
  facet normal 0.143911 0.970215 -0.194863
    outer loop
      vertex 0.00950797 0.096536 -0.024298
      vertex 0.00969562 0.0984413 -0.014673
      vertex 0.0192979 0.097017 -0.014673
    endloop
  endfacet
  facet normal 0.0481274 0.979649 -0.194863
    outer loop
      vertex 0.00950797 0.096536 -0.024298
      vertex 0 0.0970031 -0.024298
      vertex 0.00969562 0.0984413 -0.014673
    endloop
  endfacet
  facet normal 0.0481255 0.979649 -0.194861
    outer loop
      vertex 0 0.0970031 -0.024298
      vertex 0 0.0989176 -0.014673
      vertex 0.00969562 0.0984413 -0.014673
    endloop
  endfacet
  facet normal -0.0481274 0.979649 -0.194861
    outer loop
      vertex 0 0.0970031 -0.024298
      vertex -0.00950797 0.096536 -0.024298
      vertex 0 0.0989176 -0.014673
    endloop
  endfacet
  facet normal -0.0481255 0.979649 -0.194863
    outer loop
      vertex -0.00950797 0.096536 -0.024298
      vertex -0.00969562 0.0984413 -0.014673
      vertex 0 0.0989176 -0.014673
    endloop
  endfacet
  facet normal -0.143918 0.970214 -0.194863
    outer loop
      vertex -0.00950797 0.096536 -0.024298
      vertex -0.0189244 0.0951392 -0.024298
      vertex -0.00969562 0.0984413 -0.014673
    endloop
  endfacet
  facet normal -0.143911 0.970214 -0.194869
    outer loop
      vertex -0.0189244 0.0951392 -0.024298
      vertex -0.0192979 0.097017 -0.014673
      vertex -0.00969562 0.0984413 -0.014673
    endloop
  endfacet
  facet normal -0.23832 0.951436 -0.194869
    outer loop
      vertex -0.0189244 0.0951392 -0.024298
      vertex -0.0281585 0.0928262 -0.024298
      vertex -0.0192979 0.097017 -0.014673
    endloop
  endfacet
  facet normal -0.238324 0.951435 -0.194866
    outer loop
      vertex -0.0281585 0.0928262 -0.024298
      vertex -0.0287143 0.0946583 -0.014673
      vertex -0.0192979 0.097017 -0.014673
    endloop
  endfacet
  facet normal -0.33043 0.923495 -0.194866
    outer loop
      vertex -0.0281585 0.0928262 -0.024298
      vertex -0.0371215 0.0896192 -0.024298
      vertex -0.0287143 0.0946583 -0.014673
    endloop
  endfacet
  facet normal -0.330434 0.923494 -0.194863
    outer loop
      vertex -0.0371215 0.0896192 -0.024298
      vertex -0.0378541 0.091388 -0.014673
      vertex -0.0287143 0.0946583 -0.014673
    endloop
  endfacet
  facet normal -0.419359 0.88666 -0.194862
    outer loop
      vertex -0.0371215 0.0896192 -0.024298
      vertex -0.045727 0.0855491 -0.024298
      vertex -0.0378541 0.091388 -0.014673
    endloop
  endfacet
  facet normal -0.419354 0.886662 -0.194867
    outer loop
      vertex -0.045727 0.0855491 -0.024298
      vertex -0.0466295 0.0872376 -0.014673
      vertex -0.0378541 0.091388 -0.014673
    endloop
  endfacet
  facet normal -0.504246 0.841286 -0.194867
    outer loop
      vertex -0.045727 0.0855491 -0.024298
      vertex -0.053892 0.0806552 -0.024298
      vertex -0.0466295 0.0872376 -0.014673
    endloop
  endfacet
  facet normal -0.504253 0.841284 -0.19486
    outer loop
      vertex -0.053892 0.0806552 -0.024298
      vertex -0.0549557 0.082247 -0.014673
      vertex -0.0466295 0.0872376 -0.014673
    endloop
  endfacet
  facet normal -0.584285 0.787808 -0.194861
    outer loop
      vertex -0.053892 0.0806552 -0.024298
      vertex -0.0615381 0.0749844 -0.024298
      vertex -0.0549557 0.082247 -0.014673
    endloop
  endfacet
  facet normal -0.584276 0.787812 -0.19487
    outer loop
      vertex -0.0615381 0.0749844 -0.024298
      vertex -0.0627527 0.0764644 -0.014673
      vertex -0.0549557 0.082247 -0.014673
    endloop
  endfacet
  facet normal -0.658678 0.726753 -0.19487
    outer loop
      vertex -0.0615381 0.0749844 -0.024298
      vertex -0.0685916 0.0685916 -0.024298
      vertex -0.0627527 0.0764644 -0.014673
    endloop
  endfacet
  facet normal -0.658693 0.726743 -0.194853
    outer loop
      vertex -0.0685916 0.0685916 -0.024298
      vertex -0.0699453 0.0699453 -0.014673
      vertex -0.0627527 0.0764644 -0.014673
    endloop
  endfacet
  facet normal -0.726755 0.65868 -0.194853
    outer loop
      vertex -0.0685916 0.0685916 -0.024298
      vertex -0.0749844 0.0615381 -0.024298
      vertex -0.0699453 0.0699453 -0.014673
    endloop
  endfacet
  facet normal -0.726741 0.658691 -0.19487
    outer loop
      vertex -0.0749844 0.0615381 -0.024298
      vertex -0.0764644 0.0627527 -0.014673
      vertex -0.0699453 0.0699453 -0.014673
    endloop
  endfacet
  facet normal -0.787806 0.584284 -0.19487
    outer loop
      vertex -0.0749844 0.0615381 -0.024298
      vertex -0.0806552 0.053892 -0.024298
      vertex -0.0764644 0.0627527 -0.014673
    endloop
  endfacet
  facet normal -0.787813 0.584277 -0.194861
    outer loop
      vertex -0.0806552 0.053892 -0.024298
      vertex -0.082247 0.0549557 -0.014673
      vertex -0.0764644 0.0627527 -0.014673
    endloop
  endfacet
  facet normal -0.841287 0.504247 -0.19486
    outer loop
      vertex -0.0806552 0.053892 -0.024298
      vertex -0.0855491 0.045727 -0.024298
      vertex -0.082247 0.0549557 -0.014673
    endloop
  endfacet
  facet normal -0.841283 0.504252 -0.194867
    outer loop
      vertex -0.0855491 0.045727 -0.024298
      vertex -0.0872376 0.0466295 -0.014673
      vertex -0.082247 0.0549557 -0.014673
    endloop
  endfacet
  facet normal -0.886659 0.419359 -0.194867
    outer loop
      vertex -0.0855491 0.045727 -0.024298
      vertex -0.0896192 0.0371215 -0.024298
      vertex -0.0872376 0.0466295 -0.014673
    endloop
  endfacet
  facet normal -0.886663 0.419355 -0.194862
    outer loop
      vertex -0.0896192 0.0371215 -0.024298
      vertex -0.091388 0.0378541 -0.014673
      vertex -0.0872376 0.0466295 -0.014673
    endloop
  endfacet
  facet normal -0.923496 0.330431 -0.194863
    outer loop
      vertex -0.0896192 0.0371215 -0.024298
      vertex -0.0928262 0.0281585 -0.024298
      vertex -0.091388 0.0378541 -0.014673
    endloop
  endfacet
  facet normal -0.923494 0.330434 -0.194866
    outer loop
      vertex -0.0928262 0.0281585 -0.024298
      vertex -0.0946583 0.0287143 -0.014673
      vertex -0.091388 0.0378541 -0.014673
    endloop
  endfacet
  facet normal -0.951436 0.23832 -0.194866
    outer loop
      vertex -0.0928262 0.0281585 -0.024298
      vertex -0.0951392 0.0189244 -0.024298
      vertex -0.0946583 0.0287143 -0.014673
    endloop
  endfacet
  facet normal -0.951435 0.238323 -0.194869
    outer loop
      vertex -0.0951392 0.0189244 -0.024298
      vertex -0.097017 0.0192979 -0.014673
      vertex -0.0946583 0.0287143 -0.014673
    endloop
  endfacet
  facet normal -0.970213 0.143918 -0.19487
    outer loop
      vertex -0.0951392 0.0189244 -0.024298
      vertex -0.096536 0.00950797 -0.024298
      vertex -0.097017 0.0192979 -0.014673
    endloop
  endfacet
  facet normal -0.970215 0.143911 -0.194863
    outer loop
      vertex -0.096536 0.00950797 -0.024298
      vertex -0.0984413 0.00969562 -0.014673
      vertex -0.097017 0.0192979 -0.014673
    endloop
  endfacet
  facet normal -0.979649 0.0481274 -0.194863
    outer loop
      vertex -0.096536 0.00950797 -0.024298
      vertex -0.0970031 -0 -0.024298
      vertex -0.0984413 0.00969562 -0.014673
    endloop
  endfacet
  facet normal -0.979649 0.0481255 -0.194861
    outer loop
      vertex -0.0970031 -0 -0.024298
      vertex -0.0989176 -0 -0.014673
      vertex -0.0984413 0.00969562 -0.014673
    endloop
  endfacet
  facet normal -0.979649 -0.0481274 -0.194861
    outer loop
      vertex -0.0970031 -0 -0.024298
      vertex -0.096536 -0.00950797 -0.024298
      vertex -0.0989176 -0 -0.014673
    endloop
  endfacet
  facet normal -0.979649 -0.0481255 -0.194863
    outer loop
      vertex -0.096536 -0.00950797 -0.024298
      vertex -0.0984413 -0.00969562 -0.014673
      vertex -0.0989176 -0 -0.014673
    endloop
  endfacet
  facet normal -0.970214 -0.143918 -0.194863
    outer loop
      vertex -0.096536 -0.00950797 -0.024298
      vertex -0.0951392 -0.0189244 -0.024298
      vertex -0.0984413 -0.00969562 -0.014673
    endloop
  endfacet
  facet normal -0.970214 -0.143911 -0.194869
    outer loop
      vertex -0.0951392 -0.0189244 -0.024298
      vertex -0.097017 -0.0192979 -0.014673
      vertex -0.0984413 -0.00969562 -0.014673
    endloop
  endfacet
  facet normal -0.951436 -0.23832 -0.194869
    outer loop
      vertex -0.0951392 -0.0189244 -0.024298
      vertex -0.0928262 -0.0281585 -0.024298
      vertex -0.097017 -0.0192979 -0.014673
    endloop
  endfacet
  facet normal -0.951435 -0.238324 -0.194866
    outer loop
      vertex -0.0928262 -0.0281585 -0.024298
      vertex -0.0946583 -0.0287143 -0.014673
      vertex -0.097017 -0.0192979 -0.014673
    endloop
  endfacet
  facet normal -0.923495 -0.33043 -0.194866
    outer loop
      vertex -0.0928262 -0.0281585 -0.024298
      vertex -0.0896192 -0.0371215 -0.024298
      vertex -0.0946583 -0.0287143 -0.014673
    endloop
  endfacet
  facet normal -0.923494 -0.330434 -0.194863
    outer loop
      vertex -0.0896192 -0.0371215 -0.024298
      vertex -0.091388 -0.0378541 -0.014673
      vertex -0.0946583 -0.0287143 -0.014673
    endloop
  endfacet
  facet normal -0.88666 -0.419359 -0.194862
    outer loop
      vertex -0.0896192 -0.0371215 -0.024298
      vertex -0.0855491 -0.045727 -0.024298
      vertex -0.091388 -0.0378541 -0.014673
    endloop
  endfacet
  facet normal -0.886662 -0.419354 -0.194867
    outer loop
      vertex -0.0855491 -0.045727 -0.024298
      vertex -0.0872376 -0.0466295 -0.014673
      vertex -0.091388 -0.0378541 -0.014673
    endloop
  endfacet
  facet normal -0.841286 -0.504246 -0.194867
    outer loop
      vertex -0.0855491 -0.045727 -0.024298
      vertex -0.0806552 -0.053892 -0.024298
      vertex -0.0872376 -0.0466295 -0.014673
    endloop
  endfacet
  facet normal -0.841284 -0.504253 -0.19486
    outer loop
      vertex -0.0806552 -0.053892 -0.024298
      vertex -0.082247 -0.0549557 -0.014673
      vertex -0.0872376 -0.0466295 -0.014673
    endloop
  endfacet
  facet normal -0.787808 -0.584285 -0.194861
    outer loop
      vertex -0.0806552 -0.053892 -0.024298
      vertex -0.0749844 -0.0615381 -0.024298
      vertex -0.082247 -0.0549557 -0.014673
    endloop
  endfacet
  facet normal -0.787812 -0.584276 -0.19487
    outer loop
      vertex -0.0749844 -0.0615381 -0.024298
      vertex -0.0764644 -0.0627527 -0.014673
      vertex -0.082247 -0.0549557 -0.014673
    endloop
  endfacet
  facet normal -0.726753 -0.658678 -0.19487
    outer loop
      vertex -0.0749844 -0.0615381 -0.024298
      vertex -0.0685916 -0.0685916 -0.024298
      vertex -0.0764644 -0.0627527 -0.014673
    endloop
  endfacet
  facet normal -0.726743 -0.658693 -0.194853
    outer loop
      vertex -0.0685916 -0.0685916 -0.024298
      vertex -0.0699453 -0.0699453 -0.014673
      vertex -0.0764644 -0.0627527 -0.014673
    endloop
  endfacet
  facet normal -0.65868 -0.726755 -0.194853
    outer loop
      vertex -0.0685916 -0.0685916 -0.024298
      vertex -0.0615381 -0.0749844 -0.024298
      vertex -0.0699453 -0.0699453 -0.014673
    endloop
  endfacet
  facet normal -0.658691 -0.726741 -0.19487
    outer loop
      vertex -0.0615381 -0.0749844 -0.024298
      vertex -0.0627527 -0.0764644 -0.014673
      vertex -0.0699453 -0.0699453 -0.014673
    endloop
  endfacet
  facet normal -0.584284 -0.787806 -0.19487
    outer loop
      vertex -0.0615381 -0.0749844 -0.024298
      vertex -0.053892 -0.0806552 -0.024298
      vertex -0.0627527 -0.0764644 -0.014673
    endloop
  endfacet
  facet normal -0.584277 -0.787813 -0.194861
    outer loop
      vertex -0.053892 -0.0806552 -0.024298
      vertex -0.0549557 -0.082247 -0.014673
      vertex -0.0627527 -0.0764644 -0.014673
    endloop
  endfacet
  facet normal -0.504247 -0.841287 -0.19486
    outer loop
      vertex -0.053892 -0.0806552 -0.024298
      vertex -0.045727 -0.0855491 -0.024298
      vertex -0.0549557 -0.082247 -0.014673
    endloop
  endfacet
  facet normal -0.504252 -0.841283 -0.194867
    outer loop
      vertex -0.045727 -0.0855491 -0.024298
      vertex -0.0466295 -0.0872376 -0.014673
      vertex -0.0549557 -0.082247 -0.014673
    endloop
  endfacet
  facet normal -0.419359 -0.886659 -0.194867
    outer loop
      vertex -0.045727 -0.0855491 -0.024298
      vertex -0.0371215 -0.0896192 -0.024298
      vertex -0.0466295 -0.0872376 -0.014673
    endloop
  endfacet
  facet normal -0.419355 -0.886663 -0.194862
    outer loop
      vertex -0.0371215 -0.0896192 -0.024298
      vertex -0.0378541 -0.091388 -0.014673
      vertex -0.0466295 -0.0872376 -0.014673
    endloop
  endfacet
  facet normal -0.330431 -0.923496 -0.194863
    outer loop
      vertex -0.0371215 -0.0896192 -0.024298
      vertex -0.0281585 -0.0928262 -0.024298
      vertex -0.0378541 -0.091388 -0.014673
    endloop
  endfacet
  facet normal -0.330434 -0.923494 -0.194866
    outer loop
      vertex -0.0281585 -0.0928262 -0.024298
      vertex -0.0287143 -0.0946583 -0.014673
      vertex -0.0378541 -0.091388 -0.014673
    endloop
  endfacet
  facet normal -0.23832 -0.951436 -0.194866
    outer loop
      vertex -0.0281585 -0.0928262 -0.024298
      vertex -0.0189244 -0.0951392 -0.024298
      vertex -0.0287143 -0.0946583 -0.014673
    endloop
  endfacet
  facet normal -0.238323 -0.951435 -0.194869
    outer loop
      vertex -0.0189244 -0.0951392 -0.024298
      vertex -0.0192979 -0.097017 -0.014673
      vertex -0.0287143 -0.0946583 -0.014673
    endloop
  endfacet
  facet normal -0.143918 -0.970213 -0.19487
    outer loop
      vertex -0.0189244 -0.0951392 -0.024298
      vertex -0.00950797 -0.096536 -0.024298
      vertex -0.0192979 -0.097017 -0.014673
    endloop
  endfacet
  facet normal -0.143911 -0.970215 -0.194863
    outer loop
      vertex -0.00950797 -0.096536 -0.024298
      vertex -0.00969562 -0.0984413 -0.014673
      vertex -0.0192979 -0.097017 -0.014673
    endloop
  endfacet
  facet normal -0.0481274 -0.979649 -0.194863
    outer loop
      vertex -0.00950797 -0.096536 -0.024298
      vertex -0 -0.0970031 -0.024298
      vertex -0.00969562 -0.0984413 -0.014673
    endloop
  endfacet
  facet normal -0.0481255 -0.979649 -0.194861
    outer loop
      vertex -0 -0.0970031 -0.024298
      vertex -0 -0.0989176 -0.014673
      vertex -0.00969562 -0.0984413 -0.014673
    endloop
  endfacet
  facet normal 0.0481274 -0.979649 -0.194861
    outer loop
      vertex -0 -0.0970031 -0.024298
      vertex 0.00950797 -0.096536 -0.024298
      vertex -0 -0.0989176 -0.014673
    endloop
  endfacet
  facet normal 0.0481255 -0.979649 -0.194863
    outer loop
      vertex 0.00950797 -0.096536 -0.024298
      vertex 0.00969562 -0.0984413 -0.014673
      vertex -0 -0.0989176 -0.014673
    endloop
  endfacet
  facet normal 0.143918 -0.970214 -0.194863
    outer loop
      vertex 0.00950797 -0.096536 -0.024298
      vertex 0.0189244 -0.0951392 -0.024298
      vertex 0.00969562 -0.0984413 -0.014673
    endloop
  endfacet
  facet normal 0.143911 -0.970214 -0.194869
    outer loop
      vertex 0.0189244 -0.0951392 -0.024298
      vertex 0.0192979 -0.097017 -0.014673
      vertex 0.00969562 -0.0984413 -0.014673
    endloop
  endfacet
  facet normal 0.23832 -0.951436 -0.194869
    outer loop
      vertex 0.0189244 -0.0951392 -0.024298
      vertex 0.0281585 -0.0928262 -0.024298
      vertex 0.0192979 -0.097017 -0.014673
    endloop
  endfacet
  facet normal 0.238324 -0.951435 -0.194866
    outer loop
      vertex 0.0281585 -0.0928262 -0.024298
      vertex 0.0287143 -0.0946583 -0.014673
      vertex 0.0192979 -0.097017 -0.014673
    endloop
  endfacet
  facet normal 0.33043 -0.923495 -0.194866
    outer loop
      vertex 0.0281585 -0.0928262 -0.024298
      vertex 0.0371215 -0.0896192 -0.024298
      vertex 0.0287143 -0.0946583 -0.014673
    endloop
  endfacet
  facet normal 0.330434 -0.923494 -0.194863
    outer loop
      vertex 0.0371215 -0.0896192 -0.024298
      vertex 0.0378541 -0.091388 -0.014673
      vertex 0.0287143 -0.0946583 -0.014673
    endloop
  endfacet
  facet normal 0.419359 -0.88666 -0.194862
    outer loop
      vertex 0.0371215 -0.0896192 -0.024298
      vertex 0.045727 -0.0855491 -0.024298
      vertex 0.0378541 -0.091388 -0.014673
    endloop
  endfacet
  facet normal 0.419354 -0.886662 -0.194867
    outer loop
      vertex 0.045727 -0.0855491 -0.024298
      vertex 0.0466295 -0.0872376 -0.014673
      vertex 0.0378541 -0.091388 -0.014673
    endloop
  endfacet
  facet normal 0.504246 -0.841286 -0.194867
    outer loop
      vertex 0.045727 -0.0855491 -0.024298
      vertex 0.053892 -0.0806552 -0.024298
      vertex 0.0466295 -0.0872376 -0.014673
    endloop
  endfacet
  facet normal 0.504253 -0.841284 -0.19486
    outer loop
      vertex 0.053892 -0.0806552 -0.024298
      vertex 0.0549557 -0.082247 -0.014673
      vertex 0.0466295 -0.0872376 -0.014673
    endloop
  endfacet
  facet normal 0.584285 -0.787808 -0.194861
    outer loop
      vertex 0.053892 -0.0806552 -0.024298
      vertex 0.0615381 -0.0749844 -0.024298
      vertex 0.0549557 -0.082247 -0.014673
    endloop
  endfacet
  facet normal 0.584276 -0.787812 -0.19487
    outer loop
      vertex 0.0615381 -0.0749844 -0.024298
      vertex 0.0627527 -0.0764644 -0.014673
      vertex 0.0549557 -0.082247 -0.014673
    endloop
  endfacet
  facet normal 0.658678 -0.726753 -0.19487
    outer loop
      vertex 0.0615381 -0.0749844 -0.024298
      vertex 0.0685916 -0.0685916 -0.024298
      vertex 0.0627527 -0.0764644 -0.014673
    endloop
  endfacet
  facet normal 0.658693 -0.726743 -0.194853
    outer loop
      vertex 0.0685916 -0.0685916 -0.024298
      vertex 0.0699453 -0.0699453 -0.014673
      vertex 0.0627527 -0.0764644 -0.014673
    endloop
  endfacet
  facet normal 0.726755 -0.65868 -0.194853
    outer loop
      vertex 0.0685916 -0.0685916 -0.024298
      vertex 0.0749844 -0.0615381 -0.024298
      vertex 0.0699453 -0.0699453 -0.014673
    endloop
  endfacet
  facet normal 0.726741 -0.658691 -0.19487
    outer loop
      vertex 0.0749844 -0.0615381 -0.024298
      vertex 0.0764644 -0.0627527 -0.014673
      vertex 0.0699453 -0.0699453 -0.014673
    endloop
  endfacet
  facet normal 0.787806 -0.584284 -0.19487
    outer loop
      vertex 0.0749844 -0.0615381 -0.024298
      vertex 0.0806552 -0.053892 -0.024298
      vertex 0.0764644 -0.0627527 -0.014673
    endloop
  endfacet
  facet normal 0.787813 -0.584277 -0.194861
    outer loop
      vertex 0.0806552 -0.053892 -0.024298
      vertex 0.082247 -0.0549557 -0.014673
      vertex 0.0764644 -0.0627527 -0.014673
    endloop
  endfacet
  facet normal 0.841287 -0.504247 -0.19486
    outer loop
      vertex 0.0806552 -0.053892 -0.024298
      vertex 0.0855491 -0.045727 -0.024298
      vertex 0.082247 -0.0549557 -0.014673
    endloop
  endfacet
  facet normal 0.841283 -0.504252 -0.194867
    outer loop
      vertex 0.0855491 -0.045727 -0.024298
      vertex 0.0872376 -0.0466295 -0.014673
      vertex 0.082247 -0.0549557 -0.014673
    endloop
  endfacet
  facet normal 0.886659 -0.419359 -0.194867
    outer loop
      vertex 0.0855491 -0.045727 -0.024298
      vertex 0.0896192 -0.0371215 -0.024298
      vertex 0.0872376 -0.0466295 -0.014673
    endloop
  endfacet
  facet normal 0.886663 -0.419355 -0.194862
    outer loop
      vertex 0.0896192 -0.0371215 -0.024298
      vertex 0.091388 -0.0378541 -0.014673
      vertex 0.0872376 -0.0466295 -0.014673
    endloop
  endfacet
  facet normal 0.923496 -0.330431 -0.194863
    outer loop
      vertex 0.0896192 -0.0371215 -0.024298
      vertex 0.0928262 -0.0281585 -0.024298
      vertex 0.091388 -0.0378541 -0.014673
    endloop
  endfacet
  facet normal 0.923494 -0.330434 -0.194866
    outer loop
      vertex 0.0928262 -0.0281585 -0.024298
      vertex 0.0946583 -0.0287143 -0.014673
      vertex 0.091388 -0.0378541 -0.014673
    endloop
  endfacet
  facet normal 0.951436 -0.23832 -0.194866
    outer loop
      vertex 0.0928262 -0.0281585 -0.024298
      vertex 0.0951392 -0.0189244 -0.024298
      vertex 0.0946583 -0.0287143 -0.014673
    endloop
  endfacet
  facet normal 0.951435 -0.238323 -0.194869
    outer loop
      vertex 0.0951392 -0.0189244 -0.024298
      vertex 0.097017 -0.0192979 -0.014673
      vertex 0.0946583 -0.0287143 -0.014673
    endloop
  endfacet
  facet normal 0.970213 -0.143918 -0.19487
    outer loop
      vertex 0.0951392 -0.0189244 -0.024298
      vertex 0.096536 -0.00950797 -0.024298
      vertex 0.097017 -0.0192979 -0.014673
    endloop
  endfacet
  facet normal 0.970215 -0.143911 -0.194863
    outer loop
      vertex 0.096536 -0.00950797 -0.024298
      vertex 0.0984413 -0.00969562 -0.014673
      vertex 0.097017 -0.0192979 -0.014673
    endloop
  endfacet
  facet normal 0.979649 -0.0481274 -0.194863
    outer loop
      vertex 0.096536 -0.00950797 -0.024298
      vertex 0.0970031 0 -0.024298
      vertex 0.0984413 -0.00969562 -0.014673
    endloop
  endfacet
  facet normal 0.979649 -0.0481255 -0.194861
    outer loop
      vertex 0.0970031 0 -0.024298
      vertex 0.0989176 0 -0.014673
      vertex 0.0984413 -0.00969562 -0.014673
    endloop
  endfacet
  facet normal 0.955885 0.0469618 -0.289962
    outer loop
      vertex 0.0941544 0 -0.033689
      vertex 0.093701 0.00922875 -0.033689
      vertex 0.0970031 0 -0.024298
    endloop
  endfacet
  facet normal 0.955885 0.04696 -0.289963
    outer loop
      vertex 0.093701 0.00922875 -0.033689
      vertex 0.096536 0.00950797 -0.024298
      vertex 0.0970031 0 -0.024298
    endloop
  endfacet
  facet normal 0.94668 0.14042 -0.289963
    outer loop
      vertex 0.093701 0.00922875 -0.033689
      vertex 0.0923453 0.0183686 -0.033689
      vertex 0.096536 0.00950797 -0.024298
    endloop
  endfacet
  facet normal 0.946681 0.140427 -0.289957
    outer loop
      vertex 0.0923453 0.0183686 -0.033689
      vertex 0.0951392 0.0189244 -0.024298
      vertex 0.096536 0.00950797 -0.024298
    endloop
  endfacet
  facet normal 0.928356 0.23255 -0.289957
    outer loop
      vertex 0.0923453 0.0183686 -0.033689
      vertex 0.0901001 0.0273316 -0.033689
      vertex 0.0951392 0.0189244 -0.024298
    endloop
  endfacet
  facet normal 0.928356 0.232539 -0.289967
    outer loop
      vertex 0.0901001 0.0273316 -0.033689
      vertex 0.0928262 0.0281585 -0.024298
      vertex 0.0951392 0.0189244 -0.024298
    endloop
  endfacet
  facet normal 0.901092 0.322416 -0.289966
    outer loop
      vertex 0.0901001 0.0273316 -0.033689
      vertex 0.0869873 0.0360313 -0.033689
      vertex 0.0928262 0.0281585 -0.024298
    endloop
  endfacet
  facet normal 0.901093 0.322415 -0.289967
    outer loop
      vertex 0.0869873 0.0360313 -0.033689
      vertex 0.0896192 0.0371215 -0.024298
      vertex 0.0928262 0.0281585 -0.024298
    endloop
  endfacet
  facet normal 0.865154 0.409179 -0.289968
    outer loop
      vertex 0.0869873 0.0360313 -0.033689
      vertex 0.0830368 0.0443841 -0.033689
      vertex 0.0896192 0.0371215 -0.024298
    endloop
  endfacet
  facet normal 0.865153 0.409187 -0.289961
    outer loop
      vertex 0.0830368 0.0443841 -0.033689
      vertex 0.0855491 0.045727 -0.024298
      vertex 0.0896192 0.0371215 -0.024298
    endloop
  endfacet
  facet normal 0.820877 0.492021 -0.289961
    outer loop
      vertex 0.0830368 0.0443841 -0.033689
      vertex 0.0782865 0.0523094 -0.033689
      vertex 0.0855491 0.045727 -0.024298
    endloop
  endfacet
  facet normal 0.820878 0.492014 -0.289967
    outer loop
      vertex 0.0782865 0.0523094 -0.033689
      vertex 0.0806552 0.053892 -0.024298
      vertex 0.0855491 0.045727 -0.024298
    endloop
  endfacet
  facet normal 0.768697 0.570109 -0.289966
    outer loop
      vertex 0.0782865 0.0523094 -0.033689
      vertex 0.0727823 0.0597309 -0.033689
      vertex 0.0806552 0.053892 -0.024298
    endloop
  endfacet
  facet normal 0.768697 0.570111 -0.289964
    outer loop
      vertex 0.0727823 0.0597309 -0.033689
      vertex 0.0749844 0.0615381 -0.024298
      vertex 0.0806552 0.053892 -0.024298
    endloop
  endfacet
  facet normal 0.709119 0.642706 -0.289964
    outer loop
      vertex 0.0727823 0.0597309 -0.033689
      vertex 0.0665772 0.0665772 -0.033689
      vertex 0.0749844 0.0615381 -0.024298
    endloop
  endfacet
  facet normal 0.709123 0.642699 -0.28997
    outer loop
      vertex 0.0665772 0.0665772 -0.033689
      vertex 0.0685916 0.0685916 -0.024298
      vertex 0.0749844 0.0615381 -0.024298
    endloop
  endfacet
  facet normal 0.642704 0.709118 -0.28997
    outer loop
      vertex 0.0665772 0.0665772 -0.033689
      vertex 0.0597309 0.0727823 -0.033689
      vertex 0.0685916 0.0685916 -0.024298
    endloop
  endfacet
  facet normal 0.642701 0.709124 -0.289964
    outer loop
      vertex 0.0597309 0.0727823 -0.033689
      vertex 0.0615381 0.0749844 -0.024298
      vertex 0.0685916 0.0685916 -0.024298
    endloop
  endfacet
  facet normal 0.570109 0.768698 -0.289964
    outer loop
      vertex 0.0597309 0.0727823 -0.033689
      vertex 0.0523094 0.0782865 -0.033689
      vertex 0.0615381 0.0749844 -0.024298
    endloop
  endfacet
  facet normal 0.570111 0.768696 -0.289966
    outer loop
      vertex 0.0523094 0.0782865 -0.033689
      vertex 0.053892 0.0806552 -0.024298
      vertex 0.0615381 0.0749844 -0.024298
    endloop
  endfacet
  facet normal 0.49202 0.820875 -0.289967
    outer loop
      vertex 0.0523094 0.0782865 -0.033689
      vertex 0.0443841 0.0830368 -0.033689
      vertex 0.053892 0.0806552 -0.024298
    endloop
  endfacet
  facet normal 0.492015 0.82088 -0.289961
    outer loop
      vertex 0.0443841 0.0830368 -0.033689
      vertex 0.045727 0.0855491 -0.024298
      vertex 0.053892 0.0806552 -0.024298
    endloop
  endfacet
  facet normal 0.40918 0.865156 -0.28996
    outer loop
      vertex 0.0443841 0.0830368 -0.033689
      vertex 0.0360313 0.0869873 -0.033689
      vertex 0.045727 0.0855491 -0.024298
    endloop
  endfacet
  facet normal 0.409186 0.865151 -0.289967
    outer loop
      vertex 0.0360313 0.0869873 -0.033689
      vertex 0.0371215 0.0896192 -0.024298
      vertex 0.045727 0.0855491 -0.024298
    endloop
  endfacet
  facet normal 0.322416 0.901092 -0.289967
    outer loop
      vertex 0.0360313 0.0869873 -0.033689
      vertex 0.0273316 0.0901001 -0.033689
      vertex 0.0371215 0.0896192 -0.024298
    endloop
  endfacet
  facet normal 0.322415 0.901093 -0.289966
    outer loop
      vertex 0.0273316 0.0901001 -0.033689
      vertex 0.0281585 0.0928262 -0.024298
      vertex 0.0371215 0.0896192 -0.024298
    endloop
  endfacet
  facet normal 0.232549 0.928353 -0.289967
    outer loop
      vertex 0.0273316 0.0901001 -0.033689
      vertex 0.0183686 0.0923453 -0.033689
      vertex 0.0281585 0.0928262 -0.024298
    endloop
  endfacet
  facet normal 0.23254 0.928359 -0.289957
    outer loop
      vertex 0.0183686 0.0923453 -0.033689
      vertex 0.0189244 0.0951392 -0.024298
      vertex 0.0281585 0.0928262 -0.024298
    endloop
  endfacet
  facet normal 0.14042 0.946682 -0.289956
    outer loop
      vertex 0.0183686 0.0923453 -0.033689
      vertex 0.00922875 0.093701 -0.033689
      vertex 0.0189244 0.0951392 -0.024298
    endloop
  endfacet
  facet normal 0.140427 0.946679 -0.289963
    outer loop
      vertex 0.00922875 0.093701 -0.033689
      vertex 0.00950797 0.096536 -0.024298
      vertex 0.0189244 0.0951392 -0.024298
    endloop
  endfacet
  facet normal 0.0469617 0.955885 -0.289963
    outer loop
      vertex 0.00922875 0.093701 -0.033689
      vertex 0 0.0941544 -0.033689
      vertex 0.00950797 0.096536 -0.024298
    endloop
  endfacet
  facet normal 0.04696 0.955885 -0.289962
    outer loop
      vertex 0 0.0941544 -0.033689
      vertex 0 0.0970031 -0.024298
      vertex 0.00950797 0.096536 -0.024298
    endloop
  endfacet
  facet normal -0.0469618 0.955885 -0.289962
    outer loop
      vertex 0 0.0941544 -0.033689
      vertex -0.00922875 0.093701 -0.033689
      vertex 0 0.0970031 -0.024298
    endloop
  endfacet
  facet normal -0.04696 0.955885 -0.289963
    outer loop
      vertex -0.00922875 0.093701 -0.033689
      vertex -0.00950797 0.096536 -0.024298
      vertex 0 0.0970031 -0.024298
    endloop
  endfacet
  facet normal -0.14042 0.94668 -0.289963
    outer loop
      vertex -0.00922875 0.093701 -0.033689
      vertex -0.0183686 0.0923453 -0.033689
      vertex -0.00950797 0.096536 -0.024298
    endloop
  endfacet
  facet normal -0.140427 0.946681 -0.289957
    outer loop
      vertex -0.0183686 0.0923453 -0.033689
      vertex -0.0189244 0.0951392 -0.024298
      vertex -0.00950797 0.096536 -0.024298
    endloop
  endfacet
  facet normal -0.23255 0.928356 -0.289957
    outer loop
      vertex -0.0183686 0.0923453 -0.033689
      vertex -0.0273316 0.0901001 -0.033689
      vertex -0.0189244 0.0951392 -0.024298
    endloop
  endfacet
  facet normal -0.232539 0.928356 -0.289967
    outer loop
      vertex -0.0273316 0.0901001 -0.033689
      vertex -0.0281585 0.0928262 -0.024298
      vertex -0.0189244 0.0951392 -0.024298
    endloop
  endfacet
  facet normal -0.322416 0.901092 -0.289966
    outer loop
      vertex -0.0273316 0.0901001 -0.033689
      vertex -0.0360313 0.0869873 -0.033689
      vertex -0.0281585 0.0928262 -0.024298
    endloop
  endfacet
  facet normal -0.322415 0.901093 -0.289967
    outer loop
      vertex -0.0360313 0.0869873 -0.033689
      vertex -0.0371215 0.0896192 -0.024298
      vertex -0.0281585 0.0928262 -0.024298
    endloop
  endfacet
  facet normal -0.409179 0.865154 -0.289968
    outer loop
      vertex -0.0360313 0.0869873 -0.033689
      vertex -0.0443841 0.0830368 -0.033689
      vertex -0.0371215 0.0896192 -0.024298
    endloop
  endfacet
  facet normal -0.409187 0.865153 -0.289961
    outer loop
      vertex -0.0443841 0.0830368 -0.033689
      vertex -0.045727 0.0855491 -0.024298
      vertex -0.0371215 0.0896192 -0.024298
    endloop
  endfacet
  facet normal -0.492021 0.820877 -0.289961
    outer loop
      vertex -0.0443841 0.0830368 -0.033689
      vertex -0.0523094 0.0782865 -0.033689
      vertex -0.045727 0.0855491 -0.024298
    endloop
  endfacet
  facet normal -0.492014 0.820878 -0.289967
    outer loop
      vertex -0.0523094 0.0782865 -0.033689
      vertex -0.053892 0.0806552 -0.024298
      vertex -0.045727 0.0855491 -0.024298
    endloop
  endfacet
  facet normal -0.570109 0.768697 -0.289966
    outer loop
      vertex -0.0523094 0.0782865 -0.033689
      vertex -0.0597309 0.0727823 -0.033689
      vertex -0.053892 0.0806552 -0.024298
    endloop
  endfacet
  facet normal -0.570111 0.768697 -0.289964
    outer loop
      vertex -0.0597309 0.0727823 -0.033689
      vertex -0.0615381 0.0749844 -0.024298
      vertex -0.053892 0.0806552 -0.024298
    endloop
  endfacet
  facet normal -0.642706 0.709119 -0.289964
    outer loop
      vertex -0.0597309 0.0727823 -0.033689
      vertex -0.0665772 0.0665772 -0.033689
      vertex -0.0615381 0.0749844 -0.024298
    endloop
  endfacet
  facet normal -0.642699 0.709123 -0.28997
    outer loop
      vertex -0.0665772 0.0665772 -0.033689
      vertex -0.0685916 0.0685916 -0.024298
      vertex -0.0615381 0.0749844 -0.024298
    endloop
  endfacet
  facet normal -0.709118 0.642704 -0.28997
    outer loop
      vertex -0.0665772 0.0665772 -0.033689
      vertex -0.0727823 0.0597309 -0.033689
      vertex -0.0685916 0.0685916 -0.024298
    endloop
  endfacet
  facet normal -0.709124 0.642701 -0.289964
    outer loop
      vertex -0.0727823 0.0597309 -0.033689
      vertex -0.0749844 0.0615381 -0.024298
      vertex -0.0685916 0.0685916 -0.024298
    endloop
  endfacet
  facet normal -0.768698 0.570109 -0.289964
    outer loop
      vertex -0.0727823 0.0597309 -0.033689
      vertex -0.0782865 0.0523094 -0.033689
      vertex -0.0749844 0.0615381 -0.024298
    endloop
  endfacet
  facet normal -0.768696 0.570111 -0.289966
    outer loop
      vertex -0.0782865 0.0523094 -0.033689
      vertex -0.0806552 0.053892 -0.024298
      vertex -0.0749844 0.0615381 -0.024298
    endloop
  endfacet
  facet normal -0.820875 0.49202 -0.289967
    outer loop
      vertex -0.0782865 0.0523094 -0.033689
      vertex -0.0830368 0.0443841 -0.033689
      vertex -0.0806552 0.053892 -0.024298
    endloop
  endfacet
  facet normal -0.82088 0.492015 -0.289961
    outer loop
      vertex -0.0830368 0.0443841 -0.033689
      vertex -0.0855491 0.045727 -0.024298
      vertex -0.0806552 0.053892 -0.024298
    endloop
  endfacet
  facet normal -0.865156 0.40918 -0.28996
    outer loop
      vertex -0.0830368 0.0443841 -0.033689
      vertex -0.0869873 0.0360313 -0.033689
      vertex -0.0855491 0.045727 -0.024298
    endloop
  endfacet
  facet normal -0.865151 0.409186 -0.289967
    outer loop
      vertex -0.0869873 0.0360313 -0.033689
      vertex -0.0896192 0.0371215 -0.024298
      vertex -0.0855491 0.045727 -0.024298
    endloop
  endfacet
  facet normal -0.901092 0.322416 -0.289967
    outer loop
      vertex -0.0869873 0.0360313 -0.033689
      vertex -0.0901001 0.0273316 -0.033689
      vertex -0.0896192 0.0371215 -0.024298
    endloop
  endfacet
  facet normal -0.901093 0.322415 -0.289966
    outer loop
      vertex -0.0901001 0.0273316 -0.033689
      vertex -0.0928262 0.0281585 -0.024298
      vertex -0.0896192 0.0371215 -0.024298
    endloop
  endfacet
  facet normal -0.928353 0.232549 -0.289967
    outer loop
      vertex -0.0901001 0.0273316 -0.033689
      vertex -0.0923453 0.0183686 -0.033689
      vertex -0.0928262 0.0281585 -0.024298
    endloop
  endfacet
  facet normal -0.928359 0.23254 -0.289957
    outer loop
      vertex -0.0923453 0.0183686 -0.033689
      vertex -0.0951392 0.0189244 -0.024298
      vertex -0.0928262 0.0281585 -0.024298
    endloop
  endfacet
  facet normal -0.946682 0.14042 -0.289956
    outer loop
      vertex -0.0923453 0.0183686 -0.033689
      vertex -0.093701 0.00922875 -0.033689
      vertex -0.0951392 0.0189244 -0.024298
    endloop
  endfacet
  facet normal -0.946679 0.140427 -0.289963
    outer loop
      vertex -0.093701 0.00922875 -0.033689
      vertex -0.096536 0.00950797 -0.024298
      vertex -0.0951392 0.0189244 -0.024298
    endloop
  endfacet
  facet normal -0.955885 0.0469617 -0.289963
    outer loop
      vertex -0.093701 0.00922875 -0.033689
      vertex -0.0941544 -0 -0.033689
      vertex -0.096536 0.00950797 -0.024298
    endloop
  endfacet
  facet normal -0.955885 0.04696 -0.289962
    outer loop
      vertex -0.0941544 -0 -0.033689
      vertex -0.0970031 -0 -0.024298
      vertex -0.096536 0.00950797 -0.024298
    endloop
  endfacet
  facet normal -0.955885 -0.0469618 -0.289962
    outer loop
      vertex -0.0941544 -0 -0.033689
      vertex -0.093701 -0.00922875 -0.033689
      vertex -0.0970031 -0 -0.024298
    endloop
  endfacet
  facet normal -0.955885 -0.04696 -0.289963
    outer loop
      vertex -0.093701 -0.00922875 -0.033689
      vertex -0.096536 -0.00950797 -0.024298
      vertex -0.0970031 -0 -0.024298
    endloop
  endfacet
  facet normal -0.94668 -0.14042 -0.289963
    outer loop
      vertex -0.093701 -0.00922875 -0.033689
      vertex -0.0923453 -0.0183686 -0.033689
      vertex -0.096536 -0.00950797 -0.024298
    endloop
  endfacet
  facet normal -0.946681 -0.140427 -0.289957
    outer loop
      vertex -0.0923453 -0.0183686 -0.033689
      vertex -0.0951392 -0.0189244 -0.024298
      vertex -0.096536 -0.00950797 -0.024298
    endloop
  endfacet
  facet normal -0.928356 -0.23255 -0.289957
    outer loop
      vertex -0.0923453 -0.0183686 -0.033689
      vertex -0.0901001 -0.0273316 -0.033689
      vertex -0.0951392 -0.0189244 -0.024298
    endloop
  endfacet
  facet normal -0.928356 -0.232539 -0.289967
    outer loop
      vertex -0.0901001 -0.0273316 -0.033689
      vertex -0.0928262 -0.0281585 -0.024298
      vertex -0.0951392 -0.0189244 -0.024298
    endloop
  endfacet
  facet normal -0.901092 -0.322416 -0.289966
    outer loop
      vertex -0.0901001 -0.0273316 -0.033689
      vertex -0.0869873 -0.0360313 -0.033689
      vertex -0.0928262 -0.0281585 -0.024298
    endloop
  endfacet
  facet normal -0.901093 -0.322415 -0.289967
    outer loop
      vertex -0.0869873 -0.0360313 -0.033689
      vertex -0.0896192 -0.0371215 -0.024298
      vertex -0.0928262 -0.0281585 -0.024298
    endloop
  endfacet
  facet normal -0.865154 -0.409179 -0.289968
    outer loop
      vertex -0.0869873 -0.0360313 -0.033689
      vertex -0.0830368 -0.0443841 -0.033689
      vertex -0.0896192 -0.0371215 -0.024298
    endloop
  endfacet
  facet normal -0.865153 -0.409187 -0.289961
    outer loop
      vertex -0.0830368 -0.0443841 -0.033689
      vertex -0.0855491 -0.045727 -0.024298
      vertex -0.0896192 -0.0371215 -0.024298
    endloop
  endfacet
  facet normal -0.820877 -0.492021 -0.289961
    outer loop
      vertex -0.0830368 -0.0443841 -0.033689
      vertex -0.0782865 -0.0523094 -0.033689
      vertex -0.0855491 -0.045727 -0.024298
    endloop
  endfacet
  facet normal -0.820878 -0.492014 -0.289967
    outer loop
      vertex -0.0782865 -0.0523094 -0.033689
      vertex -0.0806552 -0.053892 -0.024298
      vertex -0.0855491 -0.045727 -0.024298
    endloop
  endfacet
  facet normal -0.768697 -0.570109 -0.289966
    outer loop
      vertex -0.0782865 -0.0523094 -0.033689
      vertex -0.0727823 -0.0597309 -0.033689
      vertex -0.0806552 -0.053892 -0.024298
    endloop
  endfacet
  facet normal -0.768697 -0.570111 -0.289964
    outer loop
      vertex -0.0727823 -0.0597309 -0.033689
      vertex -0.0749844 -0.0615381 -0.024298
      vertex -0.0806552 -0.053892 -0.024298
    endloop
  endfacet
  facet normal -0.709119 -0.642706 -0.289964
    outer loop
      vertex -0.0727823 -0.0597309 -0.033689
      vertex -0.0665772 -0.0665772 -0.033689
      vertex -0.0749844 -0.0615381 -0.024298
    endloop
  endfacet
  facet normal -0.709123 -0.642699 -0.28997
    outer loop
      vertex -0.0665772 -0.0665772 -0.033689
      vertex -0.0685916 -0.0685916 -0.024298
      vertex -0.0749844 -0.0615381 -0.024298
    endloop
  endfacet
  facet normal -0.642704 -0.709118 -0.28997
    outer loop
      vertex -0.0665772 -0.0665772 -0.033689
      vertex -0.0597309 -0.0727823 -0.033689
      vertex -0.0685916 -0.0685916 -0.024298
    endloop
  endfacet
  facet normal -0.642701 -0.709124 -0.289964
    outer loop
      vertex -0.0597309 -0.0727823 -0.033689
      vertex -0.0615381 -0.0749844 -0.024298
      vertex -0.0685916 -0.0685916 -0.024298
    endloop
  endfacet
  facet normal -0.570109 -0.768698 -0.289964
    outer loop
      vertex -0.0597309 -0.0727823 -0.033689
      vertex -0.0523094 -0.0782865 -0.033689
      vertex -0.0615381 -0.0749844 -0.024298
    endloop
  endfacet
  facet normal -0.570111 -0.768696 -0.289966
    outer loop
      vertex -0.0523094 -0.0782865 -0.033689
      vertex -0.053892 -0.0806552 -0.024298
      vertex -0.0615381 -0.0749844 -0.024298
    endloop
  endfacet
  facet normal -0.49202 -0.820875 -0.289967
    outer loop
      vertex -0.0523094 -0.0782865 -0.033689
      vertex -0.0443841 -0.0830368 -0.033689
      vertex -0.053892 -0.0806552 -0.024298
    endloop
  endfacet
  facet normal -0.492015 -0.82088 -0.289961
    outer loop
      vertex -0.0443841 -0.0830368 -0.033689
      vertex -0.045727 -0.0855491 -0.024298
      vertex -0.053892 -0.0806552 -0.024298
    endloop
  endfacet
  facet normal -0.40918 -0.865156 -0.28996
    outer loop
      vertex -0.0443841 -0.0830368 -0.033689
      vertex -0.0360313 -0.0869873 -0.033689
      vertex -0.045727 -0.0855491 -0.024298
    endloop
  endfacet
  facet normal -0.409186 -0.865151 -0.289967
    outer loop
      vertex -0.0360313 -0.0869873 -0.033689
      vertex -0.0371215 -0.0896192 -0.024298
      vertex -0.045727 -0.0855491 -0.024298
    endloop
  endfacet
  facet normal -0.322416 -0.901092 -0.289967
    outer loop
      vertex -0.0360313 -0.0869873 -0.033689
      vertex -0.0273316 -0.0901001 -0.033689
      vertex -0.0371215 -0.0896192 -0.024298
    endloop
  endfacet
  facet normal -0.322415 -0.901093 -0.289966
    outer loop
      vertex -0.0273316 -0.0901001 -0.033689
      vertex -0.0281585 -0.0928262 -0.024298
      vertex -0.0371215 -0.0896192 -0.024298
    endloop
  endfacet
  facet normal -0.232549 -0.928353 -0.289967
    outer loop
      vertex -0.0273316 -0.0901001 -0.033689
      vertex -0.0183686 -0.0923453 -0.033689
      vertex -0.0281585 -0.0928262 -0.024298
    endloop
  endfacet
  facet normal -0.23254 -0.928359 -0.289957
    outer loop
      vertex -0.0183686 -0.0923453 -0.033689
      vertex -0.0189244 -0.0951392 -0.024298
      vertex -0.0281585 -0.0928262 -0.024298
    endloop
  endfacet
  facet normal -0.14042 -0.946682 -0.289956
    outer loop
      vertex -0.0183686 -0.0923453 -0.033689
      vertex -0.00922875 -0.093701 -0.033689
      vertex -0.0189244 -0.0951392 -0.024298
    endloop
  endfacet
  facet normal -0.140427 -0.946679 -0.289963
    outer loop
      vertex -0.00922875 -0.093701 -0.033689
      vertex -0.00950797 -0.096536 -0.024298
      vertex -0.0189244 -0.0951392 -0.024298
    endloop
  endfacet
  facet normal -0.0469617 -0.955885 -0.289963
    outer loop
      vertex -0.00922875 -0.093701 -0.033689
      vertex -0 -0.0941544 -0.033689
      vertex -0.00950797 -0.096536 -0.024298
    endloop
  endfacet
  facet normal -0.04696 -0.955885 -0.289962
    outer loop
      vertex -0 -0.0941544 -0.033689
      vertex -0 -0.0970031 -0.024298
      vertex -0.00950797 -0.096536 -0.024298
    endloop
  endfacet
  facet normal 0.0469618 -0.955885 -0.289962
    outer loop
      vertex -0 -0.0941544 -0.033689
      vertex 0.00922875 -0.093701 -0.033689
      vertex -0 -0.0970031 -0.024298
    endloop
  endfacet
  facet normal 0.04696 -0.955885 -0.289963
    outer loop
      vertex 0.00922875 -0.093701 -0.033689
      vertex 0.00950797 -0.096536 -0.024298
      vertex -0 -0.0970031 -0.024298
    endloop
  endfacet
  facet normal 0.14042 -0.94668 -0.289963
    outer loop
      vertex 0.00922875 -0.093701 -0.033689
      vertex 0.0183686 -0.0923453 -0.033689
      vertex 0.00950797 -0.096536 -0.024298
    endloop
  endfacet
  facet normal 0.140427 -0.946681 -0.289957
    outer loop
      vertex 0.0183686 -0.0923453 -0.033689
      vertex 0.0189244 -0.0951392 -0.024298
      vertex 0.00950797 -0.096536 -0.024298
    endloop
  endfacet
  facet normal 0.23255 -0.928356 -0.289957
    outer loop
      vertex 0.0183686 -0.0923453 -0.033689
      vertex 0.0273316 -0.0901001 -0.033689
      vertex 0.0189244 -0.0951392 -0.024298
    endloop
  endfacet
  facet normal 0.232539 -0.928356 -0.289967
    outer loop
      vertex 0.0273316 -0.0901001 -0.033689
      vertex 0.0281585 -0.0928262 -0.024298
      vertex 0.0189244 -0.0951392 -0.024298
    endloop
  endfacet
  facet normal 0.322416 -0.901092 -0.289966
    outer loop
      vertex 0.0273316 -0.0901001 -0.033689
      vertex 0.0360313 -0.0869873 -0.033689
      vertex 0.0281585 -0.0928262 -0.024298
    endloop
  endfacet
  facet normal 0.322415 -0.901093 -0.289967
    outer loop
      vertex 0.0360313 -0.0869873 -0.033689
      vertex 0.0371215 -0.0896192 -0.024298
      vertex 0.0281585 -0.0928262 -0.024298
    endloop
  endfacet
  facet normal 0.409179 -0.865154 -0.289968
    outer loop
      vertex 0.0360313 -0.0869873 -0.033689
      vertex 0.0443841 -0.0830368 -0.033689
      vertex 0.0371215 -0.0896192 -0.024298
    endloop
  endfacet
  facet normal 0.409187 -0.865153 -0.289961
    outer loop
      vertex 0.0443841 -0.0830368 -0.033689
      vertex 0.045727 -0.0855491 -0.024298
      vertex 0.0371215 -0.0896192 -0.024298
    endloop
  endfacet
  facet normal 0.492021 -0.820877 -0.289961
    outer loop
      vertex 0.0443841 -0.0830368 -0.033689
      vertex 0.0523094 -0.0782865 -0.033689
      vertex 0.045727 -0.0855491 -0.024298
    endloop
  endfacet
  facet normal 0.492014 -0.820878 -0.289967
    outer loop
      vertex 0.0523094 -0.0782865 -0.033689
      vertex 0.053892 -0.0806552 -0.024298
      vertex 0.045727 -0.0855491 -0.024298
    endloop
  endfacet
  facet normal 0.570109 -0.768697 -0.289966
    outer loop
      vertex 0.0523094 -0.0782865 -0.033689
      vertex 0.0597309 -0.0727823 -0.033689
      vertex 0.053892 -0.0806552 -0.024298
    endloop
  endfacet
  facet normal 0.570111 -0.768697 -0.289964
    outer loop
      vertex 0.0597309 -0.0727823 -0.033689
      vertex 0.0615381 -0.0749844 -0.024298
      vertex 0.053892 -0.0806552 -0.024298
    endloop
  endfacet
  facet normal 0.642706 -0.709119 -0.289964
    outer loop
      vertex 0.0597309 -0.0727823 -0.033689
      vertex 0.0665772 -0.0665772 -0.033689
      vertex 0.0615381 -0.0749844 -0.024298
    endloop
  endfacet
  facet normal 0.642699 -0.709123 -0.28997
    outer loop
      vertex 0.0665772 -0.0665772 -0.033689
      vertex 0.0685916 -0.0685916 -0.024298
      vertex 0.0615381 -0.0749844 -0.024298
    endloop
  endfacet
  facet normal 0.709118 -0.642704 -0.28997
    outer loop
      vertex 0.0665772 -0.0665772 -0.033689
      vertex 0.0727823 -0.0597309 -0.033689
      vertex 0.0685916 -0.0685916 -0.024298
    endloop
  endfacet
  facet normal 0.709124 -0.642701 -0.289964
    outer loop
      vertex 0.0727823 -0.0597309 -0.033689
      vertex 0.0749844 -0.0615381 -0.024298
      vertex 0.0685916 -0.0685916 -0.024298
    endloop
  endfacet
  facet normal 0.768698 -0.570109 -0.289964
    outer loop
      vertex 0.0727823 -0.0597309 -0.033689
      vertex 0.0782865 -0.0523094 -0.033689
      vertex 0.0749844 -0.0615381 -0.024298
    endloop
  endfacet
  facet normal 0.768696 -0.570111 -0.289966
    outer loop
      vertex 0.0782865 -0.0523094 -0.033689
      vertex 0.0806552 -0.053892 -0.024298
      vertex 0.0749844 -0.0615381 -0.024298
    endloop
  endfacet
  facet normal 0.820875 -0.49202 -0.289967
    outer loop
      vertex 0.0782865 -0.0523094 -0.033689
      vertex 0.0830368 -0.0443841 -0.033689
      vertex 0.0806552 -0.053892 -0.024298
    endloop
  endfacet
  facet normal 0.82088 -0.492015 -0.289961
    outer loop
      vertex 0.0830368 -0.0443841 -0.033689
      vertex 0.0855491 -0.045727 -0.024298
      vertex 0.0806552 -0.053892 -0.024298
    endloop
  endfacet
  facet normal 0.865156 -0.40918 -0.28996
    outer loop
      vertex 0.0830368 -0.0443841 -0.033689
      vertex 0.0869873 -0.0360313 -0.033689
      vertex 0.0855491 -0.045727 -0.024298
    endloop
  endfacet
  facet normal 0.865151 -0.409186 -0.289967
    outer loop
      vertex 0.0869873 -0.0360313 -0.033689
      vertex 0.0896192 -0.0371215 -0.024298
      vertex 0.0855491 -0.045727 -0.024298
    endloop
  endfacet
  facet normal 0.901092 -0.322416 -0.289967
    outer loop
      vertex 0.0869873 -0.0360313 -0.033689
      vertex 0.0901001 -0.0273316 -0.033689
      vertex 0.0896192 -0.0371215 -0.024298
    endloop
  endfacet
  facet normal 0.901093 -0.322415 -0.289966
    outer loop
      vertex 0.0901001 -0.0273316 -0.033689
      vertex 0.0928262 -0.0281585 -0.024298
      vertex 0.0896192 -0.0371215 -0.024298
    endloop
  endfacet
  facet normal 0.928353 -0.232549 -0.289967
    outer loop
      vertex 0.0901001 -0.0273316 -0.033689
      vertex 0.0923453 -0.0183686 -0.033689
      vertex 0.0928262 -0.0281585 -0.024298
    endloop
  endfacet
  facet normal 0.928359 -0.23254 -0.289957
    outer loop
      vertex 0.0923453 -0.0183686 -0.033689
      vertex 0.0951392 -0.0189244 -0.024298
      vertex 0.0928262 -0.0281585 -0.024298
    endloop
  endfacet
  facet normal 0.946682 -0.14042 -0.289956
    outer loop
      vertex 0.0923453 -0.0183686 -0.033689
      vertex 0.093701 -0.00922875 -0.033689
      vertex 0.0951392 -0.0189244 -0.024298
    endloop
  endfacet
  facet normal 0.946679 -0.140427 -0.289963
    outer loop
      vertex 0.093701 -0.00922875 -0.033689
      vertex 0.096536 -0.00950797 -0.024298
      vertex 0.0951392 -0.0189244 -0.024298
    endloop
  endfacet
  facet normal 0.955885 -0.0469617 -0.289963
    outer loop
      vertex 0.093701 -0.00922875 -0.033689
      vertex 0.0941544 0 -0.033689
      vertex 0.096536 -0.00950797 -0.024298
    endloop
  endfacet
  facet normal 0.955885 -0.04696 -0.289962
    outer loop
      vertex 0.0941544 0 -0.033689
      vertex 0.0970031 0 -0.024298
      vertex 0.096536 -0.00950797 -0.024298
    endloop
  endfacet
  facet normal 0.922928 0.045341 -0.382293
    outer loop
      vertex 0.0903989 0 -0.0427555
      vertex 0.0899636 0.00886064 -0.0427555
      vertex 0.0941544 0 -0.033689
    endloop
  endfacet
  facet normal 0.922929 0.0453426 -0.382291
    outer loop
      vertex 0.0899636 0.00886064 -0.0427555
      vertex 0.093701 0.00922875 -0.033689
      vertex 0.0941544 0 -0.033689
    endloop
  endfacet
  facet normal 0.91404 0.135585 -0.382291
    outer loop
      vertex 0.0899636 0.00886064 -0.0427555
      vertex 0.0886619 0.017636 -0.0427555
      vertex 0.093701 0.00922875 -0.033689
    endloop
  endfacet
  facet normal 0.914039 0.135578 -0.382297
    outer loop
      vertex 0.0886619 0.017636 -0.0427555
      vertex 0.0923453 0.0183686 -0.033689
      vertex 0.093701 0.00922875 -0.033689
    endloop
  endfacet
  facet normal 0.896348 0.224519 -0.382297
    outer loop
      vertex 0.0886619 0.017636 -0.0427555
      vertex 0.0865064 0.0262414 -0.0427555
      vertex 0.0923453 0.0183686 -0.033689
    endloop
  endfacet
  facet normal 0.89635 0.224532 -0.382286
    outer loop
      vertex 0.0865064 0.0262414 -0.0427555
      vertex 0.0901001 0.0273316 -0.033689
      vertex 0.0923453 0.0183686 -0.033689
    endloop
  endfacet
  facet normal 0.870027 0.311303 -0.382286
    outer loop
      vertex 0.0865064 0.0262414 -0.0427555
      vertex 0.0835177 0.0345942 -0.0427555
      vertex 0.0901001 0.0273316 -0.033689
    endloop
  endfacet
  facet normal 0.870027 0.311301 -0.382288
    outer loop
      vertex 0.0835177 0.0345942 -0.0427555
      vertex 0.0869873 0.0360313 -0.033689
      vertex 0.0901001 0.0273316 -0.033689
    endloop
  endfacet
  facet normal 0.835325 0.39508 -0.382288
    outer loop
      vertex 0.0835177 0.0345942 -0.0427555
      vertex 0.0797247 0.0426138 -0.0427555
      vertex 0.0869873 0.0360313 -0.033689
    endloop
  endfacet
  facet normal 0.835326 0.395072 -0.382295
    outer loop
      vertex 0.0797247 0.0426138 -0.0427555
      vertex 0.0830368 0.0443841 -0.033689
      vertex 0.0869873 0.0360313 -0.033689
    endloop
  endfacet
  facet normal 0.79258 0.475046 -0.382295
    outer loop
      vertex 0.0797247 0.0426138 -0.0427555
      vertex 0.075164 0.050223 -0.0427555
      vertex 0.0830368 0.0443841 -0.033689
    endloop
  endfacet
  facet normal 0.792577 0.475058 -0.382285
    outer loop
      vertex 0.075164 0.050223 -0.0427555
      vertex 0.0782865 0.0523094 -0.033689
      vertex 0.0830368 0.0443841 -0.033689
    endloop
  endfacet
  facet normal 0.742196 0.550457 -0.382284
    outer loop
      vertex 0.075164 0.050223 -0.0427555
      vertex 0.0698793 0.0573485 -0.0427555
      vertex 0.0782865 0.0523094 -0.033689
    endloop
  endfacet
  facet normal 0.742197 0.550455 -0.382287
    outer loop
      vertex 0.0698793 0.0573485 -0.0427555
      vertex 0.0727823 0.0597309 -0.033689
      vertex 0.0782865 0.0523094 -0.033689
    endloop
  endfacet
  facet normal 0.684671 0.62055 -0.382286
    outer loop
      vertex 0.0698793 0.0573485 -0.0427555
      vertex 0.0639217 0.0639217 -0.0427555
      vertex 0.0727823 0.0597309 -0.033689
    endloop
  endfacet
  facet normal 0.684672 0.620548 -0.382288
    outer loop
      vertex 0.0639217 0.0639217 -0.0427555
      vertex 0.0665772 0.0665772 -0.033689
      vertex 0.0727823 0.0597309 -0.033689
    endloop
  endfacet
  facet normal 0.620549 0.684671 -0.382288
    outer loop
      vertex 0.0639217 0.0639217 -0.0427555
      vertex 0.0573485 0.0698793 -0.0427555
      vertex 0.0665772 0.0665772 -0.033689
    endloop
  endfacet
  facet normal 0.620549 0.684673 -0.382286
    outer loop
      vertex 0.0573485 0.0698793 -0.0427555
      vertex 0.0597309 0.0727823 -0.033689
      vertex 0.0665772 0.0665772 -0.033689
    endloop
  endfacet
  facet normal 0.550457 0.742195 -0.382287
    outer loop
      vertex 0.0573485 0.0698793 -0.0427555
      vertex 0.050223 0.075164 -0.0427555
      vertex 0.0597309 0.0727823 -0.033689
    endloop
  endfacet
  facet normal 0.550455 0.742198 -0.382285
    outer loop
      vertex 0.050223 0.075164 -0.0427555
      vertex 0.0523094 0.0782865 -0.033689
      vertex 0.0597309 0.0727823 -0.033689
    endloop
  endfacet
  facet normal 0.475048 0.792583 -0.382284
    outer loop
      vertex 0.050223 0.075164 -0.0427555
      vertex 0.0426138 0.0797247 -0.0427555
      vertex 0.0523094 0.0782865 -0.033689
    endloop
  endfacet
  facet normal 0.475056 0.792573 -0.382295
    outer loop
      vertex 0.0426138 0.0797247 -0.0427555
      vertex 0.0443841 0.0830368 -0.033689
      vertex 0.0523094 0.0782865 -0.033689
    endloop
  endfacet
  facet normal 0.395079 0.835322 -0.382295
    outer loop
      vertex 0.0426138 0.0797247 -0.0427555
      vertex 0.0345942 0.0835177 -0.0427555
      vertex 0.0443841 0.0830368 -0.033689
    endloop
  endfacet
  facet normal 0.395073 0.835328 -0.382288
    outer loop
      vertex 0.0345942 0.0835177 -0.0427555
      vertex 0.0360313 0.0869873 -0.033689
      vertex 0.0443841 0.0830368 -0.033689
    endloop
  endfacet
  facet normal 0.311303 0.870027 -0.382288
    outer loop
      vertex 0.0345942 0.0835177 -0.0427555
      vertex 0.0262414 0.0865064 -0.0427555
      vertex 0.0360313 0.0869873 -0.033689
    endloop
  endfacet
  facet normal 0.311301 0.870028 -0.382286
    outer loop
      vertex 0.0262414 0.0865064 -0.0427555
      vertex 0.0273316 0.0901001 -0.033689
      vertex 0.0360313 0.0869873 -0.033689
    endloop
  endfacet
  facet normal 0.22452 0.896353 -0.382286
    outer loop
      vertex 0.0262414 0.0865064 -0.0427555
      vertex 0.017636 0.0886619 -0.0427555
      vertex 0.0273316 0.0901001 -0.033689
    endloop
  endfacet
  facet normal 0.224531 0.896345 -0.382296
    outer loop
      vertex 0.017636 0.0886619 -0.0427555
      vertex 0.0183686 0.0923453 -0.033689
      vertex 0.0273316 0.0901001 -0.033689
    endloop
  endfacet
  facet normal 0.135585 0.914038 -0.382297
    outer loop
      vertex 0.017636 0.0886619 -0.0427555
      vertex 0.00886064 0.0899636 -0.0427555
      vertex 0.0183686 0.0923453 -0.033689
    endloop
  endfacet
  facet normal 0.135578 0.914041 -0.382292
    outer loop
      vertex 0.00886064 0.0899636 -0.0427555
      vertex 0.00922875 0.093701 -0.033689
      vertex 0.0183686 0.0923453 -0.033689
    endloop
  endfacet
  facet normal 0.0453411 0.922929 -0.382291
    outer loop
      vertex 0.00886064 0.0899636 -0.0427555
      vertex 0 0.0903989 -0.0427555
      vertex 0.00922875 0.093701 -0.033689
    endloop
  endfacet
  facet normal 0.0453426 0.922928 -0.382293
    outer loop
      vertex 0 0.0903989 -0.0427555
      vertex 0 0.0941544 -0.033689
      vertex 0.00922875 0.093701 -0.033689
    endloop
  endfacet
  facet normal -0.045341 0.922928 -0.382293
    outer loop
      vertex 0 0.0903989 -0.0427555
      vertex -0.00886064 0.0899636 -0.0427555
      vertex 0 0.0941544 -0.033689
    endloop
  endfacet
  facet normal -0.0453426 0.922929 -0.382291
    outer loop
      vertex -0.00886064 0.0899636 -0.0427555
      vertex -0.00922875 0.093701 -0.033689
      vertex 0 0.0941544 -0.033689
    endloop
  endfacet
  facet normal -0.135585 0.91404 -0.382291
    outer loop
      vertex -0.00886064 0.0899636 -0.0427555
      vertex -0.017636 0.0886619 -0.0427555
      vertex -0.00922875 0.093701 -0.033689
    endloop
  endfacet
  facet normal -0.135578 0.914039 -0.382297
    outer loop
      vertex -0.017636 0.0886619 -0.0427555
      vertex -0.0183686 0.0923453 -0.033689
      vertex -0.00922875 0.093701 -0.033689
    endloop
  endfacet
  facet normal -0.224519 0.896348 -0.382297
    outer loop
      vertex -0.017636 0.0886619 -0.0427555
      vertex -0.0262414 0.0865064 -0.0427555
      vertex -0.0183686 0.0923453 -0.033689
    endloop
  endfacet
  facet normal -0.224532 0.89635 -0.382286
    outer loop
      vertex -0.0262414 0.0865064 -0.0427555
      vertex -0.0273316 0.0901001 -0.033689
      vertex -0.0183686 0.0923453 -0.033689
    endloop
  endfacet
  facet normal -0.311303 0.870027 -0.382286
    outer loop
      vertex -0.0262414 0.0865064 -0.0427555
      vertex -0.0345942 0.0835177 -0.0427555
      vertex -0.0273316 0.0901001 -0.033689
    endloop
  endfacet
  facet normal -0.311301 0.870027 -0.382288
    outer loop
      vertex -0.0345942 0.0835177 -0.0427555
      vertex -0.0360313 0.0869873 -0.033689
      vertex -0.0273316 0.0901001 -0.033689
    endloop
  endfacet
  facet normal -0.39508 0.835325 -0.382288
    outer loop
      vertex -0.0345942 0.0835177 -0.0427555
      vertex -0.0426138 0.0797247 -0.0427555
      vertex -0.0360313 0.0869873 -0.033689
    endloop
  endfacet
  facet normal -0.395072 0.835326 -0.382295
    outer loop
      vertex -0.0426138 0.0797247 -0.0427555
      vertex -0.0443841 0.0830368 -0.033689
      vertex -0.0360313 0.0869873 -0.033689
    endloop
  endfacet
  facet normal -0.475046 0.79258 -0.382295
    outer loop
      vertex -0.0426138 0.0797247 -0.0427555
      vertex -0.050223 0.075164 -0.0427555
      vertex -0.0443841 0.0830368 -0.033689
    endloop
  endfacet
  facet normal -0.475058 0.792577 -0.382285
    outer loop
      vertex -0.050223 0.075164 -0.0427555
      vertex -0.0523094 0.0782865 -0.033689
      vertex -0.0443841 0.0830368 -0.033689
    endloop
  endfacet
  facet normal -0.550457 0.742196 -0.382284
    outer loop
      vertex -0.050223 0.075164 -0.0427555
      vertex -0.0573485 0.0698793 -0.0427555
      vertex -0.0523094 0.0782865 -0.033689
    endloop
  endfacet
  facet normal -0.550455 0.742197 -0.382287
    outer loop
      vertex -0.0573485 0.0698793 -0.0427555
      vertex -0.0597309 0.0727823 -0.033689
      vertex -0.0523094 0.0782865 -0.033689
    endloop
  endfacet
  facet normal -0.62055 0.684671 -0.382286
    outer loop
      vertex -0.0573485 0.0698793 -0.0427555
      vertex -0.0639217 0.0639217 -0.0427555
      vertex -0.0597309 0.0727823 -0.033689
    endloop
  endfacet
  facet normal -0.620548 0.684672 -0.382288
    outer loop
      vertex -0.0639217 0.0639217 -0.0427555
      vertex -0.0665772 0.0665772 -0.033689
      vertex -0.0597309 0.0727823 -0.033689
    endloop
  endfacet
  facet normal -0.684671 0.620549 -0.382288
    outer loop
      vertex -0.0639217 0.0639217 -0.0427555
      vertex -0.0698793 0.0573485 -0.0427555
      vertex -0.0665772 0.0665772 -0.033689
    endloop
  endfacet
  facet normal -0.684673 0.620549 -0.382286
    outer loop
      vertex -0.0698793 0.0573485 -0.0427555
      vertex -0.0727823 0.0597309 -0.033689
      vertex -0.0665772 0.0665772 -0.033689
    endloop
  endfacet
  facet normal -0.742195 0.550457 -0.382287
    outer loop
      vertex -0.0698793 0.0573485 -0.0427555
      vertex -0.075164 0.050223 -0.0427555
      vertex -0.0727823 0.0597309 -0.033689
    endloop
  endfacet
  facet normal -0.742198 0.550455 -0.382285
    outer loop
      vertex -0.075164 0.050223 -0.0427555
      vertex -0.0782865 0.0523094 -0.033689
      vertex -0.0727823 0.0597309 -0.033689
    endloop
  endfacet
  facet normal -0.792583 0.475048 -0.382284
    outer loop
      vertex -0.075164 0.050223 -0.0427555
      vertex -0.0797247 0.0426138 -0.0427555
      vertex -0.0782865 0.0523094 -0.033689
    endloop
  endfacet
  facet normal -0.792573 0.475056 -0.382295
    outer loop
      vertex -0.0797247 0.0426138 -0.0427555
      vertex -0.0830368 0.0443841 -0.033689
      vertex -0.0782865 0.0523094 -0.033689
    endloop
  endfacet
  facet normal -0.835322 0.395079 -0.382295
    outer loop
      vertex -0.0797247 0.0426138 -0.0427555
      vertex -0.0835177 0.0345942 -0.0427555
      vertex -0.0830368 0.0443841 -0.033689
    endloop
  endfacet
  facet normal -0.835328 0.395073 -0.382288
    outer loop
      vertex -0.0835177 0.0345942 -0.0427555
      vertex -0.0869873 0.0360313 -0.033689
      vertex -0.0830368 0.0443841 -0.033689
    endloop
  endfacet
  facet normal -0.870027 0.311303 -0.382288
    outer loop
      vertex -0.0835177 0.0345942 -0.0427555
      vertex -0.0865064 0.0262414 -0.0427555
      vertex -0.0869873 0.0360313 -0.033689
    endloop
  endfacet
  facet normal -0.870028 0.311301 -0.382286
    outer loop
      vertex -0.0865064 0.0262414 -0.0427555
      vertex -0.0901001 0.0273316 -0.033689
      vertex -0.0869873 0.0360313 -0.033689
    endloop
  endfacet
  facet normal -0.896353 0.22452 -0.382286
    outer loop
      vertex -0.0865064 0.0262414 -0.0427555
      vertex -0.0886619 0.017636 -0.0427555
      vertex -0.0901001 0.0273316 -0.033689
    endloop
  endfacet
  facet normal -0.896345 0.224531 -0.382296
    outer loop
      vertex -0.0886619 0.017636 -0.0427555
      vertex -0.0923453 0.0183686 -0.033689
      vertex -0.0901001 0.0273316 -0.033689
    endloop
  endfacet
  facet normal -0.914038 0.135585 -0.382297
    outer loop
      vertex -0.0886619 0.017636 -0.0427555
      vertex -0.0899636 0.00886064 -0.0427555
      vertex -0.0923453 0.0183686 -0.033689
    endloop
  endfacet
  facet normal -0.914041 0.135578 -0.382292
    outer loop
      vertex -0.0899636 0.00886064 -0.0427555
      vertex -0.093701 0.00922875 -0.033689
      vertex -0.0923453 0.0183686 -0.033689
    endloop
  endfacet
  facet normal -0.922929 0.0453411 -0.382291
    outer loop
      vertex -0.0899636 0.00886064 -0.0427555
      vertex -0.0903989 -0 -0.0427555
      vertex -0.093701 0.00922875 -0.033689
    endloop
  endfacet
  facet normal -0.922928 0.0453426 -0.382293
    outer loop
      vertex -0.0903989 -0 -0.0427555
      vertex -0.0941544 -0 -0.033689
      vertex -0.093701 0.00922875 -0.033689
    endloop
  endfacet
  facet normal -0.922928 -0.045341 -0.382293
    outer loop
      vertex -0.0903989 -0 -0.0427555
      vertex -0.0899636 -0.00886064 -0.0427555
      vertex -0.0941544 -0 -0.033689
    endloop
  endfacet
  facet normal -0.922929 -0.0453426 -0.382291
    outer loop
      vertex -0.0899636 -0.00886064 -0.0427555
      vertex -0.093701 -0.00922875 -0.033689
      vertex -0.0941544 -0 -0.033689
    endloop
  endfacet
  facet normal -0.91404 -0.135585 -0.382291
    outer loop
      vertex -0.0899636 -0.00886064 -0.0427555
      vertex -0.0886619 -0.017636 -0.0427555
      vertex -0.093701 -0.00922875 -0.033689
    endloop
  endfacet
  facet normal -0.914039 -0.135578 -0.382297
    outer loop
      vertex -0.0886619 -0.017636 -0.0427555
      vertex -0.0923453 -0.0183686 -0.033689
      vertex -0.093701 -0.00922875 -0.033689
    endloop
  endfacet
  facet normal -0.896348 -0.224519 -0.382297
    outer loop
      vertex -0.0886619 -0.017636 -0.0427555
      vertex -0.0865064 -0.0262414 -0.0427555
      vertex -0.0923453 -0.0183686 -0.033689
    endloop
  endfacet
  facet normal -0.89635 -0.224532 -0.382286
    outer loop
      vertex -0.0865064 -0.0262414 -0.0427555
      vertex -0.0901001 -0.0273316 -0.033689
      vertex -0.0923453 -0.0183686 -0.033689
    endloop
  endfacet
  facet normal -0.870027 -0.311303 -0.382286
    outer loop
      vertex -0.0865064 -0.0262414 -0.0427555
      vertex -0.0835177 -0.0345942 -0.0427555
      vertex -0.0901001 -0.0273316 -0.033689
    endloop
  endfacet
  facet normal -0.870027 -0.311301 -0.382288
    outer loop
      vertex -0.0835177 -0.0345942 -0.0427555
      vertex -0.0869873 -0.0360313 -0.033689
      vertex -0.0901001 -0.0273316 -0.033689
    endloop
  endfacet
  facet normal -0.835325 -0.39508 -0.382288
    outer loop
      vertex -0.0835177 -0.0345942 -0.0427555
      vertex -0.0797247 -0.0426138 -0.0427555
      vertex -0.0869873 -0.0360313 -0.033689
    endloop
  endfacet
  facet normal -0.835326 -0.395072 -0.382295
    outer loop
      vertex -0.0797247 -0.0426138 -0.0427555
      vertex -0.0830368 -0.0443841 -0.033689
      vertex -0.0869873 -0.0360313 -0.033689
    endloop
  endfacet
  facet normal -0.79258 -0.475046 -0.382295
    outer loop
      vertex -0.0797247 -0.0426138 -0.0427555
      vertex -0.075164 -0.050223 -0.0427555
      vertex -0.0830368 -0.0443841 -0.033689
    endloop
  endfacet
  facet normal -0.792577 -0.475058 -0.382285
    outer loop
      vertex -0.075164 -0.050223 -0.0427555
      vertex -0.0782865 -0.0523094 -0.033689
      vertex -0.0830368 -0.0443841 -0.033689
    endloop
  endfacet
  facet normal -0.742196 -0.550457 -0.382284
    outer loop
      vertex -0.075164 -0.050223 -0.0427555
      vertex -0.0698793 -0.0573485 -0.0427555
      vertex -0.0782865 -0.0523094 -0.033689
    endloop
  endfacet
  facet normal -0.742197 -0.550455 -0.382287
    outer loop
      vertex -0.0698793 -0.0573485 -0.0427555
      vertex -0.0727823 -0.0597309 -0.033689
      vertex -0.0782865 -0.0523094 -0.033689
    endloop
  endfacet
  facet normal -0.684671 -0.62055 -0.382286
    outer loop
      vertex -0.0698793 -0.0573485 -0.0427555
      vertex -0.0639217 -0.0639217 -0.0427555
      vertex -0.0727823 -0.0597309 -0.033689
    endloop
  endfacet
  facet normal -0.684672 -0.620548 -0.382288
    outer loop
      vertex -0.0639217 -0.0639217 -0.0427555
      vertex -0.0665772 -0.0665772 -0.033689
      vertex -0.0727823 -0.0597309 -0.033689
    endloop
  endfacet
  facet normal -0.620549 -0.684671 -0.382288
    outer loop
      vertex -0.0639217 -0.0639217 -0.0427555
      vertex -0.0573485 -0.0698793 -0.0427555
      vertex -0.0665772 -0.0665772 -0.033689
    endloop
  endfacet
  facet normal -0.620549 -0.684673 -0.382286
    outer loop
      vertex -0.0573485 -0.0698793 -0.0427555
      vertex -0.0597309 -0.0727823 -0.033689
      vertex -0.0665772 -0.0665772 -0.033689
    endloop
  endfacet
  facet normal -0.550457 -0.742195 -0.382287
    outer loop
      vertex -0.0573485 -0.0698793 -0.0427555
      vertex -0.050223 -0.075164 -0.0427555
      vertex -0.0597309 -0.0727823 -0.033689
    endloop
  endfacet
  facet normal -0.550455 -0.742198 -0.382285
    outer loop
      vertex -0.050223 -0.075164 -0.0427555
      vertex -0.0523094 -0.0782865 -0.033689
      vertex -0.0597309 -0.0727823 -0.033689
    endloop
  endfacet
  facet normal -0.475048 -0.792583 -0.382284
    outer loop
      vertex -0.050223 -0.075164 -0.0427555
      vertex -0.0426138 -0.0797247 -0.0427555
      vertex -0.0523094 -0.0782865 -0.033689
    endloop
  endfacet
  facet normal -0.475056 -0.792573 -0.382295
    outer loop
      vertex -0.0426138 -0.0797247 -0.0427555
      vertex -0.0443841 -0.0830368 -0.033689
      vertex -0.0523094 -0.0782865 -0.033689
    endloop
  endfacet
  facet normal -0.395079 -0.835322 -0.382295
    outer loop
      vertex -0.0426138 -0.0797247 -0.0427555
      vertex -0.0345942 -0.0835177 -0.0427555
      vertex -0.0443841 -0.0830368 -0.033689
    endloop
  endfacet
  facet normal -0.395073 -0.835328 -0.382288
    outer loop
      vertex -0.0345942 -0.0835177 -0.0427555
      vertex -0.0360313 -0.0869873 -0.033689
      vertex -0.0443841 -0.0830368 -0.033689
    endloop
  endfacet
  facet normal -0.311303 -0.870027 -0.382288
    outer loop
      vertex -0.0345942 -0.0835177 -0.0427555
      vertex -0.0262414 -0.0865064 -0.0427555
      vertex -0.0360313 -0.0869873 -0.033689
    endloop
  endfacet
  facet normal -0.311301 -0.870028 -0.382286
    outer loop
      vertex -0.0262414 -0.0865064 -0.0427555
      vertex -0.0273316 -0.0901001 -0.033689
      vertex -0.0360313 -0.0869873 -0.033689
    endloop
  endfacet
  facet normal -0.22452 -0.896353 -0.382286
    outer loop
      vertex -0.0262414 -0.0865064 -0.0427555
      vertex -0.017636 -0.0886619 -0.0427555
      vertex -0.0273316 -0.0901001 -0.033689
    endloop
  endfacet
  facet normal -0.224531 -0.896345 -0.382296
    outer loop
      vertex -0.017636 -0.0886619 -0.0427555
      vertex -0.0183686 -0.0923453 -0.033689
      vertex -0.0273316 -0.0901001 -0.033689
    endloop
  endfacet
  facet normal -0.135585 -0.914038 -0.382297
    outer loop
      vertex -0.017636 -0.0886619 -0.0427555
      vertex -0.00886064 -0.0899636 -0.0427555
      vertex -0.0183686 -0.0923453 -0.033689
    endloop
  endfacet
  facet normal -0.135578 -0.914041 -0.382292
    outer loop
      vertex -0.00886064 -0.0899636 -0.0427555
      vertex -0.00922875 -0.093701 -0.033689
      vertex -0.0183686 -0.0923453 -0.033689
    endloop
  endfacet
  facet normal -0.0453411 -0.922929 -0.382291
    outer loop
      vertex -0.00886064 -0.0899636 -0.0427555
      vertex -0 -0.0903989 -0.0427555
      vertex -0.00922875 -0.093701 -0.033689
    endloop
  endfacet
  facet normal -0.0453426 -0.922928 -0.382293
    outer loop
      vertex -0 -0.0903989 -0.0427555
      vertex -0 -0.0941544 -0.033689
      vertex -0.00922875 -0.093701 -0.033689
    endloop
  endfacet
  facet normal 0.045341 -0.922928 -0.382293
    outer loop
      vertex -0 -0.0903989 -0.0427555
      vertex 0.00886064 -0.0899636 -0.0427555
      vertex -0 -0.0941544 -0.033689
    endloop
  endfacet
  facet normal 0.0453426 -0.922929 -0.382291
    outer loop
      vertex 0.00886064 -0.0899636 -0.0427555
      vertex 0.00922875 -0.093701 -0.033689
      vertex -0 -0.0941544 -0.033689
    endloop
  endfacet
  facet normal 0.135585 -0.91404 -0.382291
    outer loop
      vertex 0.00886064 -0.0899636 -0.0427555
      vertex 0.017636 -0.0886619 -0.0427555
      vertex 0.00922875 -0.093701 -0.033689
    endloop
  endfacet
  facet normal 0.135578 -0.914039 -0.382297
    outer loop
      vertex 0.017636 -0.0886619 -0.0427555
      vertex 0.0183686 -0.0923453 -0.033689
      vertex 0.00922875 -0.093701 -0.033689
    endloop
  endfacet
  facet normal 0.224519 -0.896348 -0.382297
    outer loop
      vertex 0.017636 -0.0886619 -0.0427555
      vertex 0.0262414 -0.0865064 -0.0427555
      vertex 0.0183686 -0.0923453 -0.033689
    endloop
  endfacet
  facet normal 0.224532 -0.89635 -0.382286
    outer loop
      vertex 0.0262414 -0.0865064 -0.0427555
      vertex 0.0273316 -0.0901001 -0.033689
      vertex 0.0183686 -0.0923453 -0.033689
    endloop
  endfacet
  facet normal 0.311303 -0.870027 -0.382286
    outer loop
      vertex 0.0262414 -0.0865064 -0.0427555
      vertex 0.0345942 -0.0835177 -0.0427555
      vertex 0.0273316 -0.0901001 -0.033689
    endloop
  endfacet
  facet normal 0.311301 -0.870027 -0.382288
    outer loop
      vertex 0.0345942 -0.0835177 -0.0427555
      vertex 0.0360313 -0.0869873 -0.033689
      vertex 0.0273316 -0.0901001 -0.033689
    endloop
  endfacet
  facet normal 0.39508 -0.835325 -0.382288
    outer loop
      vertex 0.0345942 -0.0835177 -0.0427555
      vertex 0.0426138 -0.0797247 -0.0427555
      vertex 0.0360313 -0.0869873 -0.033689
    endloop
  endfacet
  facet normal 0.395072 -0.835326 -0.382295
    outer loop
      vertex 0.0426138 -0.0797247 -0.0427555
      vertex 0.0443841 -0.0830368 -0.033689
      vertex 0.0360313 -0.0869873 -0.033689
    endloop
  endfacet
  facet normal 0.475046 -0.79258 -0.382295
    outer loop
      vertex 0.0426138 -0.0797247 -0.0427555
      vertex 0.050223 -0.075164 -0.0427555
      vertex 0.0443841 -0.0830368 -0.033689
    endloop
  endfacet
  facet normal 0.475058 -0.792577 -0.382285
    outer loop
      vertex 0.050223 -0.075164 -0.0427555
      vertex 0.0523094 -0.0782865 -0.033689
      vertex 0.0443841 -0.0830368 -0.033689
    endloop
  endfacet
  facet normal 0.550457 -0.742196 -0.382284
    outer loop
      vertex 0.050223 -0.075164 -0.0427555
      vertex 0.0573485 -0.0698793 -0.0427555
      vertex 0.0523094 -0.0782865 -0.033689
    endloop
  endfacet
  facet normal 0.550455 -0.742197 -0.382287
    outer loop
      vertex 0.0573485 -0.0698793 -0.0427555
      vertex 0.0597309 -0.0727823 -0.033689
      vertex 0.0523094 -0.0782865 -0.033689
    endloop
  endfacet
  facet normal 0.62055 -0.684671 -0.382286
    outer loop
      vertex 0.0573485 -0.0698793 -0.0427555
      vertex 0.0639217 -0.0639217 -0.0427555
      vertex 0.0597309 -0.0727823 -0.033689
    endloop
  endfacet
  facet normal 0.620548 -0.684672 -0.382288
    outer loop
      vertex 0.0639217 -0.0639217 -0.0427555
      vertex 0.0665772 -0.0665772 -0.033689
      vertex 0.0597309 -0.0727823 -0.033689
    endloop
  endfacet
  facet normal 0.684671 -0.620549 -0.382288
    outer loop
      vertex 0.0639217 -0.0639217 -0.0427555
      vertex 0.0698793 -0.0573485 -0.0427555
      vertex 0.0665772 -0.0665772 -0.033689
    endloop
  endfacet
  facet normal 0.684673 -0.620549 -0.382286
    outer loop
      vertex 0.0698793 -0.0573485 -0.0427555
      vertex 0.0727823 -0.0597309 -0.033689
      vertex 0.0665772 -0.0665772 -0.033689
    endloop
  endfacet
  facet normal 0.742195 -0.550457 -0.382287
    outer loop
      vertex 0.0698793 -0.0573485 -0.0427555
      vertex 0.075164 -0.050223 -0.0427555
      vertex 0.0727823 -0.0597309 -0.033689
    endloop
  endfacet
  facet normal 0.742198 -0.550455 -0.382285
    outer loop
      vertex 0.075164 -0.050223 -0.0427555
      vertex 0.0782865 -0.0523094 -0.033689
      vertex 0.0727823 -0.0597309 -0.033689
    endloop
  endfacet
  facet normal 0.792583 -0.475048 -0.382284
    outer loop
      vertex 0.075164 -0.050223 -0.0427555
      vertex 0.0797247 -0.0426138 -0.0427555
      vertex 0.0782865 -0.0523094 -0.033689
    endloop
  endfacet
  facet normal 0.792573 -0.475056 -0.382295
    outer loop
      vertex 0.0797247 -0.0426138 -0.0427555
      vertex 0.0830368 -0.0443841 -0.033689
      vertex 0.0782865 -0.0523094 -0.033689
    endloop
  endfacet
  facet normal 0.835322 -0.395079 -0.382295
    outer loop
      vertex 0.0797247 -0.0426138 -0.0427555
      vertex 0.0835177 -0.0345942 -0.0427555
      vertex 0.0830368 -0.0443841 -0.033689
    endloop
  endfacet
  facet normal 0.835328 -0.395073 -0.382288
    outer loop
      vertex 0.0835177 -0.0345942 -0.0427555
      vertex 0.0869873 -0.0360313 -0.033689
      vertex 0.0830368 -0.0443841 -0.033689
    endloop
  endfacet
  facet normal 0.870027 -0.311303 -0.382288
    outer loop
      vertex 0.0835177 -0.0345942 -0.0427555
      vertex 0.0865064 -0.0262414 -0.0427555
      vertex 0.0869873 -0.0360313 -0.033689
    endloop
  endfacet
  facet normal 0.870028 -0.311301 -0.382286
    outer loop
      vertex 0.0865064 -0.0262414 -0.0427555
      vertex 0.0901001 -0.0273316 -0.033689
      vertex 0.0869873 -0.0360313 -0.033689
    endloop
  endfacet
  facet normal 0.896353 -0.22452 -0.382286
    outer loop
      vertex 0.0865064 -0.0262414 -0.0427555
      vertex 0.0886619 -0.017636 -0.0427555
      vertex 0.0901001 -0.0273316 -0.033689
    endloop
  endfacet
  facet normal 0.896345 -0.224531 -0.382296
    outer loop
      vertex 0.0886619 -0.017636 -0.0427555
      vertex 0.0923453 -0.0183686 -0.033689
      vertex 0.0901001 -0.0273316 -0.033689
    endloop
  endfacet
  facet normal 0.914038 -0.135585 -0.382297
    outer loop
      vertex 0.0886619 -0.017636 -0.0427555
      vertex 0.0899636 -0.00886064 -0.0427555
      vertex 0.0923453 -0.0183686 -0.033689
    endloop
  endfacet
  facet normal 0.914041 -0.135578 -0.382292
    outer loop
      vertex 0.0899636 -0.00886064 -0.0427555
      vertex 0.093701 -0.00922875 -0.033689
      vertex 0.0923453 -0.0183686 -0.033689
    endloop
  endfacet
  facet normal 0.922929 -0.0453411 -0.382291
    outer loop
      vertex 0.0899636 -0.00886064 -0.0427555
      vertex 0.0903989 0 -0.0427555
      vertex 0.093701 -0.00922875 -0.033689
    endloop
  endfacet
  facet normal 0.922928 -0.0453426 -0.382293
    outer loop
      vertex 0.0903989 0 -0.0427555
      vertex 0.0941544 0 -0.033689
      vertex 0.093701 -0.00922875 -0.033689
    endloop
  endfacet
  facet normal 0.881098 0.043294 -0.470948
    outer loop
      vertex 0.0857729 0 -0.0514103
      vertex 0.0853598 0.00840721 -0.0514103
      vertex 0.0903989 0 -0.0427555
    endloop
  endfacet
  facet normal 0.881095 0.0432859 -0.470954
    outer loop
      vertex 0.0853598 0.00840721 -0.0514103
      vertex 0.0899636 0.00886064 -0.0427555
      vertex 0.0903989 0 -0.0427555
    endloop
  endfacet
  facet normal 0.872611 0.12943 -0.470954
    outer loop
      vertex 0.0853598 0.00840721 -0.0514103
      vertex 0.0841248 0.0167335 -0.0514103
      vertex 0.0899636 0.00886064 -0.0427555
    endloop
  endfacet
  facet normal 0.872613 0.12944 -0.470947
    outer loop
      vertex 0.0841248 0.0167335 -0.0514103
      vertex 0.0886619 0.017636 -0.0427555
      vertex 0.0899636 0.00886064 -0.0427555
    endloop
  endfacet
  facet normal 0.855722 0.214355 -0.470947
    outer loop
      vertex 0.0841248 0.0167335 -0.0514103
      vertex 0.0820795 0.0248985 -0.0514103
      vertex 0.0886619 0.017636 -0.0427555
    endloop
  endfacet
  facet normal 0.855721 0.214343 -0.470956
    outer loop
      vertex 0.0820795 0.0248985 -0.0514103
      vertex 0.0865064 0.0262414 -0.0427555
      vertex 0.0886619 0.017636 -0.0427555
    endloop
  endfacet
  facet normal 0.830591 0.297185 -0.470956
    outer loop
      vertex 0.0820795 0.0248985 -0.0514103
      vertex 0.0792438 0.0328239 -0.0514103
      vertex 0.0865064 0.0262414 -0.0427555
    endloop
  endfacet
  facet normal 0.830591 0.297192 -0.470951
    outer loop
      vertex 0.0792438 0.0328239 -0.0514103
      vertex 0.0835177 0.0345942 -0.0427555
      vertex 0.0865064 0.0262414 -0.0427555
    endloop
  endfacet
  facet normal 0.79746 0.377177 -0.470951
    outer loop
      vertex 0.0792438 0.0328239 -0.0514103
      vertex 0.0756449 0.040433 -0.0514103
      vertex 0.0835177 0.0345942 -0.0427555
    endloop
  endfacet
  facet normal 0.797461 0.377172 -0.470954
    outer loop
      vertex 0.0756449 0.040433 -0.0514103
      vertex 0.0797247 0.0426138 -0.0427555
      vertex 0.0835177 0.0345942 -0.0427555
    endloop
  endfacet
  facet normal 0.756651 0.453521 -0.470955
    outer loop
      vertex 0.0756449 0.040433 -0.0514103
      vertex 0.0713175 0.0476528 -0.0514103
      vertex 0.0797247 0.0426138 -0.0427555
    endloop
  endfacet
  facet normal 0.756652 0.453512 -0.470962
    outer loop
      vertex 0.0713175 0.0476528 -0.0514103
      vertex 0.075164 0.050223 -0.0427555
      vertex 0.0797247 0.0426138 -0.0427555
    endloop
  endfacet
  facet normal 0.708554 0.525497 -0.470962
    outer loop
      vertex 0.0713175 0.0476528 -0.0514103
      vertex 0.0663033 0.0544137 -0.0514103
      vertex 0.075164 0.050223 -0.0427555
    endloop
  endfacet
  facet normal 0.708552 0.525505 -0.470956
    outer loop
      vertex 0.0663033 0.0544137 -0.0514103
      vertex 0.0698793 0.0573485 -0.0427555
      vertex 0.075164 0.050223 -0.0427555
    endloop
  endfacet
  facet normal 0.65364 0.592414 -0.470956
    outer loop
      vertex 0.0663033 0.0544137 -0.0514103
      vertex 0.0606506 0.0606506 -0.0514103
      vertex 0.0698793 0.0573485 -0.0427555
    endloop
  endfacet
  facet normal 0.653637 0.592422 -0.470951
    outer loop
      vertex 0.0606506 0.0606506 -0.0514103
      vertex 0.0639217 0.0639217 -0.0427555
      vertex 0.0698793 0.0573485 -0.0427555
    endloop
  endfacet
  facet normal 0.592417 0.653642 -0.470951
    outer loop
      vertex 0.0606506 0.0606506 -0.0514103
      vertex 0.0544137 0.0663033 -0.0514103
      vertex 0.0639217 0.0639217 -0.0427555
    endloop
  endfacet
  facet normal 0.59242 0.653635 -0.470956
    outer loop
      vertex 0.0544137 0.0663033 -0.0514103
      vertex 0.0573485 0.0698793 -0.0427555
      vertex 0.0639217 0.0639217 -0.0427555
    endloop
  endfacet
  facet normal 0.525498 0.708556 -0.470956
    outer loop
      vertex 0.0544137 0.0663033 -0.0514103
      vertex 0.0476528 0.0713175 -0.0514103
      vertex 0.0573485 0.0698793 -0.0427555
    endloop
  endfacet
  facet normal 0.525503 0.708549 -0.470962
    outer loop
      vertex 0.0476528 0.0713175 -0.0514103
      vertex 0.050223 0.075164 -0.0427555
      vertex 0.0573485 0.0698793 -0.0427555
    endloop
  endfacet
  facet normal 0.453519 0.756648 -0.470962
    outer loop
      vertex 0.0476528 0.0713175 -0.0514103
      vertex 0.040433 0.0756449 -0.0514103
      vertex 0.050223 0.075164 -0.0427555
    endloop
  endfacet
  facet normal 0.453514 0.756655 -0.470955
    outer loop
      vertex 0.040433 0.0756449 -0.0514103
      vertex 0.0426138 0.0797247 -0.0427555
      vertex 0.050223 0.075164 -0.0427555
    endloop
  endfacet
  facet normal 0.377176 0.797458 -0.470954
    outer loop
      vertex 0.040433 0.0756449 -0.0514103
      vertex 0.0328239 0.0792438 -0.0514103
      vertex 0.0426138 0.0797247 -0.0427555
    endloop
  endfacet
  facet normal 0.377173 0.797462 -0.470951
    outer loop
      vertex 0.0328239 0.0792438 -0.0514103
      vertex 0.0345942 0.0835177 -0.0427555
      vertex 0.0426138 0.0797247 -0.0427555
    endloop
  endfacet
  facet normal 0.297186 0.830594 -0.470951
    outer loop
      vertex 0.0328239 0.0792438 -0.0514103
      vertex 0.0248985 0.0820795 -0.0514103
      vertex 0.0345942 0.0835177 -0.0427555
    endloop
  endfacet
  facet normal 0.297191 0.830589 -0.470956
    outer loop
      vertex 0.0248985 0.0820795 -0.0514103
      vertex 0.0262414 0.0865064 -0.0427555
      vertex 0.0345942 0.0835177 -0.0427555
    endloop
  endfacet
  facet normal 0.214354 0.855718 -0.470956
    outer loop
      vertex 0.0248985 0.0820795 -0.0514103
      vertex 0.0167335 0.0841248 -0.0514103
      vertex 0.0262414 0.0865064 -0.0427555
    endloop
  endfacet
  facet normal 0.214344 0.855725 -0.470947
    outer loop
      vertex 0.0167335 0.0841248 -0.0514103
      vertex 0.017636 0.0886619 -0.0427555
      vertex 0.0262414 0.0865064 -0.0427555
    endloop
  endfacet
  facet normal 0.129431 0.872615 -0.470947
    outer loop
      vertex 0.0167335 0.0841248 -0.0514103
      vertex 0.00840721 0.0853598 -0.0514103
      vertex 0.017636 0.0886619 -0.0427555
    endloop
  endfacet
  facet normal 0.129439 0.87261 -0.470954
    outer loop
      vertex 0.00840721 0.0853598 -0.0514103
      vertex 0.00886064 0.0899636 -0.0427555
      vertex 0.017636 0.0886619 -0.0427555
    endloop
  endfacet
  facet normal 0.0432938 0.881095 -0.470954
    outer loop
      vertex 0.00840721 0.0853598 -0.0514103
      vertex 0 0.0857729 -0.0514103
      vertex 0.00886064 0.0899636 -0.0427555
    endloop
  endfacet
  facet normal 0.0432861 0.881098 -0.470948
    outer loop
      vertex 0 0.0857729 -0.0514103
      vertex 0 0.0903989 -0.0427555
      vertex 0.00886064 0.0899636 -0.0427555
    endloop
  endfacet
  facet normal -0.043294 0.881098 -0.470948
    outer loop
      vertex 0 0.0857729 -0.0514103
      vertex -0.00840721 0.0853598 -0.0514103
      vertex 0 0.0903989 -0.0427555
    endloop
  endfacet
  facet normal -0.0432859 0.881095 -0.470954
    outer loop
      vertex -0.00840721 0.0853598 -0.0514103
      vertex -0.00886064 0.0899636 -0.0427555
      vertex 0 0.0903989 -0.0427555
    endloop
  endfacet
  facet normal -0.12943 0.872611 -0.470954
    outer loop
      vertex -0.00840721 0.0853598 -0.0514103
      vertex -0.0167335 0.0841248 -0.0514103
      vertex -0.00886064 0.0899636 -0.0427555
    endloop
  endfacet
  facet normal -0.12944 0.872613 -0.470947
    outer loop
      vertex -0.0167335 0.0841248 -0.0514103
      vertex -0.017636 0.0886619 -0.0427555
      vertex -0.00886064 0.0899636 -0.0427555
    endloop
  endfacet
  facet normal -0.214355 0.855722 -0.470947
    outer loop
      vertex -0.0167335 0.0841248 -0.0514103
      vertex -0.0248985 0.0820795 -0.0514103
      vertex -0.017636 0.0886619 -0.0427555
    endloop
  endfacet
  facet normal -0.214343 0.855721 -0.470956
    outer loop
      vertex -0.0248985 0.0820795 -0.0514103
      vertex -0.0262414 0.0865064 -0.0427555
      vertex -0.017636 0.0886619 -0.0427555
    endloop
  endfacet
  facet normal -0.297185 0.830591 -0.470956
    outer loop
      vertex -0.0248985 0.0820795 -0.0514103
      vertex -0.0328239 0.0792438 -0.0514103
      vertex -0.0262414 0.0865064 -0.0427555
    endloop
  endfacet
  facet normal -0.297192 0.830591 -0.470951
    outer loop
      vertex -0.0328239 0.0792438 -0.0514103
      vertex -0.0345942 0.0835177 -0.0427555
      vertex -0.0262414 0.0865064 -0.0427555
    endloop
  endfacet
  facet normal -0.377177 0.79746 -0.470951
    outer loop
      vertex -0.0328239 0.0792438 -0.0514103
      vertex -0.040433 0.0756449 -0.0514103
      vertex -0.0345942 0.0835177 -0.0427555
    endloop
  endfacet
  facet normal -0.377172 0.797461 -0.470954
    outer loop
      vertex -0.040433 0.0756449 -0.0514103
      vertex -0.0426138 0.0797247 -0.0427555
      vertex -0.0345942 0.0835177 -0.0427555
    endloop
  endfacet
  facet normal -0.453521 0.756651 -0.470955
    outer loop
      vertex -0.040433 0.0756449 -0.0514103
      vertex -0.0476528 0.0713175 -0.0514103
      vertex -0.0426138 0.0797247 -0.0427555
    endloop
  endfacet
  facet normal -0.453512 0.756652 -0.470962
    outer loop
      vertex -0.0476528 0.0713175 -0.0514103
      vertex -0.050223 0.075164 -0.0427555
      vertex -0.0426138 0.0797247 -0.0427555
    endloop
  endfacet
  facet normal -0.525497 0.708554 -0.470962
    outer loop
      vertex -0.0476528 0.0713175 -0.0514103
      vertex -0.0544137 0.0663033 -0.0514103
      vertex -0.050223 0.075164 -0.0427555
    endloop
  endfacet
  facet normal -0.525505 0.708552 -0.470956
    outer loop
      vertex -0.0544137 0.0663033 -0.0514103
      vertex -0.0573485 0.0698793 -0.0427555
      vertex -0.050223 0.075164 -0.0427555
    endloop
  endfacet
  facet normal -0.592414 0.65364 -0.470956
    outer loop
      vertex -0.0544137 0.0663033 -0.0514103
      vertex -0.0606506 0.0606506 -0.0514103
      vertex -0.0573485 0.0698793 -0.0427555
    endloop
  endfacet
  facet normal -0.592422 0.653637 -0.470951
    outer loop
      vertex -0.0606506 0.0606506 -0.0514103
      vertex -0.0639217 0.0639217 -0.0427555
      vertex -0.0573485 0.0698793 -0.0427555
    endloop
  endfacet
  facet normal -0.653642 0.592417 -0.470951
    outer loop
      vertex -0.0606506 0.0606506 -0.0514103
      vertex -0.0663033 0.0544137 -0.0514103
      vertex -0.0639217 0.0639217 -0.0427555
    endloop
  endfacet
  facet normal -0.653635 0.59242 -0.470956
    outer loop
      vertex -0.0663033 0.0544137 -0.0514103
      vertex -0.0698793 0.0573485 -0.0427555
      vertex -0.0639217 0.0639217 -0.0427555
    endloop
  endfacet
  facet normal -0.708556 0.525498 -0.470956
    outer loop
      vertex -0.0663033 0.0544137 -0.0514103
      vertex -0.0713175 0.0476528 -0.0514103
      vertex -0.0698793 0.0573485 -0.0427555
    endloop
  endfacet
  facet normal -0.708549 0.525503 -0.470962
    outer loop
      vertex -0.0713175 0.0476528 -0.0514103
      vertex -0.075164 0.050223 -0.0427555
      vertex -0.0698793 0.0573485 -0.0427555
    endloop
  endfacet
  facet normal -0.756648 0.453519 -0.470962
    outer loop
      vertex -0.0713175 0.0476528 -0.0514103
      vertex -0.0756449 0.040433 -0.0514103
      vertex -0.075164 0.050223 -0.0427555
    endloop
  endfacet
  facet normal -0.756655 0.453514 -0.470955
    outer loop
      vertex -0.0756449 0.040433 -0.0514103
      vertex -0.0797247 0.0426138 -0.0427555
      vertex -0.075164 0.050223 -0.0427555
    endloop
  endfacet
  facet normal -0.797458 0.377176 -0.470954
    outer loop
      vertex -0.0756449 0.040433 -0.0514103
      vertex -0.0792438 0.0328239 -0.0514103
      vertex -0.0797247 0.0426138 -0.0427555
    endloop
  endfacet
  facet normal -0.797462 0.377173 -0.470951
    outer loop
      vertex -0.0792438 0.0328239 -0.0514103
      vertex -0.0835177 0.0345942 -0.0427555
      vertex -0.0797247 0.0426138 -0.0427555
    endloop
  endfacet
  facet normal -0.830594 0.297186 -0.470951
    outer loop
      vertex -0.0792438 0.0328239 -0.0514103
      vertex -0.0820795 0.0248985 -0.0514103
      vertex -0.0835177 0.0345942 -0.0427555
    endloop
  endfacet
  facet normal -0.830589 0.297191 -0.470956
    outer loop
      vertex -0.0820795 0.0248985 -0.0514103
      vertex -0.0865064 0.0262414 -0.0427555
      vertex -0.0835177 0.0345942 -0.0427555
    endloop
  endfacet
  facet normal -0.855718 0.214354 -0.470956
    outer loop
      vertex -0.0820795 0.0248985 -0.0514103
      vertex -0.0841248 0.0167335 -0.0514103
      vertex -0.0865064 0.0262414 -0.0427555
    endloop
  endfacet
  facet normal -0.855725 0.214344 -0.470947
    outer loop
      vertex -0.0841248 0.0167335 -0.0514103
      vertex -0.0886619 0.017636 -0.0427555
      vertex -0.0865064 0.0262414 -0.0427555
    endloop
  endfacet
  facet normal -0.872615 0.129431 -0.470947
    outer loop
      vertex -0.0841248 0.0167335 -0.0514103
      vertex -0.0853598 0.00840721 -0.0514103
      vertex -0.0886619 0.017636 -0.0427555
    endloop
  endfacet
  facet normal -0.87261 0.129439 -0.470954
    outer loop
      vertex -0.0853598 0.00840721 -0.0514103
      vertex -0.0899636 0.00886064 -0.0427555
      vertex -0.0886619 0.017636 -0.0427555
    endloop
  endfacet
  facet normal -0.881095 0.0432938 -0.470954
    outer loop
      vertex -0.0853598 0.00840721 -0.0514103
      vertex -0.0857729 -0 -0.0514103
      vertex -0.0899636 0.00886064 -0.0427555
    endloop
  endfacet
  facet normal -0.881098 0.0432861 -0.470948
    outer loop
      vertex -0.0857729 -0 -0.0514103
      vertex -0.0903989 -0 -0.0427555
      vertex -0.0899636 0.00886064 -0.0427555
    endloop
  endfacet
  facet normal -0.881098 -0.043294 -0.470948
    outer loop
      vertex -0.0857729 -0 -0.0514103
      vertex -0.0853598 -0.00840721 -0.0514103
      vertex -0.0903989 -0 -0.0427555
    endloop
  endfacet
  facet normal -0.881095 -0.0432859 -0.470954
    outer loop
      vertex -0.0853598 -0.00840721 -0.0514103
      vertex -0.0899636 -0.00886064 -0.0427555
      vertex -0.0903989 -0 -0.0427555
    endloop
  endfacet
  facet normal -0.872611 -0.12943 -0.470954
    outer loop
      vertex -0.0853598 -0.00840721 -0.0514103
      vertex -0.0841248 -0.0167335 -0.0514103
      vertex -0.0899636 -0.00886064 -0.0427555
    endloop
  endfacet
  facet normal -0.872613 -0.12944 -0.470947
    outer loop
      vertex -0.0841248 -0.0167335 -0.0514103
      vertex -0.0886619 -0.017636 -0.0427555
      vertex -0.0899636 -0.00886064 -0.0427555
    endloop
  endfacet
  facet normal -0.855722 -0.214355 -0.470947
    outer loop
      vertex -0.0841248 -0.0167335 -0.0514103
      vertex -0.0820795 -0.0248985 -0.0514103
      vertex -0.0886619 -0.017636 -0.0427555
    endloop
  endfacet
  facet normal -0.855721 -0.214343 -0.470956
    outer loop
      vertex -0.0820795 -0.0248985 -0.0514103
      vertex -0.0865064 -0.0262414 -0.0427555
      vertex -0.0886619 -0.017636 -0.0427555
    endloop
  endfacet
  facet normal -0.830591 -0.297185 -0.470956
    outer loop
      vertex -0.0820795 -0.0248985 -0.0514103
      vertex -0.0792438 -0.0328239 -0.0514103
      vertex -0.0865064 -0.0262414 -0.0427555
    endloop
  endfacet
  facet normal -0.830591 -0.297192 -0.470951
    outer loop
      vertex -0.0792438 -0.0328239 -0.0514103
      vertex -0.0835177 -0.0345942 -0.0427555
      vertex -0.0865064 -0.0262414 -0.0427555
    endloop
  endfacet
  facet normal -0.79746 -0.377177 -0.470951
    outer loop
      vertex -0.0792438 -0.0328239 -0.0514103
      vertex -0.0756449 -0.040433 -0.0514103
      vertex -0.0835177 -0.0345942 -0.0427555
    endloop
  endfacet
  facet normal -0.797461 -0.377172 -0.470954
    outer loop
      vertex -0.0756449 -0.040433 -0.0514103
      vertex -0.0797247 -0.0426138 -0.0427555
      vertex -0.0835177 -0.0345942 -0.0427555
    endloop
  endfacet
  facet normal -0.756651 -0.453521 -0.470955
    outer loop
      vertex -0.0756449 -0.040433 -0.0514103
      vertex -0.0713175 -0.0476528 -0.0514103
      vertex -0.0797247 -0.0426138 -0.0427555
    endloop
  endfacet
  facet normal -0.756652 -0.453512 -0.470962
    outer loop
      vertex -0.0713175 -0.0476528 -0.0514103
      vertex -0.075164 -0.050223 -0.0427555
      vertex -0.0797247 -0.0426138 -0.0427555
    endloop
  endfacet
  facet normal -0.708554 -0.525497 -0.470962
    outer loop
      vertex -0.0713175 -0.0476528 -0.0514103
      vertex -0.0663033 -0.0544137 -0.0514103
      vertex -0.075164 -0.050223 -0.0427555
    endloop
  endfacet
  facet normal -0.708552 -0.525505 -0.470956
    outer loop
      vertex -0.0663033 -0.0544137 -0.0514103
      vertex -0.0698793 -0.0573485 -0.0427555
      vertex -0.075164 -0.050223 -0.0427555
    endloop
  endfacet
  facet normal -0.65364 -0.592414 -0.470956
    outer loop
      vertex -0.0663033 -0.0544137 -0.0514103
      vertex -0.0606506 -0.0606506 -0.0514103
      vertex -0.0698793 -0.0573485 -0.0427555
    endloop
  endfacet
  facet normal -0.653637 -0.592422 -0.470951
    outer loop
      vertex -0.0606506 -0.0606506 -0.0514103
      vertex -0.0639217 -0.0639217 -0.0427555
      vertex -0.0698793 -0.0573485 -0.0427555
    endloop
  endfacet
  facet normal -0.592417 -0.653642 -0.470951
    outer loop
      vertex -0.0606506 -0.0606506 -0.0514103
      vertex -0.0544137 -0.0663033 -0.0514103
      vertex -0.0639217 -0.0639217 -0.0427555
    endloop
  endfacet
  facet normal -0.59242 -0.653635 -0.470956
    outer loop
      vertex -0.0544137 -0.0663033 -0.0514103
      vertex -0.0573485 -0.0698793 -0.0427555
      vertex -0.0639217 -0.0639217 -0.0427555
    endloop
  endfacet
  facet normal -0.525498 -0.708556 -0.470956
    outer loop
      vertex -0.0544137 -0.0663033 -0.0514103
      vertex -0.0476528 -0.0713175 -0.0514103
      vertex -0.0573485 -0.0698793 -0.0427555
    endloop
  endfacet
  facet normal -0.525503 -0.708549 -0.470962
    outer loop
      vertex -0.0476528 -0.0713175 -0.0514103
      vertex -0.050223 -0.075164 -0.0427555
      vertex -0.0573485 -0.0698793 -0.0427555
    endloop
  endfacet
  facet normal -0.453519 -0.756648 -0.470962
    outer loop
      vertex -0.0476528 -0.0713175 -0.0514103
      vertex -0.040433 -0.0756449 -0.0514103
      vertex -0.050223 -0.075164 -0.0427555
    endloop
  endfacet
  facet normal -0.453514 -0.756655 -0.470955
    outer loop
      vertex -0.040433 -0.0756449 -0.0514103
      vertex -0.0426138 -0.0797247 -0.0427555
      vertex -0.050223 -0.075164 -0.0427555
    endloop
  endfacet
  facet normal -0.377176 -0.797458 -0.470954
    outer loop
      vertex -0.040433 -0.0756449 -0.0514103
      vertex -0.0328239 -0.0792438 -0.0514103
      vertex -0.0426138 -0.0797247 -0.0427555
    endloop
  endfacet
  facet normal -0.377173 -0.797462 -0.470951
    outer loop
      vertex -0.0328239 -0.0792438 -0.0514103
      vertex -0.0345942 -0.0835177 -0.0427555
      vertex -0.0426138 -0.0797247 -0.0427555
    endloop
  endfacet
  facet normal -0.297186 -0.830594 -0.470951
    outer loop
      vertex -0.0328239 -0.0792438 -0.0514103
      vertex -0.0248985 -0.0820795 -0.0514103
      vertex -0.0345942 -0.0835177 -0.0427555
    endloop
  endfacet
  facet normal -0.297191 -0.830589 -0.470956
    outer loop
      vertex -0.0248985 -0.0820795 -0.0514103
      vertex -0.0262414 -0.0865064 -0.0427555
      vertex -0.0345942 -0.0835177 -0.0427555
    endloop
  endfacet
  facet normal -0.214354 -0.855718 -0.470956
    outer loop
      vertex -0.0248985 -0.0820795 -0.0514103
      vertex -0.0167335 -0.0841248 -0.0514103
      vertex -0.0262414 -0.0865064 -0.0427555
    endloop
  endfacet
  facet normal -0.214344 -0.855725 -0.470947
    outer loop
      vertex -0.0167335 -0.0841248 -0.0514103
      vertex -0.017636 -0.0886619 -0.0427555
      vertex -0.0262414 -0.0865064 -0.0427555
    endloop
  endfacet
  facet normal -0.129431 -0.872615 -0.470947
    outer loop
      vertex -0.0167335 -0.0841248 -0.0514103
      vertex -0.00840721 -0.0853598 -0.0514103
      vertex -0.017636 -0.0886619 -0.0427555
    endloop
  endfacet
  facet normal -0.129439 -0.87261 -0.470954
    outer loop
      vertex -0.00840721 -0.0853598 -0.0514103
      vertex -0.00886064 -0.0899636 -0.0427555
      vertex -0.017636 -0.0886619 -0.0427555
    endloop
  endfacet
  facet normal -0.0432938 -0.881095 -0.470954
    outer loop
      vertex -0.00840721 -0.0853598 -0.0514103
      vertex -0 -0.0857729 -0.0514103
      vertex -0.00886064 -0.0899636 -0.0427555
    endloop
  endfacet
  facet normal -0.0432861 -0.881098 -0.470948
    outer loop
      vertex -0 -0.0857729 -0.0514103
      vertex -0 -0.0903989 -0.0427555
      vertex -0.00886064 -0.0899636 -0.0427555
    endloop
  endfacet
  facet normal 0.043294 -0.881098 -0.470948
    outer loop
      vertex -0 -0.0857729 -0.0514103
      vertex 0.00840721 -0.0853598 -0.0514103
      vertex -0 -0.0903989 -0.0427555
    endloop
  endfacet
  facet normal 0.0432859 -0.881095 -0.470954
    outer loop
      vertex 0.00840721 -0.0853598 -0.0514103
      vertex 0.00886064 -0.0899636 -0.0427555
      vertex -0 -0.0903989 -0.0427555
    endloop
  endfacet
  facet normal 0.12943 -0.872611 -0.470954
    outer loop
      vertex 0.00840721 -0.0853598 -0.0514103
      vertex 0.0167335 -0.0841248 -0.0514103
      vertex 0.00886064 -0.0899636 -0.0427555
    endloop
  endfacet
  facet normal 0.12944 -0.872613 -0.470947
    outer loop
      vertex 0.0167335 -0.0841248 -0.0514103
      vertex 0.017636 -0.0886619 -0.0427555
      vertex 0.00886064 -0.0899636 -0.0427555
    endloop
  endfacet
  facet normal 0.214355 -0.855722 -0.470947
    outer loop
      vertex 0.0167335 -0.0841248 -0.0514103
      vertex 0.0248985 -0.0820795 -0.0514103
      vertex 0.017636 -0.0886619 -0.0427555
    endloop
  endfacet
  facet normal 0.214343 -0.855721 -0.470956
    outer loop
      vertex 0.0248985 -0.0820795 -0.0514103
      vertex 0.0262414 -0.0865064 -0.0427555
      vertex 0.017636 -0.0886619 -0.0427555
    endloop
  endfacet
  facet normal 0.297185 -0.830591 -0.470956
    outer loop
      vertex 0.0248985 -0.0820795 -0.0514103
      vertex 0.0328239 -0.0792438 -0.0514103
      vertex 0.0262414 -0.0865064 -0.0427555
    endloop
  endfacet
  facet normal 0.297192 -0.830591 -0.470951
    outer loop
      vertex 0.0328239 -0.0792438 -0.0514103
      vertex 0.0345942 -0.0835177 -0.0427555
      vertex 0.0262414 -0.0865064 -0.0427555
    endloop
  endfacet
  facet normal 0.377177 -0.79746 -0.470951
    outer loop
      vertex 0.0328239 -0.0792438 -0.0514103
      vertex 0.040433 -0.0756449 -0.0514103
      vertex 0.0345942 -0.0835177 -0.0427555
    endloop
  endfacet
  facet normal 0.377172 -0.797461 -0.470954
    outer loop
      vertex 0.040433 -0.0756449 -0.0514103
      vertex 0.0426138 -0.0797247 -0.0427555
      vertex 0.0345942 -0.0835177 -0.0427555
    endloop
  endfacet
  facet normal 0.453521 -0.756651 -0.470955
    outer loop
      vertex 0.040433 -0.0756449 -0.0514103
      vertex 0.0476528 -0.0713175 -0.0514103
      vertex 0.0426138 -0.0797247 -0.0427555
    endloop
  endfacet
  facet normal 0.453512 -0.756652 -0.470962
    outer loop
      vertex 0.0476528 -0.0713175 -0.0514103
      vertex 0.050223 -0.075164 -0.0427555
      vertex 0.0426138 -0.0797247 -0.0427555
    endloop
  endfacet
  facet normal 0.525497 -0.708554 -0.470962
    outer loop
      vertex 0.0476528 -0.0713175 -0.0514103
      vertex 0.0544137 -0.0663033 -0.0514103
      vertex 0.050223 -0.075164 -0.0427555
    endloop
  endfacet
  facet normal 0.525505 -0.708552 -0.470956
    outer loop
      vertex 0.0544137 -0.0663033 -0.0514103
      vertex 0.0573485 -0.0698793 -0.0427555
      vertex 0.050223 -0.075164 -0.0427555
    endloop
  endfacet
  facet normal 0.592414 -0.65364 -0.470956
    outer loop
      vertex 0.0544137 -0.0663033 -0.0514103
      vertex 0.0606506 -0.0606506 -0.0514103
      vertex 0.0573485 -0.0698793 -0.0427555
    endloop
  endfacet
  facet normal 0.592422 -0.653637 -0.470951
    outer loop
      vertex 0.0606506 -0.0606506 -0.0514103
      vertex 0.0639217 -0.0639217 -0.0427555
      vertex 0.0573485 -0.0698793 -0.0427555
    endloop
  endfacet
  facet normal 0.653642 -0.592417 -0.470951
    outer loop
      vertex 0.0606506 -0.0606506 -0.0514103
      vertex 0.0663033 -0.0544137 -0.0514103
      vertex 0.0639217 -0.0639217 -0.0427555
    endloop
  endfacet
  facet normal 0.653635 -0.59242 -0.470956
    outer loop
      vertex 0.0663033 -0.0544137 -0.0514103
      vertex 0.0698793 -0.0573485 -0.0427555
      vertex 0.0639217 -0.0639217 -0.0427555
    endloop
  endfacet
  facet normal 0.708556 -0.525498 -0.470956
    outer loop
      vertex 0.0663033 -0.0544137 -0.0514103
      vertex 0.0713175 -0.0476528 -0.0514103
      vertex 0.0698793 -0.0573485 -0.0427555
    endloop
  endfacet
  facet normal 0.708549 -0.525503 -0.470962
    outer loop
      vertex 0.0713175 -0.0476528 -0.0514103
      vertex 0.075164 -0.050223 -0.0427555
      vertex 0.0698793 -0.0573485 -0.0427555
    endloop
  endfacet
  facet normal 0.756648 -0.453519 -0.470962
    outer loop
      vertex 0.0713175 -0.0476528 -0.0514103
      vertex 0.0756449 -0.040433 -0.0514103
      vertex 0.075164 -0.050223 -0.0427555
    endloop
  endfacet
  facet normal 0.756655 -0.453514 -0.470955
    outer loop
      vertex 0.0756449 -0.040433 -0.0514103
      vertex 0.0797247 -0.0426138 -0.0427555
      vertex 0.075164 -0.050223 -0.0427555
    endloop
  endfacet
  facet normal 0.797458 -0.377176 -0.470954
    outer loop
      vertex 0.0756449 -0.040433 -0.0514103
      vertex 0.0792438 -0.0328239 -0.0514103
      vertex 0.0797247 -0.0426138 -0.0427555
    endloop
  endfacet
  facet normal 0.797462 -0.377173 -0.470951
    outer loop
      vertex 0.0792438 -0.0328239 -0.0514103
      vertex 0.0835177 -0.0345942 -0.0427555
      vertex 0.0797247 -0.0426138 -0.0427555
    endloop
  endfacet
  facet normal 0.830594 -0.297186 -0.470951
    outer loop
      vertex 0.0792438 -0.0328239 -0.0514103
      vertex 0.0820795 -0.0248985 -0.0514103
      vertex 0.0835177 -0.0345942 -0.0427555
    endloop
  endfacet
  facet normal 0.830589 -0.297191 -0.470956
    outer loop
      vertex 0.0820795 -0.0248985 -0.0514103
      vertex 0.0865064 -0.0262414 -0.0427555
      vertex 0.0835177 -0.0345942 -0.0427555
    endloop
  endfacet
  facet normal 0.855718 -0.214354 -0.470956
    outer loop
      vertex 0.0820795 -0.0248985 -0.0514103
      vertex 0.0841248 -0.0167335 -0.0514103
      vertex 0.0865064 -0.0262414 -0.0427555
    endloop
  endfacet
  facet normal 0.855725 -0.214344 -0.470947
    outer loop
      vertex 0.0841248 -0.0167335 -0.0514103
      vertex 0.0886619 -0.017636 -0.0427555
      vertex 0.0865064 -0.0262414 -0.0427555
    endloop
  endfacet
  facet normal 0.872615 -0.129431 -0.470947
    outer loop
      vertex 0.0841248 -0.0167335 -0.0514103
      vertex 0.0853598 -0.00840721 -0.0514103
      vertex 0.0886619 -0.017636 -0.0427555
    endloop
  endfacet
  facet normal 0.87261 -0.129439 -0.470954
    outer loop
      vertex 0.0853598 -0.00840721 -0.0514103
      vertex 0.0899636 -0.00886064 -0.0427555
      vertex 0.0886619 -0.017636 -0.0427555
    endloop
  endfacet
  facet normal 0.881095 -0.0432938 -0.470954
    outer loop
      vertex 0.0853598 -0.00840721 -0.0514103
      vertex 0.0857729 0 -0.0514103
      vertex 0.0899636 -0.00886064 -0.0427555
    endloop
  endfacet
  facet normal 0.881098 -0.0432861 -0.470948
    outer loop
      vertex 0.0857729 0 -0.0514103
      vertex 0.0903989 0 -0.0427555
      vertex 0.0899636 -0.00886064 -0.0427555
    endloop
  endfacet
  facet normal 0.830775 0.0408169 -0.555109
    outer loop
      vertex 0.0803208 0 -0.0595699
      vertex 0.079934 0.00787281 -0.0595699
      vertex 0.0857729 0 -0.0514103
    endloop
  endfacet
  facet normal 0.830777 0.0408214 -0.555106
    outer loop
      vertex 0.079934 0.00787281 -0.0595699
      vertex 0.0853598 0.00840721 -0.0514103
      vertex 0.0857729 0 -0.0514103
    endloop
  endfacet
  facet normal 0.822776 0.12205 -0.555106
    outer loop
      vertex 0.079934 0.00787281 -0.0595699
      vertex 0.0787774 0.0156698 -0.0595699
      vertex 0.0853598 0.00840721 -0.0514103
    endloop
  endfacet
  facet normal 0.822773 0.122038 -0.555114
    outer loop
      vertex 0.0787774 0.0156698 -0.0595699
      vertex 0.0841248 0.0167335 -0.0514103
      vertex 0.0853598 0.00840721 -0.0514103
    endloop
  endfacet
  facet normal 0.806848 0.2021 -0.555114
    outer loop
      vertex 0.0787774 0.0156698 -0.0595699
      vertex 0.0768622 0.0233159 -0.0595699
      vertex 0.0841248 0.0167335 -0.0514103
    endloop
  endfacet
  facet normal 0.80685 0.202113 -0.555106
    outer loop
      vertex 0.0768622 0.0233159 -0.0595699
      vertex 0.0820795 0.0248985 -0.0514103
      vertex 0.0841248 0.0167335 -0.0514103
    endloop
  endfacet
  facet normal 0.783156 0.280222 -0.555106
    outer loop
      vertex 0.0768622 0.0233159 -0.0595699
      vertex 0.0742067 0.0307374 -0.0595699
      vertex 0.0820795 0.0248985 -0.0514103
    endloop
  endfacet
  facet normal 0.783155 0.280212 -0.555112
    outer loop
      vertex 0.0742067 0.0307374 -0.0595699
      vertex 0.0792438 0.0328239 -0.0514103
      vertex 0.0820795 0.0248985 -0.0514103
    endloop
  endfacet
  facet normal 0.751916 0.355629 -0.555113
    outer loop
      vertex 0.0742067 0.0307374 -0.0595699
      vertex 0.0708366 0.0378629 -0.0595699
      vertex 0.0792438 0.0328239 -0.0514103
    endloop
  endfacet
  facet normal 0.751916 0.355636 -0.555108
    outer loop
      vertex 0.0708366 0.0378629 -0.0595699
      vertex 0.0756449 0.040433 -0.0514103
      vertex 0.0792438 0.0328239 -0.0514103
    endloop
  endfacet
  facet normal 0.713441 0.427617 -0.555108
    outer loop
      vertex 0.0708366 0.0378629 -0.0595699
      vertex 0.0667843 0.0446238 -0.0595699
      vertex 0.0756449 0.040433 -0.0514103
    endloop
  endfacet
  facet normal 0.713441 0.427622 -0.555105
    outer loop
      vertex 0.0667843 0.0446238 -0.0595699
      vertex 0.0713175 0.0476528 -0.0514103
      vertex 0.0756449 0.040433 -0.0514103
    endloop
  endfacet
  facet normal 0.66809 0.495493 -0.555105
    outer loop
      vertex 0.0667843 0.0446238 -0.0595699
      vertex 0.0620888 0.0509549 -0.0595699
      vertex 0.0713175 0.0476528 -0.0514103
    endloop
  endfacet
  facet normal 0.668091 0.495488 -0.555109
    outer loop
      vertex 0.0620888 0.0509549 -0.0595699
      vertex 0.0663033 0.0544137 -0.0514103
      vertex 0.0713175 0.0476528 -0.0514103
    endloop
  endfacet
  facet normal 0.616303 0.558592 -0.555109
    outer loop
      vertex 0.0620888 0.0509549 -0.0595699
      vertex 0.0567953 0.0567953 -0.0595699
      vertex 0.0663033 0.0544137 -0.0514103
    endloop
  endfacet
  facet normal 0.616307 0.558579 -0.555118
    outer loop
      vertex 0.0567953 0.0567953 -0.0595699
      vertex 0.0606506 0.0606506 -0.0514103
      vertex 0.0663033 0.0544137 -0.0514103
    endloop
  endfacet
  facet normal 0.558588 0.616299 -0.555118
    outer loop
      vertex 0.0567953 0.0567953 -0.0595699
      vertex 0.0509549 0.0620888 -0.0595699
      vertex 0.0606506 0.0606506 -0.0514103
    endloop
  endfacet
  facet normal 0.558582 0.616311 -0.555109
    outer loop
      vertex 0.0509549 0.0620888 -0.0595699
      vertex 0.0544137 0.0663033 -0.0514103
      vertex 0.0606506 0.0606506 -0.0514103
    endloop
  endfacet
  facet normal 0.495492 0.668088 -0.555109
    outer loop
      vertex 0.0509549 0.0620888 -0.0595699
      vertex 0.0446238 0.0667843 -0.0595699
      vertex 0.0544137 0.0663033 -0.0514103
    endloop
  endfacet
  facet normal 0.495489 0.668093 -0.555105
    outer loop
      vertex 0.0446238 0.0667843 -0.0595699
      vertex 0.0476528 0.0713175 -0.0514103
      vertex 0.0544137 0.0663033 -0.0514103
    endloop
  endfacet
  facet normal 0.427618 0.713443 -0.555105
    outer loop
      vertex 0.0446238 0.0667843 -0.0595699
      vertex 0.0378629 0.0708366 -0.0595699
      vertex 0.0476528 0.0713175 -0.0514103
    endloop
  endfacet
  facet normal 0.427621 0.713439 -0.555108
    outer loop
      vertex 0.0378629 0.0708366 -0.0595699
      vertex 0.040433 0.0756449 -0.0514103
      vertex 0.0476528 0.0713175 -0.0514103
    endloop
  endfacet
  facet normal 0.35563 0.751919 -0.555108
    outer loop
      vertex 0.0378629 0.0708366 -0.0595699
      vertex 0.0307374 0.0742067 -0.0595699
      vertex 0.040433 0.0756449 -0.0514103
    endloop
  endfacet
  facet normal 0.355635 0.751914 -0.555112
    outer loop
      vertex 0.0307374 0.0742067 -0.0595699
      vertex 0.0328239 0.0792438 -0.0514103
      vertex 0.040433 0.0756449 -0.0514103
    endloop
  endfacet
  facet normal 0.280221 0.783152 -0.555112
    outer loop
      vertex 0.0307374 0.0742067 -0.0595699
      vertex 0.0233159 0.0768622 -0.0595699
      vertex 0.0328239 0.0792438 -0.0514103
    endloop
  endfacet
  facet normal 0.280213 0.783159 -0.555106
    outer loop
      vertex 0.0233159 0.0768622 -0.0595699
      vertex 0.0248985 0.0820795 -0.0514103
      vertex 0.0328239 0.0792438 -0.0514103
    endloop
  endfacet
  facet normal 0.202101 0.806853 -0.555106
    outer loop
      vertex 0.0233159 0.0768622 -0.0595699
      vertex 0.0156698 0.0787774 -0.0595699
      vertex 0.0248985 0.0820795 -0.0514103
    endloop
  endfacet
  facet normal 0.202112 0.806845 -0.555114
    outer loop
      vertex 0.0156698 0.0787774 -0.0595699
      vertex 0.0167335 0.0841248 -0.0514103
      vertex 0.0248985 0.0820795 -0.0514103
    endloop
  endfacet
  facet normal 0.122049 0.822771 -0.555114
    outer loop
      vertex 0.0156698 0.0787774 -0.0595699
      vertex 0.00787281 0.079934 -0.0595699
      vertex 0.0167335 0.0841248 -0.0514103
    endloop
  endfacet
  facet normal 0.122039 0.822778 -0.555106
    outer loop
      vertex 0.00787281 0.079934 -0.0595699
      vertex 0.00840721 0.0853598 -0.0514103
      vertex 0.0167335 0.0841248 -0.0514103
    endloop
  endfacet
  facet normal 0.040817 0.830777 -0.555106
    outer loop
      vertex 0.00787281 0.079934 -0.0595699
      vertex 0 0.0803208 -0.0595699
      vertex 0.00840721 0.0853598 -0.0514103
    endloop
  endfacet
  facet normal 0.0408213 0.830775 -0.555109
    outer loop
      vertex 0 0.0803208 -0.0595699
      vertex 0 0.0857729 -0.0514103
      vertex 0.00840721 0.0853598 -0.0514103
    endloop
  endfacet
  facet normal -0.0408169 0.830775 -0.555109
    outer loop
      vertex 0 0.0803208 -0.0595699
      vertex -0.00787281 0.079934 -0.0595699
      vertex 0 0.0857729 -0.0514103
    endloop
  endfacet
  facet normal -0.0408214 0.830777 -0.555106
    outer loop
      vertex -0.00787281 0.079934 -0.0595699
      vertex -0.00840721 0.0853598 -0.0514103
      vertex 0 0.0857729 -0.0514103
    endloop
  endfacet
  facet normal -0.12205 0.822776 -0.555106
    outer loop
      vertex -0.00787281 0.079934 -0.0595699
      vertex -0.0156698 0.0787774 -0.0595699
      vertex -0.00840721 0.0853598 -0.0514103
    endloop
  endfacet
  facet normal -0.122038 0.822773 -0.555114
    outer loop
      vertex -0.0156698 0.0787774 -0.0595699
      vertex -0.0167335 0.0841248 -0.0514103
      vertex -0.00840721 0.0853598 -0.0514103
    endloop
  endfacet
  facet normal -0.2021 0.806848 -0.555114
    outer loop
      vertex -0.0156698 0.0787774 -0.0595699
      vertex -0.0233159 0.0768622 -0.0595699
      vertex -0.0167335 0.0841248 -0.0514103
    endloop
  endfacet
  facet normal -0.202113 0.80685 -0.555106
    outer loop
      vertex -0.0233159 0.0768622 -0.0595699
      vertex -0.0248985 0.0820795 -0.0514103
      vertex -0.0167335 0.0841248 -0.0514103
    endloop
  endfacet
  facet normal -0.280222 0.783156 -0.555106
    outer loop
      vertex -0.0233159 0.0768622 -0.0595699
      vertex -0.0307374 0.0742067 -0.0595699
      vertex -0.0248985 0.0820795 -0.0514103
    endloop
  endfacet
  facet normal -0.280212 0.783155 -0.555112
    outer loop
      vertex -0.0307374 0.0742067 -0.0595699
      vertex -0.0328239 0.0792438 -0.0514103
      vertex -0.0248985 0.0820795 -0.0514103
    endloop
  endfacet
  facet normal -0.355629 0.751916 -0.555113
    outer loop
      vertex -0.0307374 0.0742067 -0.0595699
      vertex -0.0378629 0.0708366 -0.0595699
      vertex -0.0328239 0.0792438 -0.0514103
    endloop
  endfacet
  facet normal -0.355636 0.751916 -0.555108
    outer loop
      vertex -0.0378629 0.0708366 -0.0595699
      vertex -0.040433 0.0756449 -0.0514103
      vertex -0.0328239 0.0792438 -0.0514103
    endloop
  endfacet
  facet normal -0.427617 0.713441 -0.555108
    outer loop
      vertex -0.0378629 0.0708366 -0.0595699
      vertex -0.0446238 0.0667843 -0.0595699
      vertex -0.040433 0.0756449 -0.0514103
    endloop
  endfacet
  facet normal -0.427622 0.713441 -0.555105
    outer loop
      vertex -0.0446238 0.0667843 -0.0595699
      vertex -0.0476528 0.0713175 -0.0514103
      vertex -0.040433 0.0756449 -0.0514103
    endloop
  endfacet
  facet normal -0.495493 0.66809 -0.555105
    outer loop
      vertex -0.0446238 0.0667843 -0.0595699
      vertex -0.0509549 0.0620888 -0.0595699
      vertex -0.0476528 0.0713175 -0.0514103
    endloop
  endfacet
  facet normal -0.495488 0.668091 -0.555109
    outer loop
      vertex -0.0509549 0.0620888 -0.0595699
      vertex -0.0544137 0.0663033 -0.0514103
      vertex -0.0476528 0.0713175 -0.0514103
    endloop
  endfacet
  facet normal -0.558592 0.616303 -0.555109
    outer loop
      vertex -0.0509549 0.0620888 -0.0595699
      vertex -0.0567953 0.0567953 -0.0595699
      vertex -0.0544137 0.0663033 -0.0514103
    endloop
  endfacet
  facet normal -0.558579 0.616307 -0.555118
    outer loop
      vertex -0.0567953 0.0567953 -0.0595699
      vertex -0.0606506 0.0606506 -0.0514103
      vertex -0.0544137 0.0663033 -0.0514103
    endloop
  endfacet
  facet normal -0.616299 0.558588 -0.555118
    outer loop
      vertex -0.0567953 0.0567953 -0.0595699
      vertex -0.0620888 0.0509549 -0.0595699
      vertex -0.0606506 0.0606506 -0.0514103
    endloop
  endfacet
  facet normal -0.616311 0.558582 -0.555109
    outer loop
      vertex -0.0620888 0.0509549 -0.0595699
      vertex -0.0663033 0.0544137 -0.0514103
      vertex -0.0606506 0.0606506 -0.0514103
    endloop
  endfacet
  facet normal -0.668088 0.495492 -0.555109
    outer loop
      vertex -0.0620888 0.0509549 -0.0595699
      vertex -0.0667843 0.0446238 -0.0595699
      vertex -0.0663033 0.0544137 -0.0514103
    endloop
  endfacet
  facet normal -0.668093 0.495489 -0.555105
    outer loop
      vertex -0.0667843 0.0446238 -0.0595699
      vertex -0.0713175 0.0476528 -0.0514103
      vertex -0.0663033 0.0544137 -0.0514103
    endloop
  endfacet
  facet normal -0.713443 0.427618 -0.555105
    outer loop
      vertex -0.0667843 0.0446238 -0.0595699
      vertex -0.0708366 0.0378629 -0.0595699
      vertex -0.0713175 0.0476528 -0.0514103
    endloop
  endfacet
  facet normal -0.713439 0.427621 -0.555108
    outer loop
      vertex -0.0708366 0.0378629 -0.0595699
      vertex -0.0756449 0.040433 -0.0514103
      vertex -0.0713175 0.0476528 -0.0514103
    endloop
  endfacet
  facet normal -0.751919 0.35563 -0.555108
    outer loop
      vertex -0.0708366 0.0378629 -0.0595699
      vertex -0.0742067 0.0307374 -0.0595699
      vertex -0.0756449 0.040433 -0.0514103
    endloop
  endfacet
  facet normal -0.751914 0.355635 -0.555112
    outer loop
      vertex -0.0742067 0.0307374 -0.0595699
      vertex -0.0792438 0.0328239 -0.0514103
      vertex -0.0756449 0.040433 -0.0514103
    endloop
  endfacet
  facet normal -0.783152 0.280221 -0.555112
    outer loop
      vertex -0.0742067 0.0307374 -0.0595699
      vertex -0.0768622 0.0233159 -0.0595699
      vertex -0.0792438 0.0328239 -0.0514103
    endloop
  endfacet
  facet normal -0.783159 0.280213 -0.555106
    outer loop
      vertex -0.0768622 0.0233159 -0.0595699
      vertex -0.0820795 0.0248985 -0.0514103
      vertex -0.0792438 0.0328239 -0.0514103
    endloop
  endfacet
  facet normal -0.806853 0.202101 -0.555106
    outer loop
      vertex -0.0768622 0.0233159 -0.0595699
      vertex -0.0787774 0.0156698 -0.0595699
      vertex -0.0820795 0.0248985 -0.0514103
    endloop
  endfacet
  facet normal -0.806845 0.202112 -0.555114
    outer loop
      vertex -0.0787774 0.0156698 -0.0595699
      vertex -0.0841248 0.0167335 -0.0514103
      vertex -0.0820795 0.0248985 -0.0514103
    endloop
  endfacet
  facet normal -0.822771 0.122049 -0.555114
    outer loop
      vertex -0.0787774 0.0156698 -0.0595699
      vertex -0.079934 0.00787281 -0.0595699
      vertex -0.0841248 0.0167335 -0.0514103
    endloop
  endfacet
  facet normal -0.822778 0.122039 -0.555106
    outer loop
      vertex -0.079934 0.00787281 -0.0595699
      vertex -0.0853598 0.00840721 -0.0514103
      vertex -0.0841248 0.0167335 -0.0514103
    endloop
  endfacet
  facet normal -0.830777 0.040817 -0.555106
    outer loop
      vertex -0.079934 0.00787281 -0.0595699
      vertex -0.0803208 -0 -0.0595699
      vertex -0.0853598 0.00840721 -0.0514103
    endloop
  endfacet
  facet normal -0.830775 0.0408213 -0.555109
    outer loop
      vertex -0.0803208 -0 -0.0595699
      vertex -0.0857729 -0 -0.0514103
      vertex -0.0853598 0.00840721 -0.0514103
    endloop
  endfacet
  facet normal -0.830775 -0.0408169 -0.555109
    outer loop
      vertex -0.0803208 -0 -0.0595699
      vertex -0.079934 -0.00787281 -0.0595699
      vertex -0.0857729 -0 -0.0514103
    endloop
  endfacet
  facet normal -0.830777 -0.0408214 -0.555106
    outer loop
      vertex -0.079934 -0.00787281 -0.0595699
      vertex -0.0853598 -0.00840721 -0.0514103
      vertex -0.0857729 -0 -0.0514103
    endloop
  endfacet
  facet normal -0.822776 -0.12205 -0.555106
    outer loop
      vertex -0.079934 -0.00787281 -0.0595699
      vertex -0.0787774 -0.0156698 -0.0595699
      vertex -0.0853598 -0.00840721 -0.0514103
    endloop
  endfacet
  facet normal -0.822773 -0.122038 -0.555114
    outer loop
      vertex -0.0787774 -0.0156698 -0.0595699
      vertex -0.0841248 -0.0167335 -0.0514103
      vertex -0.0853598 -0.00840721 -0.0514103
    endloop
  endfacet
  facet normal -0.806848 -0.2021 -0.555114
    outer loop
      vertex -0.0787774 -0.0156698 -0.0595699
      vertex -0.0768622 -0.0233159 -0.0595699
      vertex -0.0841248 -0.0167335 -0.0514103
    endloop
  endfacet
  facet normal -0.80685 -0.202113 -0.555106
    outer loop
      vertex -0.0768622 -0.0233159 -0.0595699
      vertex -0.0820795 -0.0248985 -0.0514103
      vertex -0.0841248 -0.0167335 -0.0514103
    endloop
  endfacet
  facet normal -0.783156 -0.280222 -0.555106
    outer loop
      vertex -0.0768622 -0.0233159 -0.0595699
      vertex -0.0742067 -0.0307374 -0.0595699
      vertex -0.0820795 -0.0248985 -0.0514103
    endloop
  endfacet
  facet normal -0.783155 -0.280212 -0.555112
    outer loop
      vertex -0.0742067 -0.0307374 -0.0595699
      vertex -0.0792438 -0.0328239 -0.0514103
      vertex -0.0820795 -0.0248985 -0.0514103
    endloop
  endfacet
  facet normal -0.751916 -0.355629 -0.555113
    outer loop
      vertex -0.0742067 -0.0307374 -0.0595699
      vertex -0.0708366 -0.0378629 -0.0595699
      vertex -0.0792438 -0.0328239 -0.0514103
    endloop
  endfacet
  facet normal -0.751916 -0.355636 -0.555108
    outer loop
      vertex -0.0708366 -0.0378629 -0.0595699
      vertex -0.0756449 -0.040433 -0.0514103
      vertex -0.0792438 -0.0328239 -0.0514103
    endloop
  endfacet
  facet normal -0.713441 -0.427617 -0.555108
    outer loop
      vertex -0.0708366 -0.0378629 -0.0595699
      vertex -0.0667843 -0.0446238 -0.0595699
      vertex -0.0756449 -0.040433 -0.0514103
    endloop
  endfacet
  facet normal -0.713441 -0.427622 -0.555105
    outer loop
      vertex -0.0667843 -0.0446238 -0.0595699
      vertex -0.0713175 -0.0476528 -0.0514103
      vertex -0.0756449 -0.040433 -0.0514103
    endloop
  endfacet
  facet normal -0.66809 -0.495493 -0.555105
    outer loop
      vertex -0.0667843 -0.0446238 -0.0595699
      vertex -0.0620888 -0.0509549 -0.0595699
      vertex -0.0713175 -0.0476528 -0.0514103
    endloop
  endfacet
  facet normal -0.668091 -0.495488 -0.555109
    outer loop
      vertex -0.0620888 -0.0509549 -0.0595699
      vertex -0.0663033 -0.0544137 -0.0514103
      vertex -0.0713175 -0.0476528 -0.0514103
    endloop
  endfacet
  facet normal -0.616303 -0.558592 -0.555109
    outer loop
      vertex -0.0620888 -0.0509549 -0.0595699
      vertex -0.0567953 -0.0567953 -0.0595699
      vertex -0.0663033 -0.0544137 -0.0514103
    endloop
  endfacet
  facet normal -0.616307 -0.558579 -0.555118
    outer loop
      vertex -0.0567953 -0.0567953 -0.0595699
      vertex -0.0606506 -0.0606506 -0.0514103
      vertex -0.0663033 -0.0544137 -0.0514103
    endloop
  endfacet
  facet normal -0.558588 -0.616299 -0.555118
    outer loop
      vertex -0.0567953 -0.0567953 -0.0595699
      vertex -0.0509549 -0.0620888 -0.0595699
      vertex -0.0606506 -0.0606506 -0.0514103
    endloop
  endfacet
  facet normal -0.558582 -0.616311 -0.555109
    outer loop
      vertex -0.0509549 -0.0620888 -0.0595699
      vertex -0.0544137 -0.0663033 -0.0514103
      vertex -0.0606506 -0.0606506 -0.0514103
    endloop
  endfacet
  facet normal -0.495492 -0.668088 -0.555109
    outer loop
      vertex -0.0509549 -0.0620888 -0.0595699
      vertex -0.0446238 -0.0667843 -0.0595699
      vertex -0.0544137 -0.0663033 -0.0514103
    endloop
  endfacet
  facet normal -0.495489 -0.668093 -0.555105
    outer loop
      vertex -0.0446238 -0.0667843 -0.0595699
      vertex -0.0476528 -0.0713175 -0.0514103
      vertex -0.0544137 -0.0663033 -0.0514103
    endloop
  endfacet
  facet normal -0.427618 -0.713443 -0.555105
    outer loop
      vertex -0.0446238 -0.0667843 -0.0595699
      vertex -0.0378629 -0.0708366 -0.0595699
      vertex -0.0476528 -0.0713175 -0.0514103
    endloop
  endfacet
  facet normal -0.427621 -0.713439 -0.555108
    outer loop
      vertex -0.0378629 -0.0708366 -0.0595699
      vertex -0.040433 -0.0756449 -0.0514103
      vertex -0.0476528 -0.0713175 -0.0514103
    endloop
  endfacet
  facet normal -0.35563 -0.751919 -0.555108
    outer loop
      vertex -0.0378629 -0.0708366 -0.0595699
      vertex -0.0307374 -0.0742067 -0.0595699
      vertex -0.040433 -0.0756449 -0.0514103
    endloop
  endfacet
  facet normal -0.355635 -0.751914 -0.555112
    outer loop
      vertex -0.0307374 -0.0742067 -0.0595699
      vertex -0.0328239 -0.0792438 -0.0514103
      vertex -0.040433 -0.0756449 -0.0514103
    endloop
  endfacet
  facet normal -0.280221 -0.783152 -0.555112
    outer loop
      vertex -0.0307374 -0.0742067 -0.0595699
      vertex -0.0233159 -0.0768622 -0.0595699
      vertex -0.0328239 -0.0792438 -0.0514103
    endloop
  endfacet
  facet normal -0.280213 -0.783159 -0.555106
    outer loop
      vertex -0.0233159 -0.0768622 -0.0595699
      vertex -0.0248985 -0.0820795 -0.0514103
      vertex -0.0328239 -0.0792438 -0.0514103
    endloop
  endfacet
  facet normal -0.202101 -0.806853 -0.555106
    outer loop
      vertex -0.0233159 -0.0768622 -0.0595699
      vertex -0.0156698 -0.0787774 -0.0595699
      vertex -0.0248985 -0.0820795 -0.0514103
    endloop
  endfacet
  facet normal -0.202112 -0.806845 -0.555114
    outer loop
      vertex -0.0156698 -0.0787774 -0.0595699
      vertex -0.0167335 -0.0841248 -0.0514103
      vertex -0.0248985 -0.0820795 -0.0514103
    endloop
  endfacet
  facet normal -0.122049 -0.822771 -0.555114
    outer loop
      vertex -0.0156698 -0.0787774 -0.0595699
      vertex -0.00787281 -0.079934 -0.0595699
      vertex -0.0167335 -0.0841248 -0.0514103
    endloop
  endfacet
  facet normal -0.122039 -0.822778 -0.555106
    outer loop
      vertex -0.00787281 -0.079934 -0.0595699
      vertex -0.00840721 -0.0853598 -0.0514103
      vertex -0.0167335 -0.0841248 -0.0514103
    endloop
  endfacet
  facet normal -0.040817 -0.830777 -0.555106
    outer loop
      vertex -0.00787281 -0.079934 -0.0595699
      vertex -0 -0.0803208 -0.0595699
      vertex -0.00840721 -0.0853598 -0.0514103
    endloop
  endfacet
  facet normal -0.0408213 -0.830775 -0.555109
    outer loop
      vertex -0 -0.0803208 -0.0595699
      vertex -0 -0.0857729 -0.0514103
      vertex -0.00840721 -0.0853598 -0.0514103
    endloop
  endfacet
  facet normal 0.0408169 -0.830775 -0.555109
    outer loop
      vertex -0 -0.0803208 -0.0595699
      vertex 0.00787281 -0.079934 -0.0595699
      vertex -0 -0.0857729 -0.0514103
    endloop
  endfacet
  facet normal 0.0408214 -0.830777 -0.555106
    outer loop
      vertex 0.00787281 -0.079934 -0.0595699
      vertex 0.00840721 -0.0853598 -0.0514103
      vertex -0 -0.0857729 -0.0514103
    endloop
  endfacet
  facet normal 0.12205 -0.822776 -0.555106
    outer loop
      vertex 0.00787281 -0.079934 -0.0595699
      vertex 0.0156698 -0.0787774 -0.0595699
      vertex 0.00840721 -0.0853598 -0.0514103
    endloop
  endfacet
  facet normal 0.122038 -0.822773 -0.555114
    outer loop
      vertex 0.0156698 -0.0787774 -0.0595699
      vertex 0.0167335 -0.0841248 -0.0514103
      vertex 0.00840721 -0.0853598 -0.0514103
    endloop
  endfacet
  facet normal 0.2021 -0.806848 -0.555114
    outer loop
      vertex 0.0156698 -0.0787774 -0.0595699
      vertex 0.0233159 -0.0768622 -0.0595699
      vertex 0.0167335 -0.0841248 -0.0514103
    endloop
  endfacet
  facet normal 0.202113 -0.80685 -0.555106
    outer loop
      vertex 0.0233159 -0.0768622 -0.0595699
      vertex 0.0248985 -0.0820795 -0.0514103
      vertex 0.0167335 -0.0841248 -0.0514103
    endloop
  endfacet
  facet normal 0.280222 -0.783156 -0.555106
    outer loop
      vertex 0.0233159 -0.0768622 -0.0595699
      vertex 0.0307374 -0.0742067 -0.0595699
      vertex 0.0248985 -0.0820795 -0.0514103
    endloop
  endfacet
  facet normal 0.280212 -0.783155 -0.555112
    outer loop
      vertex 0.0307374 -0.0742067 -0.0595699
      vertex 0.0328239 -0.0792438 -0.0514103
      vertex 0.0248985 -0.0820795 -0.0514103
    endloop
  endfacet
  facet normal 0.355629 -0.751916 -0.555113
    outer loop
      vertex 0.0307374 -0.0742067 -0.0595699
      vertex 0.0378629 -0.0708366 -0.0595699
      vertex 0.0328239 -0.0792438 -0.0514103
    endloop
  endfacet
  facet normal 0.355636 -0.751916 -0.555108
    outer loop
      vertex 0.0378629 -0.0708366 -0.0595699
      vertex 0.040433 -0.0756449 -0.0514103
      vertex 0.0328239 -0.0792438 -0.0514103
    endloop
  endfacet
  facet normal 0.427617 -0.713441 -0.555108
    outer loop
      vertex 0.0378629 -0.0708366 -0.0595699
      vertex 0.0446238 -0.0667843 -0.0595699
      vertex 0.040433 -0.0756449 -0.0514103
    endloop
  endfacet
  facet normal 0.427622 -0.713441 -0.555105
    outer loop
      vertex 0.0446238 -0.0667843 -0.0595699
      vertex 0.0476528 -0.0713175 -0.0514103
      vertex 0.040433 -0.0756449 -0.0514103
    endloop
  endfacet
  facet normal 0.495493 -0.66809 -0.555105
    outer loop
      vertex 0.0446238 -0.0667843 -0.0595699
      vertex 0.0509549 -0.0620888 -0.0595699
      vertex 0.0476528 -0.0713175 -0.0514103
    endloop
  endfacet
  facet normal 0.495488 -0.668091 -0.555109
    outer loop
      vertex 0.0509549 -0.0620888 -0.0595699
      vertex 0.0544137 -0.0663033 -0.0514103
      vertex 0.0476528 -0.0713175 -0.0514103
    endloop
  endfacet
  facet normal 0.558592 -0.616303 -0.555109
    outer loop
      vertex 0.0509549 -0.0620888 -0.0595699
      vertex 0.0567953 -0.0567953 -0.0595699
      vertex 0.0544137 -0.0663033 -0.0514103
    endloop
  endfacet
  facet normal 0.558579 -0.616307 -0.555118
    outer loop
      vertex 0.0567953 -0.0567953 -0.0595699
      vertex 0.0606506 -0.0606506 -0.0514103
      vertex 0.0544137 -0.0663033 -0.0514103
    endloop
  endfacet
  facet normal 0.616299 -0.558588 -0.555118
    outer loop
      vertex 0.0567953 -0.0567953 -0.0595699
      vertex 0.0620888 -0.0509549 -0.0595699
      vertex 0.0606506 -0.0606506 -0.0514103
    endloop
  endfacet
  facet normal 0.616311 -0.558582 -0.555109
    outer loop
      vertex 0.0620888 -0.0509549 -0.0595699
      vertex 0.0663033 -0.0544137 -0.0514103
      vertex 0.0606506 -0.0606506 -0.0514103
    endloop
  endfacet
  facet normal 0.668088 -0.495492 -0.555109
    outer loop
      vertex 0.0620888 -0.0509549 -0.0595699
      vertex 0.0667843 -0.0446238 -0.0595699
      vertex 0.0663033 -0.0544137 -0.0514103
    endloop
  endfacet
  facet normal 0.668093 -0.495489 -0.555105
    outer loop
      vertex 0.0667843 -0.0446238 -0.0595699
      vertex 0.0713175 -0.0476528 -0.0514103
      vertex 0.0663033 -0.0544137 -0.0514103
    endloop
  endfacet
  facet normal 0.713443 -0.427618 -0.555105
    outer loop
      vertex 0.0667843 -0.0446238 -0.0595699
      vertex 0.0708366 -0.0378629 -0.0595699
      vertex 0.0713175 -0.0476528 -0.0514103
    endloop
  endfacet
  facet normal 0.713439 -0.427621 -0.555108
    outer loop
      vertex 0.0708366 -0.0378629 -0.0595699
      vertex 0.0756449 -0.040433 -0.0514103
      vertex 0.0713175 -0.0476528 -0.0514103
    endloop
  endfacet
  facet normal 0.751919 -0.35563 -0.555108
    outer loop
      vertex 0.0708366 -0.0378629 -0.0595699
      vertex 0.0742067 -0.0307374 -0.0595699
      vertex 0.0756449 -0.040433 -0.0514103
    endloop
  endfacet
  facet normal 0.751914 -0.355635 -0.555112
    outer loop
      vertex 0.0742067 -0.0307374 -0.0595699
      vertex 0.0792438 -0.0328239 -0.0514103
      vertex 0.0756449 -0.040433 -0.0514103
    endloop
  endfacet
  facet normal 0.783152 -0.280221 -0.555112
    outer loop
      vertex 0.0742067 -0.0307374 -0.0595699
      vertex 0.0768622 -0.0233159 -0.0595699
      vertex 0.0792438 -0.0328239 -0.0514103
    endloop
  endfacet
  facet normal 0.783159 -0.280213 -0.555106
    outer loop
      vertex 0.0768622 -0.0233159 -0.0595699
      vertex 0.0820795 -0.0248985 -0.0514103
      vertex 0.0792438 -0.0328239 -0.0514103
    endloop
  endfacet
  facet normal 0.806853 -0.202101 -0.555106
    outer loop
      vertex 0.0768622 -0.0233159 -0.0595699
      vertex 0.0787774 -0.0156698 -0.0595699
      vertex 0.0820795 -0.0248985 -0.0514103
    endloop
  endfacet
  facet normal 0.806845 -0.202112 -0.555114
    outer loop
      vertex 0.0787774 -0.0156698 -0.0595699
      vertex 0.0841248 -0.0167335 -0.0514103
      vertex 0.0820795 -0.0248985 -0.0514103
    endloop
  endfacet
  facet normal 0.822771 -0.122049 -0.555114
    outer loop
      vertex 0.0787774 -0.0156698 -0.0595699
      vertex 0.079934 -0.00787281 -0.0595699
      vertex 0.0841248 -0.0167335 -0.0514103
    endloop
  endfacet
  facet normal 0.822778 -0.122039 -0.555106
    outer loop
      vertex 0.079934 -0.00787281 -0.0595699
      vertex 0.0853598 -0.00840721 -0.0514103
      vertex 0.0841248 -0.0167335 -0.0514103
    endloop
  endfacet
  facet normal 0.830777 -0.040817 -0.555106
    outer loop
      vertex 0.079934 -0.00787281 -0.0595699
      vertex 0.0803208 0 -0.0595699
      vertex 0.0853598 -0.00840721 -0.0514103
    endloop
  endfacet
  facet normal 0.830775 -0.0408213 -0.555109
    outer loop
      vertex 0.0803208 0 -0.0595699
      vertex 0.0857729 0 -0.0514103
      vertex 0.0853598 -0.00840721 -0.0514103
    endloop
  endfacet
  facet normal 0.772452 0.0379494 -0.633938
    outer loop
      vertex 0.0740951 0 -0.0671559
      vertex 0.0737383 0.00726259 -0.0671559
      vertex 0.0803208 0 -0.0595699
    endloop
  endfacet
  facet normal 0.772453 0.0379515 -0.633937
    outer loop
      vertex 0.0737383 0.00726259 -0.0671559
      vertex 0.079934 0.00787281 -0.0595699
      vertex 0.0803208 0 -0.0595699
    endloop
  endfacet
  facet normal 0.765014 0.113477 -0.633937
    outer loop
      vertex 0.0737383 0.00726259 -0.0671559
      vertex 0.0726714 0.0144552 -0.0671559
      vertex 0.079934 0.00787281 -0.0595699
    endloop
  endfacet
  facet normal 0.765016 0.113482 -0.633934
    outer loop
      vertex 0.0726714 0.0144552 -0.0671559
      vertex 0.0787774 0.0156698 -0.0595699
      vertex 0.079934 0.00787281 -0.0595699
    endloop
  endfacet
  facet normal 0.75021 0.187917 -0.633934
    outer loop
      vertex 0.0726714 0.0144552 -0.0671559
      vertex 0.0709046 0.0215087 -0.0671559
      vertex 0.0787774 0.0156698 -0.0595699
    endloop
  endfacet
  facet normal 0.750209 0.187913 -0.633936
    outer loop
      vertex 0.0709046 0.0215087 -0.0671559
      vertex 0.0768622 0.0233159 -0.0595699
      vertex 0.0787774 0.0156698 -0.0595699
    endloop
  endfacet
  facet normal 0.728178 0.260541 -0.633936
    outer loop
      vertex 0.0709046 0.0215087 -0.0671559
      vertex 0.068455 0.028355 -0.0671559
      vertex 0.0768622 0.0233159 -0.0595699
    endloop
  endfacet
  facet normal 0.728179 0.260551 -0.633931
    outer loop
      vertex 0.068455 0.028355 -0.0671559
      vertex 0.0742067 0.0307374 -0.0595699
      vertex 0.0768622 0.0233159 -0.0595699
    endloop
  endfacet
  facet normal 0.699136 0.330667 -0.633931
    outer loop
      vertex 0.068455 0.028355 -0.0671559
      vertex 0.0653461 0.0349282 -0.0671559
      vertex 0.0742067 0.0307374 -0.0595699
    endloop
  endfacet
  facet normal 0.699136 0.330665 -0.633932
    outer loop
      vertex 0.0653461 0.0349282 -0.0671559
      vertex 0.0708366 0.0378629 -0.0595699
      vertex 0.0742067 0.0307374 -0.0595699
    endloop
  endfacet
  facet normal 0.663353 0.39761 -0.633932
    outer loop
      vertex 0.0653461 0.0349282 -0.0671559
      vertex 0.0616078 0.041165 -0.0671559
      vertex 0.0708366 0.0378629 -0.0595699
    endloop
  endfacet
  facet normal 0.663354 0.397596 -0.633939
    outer loop
      vertex 0.0616078 0.041165 -0.0671559
      vertex 0.0667843 0.0446238 -0.0595699
      vertex 0.0708366 0.0378629 -0.0595699
    endloop
  endfacet
  facet normal 0.621189 0.460701 -0.633939
    outer loop
      vertex 0.0616078 0.041165 -0.0671559
      vertex 0.0572763 0.0470054 -0.0671559
      vertex 0.0667843 0.0446238 -0.0595699
    endloop
  endfacet
  facet normal 0.621188 0.460708 -0.633935
    outer loop
      vertex 0.0572763 0.0470054 -0.0671559
      vertex 0.0620888 0.0509549 -0.0595699
      vertex 0.0667843 0.0446238 -0.0595699
    endloop
  endfacet
  facet normal 0.573048 0.519368 -0.633935
    outer loop
      vertex 0.0572763 0.0470054 -0.0671559
      vertex 0.0523932 0.0523932 -0.0671559
      vertex 0.0620888 0.0509549 -0.0595699
    endloop
  endfacet
  facet normal 0.573043 0.519383 -0.633927
    outer loop
      vertex 0.0523932 0.0523932 -0.0671559
      vertex 0.0567953 0.0567953 -0.0595699
      vertex 0.0620888 0.0509549 -0.0595699
    endloop
  endfacet
  facet normal 0.519372 0.573053 -0.633926
    outer loop
      vertex 0.0523932 0.0523932 -0.0671559
      vertex 0.0470054 0.0572763 -0.0671559
      vertex 0.0567953 0.0567953 -0.0595699
    endloop
  endfacet
  facet normal 0.519378 0.573038 -0.633935
    outer loop
      vertex 0.0470054 0.0572763 -0.0671559
      vertex 0.0509549 0.0620888 -0.0595699
      vertex 0.0567953 0.0567953 -0.0595699
    endloop
  endfacet
  facet normal 0.460703 0.621192 -0.633935
    outer loop
      vertex 0.0470054 0.0572763 -0.0671559
      vertex 0.041165 0.0616078 -0.0671559
      vertex 0.0509549 0.0620888 -0.0595699
    endloop
  endfacet
  facet normal 0.460706 0.621186 -0.633939
    outer loop
      vertex 0.041165 0.0616078 -0.0671559
      vertex 0.0446238 0.0667843 -0.0595699
      vertex 0.0509549 0.0620888 -0.0595699
    endloop
  endfacet
  facet normal 0.397607 0.663348 -0.633939
    outer loop
      vertex 0.041165 0.0616078 -0.0671559
      vertex 0.0349282 0.0653461 -0.0671559
      vertex 0.0446238 0.0667843 -0.0595699
    endloop
  endfacet
  facet normal 0.397599 0.663359 -0.633932
    outer loop
      vertex 0.0349282 0.0653461 -0.0671559
      vertex 0.0378629 0.0708366 -0.0595699
      vertex 0.0446238 0.0667843 -0.0595699
    endloop
  endfacet
  facet normal 0.330667 0.699135 -0.633932
    outer loop
      vertex 0.0349282 0.0653461 -0.0671559
      vertex 0.028355 0.068455 -0.0671559
      vertex 0.0378629 0.0708366 -0.0595699
    endloop
  endfacet
  facet normal 0.330666 0.699136 -0.633931
    outer loop
      vertex 0.028355 0.068455 -0.0671559
      vertex 0.0307374 0.0742067 -0.0595699
      vertex 0.0378629 0.0708366 -0.0595699
    endloop
  endfacet
  facet normal 0.260543 0.728182 -0.633931
    outer loop
      vertex 0.028355 0.068455 -0.0671559
      vertex 0.0215087 0.0709046 -0.0671559
      vertex 0.0307374 0.0742067 -0.0595699
    endloop
  endfacet
  facet normal 0.26055 0.728175 -0.633936
    outer loop
      vertex 0.0215087 0.0709046 -0.0671559
      vertex 0.0233159 0.0768622 -0.0595699
      vertex 0.0307374 0.0742067 -0.0595699
    endloop
  endfacet
  facet normal 0.187916 0.750208 -0.633936
    outer loop
      vertex 0.0215087 0.0709046 -0.0671559
      vertex 0.0144552 0.0726714 -0.0671559
      vertex 0.0233159 0.0768622 -0.0595699
    endloop
  endfacet
  facet normal 0.187913 0.750211 -0.633934
    outer loop
      vertex 0.0144552 0.0726714 -0.0671559
      vertex 0.0156698 0.0787774 -0.0595699
      vertex 0.0233159 0.0768622 -0.0595699
    endloop
  endfacet
  facet normal 0.113477 0.765017 -0.633934
    outer loop
      vertex 0.0144552 0.0726714 -0.0671559
      vertex 0.00726259 0.0737383 -0.0671559
      vertex 0.0156698 0.0787774 -0.0595699
    endloop
  endfacet
  facet normal 0.113482 0.765014 -0.633937
    outer loop
      vertex 0.00726259 0.0737383 -0.0671559
      vertex 0.00787281 0.079934 -0.0595699
      vertex 0.0156698 0.0787774 -0.0595699
    endloop
  endfacet
  facet normal 0.0379494 0.772453 -0.633937
    outer loop
      vertex 0.00726259 0.0737383 -0.0671559
      vertex 0 0.0740951 -0.0671559
      vertex 0.00787281 0.079934 -0.0595699
    endloop
  endfacet
  facet normal 0.0379514 0.772452 -0.633938
    outer loop
      vertex 0 0.0740951 -0.0671559
      vertex 0 0.0803208 -0.0595699
      vertex 0.00787281 0.079934 -0.0595699
    endloop
  endfacet
  facet normal -0.0379494 0.772452 -0.633938
    outer loop
      vertex 0 0.0740951 -0.0671559
      vertex -0.00726259 0.0737383 -0.0671559
      vertex 0 0.0803208 -0.0595699
    endloop
  endfacet
  facet normal -0.0379515 0.772453 -0.633937
    outer loop
      vertex -0.00726259 0.0737383 -0.0671559
      vertex -0.00787281 0.079934 -0.0595699
      vertex 0 0.0803208 -0.0595699
    endloop
  endfacet
  facet normal -0.113477 0.765014 -0.633937
    outer loop
      vertex -0.00726259 0.0737383 -0.0671559
      vertex -0.0144552 0.0726714 -0.0671559
      vertex -0.00787281 0.079934 -0.0595699
    endloop
  endfacet
  facet normal -0.113482 0.765016 -0.633934
    outer loop
      vertex -0.0144552 0.0726714 -0.0671559
      vertex -0.0156698 0.0787774 -0.0595699
      vertex -0.00787281 0.079934 -0.0595699
    endloop
  endfacet
  facet normal -0.187917 0.75021 -0.633934
    outer loop
      vertex -0.0144552 0.0726714 -0.0671559
      vertex -0.0215087 0.0709046 -0.0671559
      vertex -0.0156698 0.0787774 -0.0595699
    endloop
  endfacet
  facet normal -0.187913 0.750209 -0.633936
    outer loop
      vertex -0.0215087 0.0709046 -0.0671559
      vertex -0.0233159 0.0768622 -0.0595699
      vertex -0.0156698 0.0787774 -0.0595699
    endloop
  endfacet
  facet normal -0.260541 0.728178 -0.633936
    outer loop
      vertex -0.0215087 0.0709046 -0.0671559
      vertex -0.028355 0.068455 -0.0671559
      vertex -0.0233159 0.0768622 -0.0595699
    endloop
  endfacet
  facet normal -0.260551 0.728179 -0.633931
    outer loop
      vertex -0.028355 0.068455 -0.0671559
      vertex -0.0307374 0.0742067 -0.0595699
      vertex -0.0233159 0.0768622 -0.0595699
    endloop
  endfacet
  facet normal -0.330667 0.699136 -0.633931
    outer loop
      vertex -0.028355 0.068455 -0.0671559
      vertex -0.0349282 0.0653461 -0.0671559
      vertex -0.0307374 0.0742067 -0.0595699
    endloop
  endfacet
  facet normal -0.330665 0.699136 -0.633932
    outer loop
      vertex -0.0349282 0.0653461 -0.0671559
      vertex -0.0378629 0.0708366 -0.0595699
      vertex -0.0307374 0.0742067 -0.0595699
    endloop
  endfacet
  facet normal -0.39761 0.663353 -0.633932
    outer loop
      vertex -0.0349282 0.0653461 -0.0671559
      vertex -0.041165 0.0616078 -0.0671559
      vertex -0.0378629 0.0708366 -0.0595699
    endloop
  endfacet
  facet normal -0.397596 0.663354 -0.633939
    outer loop
      vertex -0.041165 0.0616078 -0.0671559
      vertex -0.0446238 0.0667843 -0.0595699
      vertex -0.0378629 0.0708366 -0.0595699
    endloop
  endfacet
  facet normal -0.460701 0.621189 -0.633939
    outer loop
      vertex -0.041165 0.0616078 -0.0671559
      vertex -0.0470054 0.0572763 -0.0671559
      vertex -0.0446238 0.0667843 -0.0595699
    endloop
  endfacet
  facet normal -0.460708 0.621188 -0.633935
    outer loop
      vertex -0.0470054 0.0572763 -0.0671559
      vertex -0.0509549 0.0620888 -0.0595699
      vertex -0.0446238 0.0667843 -0.0595699
    endloop
  endfacet
  facet normal -0.519368 0.573048 -0.633935
    outer loop
      vertex -0.0470054 0.0572763 -0.0671559
      vertex -0.0523932 0.0523932 -0.0671559
      vertex -0.0509549 0.0620888 -0.0595699
    endloop
  endfacet
  facet normal -0.519383 0.573043 -0.633927
    outer loop
      vertex -0.0523932 0.0523932 -0.0671559
      vertex -0.0567953 0.0567953 -0.0595699
      vertex -0.0509549 0.0620888 -0.0595699
    endloop
  endfacet
  facet normal -0.573053 0.519372 -0.633926
    outer loop
      vertex -0.0523932 0.0523932 -0.0671559
      vertex -0.0572763 0.0470054 -0.0671559
      vertex -0.0567953 0.0567953 -0.0595699
    endloop
  endfacet
  facet normal -0.573038 0.519378 -0.633935
    outer loop
      vertex -0.0572763 0.0470054 -0.0671559
      vertex -0.0620888 0.0509549 -0.0595699
      vertex -0.0567953 0.0567953 -0.0595699
    endloop
  endfacet
  facet normal -0.621192 0.460703 -0.633935
    outer loop
      vertex -0.0572763 0.0470054 -0.0671559
      vertex -0.0616078 0.041165 -0.0671559
      vertex -0.0620888 0.0509549 -0.0595699
    endloop
  endfacet
  facet normal -0.621186 0.460706 -0.633939
    outer loop
      vertex -0.0616078 0.041165 -0.0671559
      vertex -0.0667843 0.0446238 -0.0595699
      vertex -0.0620888 0.0509549 -0.0595699
    endloop
  endfacet
  facet normal -0.663348 0.397607 -0.633939
    outer loop
      vertex -0.0616078 0.041165 -0.0671559
      vertex -0.0653461 0.0349282 -0.0671559
      vertex -0.0667843 0.0446238 -0.0595699
    endloop
  endfacet
  facet normal -0.663359 0.397599 -0.633932
    outer loop
      vertex -0.0653461 0.0349282 -0.0671559
      vertex -0.0708366 0.0378629 -0.0595699
      vertex -0.0667843 0.0446238 -0.0595699
    endloop
  endfacet
  facet normal -0.699135 0.330667 -0.633932
    outer loop
      vertex -0.0653461 0.0349282 -0.0671559
      vertex -0.068455 0.028355 -0.0671559
      vertex -0.0708366 0.0378629 -0.0595699
    endloop
  endfacet
  facet normal -0.699136 0.330666 -0.633931
    outer loop
      vertex -0.068455 0.028355 -0.0671559
      vertex -0.0742067 0.0307374 -0.0595699
      vertex -0.0708366 0.0378629 -0.0595699
    endloop
  endfacet
  facet normal -0.728182 0.260543 -0.633931
    outer loop
      vertex -0.068455 0.028355 -0.0671559
      vertex -0.0709046 0.0215087 -0.0671559
      vertex -0.0742067 0.0307374 -0.0595699
    endloop
  endfacet
  facet normal -0.728175 0.26055 -0.633936
    outer loop
      vertex -0.0709046 0.0215087 -0.0671559
      vertex -0.0768622 0.0233159 -0.0595699
      vertex -0.0742067 0.0307374 -0.0595699
    endloop
  endfacet
  facet normal -0.750208 0.187916 -0.633936
    outer loop
      vertex -0.0709046 0.0215087 -0.0671559
      vertex -0.0726714 0.0144552 -0.0671559
      vertex -0.0768622 0.0233159 -0.0595699
    endloop
  endfacet
  facet normal -0.750211 0.187913 -0.633934
    outer loop
      vertex -0.0726714 0.0144552 -0.0671559
      vertex -0.0787774 0.0156698 -0.0595699
      vertex -0.0768622 0.0233159 -0.0595699
    endloop
  endfacet
  facet normal -0.765017 0.113477 -0.633934
    outer loop
      vertex -0.0726714 0.0144552 -0.0671559
      vertex -0.0737383 0.00726259 -0.0671559
      vertex -0.0787774 0.0156698 -0.0595699
    endloop
  endfacet
  facet normal -0.765014 0.113482 -0.633937
    outer loop
      vertex -0.0737383 0.00726259 -0.0671559
      vertex -0.079934 0.00787281 -0.0595699
      vertex -0.0787774 0.0156698 -0.0595699
    endloop
  endfacet
  facet normal -0.772453 0.0379494 -0.633937
    outer loop
      vertex -0.0737383 0.00726259 -0.0671559
      vertex -0.0740951 -0 -0.0671559
      vertex -0.079934 0.00787281 -0.0595699
    endloop
  endfacet
  facet normal -0.772452 0.0379514 -0.633938
    outer loop
      vertex -0.0740951 -0 -0.0671559
      vertex -0.0803208 -0 -0.0595699
      vertex -0.079934 0.00787281 -0.0595699
    endloop
  endfacet
  facet normal -0.772452 -0.0379494 -0.633938
    outer loop
      vertex -0.0740951 -0 -0.0671559
      vertex -0.0737383 -0.00726259 -0.0671559
      vertex -0.0803208 -0 -0.0595699
    endloop
  endfacet
  facet normal -0.772453 -0.0379515 -0.633937
    outer loop
      vertex -0.0737383 -0.00726259 -0.0671559
      vertex -0.079934 -0.00787281 -0.0595699
      vertex -0.0803208 -0 -0.0595699
    endloop
  endfacet
  facet normal -0.765014 -0.113477 -0.633937
    outer loop
      vertex -0.0737383 -0.00726259 -0.0671559
      vertex -0.0726714 -0.0144552 -0.0671559
      vertex -0.079934 -0.00787281 -0.0595699
    endloop
  endfacet
  facet normal -0.765016 -0.113482 -0.633934
    outer loop
      vertex -0.0726714 -0.0144552 -0.0671559
      vertex -0.0787774 -0.0156698 -0.0595699
      vertex -0.079934 -0.00787281 -0.0595699
    endloop
  endfacet
  facet normal -0.75021 -0.187917 -0.633934
    outer loop
      vertex -0.0726714 -0.0144552 -0.0671559
      vertex -0.0709046 -0.0215087 -0.0671559
      vertex -0.0787774 -0.0156698 -0.0595699
    endloop
  endfacet
  facet normal -0.750209 -0.187913 -0.633936
    outer loop
      vertex -0.0709046 -0.0215087 -0.0671559
      vertex -0.0768622 -0.0233159 -0.0595699
      vertex -0.0787774 -0.0156698 -0.0595699
    endloop
  endfacet
  facet normal -0.728178 -0.260541 -0.633936
    outer loop
      vertex -0.0709046 -0.0215087 -0.0671559
      vertex -0.068455 -0.028355 -0.0671559
      vertex -0.0768622 -0.0233159 -0.0595699
    endloop
  endfacet
  facet normal -0.728179 -0.260551 -0.633931
    outer loop
      vertex -0.068455 -0.028355 -0.0671559
      vertex -0.0742067 -0.0307374 -0.0595699
      vertex -0.0768622 -0.0233159 -0.0595699
    endloop
  endfacet
  facet normal -0.699136 -0.330667 -0.633931
    outer loop
      vertex -0.068455 -0.028355 -0.0671559
      vertex -0.0653461 -0.0349282 -0.0671559
      vertex -0.0742067 -0.0307374 -0.0595699
    endloop
  endfacet
  facet normal -0.699136 -0.330665 -0.633932
    outer loop
      vertex -0.0653461 -0.0349282 -0.0671559
      vertex -0.0708366 -0.0378629 -0.0595699
      vertex -0.0742067 -0.0307374 -0.0595699
    endloop
  endfacet
  facet normal -0.663353 -0.39761 -0.633932
    outer loop
      vertex -0.0653461 -0.0349282 -0.0671559
      vertex -0.0616078 -0.041165 -0.0671559
      vertex -0.0708366 -0.0378629 -0.0595699
    endloop
  endfacet
  facet normal -0.663354 -0.397596 -0.633939
    outer loop
      vertex -0.0616078 -0.041165 -0.0671559
      vertex -0.0667843 -0.0446238 -0.0595699
      vertex -0.0708366 -0.0378629 -0.0595699
    endloop
  endfacet
  facet normal -0.621189 -0.460701 -0.633939
    outer loop
      vertex -0.0616078 -0.041165 -0.0671559
      vertex -0.0572763 -0.0470054 -0.0671559
      vertex -0.0667843 -0.0446238 -0.0595699
    endloop
  endfacet
  facet normal -0.621188 -0.460708 -0.633935
    outer loop
      vertex -0.0572763 -0.0470054 -0.0671559
      vertex -0.0620888 -0.0509549 -0.0595699
      vertex -0.0667843 -0.0446238 -0.0595699
    endloop
  endfacet
  facet normal -0.573048 -0.519368 -0.633935
    outer loop
      vertex -0.0572763 -0.0470054 -0.0671559
      vertex -0.0523932 -0.0523932 -0.0671559
      vertex -0.0620888 -0.0509549 -0.0595699
    endloop
  endfacet
  facet normal -0.573043 -0.519383 -0.633927
    outer loop
      vertex -0.0523932 -0.0523932 -0.0671559
      vertex -0.0567953 -0.0567953 -0.0595699
      vertex -0.0620888 -0.0509549 -0.0595699
    endloop
  endfacet
  facet normal -0.519372 -0.573053 -0.633926
    outer loop
      vertex -0.0523932 -0.0523932 -0.0671559
      vertex -0.0470054 -0.0572763 -0.0671559
      vertex -0.0567953 -0.0567953 -0.0595699
    endloop
  endfacet
  facet normal -0.519378 -0.573038 -0.633935
    outer loop
      vertex -0.0470054 -0.0572763 -0.0671559
      vertex -0.0509549 -0.0620888 -0.0595699
      vertex -0.0567953 -0.0567953 -0.0595699
    endloop
  endfacet
  facet normal -0.460703 -0.621192 -0.633935
    outer loop
      vertex -0.0470054 -0.0572763 -0.0671559
      vertex -0.041165 -0.0616078 -0.0671559
      vertex -0.0509549 -0.0620888 -0.0595699
    endloop
  endfacet
  facet normal -0.460706 -0.621186 -0.633939
    outer loop
      vertex -0.041165 -0.0616078 -0.0671559
      vertex -0.0446238 -0.0667843 -0.0595699
      vertex -0.0509549 -0.0620888 -0.0595699
    endloop
  endfacet
  facet normal -0.397607 -0.663348 -0.633939
    outer loop
      vertex -0.041165 -0.0616078 -0.0671559
      vertex -0.0349282 -0.0653461 -0.0671559
      vertex -0.0446238 -0.0667843 -0.0595699
    endloop
  endfacet
  facet normal -0.397599 -0.663359 -0.633932
    outer loop
      vertex -0.0349282 -0.0653461 -0.0671559
      vertex -0.0378629 -0.0708366 -0.0595699
      vertex -0.0446238 -0.0667843 -0.0595699
    endloop
  endfacet
  facet normal -0.330667 -0.699135 -0.633932
    outer loop
      vertex -0.0349282 -0.0653461 -0.0671559
      vertex -0.028355 -0.068455 -0.0671559
      vertex -0.0378629 -0.0708366 -0.0595699
    endloop
  endfacet
  facet normal -0.330666 -0.699136 -0.633931
    outer loop
      vertex -0.028355 -0.068455 -0.0671559
      vertex -0.0307374 -0.0742067 -0.0595699
      vertex -0.0378629 -0.0708366 -0.0595699
    endloop
  endfacet
  facet normal -0.260543 -0.728182 -0.633931
    outer loop
      vertex -0.028355 -0.068455 -0.0671559
      vertex -0.0215087 -0.0709046 -0.0671559
      vertex -0.0307374 -0.0742067 -0.0595699
    endloop
  endfacet
  facet normal -0.26055 -0.728175 -0.633936
    outer loop
      vertex -0.0215087 -0.0709046 -0.0671559
      vertex -0.0233159 -0.0768622 -0.0595699
      vertex -0.0307374 -0.0742067 -0.0595699
    endloop
  endfacet
  facet normal -0.187916 -0.750208 -0.633936
    outer loop
      vertex -0.0215087 -0.0709046 -0.0671559
      vertex -0.0144552 -0.0726714 -0.0671559
      vertex -0.0233159 -0.0768622 -0.0595699
    endloop
  endfacet
  facet normal -0.187913 -0.750211 -0.633934
    outer loop
      vertex -0.0144552 -0.0726714 -0.0671559
      vertex -0.0156698 -0.0787774 -0.0595699
      vertex -0.0233159 -0.0768622 -0.0595699
    endloop
  endfacet
  facet normal -0.113477 -0.765017 -0.633934
    outer loop
      vertex -0.0144552 -0.0726714 -0.0671559
      vertex -0.00726259 -0.0737383 -0.0671559
      vertex -0.0156698 -0.0787774 -0.0595699
    endloop
  endfacet
  facet normal -0.113482 -0.765014 -0.633937
    outer loop
      vertex -0.00726259 -0.0737383 -0.0671559
      vertex -0.00787281 -0.079934 -0.0595699
      vertex -0.0156698 -0.0787774 -0.0595699
    endloop
  endfacet
  facet normal -0.0379494 -0.772453 -0.633937
    outer loop
      vertex -0.00726259 -0.0737383 -0.0671559
      vertex -0 -0.0740951 -0.0671559
      vertex -0.00787281 -0.079934 -0.0595699
    endloop
  endfacet
  facet normal -0.0379514 -0.772452 -0.633938
    outer loop
      vertex -0 -0.0740951 -0.0671559
      vertex -0 -0.0803208 -0.0595699
      vertex -0.00787281 -0.079934 -0.0595699
    endloop
  endfacet
  facet normal 0.0379494 -0.772452 -0.633938
    outer loop
      vertex -0 -0.0740951 -0.0671559
      vertex 0.00726259 -0.0737383 -0.0671559
      vertex -0 -0.0803208 -0.0595699
    endloop
  endfacet
  facet normal 0.0379515 -0.772453 -0.633937
    outer loop
      vertex 0.00726259 -0.0737383 -0.0671559
      vertex 0.00787281 -0.079934 -0.0595699
      vertex -0 -0.0803208 -0.0595699
    endloop
  endfacet
  facet normal 0.113477 -0.765014 -0.633937
    outer loop
      vertex 0.00726259 -0.0737383 -0.0671559
      vertex 0.0144552 -0.0726714 -0.0671559
      vertex 0.00787281 -0.079934 -0.0595699
    endloop
  endfacet
  facet normal 0.113482 -0.765016 -0.633934
    outer loop
      vertex 0.0144552 -0.0726714 -0.0671559
      vertex 0.0156698 -0.0787774 -0.0595699
      vertex 0.00787281 -0.079934 -0.0595699
    endloop
  endfacet
  facet normal 0.187917 -0.75021 -0.633934
    outer loop
      vertex 0.0144552 -0.0726714 -0.0671559
      vertex 0.0215087 -0.0709046 -0.0671559
      vertex 0.0156698 -0.0787774 -0.0595699
    endloop
  endfacet
  facet normal 0.187913 -0.750209 -0.633936
    outer loop
      vertex 0.0215087 -0.0709046 -0.0671559
      vertex 0.0233159 -0.0768622 -0.0595699
      vertex 0.0156698 -0.0787774 -0.0595699
    endloop
  endfacet
  facet normal 0.260541 -0.728178 -0.633936
    outer loop
      vertex 0.0215087 -0.0709046 -0.0671559
      vertex 0.028355 -0.068455 -0.0671559
      vertex 0.0233159 -0.0768622 -0.0595699
    endloop
  endfacet
  facet normal 0.260551 -0.728179 -0.633931
    outer loop
      vertex 0.028355 -0.068455 -0.0671559
      vertex 0.0307374 -0.0742067 -0.0595699
      vertex 0.0233159 -0.0768622 -0.0595699
    endloop
  endfacet
  facet normal 0.330667 -0.699136 -0.633931
    outer loop
      vertex 0.028355 -0.068455 -0.0671559
      vertex 0.0349282 -0.0653461 -0.0671559
      vertex 0.0307374 -0.0742067 -0.0595699
    endloop
  endfacet
  facet normal 0.330665 -0.699136 -0.633932
    outer loop
      vertex 0.0349282 -0.0653461 -0.0671559
      vertex 0.0378629 -0.0708366 -0.0595699
      vertex 0.0307374 -0.0742067 -0.0595699
    endloop
  endfacet
  facet normal 0.39761 -0.663353 -0.633932
    outer loop
      vertex 0.0349282 -0.0653461 -0.0671559
      vertex 0.041165 -0.0616078 -0.0671559
      vertex 0.0378629 -0.0708366 -0.0595699
    endloop
  endfacet
  facet normal 0.397596 -0.663354 -0.633939
    outer loop
      vertex 0.041165 -0.0616078 -0.0671559
      vertex 0.0446238 -0.0667843 -0.0595699
      vertex 0.0378629 -0.0708366 -0.0595699
    endloop
  endfacet
  facet normal 0.460701 -0.621189 -0.633939
    outer loop
      vertex 0.041165 -0.0616078 -0.0671559
      vertex 0.0470054 -0.0572763 -0.0671559
      vertex 0.0446238 -0.0667843 -0.0595699
    endloop
  endfacet
  facet normal 0.460708 -0.621188 -0.633935
    outer loop
      vertex 0.0470054 -0.0572763 -0.0671559
      vertex 0.0509549 -0.0620888 -0.0595699
      vertex 0.0446238 -0.0667843 -0.0595699
    endloop
  endfacet
  facet normal 0.519368 -0.573048 -0.633935
    outer loop
      vertex 0.0470054 -0.0572763 -0.0671559
      vertex 0.0523932 -0.0523932 -0.0671559
      vertex 0.0509549 -0.0620888 -0.0595699
    endloop
  endfacet
  facet normal 0.519383 -0.573043 -0.633927
    outer loop
      vertex 0.0523932 -0.0523932 -0.0671559
      vertex 0.0567953 -0.0567953 -0.0595699
      vertex 0.0509549 -0.0620888 -0.0595699
    endloop
  endfacet
  facet normal 0.573053 -0.519372 -0.633926
    outer loop
      vertex 0.0523932 -0.0523932 -0.0671559
      vertex 0.0572763 -0.0470054 -0.0671559
      vertex 0.0567953 -0.0567953 -0.0595699
    endloop
  endfacet
  facet normal 0.573038 -0.519378 -0.633935
    outer loop
      vertex 0.0572763 -0.0470054 -0.0671559
      vertex 0.0620888 -0.0509549 -0.0595699
      vertex 0.0567953 -0.0567953 -0.0595699
    endloop
  endfacet
  facet normal 0.621192 -0.460703 -0.633935
    outer loop
      vertex 0.0572763 -0.0470054 -0.0671559
      vertex 0.0616078 -0.041165 -0.0671559
      vertex 0.0620888 -0.0509549 -0.0595699
    endloop
  endfacet
  facet normal 0.621186 -0.460706 -0.633939
    outer loop
      vertex 0.0616078 -0.041165 -0.0671559
      vertex 0.0667843 -0.0446238 -0.0595699
      vertex 0.0620888 -0.0509549 -0.0595699
    endloop
  endfacet
  facet normal 0.663348 -0.397607 -0.633939
    outer loop
      vertex 0.0616078 -0.041165 -0.0671559
      vertex 0.0653461 -0.0349282 -0.0671559
      vertex 0.0667843 -0.0446238 -0.0595699
    endloop
  endfacet
  facet normal 0.663359 -0.397599 -0.633932
    outer loop
      vertex 0.0653461 -0.0349282 -0.0671559
      vertex 0.0708366 -0.0378629 -0.0595699
      vertex 0.0667843 -0.0446238 -0.0595699
    endloop
  endfacet
  facet normal 0.699135 -0.330667 -0.633932
    outer loop
      vertex 0.0653461 -0.0349282 -0.0671559
      vertex 0.068455 -0.028355 -0.0671559
      vertex 0.0708366 -0.0378629 -0.0595699
    endloop
  endfacet
  facet normal 0.699136 -0.330666 -0.633931
    outer loop
      vertex 0.068455 -0.028355 -0.0671559
      vertex 0.0742067 -0.0307374 -0.0595699
      vertex 0.0708366 -0.0378629 -0.0595699
    endloop
  endfacet
  facet normal 0.728182 -0.260543 -0.633931
    outer loop
      vertex 0.068455 -0.028355 -0.0671559
      vertex 0.0709046 -0.0215087 -0.0671559
      vertex 0.0742067 -0.0307374 -0.0595699
    endloop
  endfacet
  facet normal 0.728175 -0.26055 -0.633936
    outer loop
      vertex 0.0709046 -0.0215087 -0.0671559
      vertex 0.0768622 -0.0233159 -0.0595699
      vertex 0.0742067 -0.0307374 -0.0595699
    endloop
  endfacet
  facet normal 0.750208 -0.187916 -0.633936
    outer loop
      vertex 0.0709046 -0.0215087 -0.0671559
      vertex 0.0726714 -0.0144552 -0.0671559
      vertex 0.0768622 -0.0233159 -0.0595699
    endloop
  endfacet
  facet normal 0.750211 -0.187913 -0.633934
    outer loop
      vertex 0.0726714 -0.0144552 -0.0671559
      vertex 0.0787774 -0.0156698 -0.0595699
      vertex 0.0768622 -0.0233159 -0.0595699
    endloop
  endfacet
  facet normal 0.765017 -0.113477 -0.633934
    outer loop
      vertex 0.0726714 -0.0144552 -0.0671559
      vertex 0.0737383 -0.00726259 -0.0671559
      vertex 0.0787774 -0.0156698 -0.0595699
    endloop
  endfacet
  facet normal 0.765014 -0.113482 -0.633937
    outer loop
      vertex 0.0737383 -0.00726259 -0.0671559
      vertex 0.079934 -0.00787281 -0.0595699
      vertex 0.0787774 -0.0156698 -0.0595699
    endloop
  endfacet
  facet normal 0.772453 -0.0379494 -0.633937
    outer loop
      vertex 0.0737383 -0.00726259 -0.0671559
      vertex 0.0740951 0 -0.0671559
      vertex 0.079934 -0.00787281 -0.0595699
    endloop
  endfacet
  facet normal 0.772452 -0.0379514 -0.633938
    outer loop
      vertex 0.0740951 0 -0.0671559
      vertex 0.0803208 0 -0.0595699
      vertex 0.079934 -0.00787281 -0.0595699
    endloop
  endfacet
  facet normal 0.70668 0.0347198 -0.70668
    outer loop
      vertex 0.0671559 0 -0.0740951
      vertex 0.0668325 0.00658243 -0.0740951
      vertex 0.0740951 0 -0.0671559
    endloop
  endfacet
  facet normal 0.70668 0.0347181 -0.706681
    outer loop
      vertex 0.0668325 0.00658243 -0.0740951
      vertex 0.0737383 0.00726259 -0.0671559
      vertex 0.0740951 0 -0.0671559
    endloop
  endfacet
  facet normal 0.699874 0.103815 -0.706681
    outer loop
      vertex 0.0668325 0.00658243 -0.0740951
      vertex 0.0658655 0.0131015 -0.0740951
      vertex 0.0737383 0.00726259 -0.0671559
    endloop
  endfacet
  facet normal 0.699874 0.103814 -0.706682
    outer loop
      vertex 0.0658655 0.0131015 -0.0740951
      vertex 0.0726714 0.0144552 -0.0671559
      vertex 0.0737383 0.00726259 -0.0671559
    endloop
  endfacet
  facet normal 0.686328 0.171915 -0.706681
    outer loop
      vertex 0.0658655 0.0131015 -0.0740951
      vertex 0.0642642 0.0194943 -0.0740951
      vertex 0.0726714 0.0144552 -0.0671559
    endloop
  endfacet
  facet normal 0.686328 0.171915 -0.706681
    outer loop
      vertex 0.0642642 0.0194943 -0.0740951
      vertex 0.0709046 0.0215087 -0.0671559
      vertex 0.0726714 0.0144552 -0.0671559
    endloop
  endfacet
  facet normal 0.666173 0.238358 -0.706682
    outer loop
      vertex 0.0642642 0.0194943 -0.0740951
      vertex 0.062044 0.0256994 -0.0740951
      vertex 0.0709046 0.0215087 -0.0671559
    endloop
  endfacet
  facet normal 0.666173 0.238356 -0.706683
    outer loop
      vertex 0.062044 0.0256994 -0.0740951
      vertex 0.068455 0.028355 -0.0671559
      vertex 0.0709046 0.0215087 -0.0671559
    endloop
  endfacet
  facet normal 0.639599 0.30251 -0.706683
    outer loop
      vertex 0.062044 0.0256994 -0.0740951
      vertex 0.0592262 0.0316571 -0.0740951
      vertex 0.068455 0.028355 -0.0671559
    endloop
  endfacet
  facet normal 0.639599 0.302509 -0.706684
    outer loop
      vertex 0.0592262 0.0316571 -0.0740951
      vertex 0.0653461 0.0349282 -0.0671559
      vertex 0.068455 0.028355 -0.0671559
    endloop
  endfacet
  facet normal 0.606869 0.363743 -0.706683
    outer loop
      vertex 0.0592262 0.0316571 -0.0740951
      vertex 0.0558381 0.0373098 -0.0740951
      vertex 0.0653461 0.0349282 -0.0671559
    endloop
  endfacet
  facet normal 0.606868 0.363753 -0.706679
    outer loop
      vertex 0.0558381 0.0373098 -0.0740951
      vertex 0.0616078 0.041165 -0.0671559
      vertex 0.0653461 0.0349282 -0.0671559
    endloop
  endfacet
  facet normal 0.568298 0.421476 -0.706679
    outer loop
      vertex 0.0558381 0.0373098 -0.0740951
      vertex 0.0519122 0.0426033 -0.0740951
      vertex 0.0616078 0.041165 -0.0671559
    endloop
  endfacet
  facet normal 0.568299 0.421475 -0.706679
    outer loop
      vertex 0.0519122 0.0426033 -0.0740951
      vertex 0.0572763 0.0470054 -0.0671559
      vertex 0.0616078 0.041165 -0.0671559
    endloop
  endfacet
  facet normal 0.524248 0.475152 -0.706679
    outer loop
      vertex 0.0519122 0.0426033 -0.0740951
      vertex 0.0474864 0.0474864 -0.0740951
      vertex 0.0572763 0.0470054 -0.0671559
    endloop
  endfacet
  facet normal 0.524251 0.475142 -0.706684
    outer loop
      vertex 0.0474864 0.0474864 -0.0740951
      vertex 0.0523932 0.0523932 -0.0671559
      vertex 0.0572763 0.0470054 -0.0671559
    endloop
  endfacet
  facet normal 0.475149 0.524244 -0.706684
    outer loop
      vertex 0.0474864 0.0474864 -0.0740951
      vertex 0.0426033 0.0519122 -0.0740951
      vertex 0.0523932 0.0523932 -0.0671559
    endloop
  endfacet
  facet normal 0.475145 0.524254 -0.706679
    outer loop
      vertex 0.0426033 0.0519122 -0.0740951
      vertex 0.0470054 0.0572763 -0.0671559
      vertex 0.0523932 0.0523932 -0.0671559
    endloop
  endfacet
  facet normal 0.421476 0.568298 -0.706679
    outer loop
      vertex 0.0426033 0.0519122 -0.0740951
      vertex 0.0373098 0.0558381 -0.0740951
      vertex 0.0470054 0.0572763 -0.0671559
    endloop
  endfacet
  facet normal 0.421476 0.568299 -0.706679
    outer loop
      vertex 0.0373098 0.0558381 -0.0740951
      vertex 0.041165 0.0616078 -0.0671559
      vertex 0.0470054 0.0572763 -0.0671559
    endloop
  endfacet
  facet normal 0.363746 0.606873 -0.706679
    outer loop
      vertex 0.0373098 0.0558381 -0.0740951
      vertex 0.0316571 0.0592262 -0.0740951
      vertex 0.041165 0.0616078 -0.0671559
    endloop
  endfacet
  facet normal 0.363751 0.606864 -0.706683
    outer loop
      vertex 0.0316571 0.0592262 -0.0740951
      vertex 0.0349282 0.0653461 -0.0671559
      vertex 0.041165 0.0616078 -0.0671559
    endloop
  endfacet
  facet normal 0.30251 0.639599 -0.706684
    outer loop
      vertex 0.0316571 0.0592262 -0.0740951
      vertex 0.0256994 0.062044 -0.0740951
      vertex 0.0349282 0.0653461 -0.0671559
    endloop
  endfacet
  facet normal 0.302509 0.6396 -0.706683
    outer loop
      vertex 0.0256994 0.062044 -0.0740951
      vertex 0.028355 0.068455 -0.0671559
      vertex 0.0349282 0.0653461 -0.0671559
    endloop
  endfacet
  facet normal 0.238358 0.666172 -0.706683
    outer loop
      vertex 0.0256994 0.062044 -0.0740951
      vertex 0.0194943 0.0642642 -0.0740951
      vertex 0.028355 0.068455 -0.0671559
    endloop
  endfacet
  facet normal 0.238356 0.666174 -0.706682
    outer loop
      vertex 0.0194943 0.0642642 -0.0740951
      vertex 0.0215087 0.0709046 -0.0671559
      vertex 0.028355 0.068455 -0.0671559
    endloop
  endfacet
  facet normal 0.171915 0.686329 -0.706681
    outer loop
      vertex 0.0194943 0.0642642 -0.0740951
      vertex 0.0131015 0.0658655 -0.0740951
      vertex 0.0215087 0.0709046 -0.0671559
    endloop
  endfacet
  facet normal 0.171915 0.686328 -0.706681
    outer loop
      vertex 0.0131015 0.0658655 -0.0740951
      vertex 0.0144552 0.0726714 -0.0671559
      vertex 0.0215087 0.0709046 -0.0671559
    endloop
  endfacet
  facet normal 0.103815 0.699874 -0.706682
    outer loop
      vertex 0.0131015 0.0658655 -0.0740951
      vertex 0.00658243 0.0668325 -0.0740951
      vertex 0.0144552 0.0726714 -0.0671559
    endloop
  endfacet
  facet normal 0.103814 0.699874 -0.706681
    outer loop
      vertex 0.00658243 0.0668325 -0.0740951
      vertex 0.00726259 0.0737383 -0.0671559
      vertex 0.0144552 0.0726714 -0.0671559
    endloop
  endfacet
  facet normal 0.0347197 0.70668 -0.706681
    outer loop
      vertex 0.00658243 0.0668325 -0.0740951
      vertex 0 0.0671559 -0.0740951
      vertex 0.00726259 0.0737383 -0.0671559
    endloop
  endfacet
  facet normal 0.0347181 0.70668 -0.70668
    outer loop
      vertex 0 0.0671559 -0.0740951
      vertex 0 0.0740951 -0.0671559
      vertex 0.00726259 0.0737383 -0.0671559
    endloop
  endfacet
  facet normal -0.0347198 0.70668 -0.70668
    outer loop
      vertex 0 0.0671559 -0.0740951
      vertex -0.00658243 0.0668325 -0.0740951
      vertex 0 0.0740951 -0.0671559
    endloop
  endfacet
  facet normal -0.0347181 0.70668 -0.706681
    outer loop
      vertex -0.00658243 0.0668325 -0.0740951
      vertex -0.00726259 0.0737383 -0.0671559
      vertex 0 0.0740951 -0.0671559
    endloop
  endfacet
  facet normal -0.103815 0.699874 -0.706681
    outer loop
      vertex -0.00658243 0.0668325 -0.0740951
      vertex -0.0131015 0.0658655 -0.0740951
      vertex -0.00726259 0.0737383 -0.0671559
    endloop
  endfacet
  facet normal -0.103814 0.699874 -0.706682
    outer loop
      vertex -0.0131015 0.0658655 -0.0740951
      vertex -0.0144552 0.0726714 -0.0671559
      vertex -0.00726259 0.0737383 -0.0671559
    endloop
  endfacet
  facet normal -0.171915 0.686328 -0.706681
    outer loop
      vertex -0.0131015 0.0658655 -0.0740951
      vertex -0.0194943 0.0642642 -0.0740951
      vertex -0.0144552 0.0726714 -0.0671559
    endloop
  endfacet
  facet normal -0.171915 0.686328 -0.706681
    outer loop
      vertex -0.0194943 0.0642642 -0.0740951
      vertex -0.0215087 0.0709046 -0.0671559
      vertex -0.0144552 0.0726714 -0.0671559
    endloop
  endfacet
  facet normal -0.238358 0.666173 -0.706682
    outer loop
      vertex -0.0194943 0.0642642 -0.0740951
      vertex -0.0256994 0.062044 -0.0740951
      vertex -0.0215087 0.0709046 -0.0671559
    endloop
  endfacet
  facet normal -0.238356 0.666173 -0.706683
    outer loop
      vertex -0.0256994 0.062044 -0.0740951
      vertex -0.028355 0.068455 -0.0671559
      vertex -0.0215087 0.0709046 -0.0671559
    endloop
  endfacet
  facet normal -0.30251 0.639599 -0.706683
    outer loop
      vertex -0.0256994 0.062044 -0.0740951
      vertex -0.0316571 0.0592262 -0.0740951
      vertex -0.028355 0.068455 -0.0671559
    endloop
  endfacet
  facet normal -0.302509 0.639599 -0.706684
    outer loop
      vertex -0.0316571 0.0592262 -0.0740951
      vertex -0.0349282 0.0653461 -0.0671559
      vertex -0.028355 0.068455 -0.0671559
    endloop
  endfacet
  facet normal -0.363743 0.606869 -0.706683
    outer loop
      vertex -0.0316571 0.0592262 -0.0740951
      vertex -0.0373098 0.0558381 -0.0740951
      vertex -0.0349282 0.0653461 -0.0671559
    endloop
  endfacet
  facet normal -0.363753 0.606868 -0.706679
    outer loop
      vertex -0.0373098 0.0558381 -0.0740951
      vertex -0.041165 0.0616078 -0.0671559
      vertex -0.0349282 0.0653461 -0.0671559
    endloop
  endfacet
  facet normal -0.421476 0.568298 -0.706679
    outer loop
      vertex -0.0373098 0.0558381 -0.0740951
      vertex -0.0426033 0.0519122 -0.0740951
      vertex -0.041165 0.0616078 -0.0671559
    endloop
  endfacet
  facet normal -0.421475 0.568299 -0.706679
    outer loop
      vertex -0.0426033 0.0519122 -0.0740951
      vertex -0.0470054 0.0572763 -0.0671559
      vertex -0.041165 0.0616078 -0.0671559
    endloop
  endfacet
  facet normal -0.475152 0.524248 -0.706679
    outer loop
      vertex -0.0426033 0.0519122 -0.0740951
      vertex -0.0474864 0.0474864 -0.0740951
      vertex -0.0470054 0.0572763 -0.0671559
    endloop
  endfacet
  facet normal -0.475142 0.524251 -0.706684
    outer loop
      vertex -0.0474864 0.0474864 -0.0740951
      vertex -0.0523932 0.0523932 -0.0671559
      vertex -0.0470054 0.0572763 -0.0671559
    endloop
  endfacet
  facet normal -0.524244 0.475149 -0.706684
    outer loop
      vertex -0.0474864 0.0474864 -0.0740951
      vertex -0.0519122 0.0426033 -0.0740951
      vertex -0.0523932 0.0523932 -0.0671559
    endloop
  endfacet
  facet normal -0.524254 0.475145 -0.706679
    outer loop
      vertex -0.0519122 0.0426033 -0.0740951
      vertex -0.0572763 0.0470054 -0.0671559
      vertex -0.0523932 0.0523932 -0.0671559
    endloop
  endfacet
  facet normal -0.568298 0.421476 -0.706679
    outer loop
      vertex -0.0519122 0.0426033 -0.0740951
      vertex -0.0558381 0.0373098 -0.0740951
      vertex -0.0572763 0.0470054 -0.0671559
    endloop
  endfacet
  facet normal -0.568299 0.421476 -0.706679
    outer loop
      vertex -0.0558381 0.0373098 -0.0740951
      vertex -0.0616078 0.041165 -0.0671559
      vertex -0.0572763 0.0470054 -0.0671559
    endloop
  endfacet
  facet normal -0.606873 0.363746 -0.706679
    outer loop
      vertex -0.0558381 0.0373098 -0.0740951
      vertex -0.0592262 0.0316571 -0.0740951
      vertex -0.0616078 0.041165 -0.0671559
    endloop
  endfacet
  facet normal -0.606864 0.363751 -0.706683
    outer loop
      vertex -0.0592262 0.0316571 -0.0740951
      vertex -0.0653461 0.0349282 -0.0671559
      vertex -0.0616078 0.041165 -0.0671559
    endloop
  endfacet
  facet normal -0.639599 0.30251 -0.706684
    outer loop
      vertex -0.0592262 0.0316571 -0.0740951
      vertex -0.062044 0.0256994 -0.0740951
      vertex -0.0653461 0.0349282 -0.0671559
    endloop
  endfacet
  facet normal -0.6396 0.302509 -0.706683
    outer loop
      vertex -0.062044 0.0256994 -0.0740951
      vertex -0.068455 0.028355 -0.0671559
      vertex -0.0653461 0.0349282 -0.0671559
    endloop
  endfacet
  facet normal -0.666172 0.238358 -0.706683
    outer loop
      vertex -0.062044 0.0256994 -0.0740951
      vertex -0.0642642 0.0194943 -0.0740951
      vertex -0.068455 0.028355 -0.0671559
    endloop
  endfacet
  facet normal -0.666174 0.238356 -0.706682
    outer loop
      vertex -0.0642642 0.0194943 -0.0740951
      vertex -0.0709046 0.0215087 -0.0671559
      vertex -0.068455 0.028355 -0.0671559
    endloop
  endfacet
  facet normal -0.686329 0.171915 -0.706681
    outer loop
      vertex -0.0642642 0.0194943 -0.0740951
      vertex -0.0658655 0.0131015 -0.0740951
      vertex -0.0709046 0.0215087 -0.0671559
    endloop
  endfacet
  facet normal -0.686328 0.171915 -0.706681
    outer loop
      vertex -0.0658655 0.0131015 -0.0740951
      vertex -0.0726714 0.0144552 -0.0671559
      vertex -0.0709046 0.0215087 -0.0671559
    endloop
  endfacet
  facet normal -0.699874 0.103815 -0.706682
    outer loop
      vertex -0.0658655 0.0131015 -0.0740951
      vertex -0.0668325 0.00658243 -0.0740951
      vertex -0.0726714 0.0144552 -0.0671559
    endloop
  endfacet
  facet normal -0.699874 0.103814 -0.706681
    outer loop
      vertex -0.0668325 0.00658243 -0.0740951
      vertex -0.0737383 0.00726259 -0.0671559
      vertex -0.0726714 0.0144552 -0.0671559
    endloop
  endfacet
  facet normal -0.70668 0.0347197 -0.706681
    outer loop
      vertex -0.0668325 0.00658243 -0.0740951
      vertex -0.0671559 -0 -0.0740951
      vertex -0.0737383 0.00726259 -0.0671559
    endloop
  endfacet
  facet normal -0.70668 0.0347181 -0.70668
    outer loop
      vertex -0.0671559 -0 -0.0740951
      vertex -0.0740951 -0 -0.0671559
      vertex -0.0737383 0.00726259 -0.0671559
    endloop
  endfacet
  facet normal -0.70668 -0.0347198 -0.70668
    outer loop
      vertex -0.0671559 -0 -0.0740951
      vertex -0.0668325 -0.00658243 -0.0740951
      vertex -0.0740951 -0 -0.0671559
    endloop
  endfacet
  facet normal -0.70668 -0.0347181 -0.706681
    outer loop
      vertex -0.0668325 -0.00658243 -0.0740951
      vertex -0.0737383 -0.00726259 -0.0671559
      vertex -0.0740951 -0 -0.0671559
    endloop
  endfacet
  facet normal -0.699874 -0.103815 -0.706681
    outer loop
      vertex -0.0668325 -0.00658243 -0.0740951
      vertex -0.0658655 -0.0131015 -0.0740951
      vertex -0.0737383 -0.00726259 -0.0671559
    endloop
  endfacet
  facet normal -0.699874 -0.103814 -0.706682
    outer loop
      vertex -0.0658655 -0.0131015 -0.0740951
      vertex -0.0726714 -0.0144552 -0.0671559
      vertex -0.0737383 -0.00726259 -0.0671559
    endloop
  endfacet
  facet normal -0.686328 -0.171915 -0.706681
    outer loop
      vertex -0.0658655 -0.0131015 -0.0740951
      vertex -0.0642642 -0.0194943 -0.0740951
      vertex -0.0726714 -0.0144552 -0.0671559
    endloop
  endfacet
  facet normal -0.686328 -0.171915 -0.706681
    outer loop
      vertex -0.0642642 -0.0194943 -0.0740951
      vertex -0.0709046 -0.0215087 -0.0671559
      vertex -0.0726714 -0.0144552 -0.0671559
    endloop
  endfacet
  facet normal -0.666173 -0.238358 -0.706682
    outer loop
      vertex -0.0642642 -0.0194943 -0.0740951
      vertex -0.062044 -0.0256994 -0.0740951
      vertex -0.0709046 -0.0215087 -0.0671559
    endloop
  endfacet
  facet normal -0.666173 -0.238356 -0.706683
    outer loop
      vertex -0.062044 -0.0256994 -0.0740951
      vertex -0.068455 -0.028355 -0.0671559
      vertex -0.0709046 -0.0215087 -0.0671559
    endloop
  endfacet
  facet normal -0.639599 -0.30251 -0.706683
    outer loop
      vertex -0.062044 -0.0256994 -0.0740951
      vertex -0.0592262 -0.0316571 -0.0740951
      vertex -0.068455 -0.028355 -0.0671559
    endloop
  endfacet
  facet normal -0.639599 -0.302509 -0.706684
    outer loop
      vertex -0.0592262 -0.0316571 -0.0740951
      vertex -0.0653461 -0.0349282 -0.0671559
      vertex -0.068455 -0.028355 -0.0671559
    endloop
  endfacet
  facet normal -0.606869 -0.363743 -0.706683
    outer loop
      vertex -0.0592262 -0.0316571 -0.0740951
      vertex -0.0558381 -0.0373098 -0.0740951
      vertex -0.0653461 -0.0349282 -0.0671559
    endloop
  endfacet
  facet normal -0.606868 -0.363753 -0.706679
    outer loop
      vertex -0.0558381 -0.0373098 -0.0740951
      vertex -0.0616078 -0.041165 -0.0671559
      vertex -0.0653461 -0.0349282 -0.0671559
    endloop
  endfacet
  facet normal -0.568298 -0.421476 -0.706679
    outer loop
      vertex -0.0558381 -0.0373098 -0.0740951
      vertex -0.0519122 -0.0426033 -0.0740951
      vertex -0.0616078 -0.041165 -0.0671559
    endloop
  endfacet
  facet normal -0.568299 -0.421475 -0.706679
    outer loop
      vertex -0.0519122 -0.0426033 -0.0740951
      vertex -0.0572763 -0.0470054 -0.0671559
      vertex -0.0616078 -0.041165 -0.0671559
    endloop
  endfacet
  facet normal -0.524248 -0.475152 -0.706679
    outer loop
      vertex -0.0519122 -0.0426033 -0.0740951
      vertex -0.0474864 -0.0474864 -0.0740951
      vertex -0.0572763 -0.0470054 -0.0671559
    endloop
  endfacet
  facet normal -0.524251 -0.475142 -0.706684
    outer loop
      vertex -0.0474864 -0.0474864 -0.0740951
      vertex -0.0523932 -0.0523932 -0.0671559
      vertex -0.0572763 -0.0470054 -0.0671559
    endloop
  endfacet
  facet normal -0.475149 -0.524244 -0.706684
    outer loop
      vertex -0.0474864 -0.0474864 -0.0740951
      vertex -0.0426033 -0.0519122 -0.0740951
      vertex -0.0523932 -0.0523932 -0.0671559
    endloop
  endfacet
  facet normal -0.475145 -0.524254 -0.706679
    outer loop
      vertex -0.0426033 -0.0519122 -0.0740951
      vertex -0.0470054 -0.0572763 -0.0671559
      vertex -0.0523932 -0.0523932 -0.0671559
    endloop
  endfacet
  facet normal -0.421476 -0.568298 -0.706679
    outer loop
      vertex -0.0426033 -0.0519122 -0.0740951
      vertex -0.0373098 -0.0558381 -0.0740951
      vertex -0.0470054 -0.0572763 -0.0671559
    endloop
  endfacet
  facet normal -0.421476 -0.568299 -0.706679
    outer loop
      vertex -0.0373098 -0.0558381 -0.0740951
      vertex -0.041165 -0.0616078 -0.0671559
      vertex -0.0470054 -0.0572763 -0.0671559
    endloop
  endfacet
  facet normal -0.363746 -0.606873 -0.706679
    outer loop
      vertex -0.0373098 -0.0558381 -0.0740951
      vertex -0.0316571 -0.0592262 -0.0740951
      vertex -0.041165 -0.0616078 -0.0671559
    endloop
  endfacet
  facet normal -0.363751 -0.606864 -0.706683
    outer loop
      vertex -0.0316571 -0.0592262 -0.0740951
      vertex -0.0349282 -0.0653461 -0.0671559
      vertex -0.041165 -0.0616078 -0.0671559
    endloop
  endfacet
  facet normal -0.30251 -0.639599 -0.706684
    outer loop
      vertex -0.0316571 -0.0592262 -0.0740951
      vertex -0.0256994 -0.062044 -0.0740951
      vertex -0.0349282 -0.0653461 -0.0671559
    endloop
  endfacet
  facet normal -0.302509 -0.6396 -0.706683
    outer loop
      vertex -0.0256994 -0.062044 -0.0740951
      vertex -0.028355 -0.068455 -0.0671559
      vertex -0.0349282 -0.0653461 -0.0671559
    endloop
  endfacet
  facet normal -0.238358 -0.666172 -0.706683
    outer loop
      vertex -0.0256994 -0.062044 -0.0740951
      vertex -0.0194943 -0.0642642 -0.0740951
      vertex -0.028355 -0.068455 -0.0671559
    endloop
  endfacet
  facet normal -0.238356 -0.666174 -0.706682
    outer loop
      vertex -0.0194943 -0.0642642 -0.0740951
      vertex -0.0215087 -0.0709046 -0.0671559
      vertex -0.028355 -0.068455 -0.0671559
    endloop
  endfacet
  facet normal -0.171915 -0.686329 -0.706681
    outer loop
      vertex -0.0194943 -0.0642642 -0.0740951
      vertex -0.0131015 -0.0658655 -0.0740951
      vertex -0.0215087 -0.0709046 -0.0671559
    endloop
  endfacet
  facet normal -0.171915 -0.686328 -0.706681
    outer loop
      vertex -0.0131015 -0.0658655 -0.0740951
      vertex -0.0144552 -0.0726714 -0.0671559
      vertex -0.0215087 -0.0709046 -0.0671559
    endloop
  endfacet
  facet normal -0.103815 -0.699874 -0.706682
    outer loop
      vertex -0.0131015 -0.0658655 -0.0740951
      vertex -0.00658243 -0.0668325 -0.0740951
      vertex -0.0144552 -0.0726714 -0.0671559
    endloop
  endfacet
  facet normal -0.103814 -0.699874 -0.706681
    outer loop
      vertex -0.00658243 -0.0668325 -0.0740951
      vertex -0.00726259 -0.0737383 -0.0671559
      vertex -0.0144552 -0.0726714 -0.0671559
    endloop
  endfacet
  facet normal -0.0347197 -0.70668 -0.706681
    outer loop
      vertex -0.00658243 -0.0668325 -0.0740951
      vertex -0 -0.0671559 -0.0740951
      vertex -0.00726259 -0.0737383 -0.0671559
    endloop
  endfacet
  facet normal -0.0347181 -0.70668 -0.70668
    outer loop
      vertex -0 -0.0671559 -0.0740951
      vertex -0 -0.0740951 -0.0671559
      vertex -0.00726259 -0.0737383 -0.0671559
    endloop
  endfacet
  facet normal 0.0347198 -0.70668 -0.70668
    outer loop
      vertex -0 -0.0671559 -0.0740951
      vertex 0.00658243 -0.0668325 -0.0740951
      vertex -0 -0.0740951 -0.0671559
    endloop
  endfacet
  facet normal 0.0347181 -0.70668 -0.706681
    outer loop
      vertex 0.00658243 -0.0668325 -0.0740951
      vertex 0.00726259 -0.0737383 -0.0671559
      vertex -0 -0.0740951 -0.0671559
    endloop
  endfacet
  facet normal 0.103815 -0.699874 -0.706681
    outer loop
      vertex 0.00658243 -0.0668325 -0.0740951
      vertex 0.0131015 -0.0658655 -0.0740951
      vertex 0.00726259 -0.0737383 -0.0671559
    endloop
  endfacet
  facet normal 0.103814 -0.699874 -0.706682
    outer loop
      vertex 0.0131015 -0.0658655 -0.0740951
      vertex 0.0144552 -0.0726714 -0.0671559
      vertex 0.00726259 -0.0737383 -0.0671559
    endloop
  endfacet
  facet normal 0.171915 -0.686328 -0.706681
    outer loop
      vertex 0.0131015 -0.0658655 -0.0740951
      vertex 0.0194943 -0.0642642 -0.0740951
      vertex 0.0144552 -0.0726714 -0.0671559
    endloop
  endfacet
  facet normal 0.171915 -0.686328 -0.706681
    outer loop
      vertex 0.0194943 -0.0642642 -0.0740951
      vertex 0.0215087 -0.0709046 -0.0671559
      vertex 0.0144552 -0.0726714 -0.0671559
    endloop
  endfacet
  facet normal 0.238358 -0.666173 -0.706682
    outer loop
      vertex 0.0194943 -0.0642642 -0.0740951
      vertex 0.0256994 -0.062044 -0.0740951
      vertex 0.0215087 -0.0709046 -0.0671559
    endloop
  endfacet
  facet normal 0.238356 -0.666173 -0.706683
    outer loop
      vertex 0.0256994 -0.062044 -0.0740951
      vertex 0.028355 -0.068455 -0.0671559
      vertex 0.0215087 -0.0709046 -0.0671559
    endloop
  endfacet
  facet normal 0.30251 -0.639599 -0.706683
    outer loop
      vertex 0.0256994 -0.062044 -0.0740951
      vertex 0.0316571 -0.0592262 -0.0740951
      vertex 0.028355 -0.068455 -0.0671559
    endloop
  endfacet
  facet normal 0.302509 -0.639599 -0.706684
    outer loop
      vertex 0.0316571 -0.0592262 -0.0740951
      vertex 0.0349282 -0.0653461 -0.0671559
      vertex 0.028355 -0.068455 -0.0671559
    endloop
  endfacet
  facet normal 0.363743 -0.606869 -0.706683
    outer loop
      vertex 0.0316571 -0.0592262 -0.0740951
      vertex 0.0373098 -0.0558381 -0.0740951
      vertex 0.0349282 -0.0653461 -0.0671559
    endloop
  endfacet
  facet normal 0.363753 -0.606868 -0.706679
    outer loop
      vertex 0.0373098 -0.0558381 -0.0740951
      vertex 0.041165 -0.0616078 -0.0671559
      vertex 0.0349282 -0.0653461 -0.0671559
    endloop
  endfacet
  facet normal 0.421476 -0.568298 -0.706679
    outer loop
      vertex 0.0373098 -0.0558381 -0.0740951
      vertex 0.0426033 -0.0519122 -0.0740951
      vertex 0.041165 -0.0616078 -0.0671559
    endloop
  endfacet
  facet normal 0.421475 -0.568299 -0.706679
    outer loop
      vertex 0.0426033 -0.0519122 -0.0740951
      vertex 0.0470054 -0.0572763 -0.0671559
      vertex 0.041165 -0.0616078 -0.0671559
    endloop
  endfacet
  facet normal 0.475152 -0.524248 -0.706679
    outer loop
      vertex 0.0426033 -0.0519122 -0.0740951
      vertex 0.0474864 -0.0474864 -0.0740951
      vertex 0.0470054 -0.0572763 -0.0671559
    endloop
  endfacet
  facet normal 0.475142 -0.524251 -0.706684
    outer loop
      vertex 0.0474864 -0.0474864 -0.0740951
      vertex 0.0523932 -0.0523932 -0.0671559
      vertex 0.0470054 -0.0572763 -0.0671559
    endloop
  endfacet
  facet normal 0.524244 -0.475149 -0.706684
    outer loop
      vertex 0.0474864 -0.0474864 -0.0740951
      vertex 0.0519122 -0.0426033 -0.0740951
      vertex 0.0523932 -0.0523932 -0.0671559
    endloop
  endfacet
  facet normal 0.524254 -0.475145 -0.706679
    outer loop
      vertex 0.0519122 -0.0426033 -0.0740951
      vertex 0.0572763 -0.0470054 -0.0671559
      vertex 0.0523932 -0.0523932 -0.0671559
    endloop
  endfacet
  facet normal 0.568298 -0.421476 -0.706679
    outer loop
      vertex 0.0519122 -0.0426033 -0.0740951
      vertex 0.0558381 -0.0373098 -0.0740951
      vertex 0.0572763 -0.0470054 -0.0671559
    endloop
  endfacet
  facet normal 0.568299 -0.421476 -0.706679
    outer loop
      vertex 0.0558381 -0.0373098 -0.0740951
      vertex 0.0616078 -0.041165 -0.0671559
      vertex 0.0572763 -0.0470054 -0.0671559
    endloop
  endfacet
  facet normal 0.606873 -0.363746 -0.706679
    outer loop
      vertex 0.0558381 -0.0373098 -0.0740951
      vertex 0.0592262 -0.0316571 -0.0740951
      vertex 0.0616078 -0.041165 -0.0671559
    endloop
  endfacet
  facet normal 0.606864 -0.363751 -0.706683
    outer loop
      vertex 0.0592262 -0.0316571 -0.0740951
      vertex 0.0653461 -0.0349282 -0.0671559
      vertex 0.0616078 -0.041165 -0.0671559
    endloop
  endfacet
  facet normal 0.639599 -0.30251 -0.706684
    outer loop
      vertex 0.0592262 -0.0316571 -0.0740951
      vertex 0.062044 -0.0256994 -0.0740951
      vertex 0.0653461 -0.0349282 -0.0671559
    endloop
  endfacet
  facet normal 0.6396 -0.302509 -0.706683
    outer loop
      vertex 0.062044 -0.0256994 -0.0740951
      vertex 0.068455 -0.028355 -0.0671559
      vertex 0.0653461 -0.0349282 -0.0671559
    endloop
  endfacet
  facet normal 0.666172 -0.238358 -0.706683
    outer loop
      vertex 0.062044 -0.0256994 -0.0740951
      vertex 0.0642642 -0.0194943 -0.0740951
      vertex 0.068455 -0.028355 -0.0671559
    endloop
  endfacet
  facet normal 0.666174 -0.238356 -0.706682
    outer loop
      vertex 0.0642642 -0.0194943 -0.0740951
      vertex 0.0709046 -0.0215087 -0.0671559
      vertex 0.068455 -0.028355 -0.0671559
    endloop
  endfacet
  facet normal 0.686329 -0.171915 -0.706681
    outer loop
      vertex 0.0642642 -0.0194943 -0.0740951
      vertex 0.0658655 -0.0131015 -0.0740951
      vertex 0.0709046 -0.0215087 -0.0671559
    endloop
  endfacet
  facet normal 0.686328 -0.171915 -0.706681
    outer loop
      vertex 0.0658655 -0.0131015 -0.0740951
      vertex 0.0726714 -0.0144552 -0.0671559
      vertex 0.0709046 -0.0215087 -0.0671559
    endloop
  endfacet
  facet normal 0.699874 -0.103815 -0.706682
    outer loop
      vertex 0.0658655 -0.0131015 -0.0740951
      vertex 0.0668325 -0.00658243 -0.0740951
      vertex 0.0726714 -0.0144552 -0.0671559
    endloop
  endfacet
  facet normal 0.699874 -0.103814 -0.706681
    outer loop
      vertex 0.0668325 -0.00658243 -0.0740951
      vertex 0.0737383 -0.00726259 -0.0671559
      vertex 0.0726714 -0.0144552 -0.0671559
    endloop
  endfacet
  facet normal 0.70668 -0.0347197 -0.706681
    outer loop
      vertex 0.0668325 -0.00658243 -0.0740951
      vertex 0.0671559 0 -0.0740951
      vertex 0.0737383 -0.00726259 -0.0671559
    endloop
  endfacet
  facet normal 0.70668 -0.0347181 -0.70668
    outer loop
      vertex 0.0671559 0 -0.0740951
      vertex 0.0740951 0 -0.0671559
      vertex 0.0737383 -0.00726259 -0.0671559
    endloop
  endfacet
  facet normal 0.634087 0.0311458 -0.772634
    outer loop
      vertex 0.0595699 0 -0.0803208
      vertex 0.0592831 0.00583887 -0.0803208
      vertex 0.0671559 0 -0.0740951
    endloop
  endfacet
  facet normal 0.634091 0.0311534 -0.772631
    outer loop
      vertex 0.0592831 0.00583887 -0.0803208
      vertex 0.0668325 0.00658243 -0.0740951
      vertex 0.0671559 0 -0.0740951
    endloop
  endfacet
  facet normal 0.627984 0.0931556 -0.772631
    outer loop
      vertex 0.0592831 0.00583887 -0.0803208
      vertex 0.0584253 0.0116215 -0.0803208
      vertex 0.0668325 0.00658243 -0.0740951
    endloop
  endfacet
  facet normal 0.627982 0.0931512 -0.772633
    outer loop
      vertex 0.0584253 0.0116215 -0.0803208
      vertex 0.0658655 0.0131015 -0.0740951
      vertex 0.0668325 0.00658243 -0.0740951
    endloop
  endfacet
  facet normal 0.615828 0.154253 -0.772633
    outer loop
      vertex 0.0584253 0.0116215 -0.0803208
      vertex 0.0570049 0.0172922 -0.0803208
      vertex 0.0658655 0.0131015 -0.0740951
    endloop
  endfacet
  facet normal 0.615829 0.154256 -0.772632
    outer loop
      vertex 0.0570049 0.0172922 -0.0803208
      vertex 0.0642642 0.0194943 -0.0740951
      vertex 0.0658655 0.0131015 -0.0740951
    endloop
  endfacet
  facet normal 0.597741 0.213882 -0.772632
    outer loop
      vertex 0.0570049 0.0172922 -0.0803208
      vertex 0.0550354 0.0227964 -0.0803208
      vertex 0.0642642 0.0194943 -0.0740951
    endloop
  endfacet
  facet normal 0.59774 0.213873 -0.772635
    outer loop
      vertex 0.0550354 0.0227964 -0.0803208
      vertex 0.062044 0.0256994 -0.0740951
      vertex 0.0642642 0.0194943 -0.0740951
    endloop
  endfacet
  facet normal 0.573901 0.271427 -0.772635
    outer loop
      vertex 0.0550354 0.0227964 -0.0803208
      vertex 0.052536 0.0280811 -0.0803208
      vertex 0.062044 0.0256994 -0.0740951
    endloop
  endfacet
  facet normal 0.573901 0.271437 -0.772632
    outer loop
      vertex 0.052536 0.0280811 -0.0803208
      vertex 0.0592262 0.0316571 -0.0740951
      vertex 0.062044 0.0256994 -0.0740951
    endloop
  endfacet
  facet normal 0.544533 0.326381 -0.772632
    outer loop
      vertex 0.052536 0.0280811 -0.0803208
      vertex 0.0495306 0.0330953 -0.0803208
      vertex 0.0592262 0.0316571 -0.0740951
    endloop
  endfacet
  facet normal 0.544533 0.326381 -0.772632
    outer loop
      vertex 0.0495306 0.0330953 -0.0803208
      vertex 0.0558381 0.0373098 -0.0740951
      vertex 0.0592262 0.0316571 -0.0740951
    endloop
  endfacet
  facet normal 0.509921 0.378181 -0.772632
    outer loop
      vertex 0.0495306 0.0330953 -0.0803208
      vertex 0.0460482 0.0377908 -0.0803208
      vertex 0.0558381 0.0373098 -0.0740951
    endloop
  endfacet
  facet normal 0.509921 0.378181 -0.772632
    outer loop
      vertex 0.0460482 0.0377908 -0.0803208
      vertex 0.0519122 0.0426033 -0.0740951
      vertex 0.0558381 0.0373098 -0.0740951
    endloop
  endfacet
  facet normal 0.470393 0.426346 -0.772632
    outer loop
      vertex 0.0460482 0.0377908 -0.0803208
      vertex 0.0421223 0.0421223 -0.0803208
      vertex 0.0519122 0.0426033 -0.0740951
    endloop
  endfacet
  facet normal 0.470394 0.426342 -0.772633
    outer loop
      vertex 0.0421223 0.0421223 -0.0803208
      vertex 0.0474864 0.0474864 -0.0740951
      vertex 0.0519122 0.0426033 -0.0740951
    endloop
  endfacet
  facet normal 0.426344 0.470392 -0.772633
    outer loop
      vertex 0.0421223 0.0421223 -0.0803208
      vertex 0.0377908 0.0460482 -0.0803208
      vertex 0.0474864 0.0474864 -0.0740951
    endloop
  endfacet
  facet normal 0.426343 0.470395 -0.772632
    outer loop
      vertex 0.0377908 0.0460482 -0.0803208
      vertex 0.0426033 0.0519122 -0.0740951
      vertex 0.0474864 0.0474864 -0.0740951
    endloop
  endfacet
  facet normal 0.378181 0.509921 -0.772632
    outer loop
      vertex 0.0377908 0.0460482 -0.0803208
      vertex 0.0330953 0.0495306 -0.0803208
      vertex 0.0426033 0.0519122 -0.0740951
    endloop
  endfacet
  facet normal 0.378181 0.509921 -0.772632
    outer loop
      vertex 0.0330953 0.0495306 -0.0803208
      vertex 0.0373098 0.0558381 -0.0740951
      vertex 0.0426033 0.0519122 -0.0740951
    endloop
  endfacet
  facet normal 0.326381 0.544533 -0.772632
    outer loop
      vertex 0.0330953 0.0495306 -0.0803208
      vertex 0.0280811 0.052536 -0.0803208
      vertex 0.0373098 0.0558381 -0.0740951
    endloop
  endfacet
  facet normal 0.326381 0.544533 -0.772632
    outer loop
      vertex 0.0280811 0.052536 -0.0803208
      vertex 0.0316571 0.0592262 -0.0740951
      vertex 0.0373098 0.0558381 -0.0740951
    endloop
  endfacet
  facet normal 0.271429 0.573905 -0.772631
    outer loop
      vertex 0.0280811 0.052536 -0.0803208
      vertex 0.0227964 0.0550354 -0.0803208
      vertex 0.0316571 0.0592262 -0.0740951
    endloop
  endfacet
  facet normal 0.271435 0.573897 -0.772635
    outer loop
      vertex 0.0227964 0.0550354 -0.0803208
      vertex 0.0256994 0.062044 -0.0740951
      vertex 0.0316571 0.0592262 -0.0740951
    endloop
  endfacet
  facet normal 0.213881 0.597737 -0.772635
    outer loop
      vertex 0.0227964 0.0550354 -0.0803208
      vertex 0.0172922 0.0570049 -0.0803208
      vertex 0.0256994 0.062044 -0.0740951
    endloop
  endfacet
  facet normal 0.213874 0.597744 -0.772632
    outer loop
      vertex 0.0172922 0.0570049 -0.0803208
      vertex 0.0194943 0.0642642 -0.0740951
      vertex 0.0256994 0.062044 -0.0740951
    endloop
  endfacet
  facet normal 0.154253 0.61583 -0.772632
    outer loop
      vertex 0.0172922 0.0570049 -0.0803208
      vertex 0.0116215 0.0584253 -0.0803208
      vertex 0.0194943 0.0642642 -0.0740951
    endloop
  endfacet
  facet normal 0.154256 0.615828 -0.772633
    outer loop
      vertex 0.0116215 0.0584253 -0.0803208
      vertex 0.0131015 0.0658655 -0.0740951
      vertex 0.0194943 0.0642642 -0.0740951
    endloop
  endfacet
  facet normal 0.0931553 0.627982 -0.772633
    outer loop
      vertex 0.0116215 0.0584253 -0.0803208
      vertex 0.00583887 0.0592831 -0.0803208
      vertex 0.0131015 0.0658655 -0.0740951
    endloop
  endfacet
  facet normal 0.0931514 0.627984 -0.772631
    outer loop
      vertex 0.00583887 0.0592831 -0.0803208
      vertex 0.00658243 0.0668325 -0.0740951
      vertex 0.0131015 0.0658655 -0.0740951
    endloop
  endfacet
  facet normal 0.031146 0.634091 -0.772631
    outer loop
      vertex 0.00583887 0.0592831 -0.0803208
      vertex 0 0.0595699 -0.0803208
      vertex 0.00658243 0.0668325 -0.0740951
    endloop
  endfacet
  facet normal 0.0311532 0.634087 -0.772634
    outer loop
      vertex 0 0.0595699 -0.0803208
      vertex 0 0.0671559 -0.0740951
      vertex 0.00658243 0.0668325 -0.0740951
    endloop
  endfacet
  facet normal -0.0311458 0.634087 -0.772634
    outer loop
      vertex 0 0.0595699 -0.0803208
      vertex -0.00583887 0.0592831 -0.0803208
      vertex 0 0.0671559 -0.0740951
    endloop
  endfacet
  facet normal -0.0311534 0.634091 -0.772631
    outer loop
      vertex -0.00583887 0.0592831 -0.0803208
      vertex -0.00658243 0.0668325 -0.0740951
      vertex 0 0.0671559 -0.0740951
    endloop
  endfacet
  facet normal -0.0931556 0.627984 -0.772631
    outer loop
      vertex -0.00583887 0.0592831 -0.0803208
      vertex -0.0116215 0.0584253 -0.0803208
      vertex -0.00658243 0.0668325 -0.0740951
    endloop
  endfacet
  facet normal -0.0931512 0.627982 -0.772633
    outer loop
      vertex -0.0116215 0.0584253 -0.0803208
      vertex -0.0131015 0.0658655 -0.0740951
      vertex -0.00658243 0.0668325 -0.0740951
    endloop
  endfacet
  facet normal -0.154253 0.615828 -0.772633
    outer loop
      vertex -0.0116215 0.0584253 -0.0803208
      vertex -0.0172922 0.0570049 -0.0803208
      vertex -0.0131015 0.0658655 -0.0740951
    endloop
  endfacet
  facet normal -0.154256 0.615829 -0.772632
    outer loop
      vertex -0.0172922 0.0570049 -0.0803208
      vertex -0.0194943 0.0642642 -0.0740951
      vertex -0.0131015 0.0658655 -0.0740951
    endloop
  endfacet
  facet normal -0.213882 0.597741 -0.772632
    outer loop
      vertex -0.0172922 0.0570049 -0.0803208
      vertex -0.0227964 0.0550354 -0.0803208
      vertex -0.0194943 0.0642642 -0.0740951
    endloop
  endfacet
  facet normal -0.213873 0.59774 -0.772635
    outer loop
      vertex -0.0227964 0.0550354 -0.0803208
      vertex -0.0256994 0.062044 -0.0740951
      vertex -0.0194943 0.0642642 -0.0740951
    endloop
  endfacet
  facet normal -0.271427 0.573901 -0.772635
    outer loop
      vertex -0.0227964 0.0550354 -0.0803208
      vertex -0.0280811 0.052536 -0.0803208
      vertex -0.0256994 0.062044 -0.0740951
    endloop
  endfacet
  facet normal -0.271437 0.573901 -0.772632
    outer loop
      vertex -0.0280811 0.052536 -0.0803208
      vertex -0.0316571 0.0592262 -0.0740951
      vertex -0.0256994 0.062044 -0.0740951
    endloop
  endfacet
  facet normal -0.326381 0.544533 -0.772632
    outer loop
      vertex -0.0280811 0.052536 -0.0803208
      vertex -0.0330953 0.0495306 -0.0803208
      vertex -0.0316571 0.0592262 -0.0740951
    endloop
  endfacet
  facet normal -0.326381 0.544533 -0.772632
    outer loop
      vertex -0.0330953 0.0495306 -0.0803208
      vertex -0.0373098 0.0558381 -0.0740951
      vertex -0.0316571 0.0592262 -0.0740951
    endloop
  endfacet
  facet normal -0.378181 0.509921 -0.772632
    outer loop
      vertex -0.0330953 0.0495306 -0.0803208
      vertex -0.0377908 0.0460482 -0.0803208
      vertex -0.0373098 0.0558381 -0.0740951
    endloop
  endfacet
  facet normal -0.378181 0.509921 -0.772632
    outer loop
      vertex -0.0377908 0.0460482 -0.0803208
      vertex -0.0426033 0.0519122 -0.0740951
      vertex -0.0373098 0.0558381 -0.0740951
    endloop
  endfacet
  facet normal -0.426346 0.470393 -0.772632
    outer loop
      vertex -0.0377908 0.0460482 -0.0803208
      vertex -0.0421223 0.0421223 -0.0803208
      vertex -0.0426033 0.0519122 -0.0740951
    endloop
  endfacet
  facet normal -0.426342 0.470394 -0.772633
    outer loop
      vertex -0.0421223 0.0421223 -0.0803208
      vertex -0.0474864 0.0474864 -0.0740951
      vertex -0.0426033 0.0519122 -0.0740951
    endloop
  endfacet
  facet normal -0.470392 0.426344 -0.772633
    outer loop
      vertex -0.0421223 0.0421223 -0.0803208
      vertex -0.0460482 0.0377908 -0.0803208
      vertex -0.0474864 0.0474864 -0.0740951
    endloop
  endfacet
  facet normal -0.470395 0.426343 -0.772632
    outer loop
      vertex -0.0460482 0.0377908 -0.0803208
      vertex -0.0519122 0.0426033 -0.0740951
      vertex -0.0474864 0.0474864 -0.0740951
    endloop
  endfacet
  facet normal -0.509921 0.378181 -0.772632
    outer loop
      vertex -0.0460482 0.0377908 -0.0803208
      vertex -0.0495306 0.0330953 -0.0803208
      vertex -0.0519122 0.0426033 -0.0740951
    endloop
  endfacet
  facet normal -0.509921 0.378181 -0.772632
    outer loop
      vertex -0.0495306 0.0330953 -0.0803208
      vertex -0.0558381 0.0373098 -0.0740951
      vertex -0.0519122 0.0426033 -0.0740951
    endloop
  endfacet
  facet normal -0.544533 0.326381 -0.772632
    outer loop
      vertex -0.0495306 0.0330953 -0.0803208
      vertex -0.052536 0.0280811 -0.0803208
      vertex -0.0558381 0.0373098 -0.0740951
    endloop
  endfacet
  facet normal -0.544533 0.326381 -0.772632
    outer loop
      vertex -0.052536 0.0280811 -0.0803208
      vertex -0.0592262 0.0316571 -0.0740951
      vertex -0.0558381 0.0373098 -0.0740951
    endloop
  endfacet
  facet normal -0.573905 0.271429 -0.772631
    outer loop
      vertex -0.052536 0.0280811 -0.0803208
      vertex -0.0550354 0.0227964 -0.0803208
      vertex -0.0592262 0.0316571 -0.0740951
    endloop
  endfacet
  facet normal -0.573897 0.271435 -0.772635
    outer loop
      vertex -0.0550354 0.0227964 -0.0803208
      vertex -0.062044 0.0256994 -0.0740951
      vertex -0.0592262 0.0316571 -0.0740951
    endloop
  endfacet
  facet normal -0.597737 0.213881 -0.772635
    outer loop
      vertex -0.0550354 0.0227964 -0.0803208
      vertex -0.0570049 0.0172922 -0.0803208
      vertex -0.062044 0.0256994 -0.0740951
    endloop
  endfacet
  facet normal -0.597744 0.213874 -0.772632
    outer loop
      vertex -0.0570049 0.0172922 -0.0803208
      vertex -0.0642642 0.0194943 -0.0740951
      vertex -0.062044 0.0256994 -0.0740951
    endloop
  endfacet
  facet normal -0.61583 0.154253 -0.772632
    outer loop
      vertex -0.0570049 0.0172922 -0.0803208
      vertex -0.0584253 0.0116215 -0.0803208
      vertex -0.0642642 0.0194943 -0.0740951
    endloop
  endfacet
  facet normal -0.615828 0.154256 -0.772633
    outer loop
      vertex -0.0584253 0.0116215 -0.0803208
      vertex -0.0658655 0.0131015 -0.0740951
      vertex -0.0642642 0.0194943 -0.0740951
    endloop
  endfacet
  facet normal -0.627982 0.0931553 -0.772633
    outer loop
      vertex -0.0584253 0.0116215 -0.0803208
      vertex -0.0592831 0.00583887 -0.0803208
      vertex -0.0658655 0.0131015 -0.0740951
    endloop
  endfacet
  facet normal -0.627984 0.0931514 -0.772631
    outer loop
      vertex -0.0592831 0.00583887 -0.0803208
      vertex -0.0668325 0.00658243 -0.0740951
      vertex -0.0658655 0.0131015 -0.0740951
    endloop
  endfacet
  facet normal -0.634091 0.031146 -0.772631
    outer loop
      vertex -0.0592831 0.00583887 -0.0803208
      vertex -0.0595699 -0 -0.0803208
      vertex -0.0668325 0.00658243 -0.0740951
    endloop
  endfacet
  facet normal -0.634087 0.0311532 -0.772634
    outer loop
      vertex -0.0595699 -0 -0.0803208
      vertex -0.0671559 -0 -0.0740951
      vertex -0.0668325 0.00658243 -0.0740951
    endloop
  endfacet
  facet normal -0.634087 -0.0311458 -0.772634
    outer loop
      vertex -0.0595699 -0 -0.0803208
      vertex -0.0592831 -0.00583887 -0.0803208
      vertex -0.0671559 -0 -0.0740951
    endloop
  endfacet
  facet normal -0.634091 -0.0311534 -0.772631
    outer loop
      vertex -0.0592831 -0.00583887 -0.0803208
      vertex -0.0668325 -0.00658243 -0.0740951
      vertex -0.0671559 -0 -0.0740951
    endloop
  endfacet
  facet normal -0.627984 -0.0931556 -0.772631
    outer loop
      vertex -0.0592831 -0.00583887 -0.0803208
      vertex -0.0584253 -0.0116215 -0.0803208
      vertex -0.0668325 -0.00658243 -0.0740951
    endloop
  endfacet
  facet normal -0.627982 -0.0931512 -0.772633
    outer loop
      vertex -0.0584253 -0.0116215 -0.0803208
      vertex -0.0658655 -0.0131015 -0.0740951
      vertex -0.0668325 -0.00658243 -0.0740951
    endloop
  endfacet
  facet normal -0.615828 -0.154253 -0.772633
    outer loop
      vertex -0.0584253 -0.0116215 -0.0803208
      vertex -0.0570049 -0.0172922 -0.0803208
      vertex -0.0658655 -0.0131015 -0.0740951
    endloop
  endfacet
  facet normal -0.615829 -0.154256 -0.772632
    outer loop
      vertex -0.0570049 -0.0172922 -0.0803208
      vertex -0.0642642 -0.0194943 -0.0740951
      vertex -0.0658655 -0.0131015 -0.0740951
    endloop
  endfacet
  facet normal -0.597741 -0.213882 -0.772632
    outer loop
      vertex -0.0570049 -0.0172922 -0.0803208
      vertex -0.0550354 -0.0227964 -0.0803208
      vertex -0.0642642 -0.0194943 -0.0740951
    endloop
  endfacet
  facet normal -0.59774 -0.213873 -0.772635
    outer loop
      vertex -0.0550354 -0.0227964 -0.0803208
      vertex -0.062044 -0.0256994 -0.0740951
      vertex -0.0642642 -0.0194943 -0.0740951
    endloop
  endfacet
  facet normal -0.573901 -0.271427 -0.772635
    outer loop
      vertex -0.0550354 -0.0227964 -0.0803208
      vertex -0.052536 -0.0280811 -0.0803208
      vertex -0.062044 -0.0256994 -0.0740951
    endloop
  endfacet
  facet normal -0.573901 -0.271437 -0.772632
    outer loop
      vertex -0.052536 -0.0280811 -0.0803208
      vertex -0.0592262 -0.0316571 -0.0740951
      vertex -0.062044 -0.0256994 -0.0740951
    endloop
  endfacet
  facet normal -0.544533 -0.326381 -0.772632
    outer loop
      vertex -0.052536 -0.0280811 -0.0803208
      vertex -0.0495306 -0.0330953 -0.0803208
      vertex -0.0592262 -0.0316571 -0.0740951
    endloop
  endfacet
  facet normal -0.544533 -0.326381 -0.772632
    outer loop
      vertex -0.0495306 -0.0330953 -0.0803208
      vertex -0.0558381 -0.0373098 -0.0740951
      vertex -0.0592262 -0.0316571 -0.0740951
    endloop
  endfacet
  facet normal -0.509921 -0.378181 -0.772632
    outer loop
      vertex -0.0495306 -0.0330953 -0.0803208
      vertex -0.0460482 -0.0377908 -0.0803208
      vertex -0.0558381 -0.0373098 -0.0740951
    endloop
  endfacet
  facet normal -0.509921 -0.378181 -0.772632
    outer loop
      vertex -0.0460482 -0.0377908 -0.0803208
      vertex -0.0519122 -0.0426033 -0.0740951
      vertex -0.0558381 -0.0373098 -0.0740951
    endloop
  endfacet
  facet normal -0.470393 -0.426346 -0.772632
    outer loop
      vertex -0.0460482 -0.0377908 -0.0803208
      vertex -0.0421223 -0.0421223 -0.0803208
      vertex -0.0519122 -0.0426033 -0.0740951
    endloop
  endfacet
  facet normal -0.470394 -0.426342 -0.772633
    outer loop
      vertex -0.0421223 -0.0421223 -0.0803208
      vertex -0.0474864 -0.0474864 -0.0740951
      vertex -0.0519122 -0.0426033 -0.0740951
    endloop
  endfacet
  facet normal -0.426344 -0.470392 -0.772633
    outer loop
      vertex -0.0421223 -0.0421223 -0.0803208
      vertex -0.0377908 -0.0460482 -0.0803208
      vertex -0.0474864 -0.0474864 -0.0740951
    endloop
  endfacet
  facet normal -0.426343 -0.470395 -0.772632
    outer loop
      vertex -0.0377908 -0.0460482 -0.0803208
      vertex -0.0426033 -0.0519122 -0.0740951
      vertex -0.0474864 -0.0474864 -0.0740951
    endloop
  endfacet
  facet normal -0.378181 -0.509921 -0.772632
    outer loop
      vertex -0.0377908 -0.0460482 -0.0803208
      vertex -0.0330953 -0.0495306 -0.0803208
      vertex -0.0426033 -0.0519122 -0.0740951
    endloop
  endfacet
  facet normal -0.378181 -0.509921 -0.772632
    outer loop
      vertex -0.0330953 -0.0495306 -0.0803208
      vertex -0.0373098 -0.0558381 -0.0740951
      vertex -0.0426033 -0.0519122 -0.0740951
    endloop
  endfacet
  facet normal -0.326381 -0.544533 -0.772632
    outer loop
      vertex -0.0330953 -0.0495306 -0.0803208
      vertex -0.0280811 -0.052536 -0.0803208
      vertex -0.0373098 -0.0558381 -0.0740951
    endloop
  endfacet
  facet normal -0.326381 -0.544533 -0.772632
    outer loop
      vertex -0.0280811 -0.052536 -0.0803208
      vertex -0.0316571 -0.0592262 -0.0740951
      vertex -0.0373098 -0.0558381 -0.0740951
    endloop
  endfacet
  facet normal -0.271429 -0.573905 -0.772631
    outer loop
      vertex -0.0280811 -0.052536 -0.0803208
      vertex -0.0227964 -0.0550354 -0.0803208
      vertex -0.0316571 -0.0592262 -0.0740951
    endloop
  endfacet
  facet normal -0.271435 -0.573897 -0.772635
    outer loop
      vertex -0.0227964 -0.0550354 -0.0803208
      vertex -0.0256994 -0.062044 -0.0740951
      vertex -0.0316571 -0.0592262 -0.0740951
    endloop
  endfacet
  facet normal -0.213881 -0.597737 -0.772635
    outer loop
      vertex -0.0227964 -0.0550354 -0.0803208
      vertex -0.0172922 -0.0570049 -0.0803208
      vertex -0.0256994 -0.062044 -0.0740951
    endloop
  endfacet
  facet normal -0.213874 -0.597744 -0.772632
    outer loop
      vertex -0.0172922 -0.0570049 -0.0803208
      vertex -0.0194943 -0.0642642 -0.0740951
      vertex -0.0256994 -0.062044 -0.0740951
    endloop
  endfacet
  facet normal -0.154253 -0.61583 -0.772632
    outer loop
      vertex -0.0172922 -0.0570049 -0.0803208
      vertex -0.0116215 -0.0584253 -0.0803208
      vertex -0.0194943 -0.0642642 -0.0740951
    endloop
  endfacet
  facet normal -0.154256 -0.615828 -0.772633
    outer loop
      vertex -0.0116215 -0.0584253 -0.0803208
      vertex -0.0131015 -0.0658655 -0.0740951
      vertex -0.0194943 -0.0642642 -0.0740951
    endloop
  endfacet
  facet normal -0.0931553 -0.627982 -0.772633
    outer loop
      vertex -0.0116215 -0.0584253 -0.0803208
      vertex -0.00583887 -0.0592831 -0.0803208
      vertex -0.0131015 -0.0658655 -0.0740951
    endloop
  endfacet
  facet normal -0.0931514 -0.627984 -0.772631
    outer loop
      vertex -0.00583887 -0.0592831 -0.0803208
      vertex -0.00658243 -0.0668325 -0.0740951
      vertex -0.0131015 -0.0658655 -0.0740951
    endloop
  endfacet
  facet normal -0.031146 -0.634091 -0.772631
    outer loop
      vertex -0.00583887 -0.0592831 -0.0803208
      vertex -0 -0.0595699 -0.0803208
      vertex -0.00658243 -0.0668325 -0.0740951
    endloop
  endfacet
  facet normal -0.0311532 -0.634087 -0.772634
    outer loop
      vertex -0 -0.0595699 -0.0803208
      vertex -0 -0.0671559 -0.0740951
      vertex -0.00658243 -0.0668325 -0.0740951
    endloop
  endfacet
  facet normal 0.0311458 -0.634087 -0.772634
    outer loop
      vertex -0 -0.0595699 -0.0803208
      vertex 0.00583887 -0.0592831 -0.0803208
      vertex -0 -0.0671559 -0.0740951
    endloop
  endfacet
  facet normal 0.0311534 -0.634091 -0.772631
    outer loop
      vertex 0.00583887 -0.0592831 -0.0803208
      vertex 0.00658243 -0.0668325 -0.0740951
      vertex -0 -0.0671559 -0.0740951
    endloop
  endfacet
  facet normal 0.0931556 -0.627984 -0.772631
    outer loop
      vertex 0.00583887 -0.0592831 -0.0803208
      vertex 0.0116215 -0.0584253 -0.0803208
      vertex 0.00658243 -0.0668325 -0.0740951
    endloop
  endfacet
  facet normal 0.0931512 -0.627982 -0.772633
    outer loop
      vertex 0.0116215 -0.0584253 -0.0803208
      vertex 0.0131015 -0.0658655 -0.0740951
      vertex 0.00658243 -0.0668325 -0.0740951
    endloop
  endfacet
  facet normal 0.154253 -0.615828 -0.772633
    outer loop
      vertex 0.0116215 -0.0584253 -0.0803208
      vertex 0.0172922 -0.0570049 -0.0803208
      vertex 0.0131015 -0.0658655 -0.0740951
    endloop
  endfacet
  facet normal 0.154256 -0.615829 -0.772632
    outer loop
      vertex 0.0172922 -0.0570049 -0.0803208
      vertex 0.0194943 -0.0642642 -0.0740951
      vertex 0.0131015 -0.0658655 -0.0740951
    endloop
  endfacet
  facet normal 0.213882 -0.597741 -0.772632
    outer loop
      vertex 0.0172922 -0.0570049 -0.0803208
      vertex 0.0227964 -0.0550354 -0.0803208
      vertex 0.0194943 -0.0642642 -0.0740951
    endloop
  endfacet
  facet normal 0.213873 -0.59774 -0.772635
    outer loop
      vertex 0.0227964 -0.0550354 -0.0803208
      vertex 0.0256994 -0.062044 -0.0740951
      vertex 0.0194943 -0.0642642 -0.0740951
    endloop
  endfacet
  facet normal 0.271427 -0.573901 -0.772635
    outer loop
      vertex 0.0227964 -0.0550354 -0.0803208
      vertex 0.0280811 -0.052536 -0.0803208
      vertex 0.0256994 -0.062044 -0.0740951
    endloop
  endfacet
  facet normal 0.271437 -0.573901 -0.772632
    outer loop
      vertex 0.0280811 -0.052536 -0.0803208
      vertex 0.0316571 -0.0592262 -0.0740951
      vertex 0.0256994 -0.062044 -0.0740951
    endloop
  endfacet
  facet normal 0.326381 -0.544533 -0.772632
    outer loop
      vertex 0.0280811 -0.052536 -0.0803208
      vertex 0.0330953 -0.0495306 -0.0803208
      vertex 0.0316571 -0.0592262 -0.0740951
    endloop
  endfacet
  facet normal 0.326381 -0.544533 -0.772632
    outer loop
      vertex 0.0330953 -0.0495306 -0.0803208
      vertex 0.0373098 -0.0558381 -0.0740951
      vertex 0.0316571 -0.0592262 -0.0740951
    endloop
  endfacet
  facet normal 0.378181 -0.509921 -0.772632
    outer loop
      vertex 0.0330953 -0.0495306 -0.0803208
      vertex 0.0377908 -0.0460482 -0.0803208
      vertex 0.0373098 -0.0558381 -0.0740951
    endloop
  endfacet
  facet normal 0.378181 -0.509921 -0.772632
    outer loop
      vertex 0.0377908 -0.0460482 -0.0803208
      vertex 0.0426033 -0.0519122 -0.0740951
      vertex 0.0373098 -0.0558381 -0.0740951
    endloop
  endfacet
  facet normal 0.426346 -0.470393 -0.772632
    outer loop
      vertex 0.0377908 -0.0460482 -0.0803208
      vertex 0.0421223 -0.0421223 -0.0803208
      vertex 0.0426033 -0.0519122 -0.0740951
    endloop
  endfacet
  facet normal 0.426342 -0.470394 -0.772633
    outer loop
      vertex 0.0421223 -0.0421223 -0.0803208
      vertex 0.0474864 -0.0474864 -0.0740951
      vertex 0.0426033 -0.0519122 -0.0740951
    endloop
  endfacet
  facet normal 0.470392 -0.426344 -0.772633
    outer loop
      vertex 0.0421223 -0.0421223 -0.0803208
      vertex 0.0460482 -0.0377908 -0.0803208
      vertex 0.0474864 -0.0474864 -0.0740951
    endloop
  endfacet
  facet normal 0.470395 -0.426343 -0.772632
    outer loop
      vertex 0.0460482 -0.0377908 -0.0803208
      vertex 0.0519122 -0.0426033 -0.0740951
      vertex 0.0474864 -0.0474864 -0.0740951
    endloop
  endfacet
  facet normal 0.509921 -0.378181 -0.772632
    outer loop
      vertex 0.0460482 -0.0377908 -0.0803208
      vertex 0.0495306 -0.0330953 -0.0803208
      vertex 0.0519122 -0.0426033 -0.0740951
    endloop
  endfacet
  facet normal 0.509921 -0.378181 -0.772632
    outer loop
      vertex 0.0495306 -0.0330953 -0.0803208
      vertex 0.0558381 -0.0373098 -0.0740951
      vertex 0.0519122 -0.0426033 -0.0740951
    endloop
  endfacet
  facet normal 0.544533 -0.326381 -0.772632
    outer loop
      vertex 0.0495306 -0.0330953 -0.0803208
      vertex 0.052536 -0.0280811 -0.0803208
      vertex 0.0558381 -0.0373098 -0.0740951
    endloop
  endfacet
  facet normal 0.544533 -0.326381 -0.772632
    outer loop
      vertex 0.052536 -0.0280811 -0.0803208
      vertex 0.0592262 -0.0316571 -0.0740951
      vertex 0.0558381 -0.0373098 -0.0740951
    endloop
  endfacet
  facet normal 0.573905 -0.271429 -0.772631
    outer loop
      vertex 0.052536 -0.0280811 -0.0803208
      vertex 0.0550354 -0.0227964 -0.0803208
      vertex 0.0592262 -0.0316571 -0.0740951
    endloop
  endfacet
  facet normal 0.573897 -0.271435 -0.772635
    outer loop
      vertex 0.0550354 -0.0227964 -0.0803208
      vertex 0.062044 -0.0256994 -0.0740951
      vertex 0.0592262 -0.0316571 -0.0740951
    endloop
  endfacet
  facet normal 0.597737 -0.213881 -0.772635
    outer loop
      vertex 0.0550354 -0.0227964 -0.0803208
      vertex 0.0570049 -0.0172922 -0.0803208
      vertex 0.062044 -0.0256994 -0.0740951
    endloop
  endfacet
  facet normal 0.597744 -0.213874 -0.772632
    outer loop
      vertex 0.0570049 -0.0172922 -0.0803208
      vertex 0.0642642 -0.0194943 -0.0740951
      vertex 0.062044 -0.0256994 -0.0740951
    endloop
  endfacet
  facet normal 0.61583 -0.154253 -0.772632
    outer loop
      vertex 0.0570049 -0.0172922 -0.0803208
      vertex 0.0584253 -0.0116215 -0.0803208
      vertex 0.0642642 -0.0194943 -0.0740951
    endloop
  endfacet
  facet normal 0.615828 -0.154256 -0.772633
    outer loop
      vertex 0.0584253 -0.0116215 -0.0803208
      vertex 0.0658655 -0.0131015 -0.0740951
      vertex 0.0642642 -0.0194943 -0.0740951
    endloop
  endfacet
  facet normal 0.627982 -0.0931553 -0.772633
    outer loop
      vertex 0.0584253 -0.0116215 -0.0803208
      vertex 0.0592831 -0.00583887 -0.0803208
      vertex 0.0658655 -0.0131015 -0.0740951
    endloop
  endfacet
  facet normal 0.627984 -0.0931514 -0.772631
    outer loop
      vertex 0.0592831 -0.00583887 -0.0803208
      vertex 0.0668325 -0.00658243 -0.0740951
      vertex 0.0658655 -0.0131015 -0.0740951
    endloop
  endfacet
  facet normal 0.634091 -0.031146 -0.772631
    outer loop
      vertex 0.0592831 -0.00583887 -0.0803208
      vertex 0.0595699 0 -0.0803208
      vertex 0.0668325 -0.00658243 -0.0740951
    endloop
  endfacet
  facet normal 0.634087 -0.0311532 -0.772634
    outer loop
      vertex 0.0595699 0 -0.0803208
      vertex 0.0671559 0 -0.0740951
      vertex 0.0668325 -0.00658243 -0.0740951
    endloop
  endfacet
  facet normal 0.555365 0.0272884 -0.831159
    outer loop
      vertex 0.0514103 0 -0.0857729
      vertex 0.0511627 0.00503909 -0.0857729
      vertex 0.0595699 0 -0.0803208
    endloop
  endfacet
  facet normal 0.555362 0.0272789 -0.831161
    outer loop
      vertex 0.0511627 0.00503909 -0.0857729
      vertex 0.0592831 0.00583887 -0.0803208
      vertex 0.0595699 0 -0.0803208
    endloop
  endfacet
  facet normal 0.550013 0.0815897 -0.831161
    outer loop
      vertex 0.0511627 0.00503909 -0.0857729
      vertex 0.0504224 0.0100296 -0.0857729
      vertex 0.0592831 0.00583887 -0.0803208
    endloop
  endfacet
  facet normal 0.550012 0.0815893 -0.831162
    outer loop
      vertex 0.0504224 0.0100296 -0.0857729
      vertex 0.0584253 0.0116215 -0.0803208
      vertex 0.0592831 0.00583887 -0.0803208
    endloop
  endfacet
  facet normal 0.539369 0.135096 -0.831162
    outer loop
      vertex 0.0504224 0.0100296 -0.0857729
      vertex 0.0491966 0.0149236 -0.0857729
      vertex 0.0584253 0.0116215 -0.0803208
    endloop
  endfacet
  facet normal 0.53937 0.135102 -0.83116
    outer loop
      vertex 0.0491966 0.0149236 -0.0857729
      vertex 0.0570049 0.0172922 -0.0803208
      vertex 0.0584253 0.0116215 -0.0803208
    endloop
  endfacet
  facet normal 0.523529 0.187323 -0.83116
    outer loop
      vertex 0.0491966 0.0149236 -0.0857729
      vertex 0.0474969 0.0196739 -0.0857729
      vertex 0.0570049 0.0172922 -0.0803208
    endloop
  endfacet
  facet normal 0.52353 0.187328 -0.831159
    outer loop
      vertex 0.0474969 0.0196739 -0.0857729
      vertex 0.0550354 0.0227964 -0.0803208
      vertex 0.0570049 0.0172922 -0.0803208
    endloop
  endfacet
  facet normal 0.502648 0.23774 -0.831158
    outer loop
      vertex 0.0474969 0.0196739 -0.0857729
      vertex 0.0453398 0.0242346 -0.0857729
      vertex 0.0550354 0.0227964 -0.0803208
    endloop
  endfacet
  facet normal 0.502648 0.237728 -0.831162
    outer loop
      vertex 0.0453398 0.0242346 -0.0857729
      vertex 0.052536 0.0280811 -0.0803208
      vertex 0.0550354 0.0227964 -0.0803208
    endloop
  endfacet
  facet normal 0.476925 0.285853 -0.831162
    outer loop
      vertex 0.0453398 0.0242346 -0.0857729
      vertex 0.0427461 0.028562 -0.0857729
      vertex 0.052536 0.0280811 -0.0803208
    endloop
  endfacet
  facet normal 0.476924 0.285858 -0.831161
    outer loop
      vertex 0.0427461 0.028562 -0.0857729
      vertex 0.0495306 0.0330953 -0.0803208
      vertex 0.052536 0.0280811 -0.0803208
    endloop
  endfacet
  facet normal 0.446608 0.331228 -0.831161
    outer loop
      vertex 0.0427461 0.028562 -0.0857729
      vertex 0.0397407 0.0326143 -0.0857729
      vertex 0.0495306 0.0330953 -0.0803208
    endloop
  endfacet
  facet normal 0.446609 0.331226 -0.831162
    outer loop
      vertex 0.0397407 0.0326143 -0.0857729
      vertex 0.0460482 0.0377908 -0.0803208
      vertex 0.0495306 0.0330953 -0.0803208
    endloop
  endfacet
  facet normal 0.411997 0.373401 -0.831162
    outer loop
      vertex 0.0397407 0.0326143 -0.0857729
      vertex 0.0363526 0.0363526 -0.0857729
      vertex 0.0460482 0.0377908 -0.0803208
    endloop
  endfacet
  facet normal 0.411993 0.373414 -0.831158
    outer loop
      vertex 0.0363526 0.0363526 -0.0857729
      vertex 0.0421223 0.0421223 -0.0803208
      vertex 0.0460482 0.0377908 -0.0803208
    endloop
  endfacet
  facet normal 0.373405 0.412001 -0.831158
    outer loop
      vertex 0.0363526 0.0363526 -0.0857729
      vertex 0.0326143 0.0397407 -0.0857729
      vertex 0.0421223 0.0421223 -0.0803208
    endloop
  endfacet
  facet normal 0.37341 0.411989 -0.831162
    outer loop
      vertex 0.0326143 0.0397407 -0.0857729
      vertex 0.0377908 0.0460482 -0.0803208
      vertex 0.0421223 0.0421223 -0.0803208
    endloop
  endfacet
  facet normal 0.331228 0.446607 -0.831162
    outer loop
      vertex 0.0326143 0.0397407 -0.0857729
      vertex 0.028562 0.0427461 -0.0857729
      vertex 0.0377908 0.0460482 -0.0803208
    endloop
  endfacet
  facet normal 0.331226 0.44661 -0.831161
    outer loop
      vertex 0.028562 0.0427461 -0.0857729
      vertex 0.0330953 0.0495306 -0.0803208
      vertex 0.0377908 0.0460482 -0.0803208
    endloop
  endfacet
  facet normal 0.285854 0.476927 -0.831161
    outer loop
      vertex 0.028562 0.0427461 -0.0857729
      vertex 0.0242346 0.0453398 -0.0857729
      vertex 0.0330953 0.0495306 -0.0803208
    endloop
  endfacet
  facet normal 0.285857 0.476923 -0.831162
    outer loop
      vertex 0.0242346 0.0453398 -0.0857729
      vertex 0.0280811 0.052536 -0.0803208
      vertex 0.0330953 0.0495306 -0.0803208
    endloop
  endfacet
  facet normal 0.237738 0.502643 -0.831162
    outer loop
      vertex 0.0242346 0.0453398 -0.0857729
      vertex 0.0196739 0.0474969 -0.0857729
      vertex 0.0280811 0.052536 -0.0803208
    endloop
  endfacet
  facet normal 0.23773 0.502653 -0.831159
    outer loop
      vertex 0.0196739 0.0474969 -0.0857729
      vertex 0.0227964 0.0550354 -0.0803208
      vertex 0.0280811 0.052536 -0.0803208
    endloop
  endfacet
  facet normal 0.187324 0.523531 -0.831159
    outer loop
      vertex 0.0196739 0.0474969 -0.0857729
      vertex 0.0149236 0.0491966 -0.0857729
      vertex 0.0227964 0.0550354 -0.0803208
    endloop
  endfacet
  facet normal 0.187328 0.523528 -0.83116
    outer loop
      vertex 0.0149236 0.0491966 -0.0857729
      vertex 0.0172922 0.0570049 -0.0803208
      vertex 0.0227964 0.0550354 -0.0803208
    endloop
  endfacet
  facet normal 0.135096 0.539372 -0.83116
    outer loop
      vertex 0.0149236 0.0491966 -0.0857729
      vertex 0.0100296 0.0504224 -0.0857729
      vertex 0.0172922 0.0570049 -0.0803208
    endloop
  endfacet
  facet normal 0.135101 0.539368 -0.831162
    outer loop
      vertex 0.0100296 0.0504224 -0.0857729
      vertex 0.0116215 0.0584253 -0.0803208
      vertex 0.0172922 0.0570049 -0.0803208
    endloop
  endfacet
  facet normal 0.0815897 0.550012 -0.831162
    outer loop
      vertex 0.0100296 0.0504224 -0.0857729
      vertex 0.00503909 0.0511627 -0.0857729
      vertex 0.0116215 0.0584253 -0.0803208
    endloop
  endfacet
  facet normal 0.0815893 0.550013 -0.831161
    outer loop
      vertex 0.00503909 0.0511627 -0.0857729
      vertex 0.00583887 0.0592831 -0.0803208
      vertex 0.0116215 0.0584253 -0.0803208
    endloop
  endfacet
  facet normal 0.0272881 0.555361 -0.831162
    outer loop
      vertex 0.00503909 0.0511627 -0.0857729
      vertex 0 0.0514103 -0.0857729
      vertex 0.00583887 0.0592831 -0.0803208
    endloop
  endfacet
  facet normal 0.0272791 0.555366 -0.831159
    outer loop
      vertex 0 0.0514103 -0.0857729
      vertex 0 0.0595699 -0.0803208
      vertex 0.00583887 0.0592831 -0.0803208
    endloop
  endfacet
  facet normal -0.0272884 0.555365 -0.831159
    outer loop
      vertex 0 0.0514103 -0.0857729
      vertex -0.00503909 0.0511627 -0.0857729
      vertex 0 0.0595699 -0.0803208
    endloop
  endfacet
  facet normal -0.0272789 0.555362 -0.831161
    outer loop
      vertex -0.00503909 0.0511627 -0.0857729
      vertex -0.00583887 0.0592831 -0.0803208
      vertex 0 0.0595699 -0.0803208
    endloop
  endfacet
  facet normal -0.0815897 0.550013 -0.831161
    outer loop
      vertex -0.00503909 0.0511627 -0.0857729
      vertex -0.0100296 0.0504224 -0.0857729
      vertex -0.00583887 0.0592831 -0.0803208
    endloop
  endfacet
  facet normal -0.0815893 0.550012 -0.831162
    outer loop
      vertex -0.0100296 0.0504224 -0.0857729
      vertex -0.0116215 0.0584253 -0.0803208
      vertex -0.00583887 0.0592831 -0.0803208
    endloop
  endfacet
  facet normal -0.135096 0.539369 -0.831162
    outer loop
      vertex -0.0100296 0.0504224 -0.0857729
      vertex -0.0149236 0.0491966 -0.0857729
      vertex -0.0116215 0.0584253 -0.0803208
    endloop
  endfacet
  facet normal -0.135102 0.53937 -0.83116
    outer loop
      vertex -0.0149236 0.0491966 -0.0857729
      vertex -0.0172922 0.0570049 -0.0803208
      vertex -0.0116215 0.0584253 -0.0803208
    endloop
  endfacet
  facet normal -0.187323 0.523529 -0.83116
    outer loop
      vertex -0.0149236 0.0491966 -0.0857729
      vertex -0.0196739 0.0474969 -0.0857729
      vertex -0.0172922 0.0570049 -0.0803208
    endloop
  endfacet
  facet normal -0.187328 0.52353 -0.831159
    outer loop
      vertex -0.0196739 0.0474969 -0.0857729
      vertex -0.0227964 0.0550354 -0.0803208
      vertex -0.0172922 0.0570049 -0.0803208
    endloop
  endfacet
  facet normal -0.23774 0.502648 -0.831158
    outer loop
      vertex -0.0196739 0.0474969 -0.0857729
      vertex -0.0242346 0.0453398 -0.0857729
      vertex -0.0227964 0.0550354 -0.0803208
    endloop
  endfacet
  facet normal -0.237728 0.502648 -0.831162
    outer loop
      vertex -0.0242346 0.0453398 -0.0857729
      vertex -0.0280811 0.052536 -0.0803208
      vertex -0.0227964 0.0550354 -0.0803208
    endloop
  endfacet
  facet normal -0.285853 0.476925 -0.831162
    outer loop
      vertex -0.0242346 0.0453398 -0.0857729
      vertex -0.028562 0.0427461 -0.0857729
      vertex -0.0280811 0.052536 -0.0803208
    endloop
  endfacet
  facet normal -0.285858 0.476924 -0.831161
    outer loop
      vertex -0.028562 0.0427461 -0.0857729
      vertex -0.0330953 0.0495306 -0.0803208
      vertex -0.0280811 0.052536 -0.0803208
    endloop
  endfacet
  facet normal -0.331228 0.446608 -0.831161
    outer loop
      vertex -0.028562 0.0427461 -0.0857729
      vertex -0.0326143 0.0397407 -0.0857729
      vertex -0.0330953 0.0495306 -0.0803208
    endloop
  endfacet
  facet normal -0.331226 0.446609 -0.831162
    outer loop
      vertex -0.0326143 0.0397407 -0.0857729
      vertex -0.0377908 0.0460482 -0.0803208
      vertex -0.0330953 0.0495306 -0.0803208
    endloop
  endfacet
  facet normal -0.373401 0.411997 -0.831162
    outer loop
      vertex -0.0326143 0.0397407 -0.0857729
      vertex -0.0363526 0.0363526 -0.0857729
      vertex -0.0377908 0.0460482 -0.0803208
    endloop
  endfacet
  facet normal -0.373414 0.411993 -0.831158
    outer loop
      vertex -0.0363526 0.0363526 -0.0857729
      vertex -0.0421223 0.0421223 -0.0803208
      vertex -0.0377908 0.0460482 -0.0803208
    endloop
  endfacet
  facet normal -0.412001 0.373405 -0.831158
    outer loop
      vertex -0.0363526 0.0363526 -0.0857729
      vertex -0.0397407 0.0326143 -0.0857729
      vertex -0.0421223 0.0421223 -0.0803208
    endloop
  endfacet
  facet normal -0.411989 0.37341 -0.831162
    outer loop
      vertex -0.0397407 0.0326143 -0.0857729
      vertex -0.0460482 0.0377908 -0.0803208
      vertex -0.0421223 0.0421223 -0.0803208
    endloop
  endfacet
  facet normal -0.446607 0.331228 -0.831162
    outer loop
      vertex -0.0397407 0.0326143 -0.0857729
      vertex -0.0427461 0.028562 -0.0857729
      vertex -0.0460482 0.0377908 -0.0803208
    endloop
  endfacet
  facet normal -0.44661 0.331226 -0.831161
    outer loop
      vertex -0.0427461 0.028562 -0.0857729
      vertex -0.0495306 0.0330953 -0.0803208
      vertex -0.0460482 0.0377908 -0.0803208
    endloop
  endfacet
  facet normal -0.476927 0.285854 -0.831161
    outer loop
      vertex -0.0427461 0.028562 -0.0857729
      vertex -0.0453398 0.0242346 -0.0857729
      vertex -0.0495306 0.0330953 -0.0803208
    endloop
  endfacet
  facet normal -0.476923 0.285857 -0.831162
    outer loop
      vertex -0.0453398 0.0242346 -0.0857729
      vertex -0.052536 0.0280811 -0.0803208
      vertex -0.0495306 0.0330953 -0.0803208
    endloop
  endfacet
  facet normal -0.502643 0.237738 -0.831162
    outer loop
      vertex -0.0453398 0.0242346 -0.0857729
      vertex -0.0474969 0.0196739 -0.0857729
      vertex -0.052536 0.0280811 -0.0803208
    endloop
  endfacet
  facet normal -0.502653 0.23773 -0.831159
    outer loop
      vertex -0.0474969 0.0196739 -0.0857729
      vertex -0.0550354 0.0227964 -0.0803208
      vertex -0.052536 0.0280811 -0.0803208
    endloop
  endfacet
  facet normal -0.523531 0.187324 -0.831159
    outer loop
      vertex -0.0474969 0.0196739 -0.0857729
      vertex -0.0491966 0.0149236 -0.0857729
      vertex -0.0550354 0.0227964 -0.0803208
    endloop
  endfacet
  facet normal -0.523528 0.187328 -0.83116
    outer loop
      vertex -0.0491966 0.0149236 -0.0857729
      vertex -0.0570049 0.0172922 -0.0803208
      vertex -0.0550354 0.0227964 -0.0803208
    endloop
  endfacet
  facet normal -0.539372 0.135096 -0.83116
    outer loop
      vertex -0.0491966 0.0149236 -0.0857729
      vertex -0.0504224 0.0100296 -0.0857729
      vertex -0.0570049 0.0172922 -0.0803208
    endloop
  endfacet
  facet normal -0.539368 0.135101 -0.831162
    outer loop
      vertex -0.0504224 0.0100296 -0.0857729
      vertex -0.0584253 0.0116215 -0.0803208
      vertex -0.0570049 0.0172922 -0.0803208
    endloop
  endfacet
  facet normal -0.550012 0.0815897 -0.831162
    outer loop
      vertex -0.0504224 0.0100296 -0.0857729
      vertex -0.0511627 0.00503909 -0.0857729
      vertex -0.0584253 0.0116215 -0.0803208
    endloop
  endfacet
  facet normal -0.550013 0.0815893 -0.831161
    outer loop
      vertex -0.0511627 0.00503909 -0.0857729
      vertex -0.0592831 0.00583887 -0.0803208
      vertex -0.0584253 0.0116215 -0.0803208
    endloop
  endfacet
  facet normal -0.555361 0.0272881 -0.831162
    outer loop
      vertex -0.0511627 0.00503909 -0.0857729
      vertex -0.0514103 -0 -0.0857729
      vertex -0.0592831 0.00583887 -0.0803208
    endloop
  endfacet
  facet normal -0.555366 0.0272791 -0.831159
    outer loop
      vertex -0.0514103 -0 -0.0857729
      vertex -0.0595699 -0 -0.0803208
      vertex -0.0592831 0.00583887 -0.0803208
    endloop
  endfacet
  facet normal -0.555365 -0.0272884 -0.831159
    outer loop
      vertex -0.0514103 -0 -0.0857729
      vertex -0.0511627 -0.00503909 -0.0857729
      vertex -0.0595699 -0 -0.0803208
    endloop
  endfacet
  facet normal -0.555362 -0.0272789 -0.831161
    outer loop
      vertex -0.0511627 -0.00503909 -0.0857729
      vertex -0.0592831 -0.00583887 -0.0803208
      vertex -0.0595699 -0 -0.0803208
    endloop
  endfacet
  facet normal -0.550013 -0.0815897 -0.831161
    outer loop
      vertex -0.0511627 -0.00503909 -0.0857729
      vertex -0.0504224 -0.0100296 -0.0857729
      vertex -0.0592831 -0.00583887 -0.0803208
    endloop
  endfacet
  facet normal -0.550012 -0.0815893 -0.831162
    outer loop
      vertex -0.0504224 -0.0100296 -0.0857729
      vertex -0.0584253 -0.0116215 -0.0803208
      vertex -0.0592831 -0.00583887 -0.0803208
    endloop
  endfacet
  facet normal -0.539369 -0.135096 -0.831162
    outer loop
      vertex -0.0504224 -0.0100296 -0.0857729
      vertex -0.0491966 -0.0149236 -0.0857729
      vertex -0.0584253 -0.0116215 -0.0803208
    endloop
  endfacet
  facet normal -0.53937 -0.135102 -0.83116
    outer loop
      vertex -0.0491966 -0.0149236 -0.0857729
      vertex -0.0570049 -0.0172922 -0.0803208
      vertex -0.0584253 -0.0116215 -0.0803208
    endloop
  endfacet
  facet normal -0.523529 -0.187323 -0.83116
    outer loop
      vertex -0.0491966 -0.0149236 -0.0857729
      vertex -0.0474969 -0.0196739 -0.0857729
      vertex -0.0570049 -0.0172922 -0.0803208
    endloop
  endfacet
  facet normal -0.52353 -0.187328 -0.831159
    outer loop
      vertex -0.0474969 -0.0196739 -0.0857729
      vertex -0.0550354 -0.0227964 -0.0803208
      vertex -0.0570049 -0.0172922 -0.0803208
    endloop
  endfacet
  facet normal -0.502648 -0.23774 -0.831158
    outer loop
      vertex -0.0474969 -0.0196739 -0.0857729
      vertex -0.0453398 -0.0242346 -0.0857729
      vertex -0.0550354 -0.0227964 -0.0803208
    endloop
  endfacet
  facet normal -0.502648 -0.237728 -0.831162
    outer loop
      vertex -0.0453398 -0.0242346 -0.0857729
      vertex -0.052536 -0.0280811 -0.0803208
      vertex -0.0550354 -0.0227964 -0.0803208
    endloop
  endfacet
  facet normal -0.476925 -0.285853 -0.831162
    outer loop
      vertex -0.0453398 -0.0242346 -0.0857729
      vertex -0.0427461 -0.028562 -0.0857729
      vertex -0.052536 -0.0280811 -0.0803208
    endloop
  endfacet
  facet normal -0.476924 -0.285858 -0.831161
    outer loop
      vertex -0.0427461 -0.028562 -0.0857729
      vertex -0.0495306 -0.0330953 -0.0803208
      vertex -0.052536 -0.0280811 -0.0803208
    endloop
  endfacet
  facet normal -0.446608 -0.331228 -0.831161
    outer loop
      vertex -0.0427461 -0.028562 -0.0857729
      vertex -0.0397407 -0.0326143 -0.0857729
      vertex -0.0495306 -0.0330953 -0.0803208
    endloop
  endfacet
  facet normal -0.446609 -0.331226 -0.831162
    outer loop
      vertex -0.0397407 -0.0326143 -0.0857729
      vertex -0.0460482 -0.0377908 -0.0803208
      vertex -0.0495306 -0.0330953 -0.0803208
    endloop
  endfacet
  facet normal -0.411997 -0.373401 -0.831162
    outer loop
      vertex -0.0397407 -0.0326143 -0.0857729
      vertex -0.0363526 -0.0363526 -0.0857729
      vertex -0.0460482 -0.0377908 -0.0803208
    endloop
  endfacet
  facet normal -0.411993 -0.373414 -0.831158
    outer loop
      vertex -0.0363526 -0.0363526 -0.0857729
      vertex -0.0421223 -0.0421223 -0.0803208
      vertex -0.0460482 -0.0377908 -0.0803208
    endloop
  endfacet
  facet normal -0.373405 -0.412001 -0.831158
    outer loop
      vertex -0.0363526 -0.0363526 -0.0857729
      vertex -0.0326143 -0.0397407 -0.0857729
      vertex -0.0421223 -0.0421223 -0.0803208
    endloop
  endfacet
  facet normal -0.37341 -0.411989 -0.831162
    outer loop
      vertex -0.0326143 -0.0397407 -0.0857729
      vertex -0.0377908 -0.0460482 -0.0803208
      vertex -0.0421223 -0.0421223 -0.0803208
    endloop
  endfacet
  facet normal -0.331228 -0.446607 -0.831162
    outer loop
      vertex -0.0326143 -0.0397407 -0.0857729
      vertex -0.028562 -0.0427461 -0.0857729
      vertex -0.0377908 -0.0460482 -0.0803208
    endloop
  endfacet
  facet normal -0.331226 -0.44661 -0.831161
    outer loop
      vertex -0.028562 -0.0427461 -0.0857729
      vertex -0.0330953 -0.0495306 -0.0803208
      vertex -0.0377908 -0.0460482 -0.0803208
    endloop
  endfacet
  facet normal -0.285854 -0.476927 -0.831161
    outer loop
      vertex -0.028562 -0.0427461 -0.0857729
      vertex -0.0242346 -0.0453398 -0.0857729
      vertex -0.0330953 -0.0495306 -0.0803208
    endloop
  endfacet
  facet normal -0.285857 -0.476923 -0.831162
    outer loop
      vertex -0.0242346 -0.0453398 -0.0857729
      vertex -0.0280811 -0.052536 -0.0803208
      vertex -0.0330953 -0.0495306 -0.0803208
    endloop
  endfacet
  facet normal -0.237738 -0.502643 -0.831162
    outer loop
      vertex -0.0242346 -0.0453398 -0.0857729
      vertex -0.0196739 -0.0474969 -0.0857729
      vertex -0.0280811 -0.052536 -0.0803208
    endloop
  endfacet
  facet normal -0.23773 -0.502653 -0.831159
    outer loop
      vertex -0.0196739 -0.0474969 -0.0857729
      vertex -0.0227964 -0.0550354 -0.0803208
      vertex -0.0280811 -0.052536 -0.0803208
    endloop
  endfacet
  facet normal -0.187324 -0.523531 -0.831159
    outer loop
      vertex -0.0196739 -0.0474969 -0.0857729
      vertex -0.0149236 -0.0491966 -0.0857729
      vertex -0.0227964 -0.0550354 -0.0803208
    endloop
  endfacet
  facet normal -0.187328 -0.523528 -0.83116
    outer loop
      vertex -0.0149236 -0.0491966 -0.0857729
      vertex -0.0172922 -0.0570049 -0.0803208
      vertex -0.0227964 -0.0550354 -0.0803208
    endloop
  endfacet
  facet normal -0.135096 -0.539372 -0.83116
    outer loop
      vertex -0.0149236 -0.0491966 -0.0857729
      vertex -0.0100296 -0.0504224 -0.0857729
      vertex -0.0172922 -0.0570049 -0.0803208
    endloop
  endfacet
  facet normal -0.135101 -0.539368 -0.831162
    outer loop
      vertex -0.0100296 -0.0504224 -0.0857729
      vertex -0.0116215 -0.0584253 -0.0803208
      vertex -0.0172922 -0.0570049 -0.0803208
    endloop
  endfacet
  facet normal -0.0815897 -0.550012 -0.831162
    outer loop
      vertex -0.0100296 -0.0504224 -0.0857729
      vertex -0.00503909 -0.0511627 -0.0857729
      vertex -0.0116215 -0.0584253 -0.0803208
    endloop
  endfacet
  facet normal -0.0815893 -0.550013 -0.831161
    outer loop
      vertex -0.00503909 -0.0511627 -0.0857729
      vertex -0.00583887 -0.0592831 -0.0803208
      vertex -0.0116215 -0.0584253 -0.0803208
    endloop
  endfacet
  facet normal -0.0272881 -0.555361 -0.831162
    outer loop
      vertex -0.00503909 -0.0511627 -0.0857729
      vertex -0 -0.0514103 -0.0857729
      vertex -0.00583887 -0.0592831 -0.0803208
    endloop
  endfacet
  facet normal -0.0272791 -0.555366 -0.831159
    outer loop
      vertex -0 -0.0514103 -0.0857729
      vertex -0 -0.0595699 -0.0803208
      vertex -0.00583887 -0.0592831 -0.0803208
    endloop
  endfacet
  facet normal 0.0272884 -0.555365 -0.831159
    outer loop
      vertex -0 -0.0514103 -0.0857729
      vertex 0.00503909 -0.0511627 -0.0857729
      vertex -0 -0.0595699 -0.0803208
    endloop
  endfacet
  facet normal 0.0272789 -0.555362 -0.831161
    outer loop
      vertex 0.00503909 -0.0511627 -0.0857729
      vertex 0.00583887 -0.0592831 -0.0803208
      vertex -0 -0.0595699 -0.0803208
    endloop
  endfacet
  facet normal 0.0815897 -0.550013 -0.831161
    outer loop
      vertex 0.00503909 -0.0511627 -0.0857729
      vertex 0.0100296 -0.0504224 -0.0857729
      vertex 0.00583887 -0.0592831 -0.0803208
    endloop
  endfacet
  facet normal 0.0815893 -0.550012 -0.831162
    outer loop
      vertex 0.0100296 -0.0504224 -0.0857729
      vertex 0.0116215 -0.0584253 -0.0803208
      vertex 0.00583887 -0.0592831 -0.0803208
    endloop
  endfacet
  facet normal 0.135096 -0.539369 -0.831162
    outer loop
      vertex 0.0100296 -0.0504224 -0.0857729
      vertex 0.0149236 -0.0491966 -0.0857729
      vertex 0.0116215 -0.0584253 -0.0803208
    endloop
  endfacet
  facet normal 0.135102 -0.53937 -0.83116
    outer loop
      vertex 0.0149236 -0.0491966 -0.0857729
      vertex 0.0172922 -0.0570049 -0.0803208
      vertex 0.0116215 -0.0584253 -0.0803208
    endloop
  endfacet
  facet normal 0.187323 -0.523529 -0.83116
    outer loop
      vertex 0.0149236 -0.0491966 -0.0857729
      vertex 0.0196739 -0.0474969 -0.0857729
      vertex 0.0172922 -0.0570049 -0.0803208
    endloop
  endfacet
  facet normal 0.187328 -0.52353 -0.831159
    outer loop
      vertex 0.0196739 -0.0474969 -0.0857729
      vertex 0.0227964 -0.0550354 -0.0803208
      vertex 0.0172922 -0.0570049 -0.0803208
    endloop
  endfacet
  facet normal 0.23774 -0.502648 -0.831158
    outer loop
      vertex 0.0196739 -0.0474969 -0.0857729
      vertex 0.0242346 -0.0453398 -0.0857729
      vertex 0.0227964 -0.0550354 -0.0803208
    endloop
  endfacet
  facet normal 0.237728 -0.502648 -0.831162
    outer loop
      vertex 0.0242346 -0.0453398 -0.0857729
      vertex 0.0280811 -0.052536 -0.0803208
      vertex 0.0227964 -0.0550354 -0.0803208
    endloop
  endfacet
  facet normal 0.285853 -0.476925 -0.831162
    outer loop
      vertex 0.0242346 -0.0453398 -0.0857729
      vertex 0.028562 -0.0427461 -0.0857729
      vertex 0.0280811 -0.052536 -0.0803208
    endloop
  endfacet
  facet normal 0.285858 -0.476924 -0.831161
    outer loop
      vertex 0.028562 -0.0427461 -0.0857729
      vertex 0.0330953 -0.0495306 -0.0803208
      vertex 0.0280811 -0.052536 -0.0803208
    endloop
  endfacet
  facet normal 0.331228 -0.446608 -0.831161
    outer loop
      vertex 0.028562 -0.0427461 -0.0857729
      vertex 0.0326143 -0.0397407 -0.0857729
      vertex 0.0330953 -0.0495306 -0.0803208
    endloop
  endfacet
  facet normal 0.331226 -0.446609 -0.831162
    outer loop
      vertex 0.0326143 -0.0397407 -0.0857729
      vertex 0.0377908 -0.0460482 -0.0803208
      vertex 0.0330953 -0.0495306 -0.0803208
    endloop
  endfacet
  facet normal 0.373401 -0.411997 -0.831162
    outer loop
      vertex 0.0326143 -0.0397407 -0.0857729
      vertex 0.0363526 -0.0363526 -0.0857729
      vertex 0.0377908 -0.0460482 -0.0803208
    endloop
  endfacet
  facet normal 0.373414 -0.411993 -0.831158
    outer loop
      vertex 0.0363526 -0.0363526 -0.0857729
      vertex 0.0421223 -0.0421223 -0.0803208
      vertex 0.0377908 -0.0460482 -0.0803208
    endloop
  endfacet
  facet normal 0.412001 -0.373405 -0.831158
    outer loop
      vertex 0.0363526 -0.0363526 -0.0857729
      vertex 0.0397407 -0.0326143 -0.0857729
      vertex 0.0421223 -0.0421223 -0.0803208
    endloop
  endfacet
  facet normal 0.411989 -0.37341 -0.831162
    outer loop
      vertex 0.0397407 -0.0326143 -0.0857729
      vertex 0.0460482 -0.0377908 -0.0803208
      vertex 0.0421223 -0.0421223 -0.0803208
    endloop
  endfacet
  facet normal 0.446607 -0.331228 -0.831162
    outer loop
      vertex 0.0397407 -0.0326143 -0.0857729
      vertex 0.0427461 -0.028562 -0.0857729
      vertex 0.0460482 -0.0377908 -0.0803208
    endloop
  endfacet
  facet normal 0.44661 -0.331226 -0.831161
    outer loop
      vertex 0.0427461 -0.028562 -0.0857729
      vertex 0.0495306 -0.0330953 -0.0803208
      vertex 0.0460482 -0.0377908 -0.0803208
    endloop
  endfacet
  facet normal 0.476927 -0.285854 -0.831161
    outer loop
      vertex 0.0427461 -0.028562 -0.0857729
      vertex 0.0453398 -0.0242346 -0.0857729
      vertex 0.0495306 -0.0330953 -0.0803208
    endloop
  endfacet
  facet normal 0.476923 -0.285857 -0.831162
    outer loop
      vertex 0.0453398 -0.0242346 -0.0857729
      vertex 0.052536 -0.0280811 -0.0803208
      vertex 0.0495306 -0.0330953 -0.0803208
    endloop
  endfacet
  facet normal 0.502643 -0.237738 -0.831162
    outer loop
      vertex 0.0453398 -0.0242346 -0.0857729
      vertex 0.0474969 -0.0196739 -0.0857729
      vertex 0.052536 -0.0280811 -0.0803208
    endloop
  endfacet
  facet normal 0.502653 -0.23773 -0.831159
    outer loop
      vertex 0.0474969 -0.0196739 -0.0857729
      vertex 0.0550354 -0.0227964 -0.0803208
      vertex 0.052536 -0.0280811 -0.0803208
    endloop
  endfacet
  facet normal 0.523531 -0.187324 -0.831159
    outer loop
      vertex 0.0474969 -0.0196739 -0.0857729
      vertex 0.0491966 -0.0149236 -0.0857729
      vertex 0.0550354 -0.0227964 -0.0803208
    endloop
  endfacet
  facet normal 0.523528 -0.187328 -0.83116
    outer loop
      vertex 0.0491966 -0.0149236 -0.0857729
      vertex 0.0570049 -0.0172922 -0.0803208
      vertex 0.0550354 -0.0227964 -0.0803208
    endloop
  endfacet
  facet normal 0.539372 -0.135096 -0.83116
    outer loop
      vertex 0.0491966 -0.0149236 -0.0857729
      vertex 0.0504224 -0.0100296 -0.0857729
      vertex 0.0570049 -0.0172922 -0.0803208
    endloop
  endfacet
  facet normal 0.539368 -0.135101 -0.831162
    outer loop
      vertex 0.0504224 -0.0100296 -0.0857729
      vertex 0.0584253 -0.0116215 -0.0803208
      vertex 0.0570049 -0.0172922 -0.0803208
    endloop
  endfacet
  facet normal 0.550012 -0.0815897 -0.831162
    outer loop
      vertex 0.0504224 -0.0100296 -0.0857729
      vertex 0.0511627 -0.00503909 -0.0857729
      vertex 0.0584253 -0.0116215 -0.0803208
    endloop
  endfacet
  facet normal 0.550013 -0.0815893 -0.831161
    outer loop
      vertex 0.0511627 -0.00503909 -0.0857729
      vertex 0.0592831 -0.00583887 -0.0803208
      vertex 0.0584253 -0.0116215 -0.0803208
    endloop
  endfacet
  facet normal 0.555361 -0.0272881 -0.831162
    outer loop
      vertex 0.0511627 -0.00503909 -0.0857729
      vertex 0.0514103 0 -0.0857729
      vertex 0.0592831 -0.00583887 -0.0803208
    endloop
  endfacet
  facet normal 0.555366 -0.0272791 -0.831159
    outer loop
      vertex 0.0514103 0 -0.0857729
      vertex 0.0595699 0 -0.0803208
      vertex 0.0592831 -0.00583887 -0.0803208
    endloop
  endfacet
  facet normal 0.471263 0.023154 -0.881689
    outer loop
      vertex 0.0427555 0 -0.0903989
      vertex 0.0425496 0.00419077 -0.0903989
      vertex 0.0514103 0 -0.0857729
    endloop
  endfacet
  facet normal 0.471264 0.023156 -0.881688
    outer loop
      vertex 0.0425496 0.00419077 -0.0903989
      vertex 0.0511627 0.00503909 -0.0857729
      vertex 0.0514103 0 -0.0857729
    endloop
  endfacet
  facet normal 0.466727 0.069226 -0.881688
    outer loop
      vertex 0.0425496 0.00419077 -0.0903989
      vertex 0.041934 0.00834119 -0.0903989
      vertex 0.0511627 0.00503909 -0.0857729
    endloop
  endfacet
  facet normal 0.466729 0.0692353 -0.881686
    outer loop
      vertex 0.041934 0.00834119 -0.0903989
      vertex 0.0504224 0.0100296 -0.0857729
      vertex 0.0511627 0.00503909 -0.0857729
    endloop
  endfacet
  facet normal 0.457696 0.114646 -0.881686
    outer loop
      vertex 0.041934 0.00834119 -0.0903989
      vertex 0.0409145 0.0124113 -0.0903989
      vertex 0.0504224 0.0100296 -0.0857729
    endloop
  endfacet
  facet normal 0.457695 0.114639 -0.881687
    outer loop
      vertex 0.0409145 0.0124113 -0.0903989
      vertex 0.0491966 0.0149236 -0.0857729
      vertex 0.0504224 0.0100296 -0.0857729
    endloop
  endfacet
  facet normal 0.444249 0.158965 -0.881687
    outer loop
      vertex 0.0409145 0.0124113 -0.0903989
      vertex 0.0395009 0.0163618 -0.0903989
      vertex 0.0491966 0.0149236 -0.0857729
    endloop
  endfacet
  facet normal 0.444249 0.158956 -0.881689
    outer loop
      vertex 0.0395009 0.0163618 -0.0903989
      vertex 0.0474969 0.0196739 -0.0857729
      vertex 0.0491966 0.0149236 -0.0857729
    endloop
  endfacet
  facet normal 0.426532 0.201728 -0.881689
    outer loop
      vertex 0.0395009 0.0163618 -0.0903989
      vertex 0.037707 0.0201548 -0.0903989
      vertex 0.0474969 0.0196739 -0.0857729
    endloop
  endfacet
  facet normal 0.426532 0.201739 -0.881687
    outer loop
      vertex 0.037707 0.0201548 -0.0903989
      vertex 0.0453398 0.0242346 -0.0857729
      vertex 0.0474969 0.0196739 -0.0857729
    endloop
  endfacet
  facet normal 0.404706 0.242572 -0.881687
    outer loop
      vertex 0.037707 0.0201548 -0.0903989
      vertex 0.0355499 0.0237537 -0.0903989
      vertex 0.0453398 0.0242346 -0.0857729
    endloop
  endfacet
  facet normal 0.404707 0.242568 -0.881688
    outer loop
      vertex 0.0355499 0.0237537 -0.0903989
      vertex 0.0427461 0.028562 -0.0857729
      vertex 0.0453398 0.0242346 -0.0857729
    endloop
  endfacet
  facet normal 0.378982 0.281068 -0.881688
    outer loop
      vertex 0.0355499 0.0237537 -0.0903989
      vertex 0.0330505 0.0271238 -0.0903989
      vertex 0.0427461 0.028562 -0.0857729
    endloop
  endfacet
  facet normal 0.378981 0.281072 -0.881687
    outer loop
      vertex 0.0330505 0.0271238 -0.0903989
      vertex 0.0397407 0.0326143 -0.0857729
      vertex 0.0427461 0.028562 -0.0857729
    endloop
  endfacet
  facet normal 0.349603 0.316869 -0.881687
    outer loop
      vertex 0.0330505 0.0271238 -0.0903989
      vertex 0.0302327 0.0302327 -0.0903989
      vertex 0.0397407 0.0326143 -0.0857729
    endloop
  endfacet
  facet normal 0.349608 0.316857 -0.881689
    outer loop
      vertex 0.0302327 0.0302327 -0.0903989
      vertex 0.0363526 0.0363526 -0.0857729
      vertex 0.0397407 0.0326143 -0.0857729
    endloop
  endfacet
  facet normal 0.316865 0.3496 -0.88169
    outer loop
      vertex 0.0302327 0.0302327 -0.0903989
      vertex 0.0271238 0.0330505 -0.0903989
      vertex 0.0363526 0.0363526 -0.0857729
    endloop
  endfacet
  facet normal 0.31686 0.349611 -0.881687
    outer loop
      vertex 0.0271238 0.0330505 -0.0903989
      vertex 0.0326143 0.0397407 -0.0857729
      vertex 0.0363526 0.0363526 -0.0857729
    endloop
  endfacet
  facet normal 0.281069 0.378983 -0.881687
    outer loop
      vertex 0.0271238 0.0330505 -0.0903989
      vertex 0.0237537 0.0355499 -0.0903989
      vertex 0.0326143 0.0397407 -0.0857729
    endloop
  endfacet
  facet normal 0.281071 0.37898 -0.881688
    outer loop
      vertex 0.0237537 0.0355499 -0.0903989
      vertex 0.028562 0.0427461 -0.0857729
      vertex 0.0326143 0.0397407 -0.0857729
    endloop
  endfacet
  facet normal 0.242571 0.404705 -0.881688
    outer loop
      vertex 0.0237537 0.0355499 -0.0903989
      vertex 0.0201548 0.037707 -0.0903989
      vertex 0.028562 0.0427461 -0.0857729
    endloop
  endfacet
  facet normal 0.242568 0.404708 -0.881687
    outer loop
      vertex 0.0201548 0.037707 -0.0903989
      vertex 0.0242346 0.0453398 -0.0857729
      vertex 0.028562 0.0427461 -0.0857729
    endloop
  endfacet
  facet normal 0.20173 0.426536 -0.881687
    outer loop
      vertex 0.0201548 0.037707 -0.0903989
      vertex 0.0163618 0.0395009 -0.0903989
      vertex 0.0242346 0.0453398 -0.0857729
    endloop
  endfacet
  facet normal 0.201737 0.426528 -0.881689
    outer loop
      vertex 0.0163618 0.0395009 -0.0903989
      vertex 0.0196739 0.0474969 -0.0857729
      vertex 0.0242346 0.0453398 -0.0857729
    endloop
  endfacet
  facet normal 0.158964 0.444246 -0.881689
    outer loop
      vertex 0.0163618 0.0395009 -0.0903989
      vertex 0.0124113 0.0409145 -0.0903989
      vertex 0.0196739 0.0474969 -0.0857729
    endloop
  endfacet
  facet normal 0.158957 0.444252 -0.881688
    outer loop
      vertex 0.0124113 0.0409145 -0.0903989
      vertex 0.0149236 0.0491966 -0.0857729
      vertex 0.0196739 0.0474969 -0.0857729
    endloop
  endfacet
  facet normal 0.114645 0.457694 -0.881688
    outer loop
      vertex 0.0124113 0.0409145 -0.0903989
      vertex 0.00834119 0.041934 -0.0903989
      vertex 0.0149236 0.0491966 -0.0857729
    endloop
  endfacet
  facet normal 0.11464 0.457698 -0.881686
    outer loop
      vertex 0.00834119 0.041934 -0.0903989
      vertex 0.0100296 0.0504224 -0.0857729
      vertex 0.0149236 0.0491966 -0.0857729
    endloop
  endfacet
  facet normal 0.0692266 0.466731 -0.881686
    outer loop
      vertex 0.00834119 0.041934 -0.0903989
      vertex 0.00419077 0.0425496 -0.0903989
      vertex 0.0100296 0.0504224 -0.0857729
    endloop
  endfacet
  facet normal 0.0692348 0.466726 -0.881688
    outer loop
      vertex 0.00419077 0.0425496 -0.0903989
      vertex 0.00503909 0.0511627 -0.0857729
      vertex 0.0100296 0.0504224 -0.0857729
    endloop
  endfacet
  facet normal 0.0231541 0.471264 -0.881688
    outer loop
      vertex 0.00419077 0.0425496 -0.0903989
      vertex 0 0.0427555 -0.0903989
      vertex 0.00503909 0.0511627 -0.0857729
    endloop
  endfacet
  facet normal 0.0231559 0.471263 -0.881688
    outer loop
      vertex 0 0.0427555 -0.0903989
      vertex 0 0.0514103 -0.0857729
      vertex 0.00503909 0.0511627 -0.0857729
    endloop
  endfacet
  facet normal -0.023154 0.471263 -0.881689
    outer loop
      vertex 0 0.0427555 -0.0903989
      vertex -0.00419077 0.0425496 -0.0903989
      vertex 0 0.0514103 -0.0857729
    endloop
  endfacet
  facet normal -0.023156 0.471264 -0.881688
    outer loop
      vertex -0.00419077 0.0425496 -0.0903989
      vertex -0.00503909 0.0511627 -0.0857729
      vertex 0 0.0514103 -0.0857729
    endloop
  endfacet
  facet normal -0.069226 0.466727 -0.881688
    outer loop
      vertex -0.00419077 0.0425496 -0.0903989
      vertex -0.00834119 0.041934 -0.0903989
      vertex -0.00503909 0.0511627 -0.0857729
    endloop
  endfacet
  facet normal -0.0692353 0.466729 -0.881686
    outer loop
      vertex -0.00834119 0.041934 -0.0903989
      vertex -0.0100296 0.0504224 -0.0857729
      vertex -0.00503909 0.0511627 -0.0857729
    endloop
  endfacet
  facet normal -0.114646 0.457696 -0.881686
    outer loop
      vertex -0.00834119 0.041934 -0.0903989
      vertex -0.0124113 0.0409145 -0.0903989
      vertex -0.0100296 0.0504224 -0.0857729
    endloop
  endfacet
  facet normal -0.114639 0.457695 -0.881687
    outer loop
      vertex -0.0124113 0.0409145 -0.0903989
      vertex -0.0149236 0.0491966 -0.0857729
      vertex -0.0100296 0.0504224 -0.0857729
    endloop
  endfacet
  facet normal -0.158965 0.444249 -0.881687
    outer loop
      vertex -0.0124113 0.0409145 -0.0903989
      vertex -0.0163618 0.0395009 -0.0903989
      vertex -0.0149236 0.0491966 -0.0857729
    endloop
  endfacet
  facet normal -0.158956 0.444249 -0.881689
    outer loop
      vertex -0.0163618 0.0395009 -0.0903989
      vertex -0.0196739 0.0474969 -0.0857729
      vertex -0.0149236 0.0491966 -0.0857729
    endloop
  endfacet
  facet normal -0.201728 0.426532 -0.881689
    outer loop
      vertex -0.0163618 0.0395009 -0.0903989
      vertex -0.0201548 0.037707 -0.0903989
      vertex -0.0196739 0.0474969 -0.0857729
    endloop
  endfacet
  facet normal -0.201739 0.426532 -0.881687
    outer loop
      vertex -0.0201548 0.037707 -0.0903989
      vertex -0.0242346 0.0453398 -0.0857729
      vertex -0.0196739 0.0474969 -0.0857729
    endloop
  endfacet
  facet normal -0.242572 0.404706 -0.881687
    outer loop
      vertex -0.0201548 0.037707 -0.0903989
      vertex -0.0237537 0.0355499 -0.0903989
      vertex -0.0242346 0.0453398 -0.0857729
    endloop
  endfacet
  facet normal -0.242568 0.404707 -0.881688
    outer loop
      vertex -0.0237537 0.0355499 -0.0903989
      vertex -0.028562 0.0427461 -0.0857729
      vertex -0.0242346 0.0453398 -0.0857729
    endloop
  endfacet
  facet normal -0.281068 0.378982 -0.881688
    outer loop
      vertex -0.0237537 0.0355499 -0.0903989
      vertex -0.0271238 0.0330505 -0.0903989
      vertex -0.028562 0.0427461 -0.0857729
    endloop
  endfacet
  facet normal -0.281072 0.378981 -0.881687
    outer loop
      vertex -0.0271238 0.0330505 -0.0903989
      vertex -0.0326143 0.0397407 -0.0857729
      vertex -0.028562 0.0427461 -0.0857729
    endloop
  endfacet
  facet normal -0.316869 0.349603 -0.881687
    outer loop
      vertex -0.0271238 0.0330505 -0.0903989
      vertex -0.0302327 0.0302327 -0.0903989
      vertex -0.0326143 0.0397407 -0.0857729
    endloop
  endfacet
  facet normal -0.316857 0.349608 -0.881689
    outer loop
      vertex -0.0302327 0.0302327 -0.0903989
      vertex -0.0363526 0.0363526 -0.0857729
      vertex -0.0326143 0.0397407 -0.0857729
    endloop
  endfacet
  facet normal -0.3496 0.316865 -0.88169
    outer loop
      vertex -0.0302327 0.0302327 -0.0903989
      vertex -0.0330505 0.0271238 -0.0903989
      vertex -0.0363526 0.0363526 -0.0857729
    endloop
  endfacet
  facet normal -0.349611 0.31686 -0.881687
    outer loop
      vertex -0.0330505 0.0271238 -0.0903989
      vertex -0.0397407 0.0326143 -0.0857729
      vertex -0.0363526 0.0363526 -0.0857729
    endloop
  endfacet
  facet normal -0.378983 0.281069 -0.881687
    outer loop
      vertex -0.0330505 0.0271238 -0.0903989
      vertex -0.0355499 0.0237537 -0.0903989
      vertex -0.0397407 0.0326143 -0.0857729
    endloop
  endfacet
  facet normal -0.37898 0.281071 -0.881688
    outer loop
      vertex -0.0355499 0.0237537 -0.0903989
      vertex -0.0427461 0.028562 -0.0857729
      vertex -0.0397407 0.0326143 -0.0857729
    endloop
  endfacet
  facet normal -0.404705 0.242571 -0.881688
    outer loop
      vertex -0.0355499 0.0237537 -0.0903989
      vertex -0.037707 0.0201548 -0.0903989
      vertex -0.0427461 0.028562 -0.0857729
    endloop
  endfacet
  facet normal -0.404708 0.242568 -0.881687
    outer loop
      vertex -0.037707 0.0201548 -0.0903989
      vertex -0.0453398 0.0242346 -0.0857729
      vertex -0.0427461 0.028562 -0.0857729
    endloop
  endfacet
  facet normal -0.426536 0.20173 -0.881687
    outer loop
      vertex -0.037707 0.0201548 -0.0903989
      vertex -0.0395009 0.0163618 -0.0903989
      vertex -0.0453398 0.0242346 -0.0857729
    endloop
  endfacet
  facet normal -0.426528 0.201737 -0.881689
    outer loop
      vertex -0.0395009 0.0163618 -0.0903989
      vertex -0.0474969 0.0196739 -0.0857729
      vertex -0.0453398 0.0242346 -0.0857729
    endloop
  endfacet
  facet normal -0.444246 0.158964 -0.881689
    outer loop
      vertex -0.0395009 0.0163618 -0.0903989
      vertex -0.0409145 0.0124113 -0.0903989
      vertex -0.0474969 0.0196739 -0.0857729
    endloop
  endfacet
  facet normal -0.444252 0.158957 -0.881688
    outer loop
      vertex -0.0409145 0.0124113 -0.0903989
      vertex -0.0491966 0.0149236 -0.0857729
      vertex -0.0474969 0.0196739 -0.0857729
    endloop
  endfacet
  facet normal -0.457694 0.114645 -0.881688
    outer loop
      vertex -0.0409145 0.0124113 -0.0903989
      vertex -0.041934 0.00834119 -0.0903989
      vertex -0.0491966 0.0149236 -0.0857729
    endloop
  endfacet
  facet normal -0.457698 0.11464 -0.881686
    outer loop
      vertex -0.041934 0.00834119 -0.0903989
      vertex -0.0504224 0.0100296 -0.0857729
      vertex -0.0491966 0.0149236 -0.0857729
    endloop
  endfacet
  facet normal -0.466731 0.0692266 -0.881686
    outer loop
      vertex -0.041934 0.00834119 -0.0903989
      vertex -0.0425496 0.00419077 -0.0903989
      vertex -0.0504224 0.0100296 -0.0857729
    endloop
  endfacet
  facet normal -0.466726 0.0692348 -0.881688
    outer loop
      vertex -0.0425496 0.00419077 -0.0903989
      vertex -0.0511627 0.00503909 -0.0857729
      vertex -0.0504224 0.0100296 -0.0857729
    endloop
  endfacet
  facet normal -0.471264 0.0231541 -0.881688
    outer loop
      vertex -0.0425496 0.00419077 -0.0903989
      vertex -0.0427555 -0 -0.0903989
      vertex -0.0511627 0.00503909 -0.0857729
    endloop
  endfacet
  facet normal -0.471263 0.0231559 -0.881688
    outer loop
      vertex -0.0427555 -0 -0.0903989
      vertex -0.0514103 -0 -0.0857729
      vertex -0.0511627 0.00503909 -0.0857729
    endloop
  endfacet
  facet normal -0.471263 -0.023154 -0.881689
    outer loop
      vertex -0.0427555 -0 -0.0903989
      vertex -0.0425496 -0.00419077 -0.0903989
      vertex -0.0514103 -0 -0.0857729
    endloop
  endfacet
  facet normal -0.471264 -0.023156 -0.881688
    outer loop
      vertex -0.0425496 -0.00419077 -0.0903989
      vertex -0.0511627 -0.00503909 -0.0857729
      vertex -0.0514103 -0 -0.0857729
    endloop
  endfacet
  facet normal -0.466727 -0.069226 -0.881688
    outer loop
      vertex -0.0425496 -0.00419077 -0.0903989
      vertex -0.041934 -0.00834119 -0.0903989
      vertex -0.0511627 -0.00503909 -0.0857729
    endloop
  endfacet
  facet normal -0.466729 -0.0692353 -0.881686
    outer loop
      vertex -0.041934 -0.00834119 -0.0903989
      vertex -0.0504224 -0.0100296 -0.0857729
      vertex -0.0511627 -0.00503909 -0.0857729
    endloop
  endfacet
  facet normal -0.457696 -0.114646 -0.881686
    outer loop
      vertex -0.041934 -0.00834119 -0.0903989
      vertex -0.0409145 -0.0124113 -0.0903989
      vertex -0.0504224 -0.0100296 -0.0857729
    endloop
  endfacet
  facet normal -0.457695 -0.114639 -0.881687
    outer loop
      vertex -0.0409145 -0.0124113 -0.0903989
      vertex -0.0491966 -0.0149236 -0.0857729
      vertex -0.0504224 -0.0100296 -0.0857729
    endloop
  endfacet
  facet normal -0.444249 -0.158965 -0.881687
    outer loop
      vertex -0.0409145 -0.0124113 -0.0903989
      vertex -0.0395009 -0.0163618 -0.0903989
      vertex -0.0491966 -0.0149236 -0.0857729
    endloop
  endfacet
  facet normal -0.444249 -0.158956 -0.881689
    outer loop
      vertex -0.0395009 -0.0163618 -0.0903989
      vertex -0.0474969 -0.0196739 -0.0857729
      vertex -0.0491966 -0.0149236 -0.0857729
    endloop
  endfacet
  facet normal -0.426532 -0.201728 -0.881689
    outer loop
      vertex -0.0395009 -0.0163618 -0.0903989
      vertex -0.037707 -0.0201548 -0.0903989
      vertex -0.0474969 -0.0196739 -0.0857729
    endloop
  endfacet
  facet normal -0.426532 -0.201739 -0.881687
    outer loop
      vertex -0.037707 -0.0201548 -0.0903989
      vertex -0.0453398 -0.0242346 -0.0857729
      vertex -0.0474969 -0.0196739 -0.0857729
    endloop
  endfacet
  facet normal -0.404706 -0.242572 -0.881687
    outer loop
      vertex -0.037707 -0.0201548 -0.0903989
      vertex -0.0355499 -0.0237537 -0.0903989
      vertex -0.0453398 -0.0242346 -0.0857729
    endloop
  endfacet
  facet normal -0.404707 -0.242568 -0.881688
    outer loop
      vertex -0.0355499 -0.0237537 -0.0903989
      vertex -0.0427461 -0.028562 -0.0857729
      vertex -0.0453398 -0.0242346 -0.0857729
    endloop
  endfacet
  facet normal -0.378982 -0.281068 -0.881688
    outer loop
      vertex -0.0355499 -0.0237537 -0.0903989
      vertex -0.0330505 -0.0271238 -0.0903989
      vertex -0.0427461 -0.028562 -0.0857729
    endloop
  endfacet
  facet normal -0.378981 -0.281072 -0.881687
    outer loop
      vertex -0.0330505 -0.0271238 -0.0903989
      vertex -0.0397407 -0.0326143 -0.0857729
      vertex -0.0427461 -0.028562 -0.0857729
    endloop
  endfacet
  facet normal -0.349603 -0.316869 -0.881687
    outer loop
      vertex -0.0330505 -0.0271238 -0.0903989
      vertex -0.0302327 -0.0302327 -0.0903989
      vertex -0.0397407 -0.0326143 -0.0857729
    endloop
  endfacet
  facet normal -0.349608 -0.316857 -0.881689
    outer loop
      vertex -0.0302327 -0.0302327 -0.0903989
      vertex -0.0363526 -0.0363526 -0.0857729
      vertex -0.0397407 -0.0326143 -0.0857729
    endloop
  endfacet
  facet normal -0.316865 -0.3496 -0.88169
    outer loop
      vertex -0.0302327 -0.0302327 -0.0903989
      vertex -0.0271238 -0.0330505 -0.0903989
      vertex -0.0363526 -0.0363526 -0.0857729
    endloop
  endfacet
  facet normal -0.31686 -0.349611 -0.881687
    outer loop
      vertex -0.0271238 -0.0330505 -0.0903989
      vertex -0.0326143 -0.0397407 -0.0857729
      vertex -0.0363526 -0.0363526 -0.0857729
    endloop
  endfacet
  facet normal -0.281069 -0.378983 -0.881687
    outer loop
      vertex -0.0271238 -0.0330505 -0.0903989
      vertex -0.0237537 -0.0355499 -0.0903989
      vertex -0.0326143 -0.0397407 -0.0857729
    endloop
  endfacet
  facet normal -0.281071 -0.37898 -0.881688
    outer loop
      vertex -0.0237537 -0.0355499 -0.0903989
      vertex -0.028562 -0.0427461 -0.0857729
      vertex -0.0326143 -0.0397407 -0.0857729
    endloop
  endfacet
  facet normal -0.242571 -0.404705 -0.881688
    outer loop
      vertex -0.0237537 -0.0355499 -0.0903989
      vertex -0.0201548 -0.037707 -0.0903989
      vertex -0.028562 -0.0427461 -0.0857729
    endloop
  endfacet
  facet normal -0.242568 -0.404708 -0.881687
    outer loop
      vertex -0.0201548 -0.037707 -0.0903989
      vertex -0.0242346 -0.0453398 -0.0857729
      vertex -0.028562 -0.0427461 -0.0857729
    endloop
  endfacet
  facet normal -0.20173 -0.426536 -0.881687
    outer loop
      vertex -0.0201548 -0.037707 -0.0903989
      vertex -0.0163618 -0.0395009 -0.0903989
      vertex -0.0242346 -0.0453398 -0.0857729
    endloop
  endfacet
  facet normal -0.201737 -0.426528 -0.881689
    outer loop
      vertex -0.0163618 -0.0395009 -0.0903989
      vertex -0.0196739 -0.0474969 -0.0857729
      vertex -0.0242346 -0.0453398 -0.0857729
    endloop
  endfacet
  facet normal -0.158964 -0.444246 -0.881689
    outer loop
      vertex -0.0163618 -0.0395009 -0.0903989
      vertex -0.0124113 -0.0409145 -0.0903989
      vertex -0.0196739 -0.0474969 -0.0857729
    endloop
  endfacet
  facet normal -0.158957 -0.444252 -0.881688
    outer loop
      vertex -0.0124113 -0.0409145 -0.0903989
      vertex -0.0149236 -0.0491966 -0.0857729
      vertex -0.0196739 -0.0474969 -0.0857729
    endloop
  endfacet
  facet normal -0.114645 -0.457694 -0.881688
    outer loop
      vertex -0.0124113 -0.0409145 -0.0903989
      vertex -0.00834119 -0.041934 -0.0903989
      vertex -0.0149236 -0.0491966 -0.0857729
    endloop
  endfacet
  facet normal -0.11464 -0.457698 -0.881686
    outer loop
      vertex -0.00834119 -0.041934 -0.0903989
      vertex -0.0100296 -0.0504224 -0.0857729
      vertex -0.0149236 -0.0491966 -0.0857729
    endloop
  endfacet
  facet normal -0.0692266 -0.466731 -0.881686
    outer loop
      vertex -0.00834119 -0.041934 -0.0903989
      vertex -0.00419077 -0.0425496 -0.0903989
      vertex -0.0100296 -0.0504224 -0.0857729
    endloop
  endfacet
  facet normal -0.0692348 -0.466726 -0.881688
    outer loop
      vertex -0.00419077 -0.0425496 -0.0903989
      vertex -0.00503909 -0.0511627 -0.0857729
      vertex -0.0100296 -0.0504224 -0.0857729
    endloop
  endfacet
  facet normal -0.0231541 -0.471264 -0.881688
    outer loop
      vertex -0.00419077 -0.0425496 -0.0903989
      vertex -0 -0.0427555 -0.0903989
      vertex -0.00503909 -0.0511627 -0.0857729
    endloop
  endfacet
  facet normal -0.0231559 -0.471263 -0.881688
    outer loop
      vertex -0 -0.0427555 -0.0903989
      vertex -0 -0.0514103 -0.0857729
      vertex -0.00503909 -0.0511627 -0.0857729
    endloop
  endfacet
  facet normal 0.023154 -0.471263 -0.881689
    outer loop
      vertex -0 -0.0427555 -0.0903989
      vertex 0.00419077 -0.0425496 -0.0903989
      vertex -0 -0.0514103 -0.0857729
    endloop
  endfacet
  facet normal 0.023156 -0.471264 -0.881688
    outer loop
      vertex 0.00419077 -0.0425496 -0.0903989
      vertex 0.00503909 -0.0511627 -0.0857729
      vertex -0 -0.0514103 -0.0857729
    endloop
  endfacet
  facet normal 0.069226 -0.466727 -0.881688
    outer loop
      vertex 0.00419077 -0.0425496 -0.0903989
      vertex 0.00834119 -0.041934 -0.0903989
      vertex 0.00503909 -0.0511627 -0.0857729
    endloop
  endfacet
  facet normal 0.0692353 -0.466729 -0.881686
    outer loop
      vertex 0.00834119 -0.041934 -0.0903989
      vertex 0.0100296 -0.0504224 -0.0857729
      vertex 0.00503909 -0.0511627 -0.0857729
    endloop
  endfacet
  facet normal 0.114646 -0.457696 -0.881686
    outer loop
      vertex 0.00834119 -0.041934 -0.0903989
      vertex 0.0124113 -0.0409145 -0.0903989
      vertex 0.0100296 -0.0504224 -0.0857729
    endloop
  endfacet
  facet normal 0.114639 -0.457695 -0.881687
    outer loop
      vertex 0.0124113 -0.0409145 -0.0903989
      vertex 0.0149236 -0.0491966 -0.0857729
      vertex 0.0100296 -0.0504224 -0.0857729
    endloop
  endfacet
  facet normal 0.158965 -0.444249 -0.881687
    outer loop
      vertex 0.0124113 -0.0409145 -0.0903989
      vertex 0.0163618 -0.0395009 -0.0903989
      vertex 0.0149236 -0.0491966 -0.0857729
    endloop
  endfacet
  facet normal 0.158956 -0.444249 -0.881689
    outer loop
      vertex 0.0163618 -0.0395009 -0.0903989
      vertex 0.0196739 -0.0474969 -0.0857729
      vertex 0.0149236 -0.0491966 -0.0857729
    endloop
  endfacet
  facet normal 0.201728 -0.426532 -0.881689
    outer loop
      vertex 0.0163618 -0.0395009 -0.0903989
      vertex 0.0201548 -0.037707 -0.0903989
      vertex 0.0196739 -0.0474969 -0.0857729
    endloop
  endfacet
  facet normal 0.201739 -0.426532 -0.881687
    outer loop
      vertex 0.0201548 -0.037707 -0.0903989
      vertex 0.0242346 -0.0453398 -0.0857729
      vertex 0.0196739 -0.0474969 -0.0857729
    endloop
  endfacet
  facet normal 0.242572 -0.404706 -0.881687
    outer loop
      vertex 0.0201548 -0.037707 -0.0903989
      vertex 0.0237537 -0.0355499 -0.0903989
      vertex 0.0242346 -0.0453398 -0.0857729
    endloop
  endfacet
  facet normal 0.242568 -0.404707 -0.881688
    outer loop
      vertex 0.0237537 -0.0355499 -0.0903989
      vertex 0.028562 -0.0427461 -0.0857729
      vertex 0.0242346 -0.0453398 -0.0857729
    endloop
  endfacet
  facet normal 0.281068 -0.378982 -0.881688
    outer loop
      vertex 0.0237537 -0.0355499 -0.0903989
      vertex 0.0271238 -0.0330505 -0.0903989
      vertex 0.028562 -0.0427461 -0.0857729
    endloop
  endfacet
  facet normal 0.281072 -0.378981 -0.881687
    outer loop
      vertex 0.0271238 -0.0330505 -0.0903989
      vertex 0.0326143 -0.0397407 -0.0857729
      vertex 0.028562 -0.0427461 -0.0857729
    endloop
  endfacet
  facet normal 0.316869 -0.349603 -0.881687
    outer loop
      vertex 0.0271238 -0.0330505 -0.0903989
      vertex 0.0302327 -0.0302327 -0.0903989
      vertex 0.0326143 -0.0397407 -0.0857729
    endloop
  endfacet
  facet normal 0.316857 -0.349608 -0.881689
    outer loop
      vertex 0.0302327 -0.0302327 -0.0903989
      vertex 0.0363526 -0.0363526 -0.0857729
      vertex 0.0326143 -0.0397407 -0.0857729
    endloop
  endfacet
  facet normal 0.3496 -0.316865 -0.88169
    outer loop
      vertex 0.0302327 -0.0302327 -0.0903989
      vertex 0.0330505 -0.0271238 -0.0903989
      vertex 0.0363526 -0.0363526 -0.0857729
    endloop
  endfacet
  facet normal 0.349611 -0.31686 -0.881687
    outer loop
      vertex 0.0330505 -0.0271238 -0.0903989
      vertex 0.0397407 -0.0326143 -0.0857729
      vertex 0.0363526 -0.0363526 -0.0857729
    endloop
  endfacet
  facet normal 0.378983 -0.281069 -0.881687
    outer loop
      vertex 0.0330505 -0.0271238 -0.0903989
      vertex 0.0355499 -0.0237537 -0.0903989
      vertex 0.0397407 -0.0326143 -0.0857729
    endloop
  endfacet
  facet normal 0.37898 -0.281071 -0.881688
    outer loop
      vertex 0.0355499 -0.0237537 -0.0903989
      vertex 0.0427461 -0.028562 -0.0857729
      vertex 0.0397407 -0.0326143 -0.0857729
    endloop
  endfacet
  facet normal 0.404705 -0.242571 -0.881688
    outer loop
      vertex 0.0355499 -0.0237537 -0.0903989
      vertex 0.037707 -0.0201548 -0.0903989
      vertex 0.0427461 -0.028562 -0.0857729
    endloop
  endfacet
  facet normal 0.404708 -0.242568 -0.881687
    outer loop
      vertex 0.037707 -0.0201548 -0.0903989
      vertex 0.0453398 -0.0242346 -0.0857729
      vertex 0.0427461 -0.028562 -0.0857729
    endloop
  endfacet
  facet normal 0.426536 -0.20173 -0.881687
    outer loop
      vertex 0.037707 -0.0201548 -0.0903989
      vertex 0.0395009 -0.0163618 -0.0903989
      vertex 0.0453398 -0.0242346 -0.0857729
    endloop
  endfacet
  facet normal 0.426528 -0.201737 -0.881689
    outer loop
      vertex 0.0395009 -0.0163618 -0.0903989
      vertex 0.0474969 -0.0196739 -0.0857729
      vertex 0.0453398 -0.0242346 -0.0857729
    endloop
  endfacet
  facet normal 0.444246 -0.158964 -0.881689
    outer loop
      vertex 0.0395009 -0.0163618 -0.0903989
      vertex 0.0409145 -0.0124113 -0.0903989
      vertex 0.0474969 -0.0196739 -0.0857729
    endloop
  endfacet
  facet normal 0.444252 -0.158957 -0.881688
    outer loop
      vertex 0.0409145 -0.0124113 -0.0903989
      vertex 0.0491966 -0.0149236 -0.0857729
      vertex 0.0474969 -0.0196739 -0.0857729
    endloop
  endfacet
  facet normal 0.457694 -0.114645 -0.881688
    outer loop
      vertex 0.0409145 -0.0124113 -0.0903989
      vertex 0.041934 -0.00834119 -0.0903989
      vertex 0.0491966 -0.0149236 -0.0857729
    endloop
  endfacet
  facet normal 0.457698 -0.11464 -0.881686
    outer loop
      vertex 0.041934 -0.00834119 -0.0903989
      vertex 0.0504224 -0.0100296 -0.0857729
      vertex 0.0491966 -0.0149236 -0.0857729
    endloop
  endfacet
  facet normal 0.466731 -0.0692266 -0.881686
    outer loop
      vertex 0.041934 -0.00834119 -0.0903989
      vertex 0.0425496 -0.00419077 -0.0903989
      vertex 0.0504224 -0.0100296 -0.0857729
    endloop
  endfacet
  facet normal 0.466726 -0.0692348 -0.881688
    outer loop
      vertex 0.0425496 -0.00419077 -0.0903989
      vertex 0.0511627 -0.00503909 -0.0857729
      vertex 0.0504224 -0.0100296 -0.0857729
    endloop
  endfacet
  facet normal 0.471264 -0.0231541 -0.881688
    outer loop
      vertex 0.0425496 -0.00419077 -0.0903989
      vertex 0.0427555 0 -0.0903989
      vertex 0.0511627 -0.00503909 -0.0857729
    endloop
  endfacet
  facet normal 0.471263 -0.0231559 -0.881688
    outer loop
      vertex 0.0427555 0 -0.0903989
      vertex 0.0514103 0 -0.0857729
      vertex 0.0511627 -0.00503909 -0.0857729
    endloop
  endfacet
  facet normal 0.382619 0.0187943 -0.923715
    outer loop
      vertex 0.033689 0 -0.0941544
      vertex 0.0335268 0.0033021 -0.0941544
      vertex 0.0427555 0 -0.0903989
    endloop
  endfacet
  facet normal 0.38262 0.0187988 -0.923715
    outer loop
      vertex 0.0335268 0.0033021 -0.0941544
      vertex 0.0425496 0.00419077 -0.0903989
      vertex 0.0427555 0 -0.0903989
    endloop
  endfacet
  facet normal 0.378935 0.0562094 -0.923714
    outer loop
      vertex 0.0335268 0.0033021 -0.0941544
      vertex 0.0330417 0.0065724 -0.0941544
      vertex 0.0425496 0.00419077 -0.0903989
    endloop
  endfacet
  facet normal 0.378934 0.0562044 -0.923715
    outer loop
      vertex 0.0330417 0.0065724 -0.0941544
      vertex 0.041934 0.00834119 -0.0903989
      vertex 0.0425496 0.00419077 -0.0903989
    endloop
  endfacet
  facet normal 0.371597 0.0930905 -0.923715
    outer loop
      vertex 0.0330417 0.0065724 -0.0941544
      vertex 0.0322383 0.0097794 -0.0941544
      vertex 0.041934 0.00834119 -0.0903989
    endloop
  endfacet
  facet normal 0.371596 0.0930791 -0.923717
    outer loop
      vertex 0.0322383 0.0097794 -0.0941544
      vertex 0.0409145 0.0124113 -0.0903989
      vertex 0.041934 0.00834119 -0.0903989
    endloop
  endfacet
  facet normal 0.360686 0.129046 -0.923717
    outer loop
      vertex 0.0322383 0.0097794 -0.0941544
      vertex 0.0311246 0.0128922 -0.0941544
      vertex 0.0409145 0.0124113 -0.0903989
    endloop
  endfacet
  facet normal 0.360686 0.129063 -0.923715
    outer loop
      vertex 0.0311246 0.0128922 -0.0941544
      vertex 0.0395009 0.0163618 -0.0903989
      vertex 0.0409145 0.0124113 -0.0903989
    endloop
  endfacet
  facet normal 0.3463 0.163793 -0.923714
    outer loop
      vertex 0.0311246 0.0128922 -0.0941544
      vertex 0.029711 0.0158809 -0.0941544
      vertex 0.0395009 0.0163618 -0.0903989
    endloop
  endfacet
  facet normal 0.346301 0.163783 -0.923716
    outer loop
      vertex 0.029711 0.0158809 -0.0941544
      vertex 0.037707 0.0201548 -0.0903989
      vertex 0.0395009 0.0163618 -0.0903989
    endloop
  endfacet
  facet normal 0.32858 0.196937 -0.923716
    outer loop
      vertex 0.029711 0.0158809 -0.0941544
      vertex 0.0280114 0.0187166 -0.0941544
      vertex 0.037707 0.0201548 -0.0903989
    endloop
  endfacet
  facet normal 0.328579 0.196943 -0.923715
    outer loop
      vertex 0.0280114 0.0187166 -0.0941544
      vertex 0.0355499 0.0237537 -0.0903989
      vertex 0.037707 0.0201548 -0.0903989
    endloop
  endfacet
  facet normal 0.30769 0.228204 -0.923715
    outer loop
      vertex 0.0280114 0.0187166 -0.0941544
      vertex 0.0260419 0.0213721 -0.0941544
      vertex 0.0355499 0.0237537 -0.0903989
    endloop
  endfacet
  facet normal 0.307693 0.228197 -0.923716
    outer loop
      vertex 0.0260419 0.0213721 -0.0941544
      vertex 0.0330505 0.0271238 -0.0903989
      vertex 0.0355499 0.0237537 -0.0903989
    endloop
  endfacet
  facet normal 0.283841 0.25726 -0.923716
    outer loop
      vertex 0.0260419 0.0213721 -0.0941544
      vertex 0.0238217 0.0238217 -0.0941544
      vertex 0.0330505 0.0271238 -0.0903989
    endloop
  endfacet
  facet normal 0.28384 0.257263 -0.923716
    outer loop
      vertex 0.0238217 0.0238217 -0.0941544
      vertex 0.0302327 0.0302327 -0.0903989
      vertex 0.0330505 0.0271238 -0.0903989
    endloop
  endfacet
  facet normal 0.257261 0.283842 -0.923715
    outer loop
      vertex 0.0238217 0.0238217 -0.0941544
      vertex 0.0213721 0.0260419 -0.0941544
      vertex 0.0302327 0.0302327 -0.0903989
    endloop
  endfacet
  facet normal 0.257262 0.28384 -0.923716
    outer loop
      vertex 0.0213721 0.0260419 -0.0941544
      vertex 0.0271238 0.0330505 -0.0903989
      vertex 0.0302327 0.0302327 -0.0903989
    endloop
  endfacet
  facet normal 0.228203 0.307688 -0.923716
    outer loop
      vertex 0.0213721 0.0260419 -0.0941544
      vertex 0.0187166 0.0280114 -0.0941544
      vertex 0.0271238 0.0330505 -0.0903989
    endloop
  endfacet
  facet normal 0.228198 0.307694 -0.923715
    outer loop
      vertex 0.0187166 0.0280114 -0.0941544
      vertex 0.0237537 0.0355499 -0.0903989
      vertex 0.0271238 0.0330505 -0.0903989
    endloop
  endfacet
  facet normal 0.196938 0.328582 -0.923715
    outer loop
      vertex 0.0187166 0.0280114 -0.0941544
      vertex 0.0158809 0.029711 -0.0941544
      vertex 0.0237537 0.0355499 -0.0903989
    endloop
  endfacet
  facet normal 0.196942 0.328577 -0.923716
    outer loop
      vertex 0.0158809 0.029711 -0.0941544
      vertex 0.0201548 0.037707 -0.0903989
      vertex 0.0237537 0.0355499 -0.0903989
    endloop
  endfacet
  facet normal 0.163792 0.346296 -0.923716
    outer loop
      vertex 0.0158809 0.029711 -0.0941544
      vertex 0.0128922 0.0311246 -0.0941544
      vertex 0.0201548 0.037707 -0.0903989
    endloop
  endfacet
  facet normal 0.163784 0.346304 -0.923714
    outer loop
      vertex 0.0128922 0.0311246 -0.0941544
      vertex 0.0163618 0.0395009 -0.0903989
      vertex 0.0201548 0.037707 -0.0903989
    endloop
  endfacet
  facet normal 0.129049 0.360692 -0.923714
    outer loop
      vertex 0.0128922 0.0311246 -0.0941544
      vertex 0.0097794 0.0322383 -0.0941544
      vertex 0.0163618 0.0395009 -0.0903989
    endloop
  endfacet
  facet normal 0.129062 0.360681 -0.923717
    outer loop
      vertex 0.0097794 0.0322383 -0.0941544
      vertex 0.0124113 0.0409145 -0.0903989
      vertex 0.0163618 0.0395009 -0.0903989
    endloop
  endfacet
  facet normal 0.0930895 0.371593 -0.923717
    outer loop
      vertex 0.0097794 0.0322383 -0.0941544
      vertex 0.0065724 0.0330417 -0.0941544
      vertex 0.0124113 0.0409145 -0.0903989
    endloop
  endfacet
  facet normal 0.09308 0.371599 -0.923715
    outer loop
      vertex 0.0065724 0.0330417 -0.0941544
      vertex 0.00834119 0.041934 -0.0903989
      vertex 0.0124113 0.0409145 -0.0903989
    endloop
  endfacet
  facet normal 0.0562091 0.378934 -0.923715
    outer loop
      vertex 0.0065724 0.0330417 -0.0941544
      vertex 0.0033021 0.0335268 -0.0941544
      vertex 0.00834119 0.041934 -0.0903989
    endloop
  endfacet
  facet normal 0.0562047 0.378936 -0.923715
    outer loop
      vertex 0.0033021 0.0335268 -0.0941544
      vertex 0.00419077 0.0425496 -0.0903989
      vertex 0.00834119 0.041934 -0.0903989
    endloop
  endfacet
  facet normal 0.0187944 0.38262 -0.923714
    outer loop
      vertex 0.0033021 0.0335268 -0.0941544
      vertex 0 0.033689 -0.0941544
      vertex 0.00419077 0.0425496 -0.0903989
    endloop
  endfacet
  facet normal 0.0187987 0.382619 -0.923715
    outer loop
      vertex 0 0.033689 -0.0941544
      vertex 0 0.0427555 -0.0903989
      vertex 0.00419077 0.0425496 -0.0903989
    endloop
  endfacet
  facet normal -0.0187943 0.382619 -0.923715
    outer loop
      vertex 0 0.033689 -0.0941544
      vertex -0.0033021 0.0335268 -0.0941544
      vertex 0 0.0427555 -0.0903989
    endloop
  endfacet
  facet normal -0.0187988 0.38262 -0.923715
    outer loop
      vertex -0.0033021 0.0335268 -0.0941544
      vertex -0.00419077 0.0425496 -0.0903989
      vertex 0 0.0427555 -0.0903989
    endloop
  endfacet
  facet normal -0.0562094 0.378935 -0.923714
    outer loop
      vertex -0.0033021 0.0335268 -0.0941544
      vertex -0.0065724 0.0330417 -0.0941544
      vertex -0.00419077 0.0425496 -0.0903989
    endloop
  endfacet
  facet normal -0.0562044 0.378934 -0.923715
    outer loop
      vertex -0.0065724 0.0330417 -0.0941544
      vertex -0.00834119 0.041934 -0.0903989
      vertex -0.00419077 0.0425496 -0.0903989
    endloop
  endfacet
  facet normal -0.0930905 0.371597 -0.923715
    outer loop
      vertex -0.0065724 0.0330417 -0.0941544
      vertex -0.0097794 0.0322383 -0.0941544
      vertex -0.00834119 0.041934 -0.0903989
    endloop
  endfacet
  facet normal -0.0930791 0.371596 -0.923717
    outer loop
      vertex -0.0097794 0.0322383 -0.0941544
      vertex -0.0124113 0.0409145 -0.0903989
      vertex -0.00834119 0.041934 -0.0903989
    endloop
  endfacet
  facet normal -0.129046 0.360686 -0.923717
    outer loop
      vertex -0.0097794 0.0322383 -0.0941544
      vertex -0.0128922 0.0311246 -0.0941544
      vertex -0.0124113 0.0409145 -0.0903989
    endloop
  endfacet
  facet normal -0.129063 0.360686 -0.923715
    outer loop
      vertex -0.0128922 0.0311246 -0.0941544
      vertex -0.0163618 0.0395009 -0.0903989
      vertex -0.0124113 0.0409145 -0.0903989
    endloop
  endfacet
  facet normal -0.163793 0.3463 -0.923714
    outer loop
      vertex -0.0128922 0.0311246 -0.0941544
      vertex -0.0158809 0.029711 -0.0941544
      vertex -0.0163618 0.0395009 -0.0903989
    endloop
  endfacet
  facet normal -0.163783 0.346301 -0.923716
    outer loop
      vertex -0.0158809 0.029711 -0.0941544
      vertex -0.0201548 0.037707 -0.0903989
      vertex -0.0163618 0.0395009 -0.0903989
    endloop
  endfacet
  facet normal -0.196937 0.32858 -0.923716
    outer loop
      vertex -0.0158809 0.029711 -0.0941544
      vertex -0.0187166 0.0280114 -0.0941544
      vertex -0.0201548 0.037707 -0.0903989
    endloop
  endfacet
  facet normal -0.196943 0.328579 -0.923715
    outer loop
      vertex -0.0187166 0.0280114 -0.0941544
      vertex -0.0237537 0.0355499 -0.0903989
      vertex -0.0201548 0.037707 -0.0903989
    endloop
  endfacet
  facet normal -0.228204 0.30769 -0.923715
    outer loop
      vertex -0.0187166 0.0280114 -0.0941544
      vertex -0.0213721 0.0260419 -0.0941544
      vertex -0.0237537 0.0355499 -0.0903989
    endloop
  endfacet
  facet normal -0.228197 0.307693 -0.923716
    outer loop
      vertex -0.0213721 0.0260419 -0.0941544
      vertex -0.0271238 0.0330505 -0.0903989
      vertex -0.0237537 0.0355499 -0.0903989
    endloop
  endfacet
  facet normal -0.25726 0.283841 -0.923716
    outer loop
      vertex -0.0213721 0.0260419 -0.0941544
      vertex -0.0238217 0.0238217 -0.0941544
      vertex -0.0271238 0.0330505 -0.0903989
    endloop
  endfacet
  facet normal -0.257263 0.28384 -0.923716
    outer loop
      vertex -0.0238217 0.0238217 -0.0941544
      vertex -0.0302327 0.0302327 -0.0903989
      vertex -0.0271238 0.0330505 -0.0903989
    endloop
  endfacet
  facet normal -0.283842 0.257261 -0.923715
    outer loop
      vertex -0.0238217 0.0238217 -0.0941544
      vertex -0.0260419 0.0213721 -0.0941544
      vertex -0.0302327 0.0302327 -0.0903989
    endloop
  endfacet
  facet normal -0.28384 0.257262 -0.923716
    outer loop
      vertex -0.0260419 0.0213721 -0.0941544
      vertex -0.0330505 0.0271238 -0.0903989
      vertex -0.0302327 0.0302327 -0.0903989
    endloop
  endfacet
  facet normal -0.307688 0.228203 -0.923716
    outer loop
      vertex -0.0260419 0.0213721 -0.0941544
      vertex -0.0280114 0.0187166 -0.0941544
      vertex -0.0330505 0.0271238 -0.0903989
    endloop
  endfacet
  facet normal -0.307694 0.228198 -0.923715
    outer loop
      vertex -0.0280114 0.0187166 -0.0941544
      vertex -0.0355499 0.0237537 -0.0903989
      vertex -0.0330505 0.0271238 -0.0903989
    endloop
  endfacet
  facet normal -0.328582 0.196938 -0.923715
    outer loop
      vertex -0.0280114 0.0187166 -0.0941544
      vertex -0.029711 0.0158809 -0.0941544
      vertex -0.0355499 0.0237537 -0.0903989
    endloop
  endfacet
  facet normal -0.328577 0.196942 -0.923716
    outer loop
      vertex -0.029711 0.0158809 -0.0941544
      vertex -0.037707 0.0201548 -0.0903989
      vertex -0.0355499 0.0237537 -0.0903989
    endloop
  endfacet
  facet normal -0.346296 0.163792 -0.923716
    outer loop
      vertex -0.029711 0.0158809 -0.0941544
      vertex -0.0311246 0.0128922 -0.0941544
      vertex -0.037707 0.0201548 -0.0903989
    endloop
  endfacet
  facet normal -0.346304 0.163784 -0.923714
    outer loop
      vertex -0.0311246 0.0128922 -0.0941544
      vertex -0.0395009 0.0163618 -0.0903989
      vertex -0.037707 0.0201548 -0.0903989
    endloop
  endfacet
  facet normal -0.360692 0.129049 -0.923714
    outer loop
      vertex -0.0311246 0.0128922 -0.0941544
      vertex -0.0322383 0.0097794 -0.0941544
      vertex -0.0395009 0.0163618 -0.0903989
    endloop
  endfacet
  facet normal -0.360681 0.129062 -0.923717
    outer loop
      vertex -0.0322383 0.0097794 -0.0941544
      vertex -0.0409145 0.0124113 -0.0903989
      vertex -0.0395009 0.0163618 -0.0903989
    endloop
  endfacet
  facet normal -0.371593 0.0930895 -0.923717
    outer loop
      vertex -0.0322383 0.0097794 -0.0941544
      vertex -0.0330417 0.0065724 -0.0941544
      vertex -0.0409145 0.0124113 -0.0903989
    endloop
  endfacet
  facet normal -0.371599 0.09308 -0.923715
    outer loop
      vertex -0.0330417 0.0065724 -0.0941544
      vertex -0.041934 0.00834119 -0.0903989
      vertex -0.0409145 0.0124113 -0.0903989
    endloop
  endfacet
  facet normal -0.378934 0.0562091 -0.923715
    outer loop
      vertex -0.0330417 0.0065724 -0.0941544
      vertex -0.0335268 0.0033021 -0.0941544
      vertex -0.041934 0.00834119 -0.0903989
    endloop
  endfacet
  facet normal -0.378936 0.0562047 -0.923715
    outer loop
      vertex -0.0335268 0.0033021 -0.0941544
      vertex -0.0425496 0.00419077 -0.0903989
      vertex -0.041934 0.00834119 -0.0903989
    endloop
  endfacet
  facet normal -0.38262 0.0187944 -0.923714
    outer loop
      vertex -0.0335268 0.0033021 -0.0941544
      vertex -0.033689 -0 -0.0941544
      vertex -0.0425496 0.00419077 -0.0903989
    endloop
  endfacet
  facet normal -0.382619 0.0187987 -0.923715
    outer loop
      vertex -0.033689 -0 -0.0941544
      vertex -0.0427555 -0 -0.0903989
      vertex -0.0425496 0.00419077 -0.0903989
    endloop
  endfacet
  facet normal -0.382619 -0.0187943 -0.923715
    outer loop
      vertex -0.033689 -0 -0.0941544
      vertex -0.0335268 -0.0033021 -0.0941544
      vertex -0.0427555 -0 -0.0903989
    endloop
  endfacet
  facet normal -0.38262 -0.0187988 -0.923715
    outer loop
      vertex -0.0335268 -0.0033021 -0.0941544
      vertex -0.0425496 -0.00419077 -0.0903989
      vertex -0.0427555 -0 -0.0903989
    endloop
  endfacet
  facet normal -0.378935 -0.0562094 -0.923714
    outer loop
      vertex -0.0335268 -0.0033021 -0.0941544
      vertex -0.0330417 -0.0065724 -0.0941544
      vertex -0.0425496 -0.00419077 -0.0903989
    endloop
  endfacet
  facet normal -0.378934 -0.0562044 -0.923715
    outer loop
      vertex -0.0330417 -0.0065724 -0.0941544
      vertex -0.041934 -0.00834119 -0.0903989
      vertex -0.0425496 -0.00419077 -0.0903989
    endloop
  endfacet
  facet normal -0.371597 -0.0930905 -0.923715
    outer loop
      vertex -0.0330417 -0.0065724 -0.0941544
      vertex -0.0322383 -0.0097794 -0.0941544
      vertex -0.041934 -0.00834119 -0.0903989
    endloop
  endfacet
  facet normal -0.371596 -0.0930791 -0.923717
    outer loop
      vertex -0.0322383 -0.0097794 -0.0941544
      vertex -0.0409145 -0.0124113 -0.0903989
      vertex -0.041934 -0.00834119 -0.0903989
    endloop
  endfacet
  facet normal -0.360686 -0.129046 -0.923717
    outer loop
      vertex -0.0322383 -0.0097794 -0.0941544
      vertex -0.0311246 -0.0128922 -0.0941544
      vertex -0.0409145 -0.0124113 -0.0903989
    endloop
  endfacet
  facet normal -0.360686 -0.129063 -0.923715
    outer loop
      vertex -0.0311246 -0.0128922 -0.0941544
      vertex -0.0395009 -0.0163618 -0.0903989
      vertex -0.0409145 -0.0124113 -0.0903989
    endloop
  endfacet
  facet normal -0.3463 -0.163793 -0.923714
    outer loop
      vertex -0.0311246 -0.0128922 -0.0941544
      vertex -0.029711 -0.0158809 -0.0941544
      vertex -0.0395009 -0.0163618 -0.0903989
    endloop
  endfacet
  facet normal -0.346301 -0.163783 -0.923716
    outer loop
      vertex -0.029711 -0.0158809 -0.0941544
      vertex -0.037707 -0.0201548 -0.0903989
      vertex -0.0395009 -0.0163618 -0.0903989
    endloop
  endfacet
  facet normal -0.32858 -0.196937 -0.923716
    outer loop
      vertex -0.029711 -0.0158809 -0.0941544
      vertex -0.0280114 -0.0187166 -0.0941544
      vertex -0.037707 -0.0201548 -0.0903989
    endloop
  endfacet
  facet normal -0.328579 -0.196943 -0.923715
    outer loop
      vertex -0.0280114 -0.0187166 -0.0941544
      vertex -0.0355499 -0.0237537 -0.0903989
      vertex -0.037707 -0.0201548 -0.0903989
    endloop
  endfacet
  facet normal -0.30769 -0.228204 -0.923715
    outer loop
      vertex -0.0280114 -0.0187166 -0.0941544
      vertex -0.0260419 -0.0213721 -0.0941544
      vertex -0.0355499 -0.0237537 -0.0903989
    endloop
  endfacet
  facet normal -0.307693 -0.228197 -0.923716
    outer loop
      vertex -0.0260419 -0.0213721 -0.0941544
      vertex -0.0330505 -0.0271238 -0.0903989
      vertex -0.0355499 -0.0237537 -0.0903989
    endloop
  endfacet
  facet normal -0.283841 -0.25726 -0.923716
    outer loop
      vertex -0.0260419 -0.0213721 -0.0941544
      vertex -0.0238217 -0.0238217 -0.0941544
      vertex -0.0330505 -0.0271238 -0.0903989
    endloop
  endfacet
  facet normal -0.28384 -0.257263 -0.923716
    outer loop
      vertex -0.0238217 -0.0238217 -0.0941544
      vertex -0.0302327 -0.0302327 -0.0903989
      vertex -0.0330505 -0.0271238 -0.0903989
    endloop
  endfacet
  facet normal -0.257261 -0.283842 -0.923715
    outer loop
      vertex -0.0238217 -0.0238217 -0.0941544
      vertex -0.0213721 -0.0260419 -0.0941544
      vertex -0.0302327 -0.0302327 -0.0903989
    endloop
  endfacet
  facet normal -0.257262 -0.28384 -0.923716
    outer loop
      vertex -0.0213721 -0.0260419 -0.0941544
      vertex -0.0271238 -0.0330505 -0.0903989
      vertex -0.0302327 -0.0302327 -0.0903989
    endloop
  endfacet
  facet normal -0.228203 -0.307688 -0.923716
    outer loop
      vertex -0.0213721 -0.0260419 -0.0941544
      vertex -0.0187166 -0.0280114 -0.0941544
      vertex -0.0271238 -0.0330505 -0.0903989
    endloop
  endfacet
  facet normal -0.228198 -0.307694 -0.923715
    outer loop
      vertex -0.0187166 -0.0280114 -0.0941544
      vertex -0.0237537 -0.0355499 -0.0903989
      vertex -0.0271238 -0.0330505 -0.0903989
    endloop
  endfacet
  facet normal -0.196938 -0.328582 -0.923715
    outer loop
      vertex -0.0187166 -0.0280114 -0.0941544
      vertex -0.0158809 -0.029711 -0.0941544
      vertex -0.0237537 -0.0355499 -0.0903989
    endloop
  endfacet
  facet normal -0.196942 -0.328577 -0.923716
    outer loop
      vertex -0.0158809 -0.029711 -0.0941544
      vertex -0.0201548 -0.037707 -0.0903989
      vertex -0.0237537 -0.0355499 -0.0903989
    endloop
  endfacet
  facet normal -0.163792 -0.346296 -0.923716
    outer loop
      vertex -0.0158809 -0.029711 -0.0941544
      vertex -0.0128922 -0.0311246 -0.0941544
      vertex -0.0201548 -0.037707 -0.0903989
    endloop
  endfacet
  facet normal -0.163784 -0.346304 -0.923714
    outer loop
      vertex -0.0128922 -0.0311246 -0.0941544
      vertex -0.0163618 -0.0395009 -0.0903989
      vertex -0.0201548 -0.037707 -0.0903989
    endloop
  endfacet
  facet normal -0.129049 -0.360692 -0.923714
    outer loop
      vertex -0.0128922 -0.0311246 -0.0941544
      vertex -0.0097794 -0.0322383 -0.0941544
      vertex -0.0163618 -0.0395009 -0.0903989
    endloop
  endfacet
  facet normal -0.129062 -0.360681 -0.923717
    outer loop
      vertex -0.0097794 -0.0322383 -0.0941544
      vertex -0.0124113 -0.0409145 -0.0903989
      vertex -0.0163618 -0.0395009 -0.0903989
    endloop
  endfacet
  facet normal -0.0930895 -0.371593 -0.923717
    outer loop
      vertex -0.0097794 -0.0322383 -0.0941544
      vertex -0.0065724 -0.0330417 -0.0941544
      vertex -0.0124113 -0.0409145 -0.0903989
    endloop
  endfacet
  facet normal -0.09308 -0.371599 -0.923715
    outer loop
      vertex -0.0065724 -0.0330417 -0.0941544
      vertex -0.00834119 -0.041934 -0.0903989
      vertex -0.0124113 -0.0409145 -0.0903989
    endloop
  endfacet
  facet normal -0.0562091 -0.378934 -0.923715
    outer loop
      vertex -0.0065724 -0.0330417 -0.0941544
      vertex -0.0033021 -0.0335268 -0.0941544
      vertex -0.00834119 -0.041934 -0.0903989
    endloop
  endfacet
  facet normal -0.0562047 -0.378936 -0.923715
    outer loop
      vertex -0.0033021 -0.0335268 -0.0941544
      vertex -0.00419077 -0.0425496 -0.0903989
      vertex -0.00834119 -0.041934 -0.0903989
    endloop
  endfacet
  facet normal -0.0187944 -0.38262 -0.923714
    outer loop
      vertex -0.0033021 -0.0335268 -0.0941544
      vertex -0 -0.033689 -0.0941544
      vertex -0.00419077 -0.0425496 -0.0903989
    endloop
  endfacet
  facet normal -0.0187987 -0.382619 -0.923715
    outer loop
      vertex -0 -0.033689 -0.0941544
      vertex -0 -0.0427555 -0.0903989
      vertex -0.00419077 -0.0425496 -0.0903989
    endloop
  endfacet
  facet normal 0.0187943 -0.382619 -0.923715
    outer loop
      vertex -0 -0.033689 -0.0941544
      vertex 0.0033021 -0.0335268 -0.0941544
      vertex -0 -0.0427555 -0.0903989
    endloop
  endfacet
  facet normal 0.0187988 -0.38262 -0.923715
    outer loop
      vertex 0.0033021 -0.0335268 -0.0941544
      vertex 0.00419077 -0.0425496 -0.0903989
      vertex -0 -0.0427555 -0.0903989
    endloop
  endfacet
  facet normal 0.0562094 -0.378935 -0.923714
    outer loop
      vertex 0.0033021 -0.0335268 -0.0941544
      vertex 0.0065724 -0.0330417 -0.0941544
      vertex 0.00419077 -0.0425496 -0.0903989
    endloop
  endfacet
  facet normal 0.0562044 -0.378934 -0.923715
    outer loop
      vertex 0.0065724 -0.0330417 -0.0941544
      vertex 0.00834119 -0.041934 -0.0903989
      vertex 0.00419077 -0.0425496 -0.0903989
    endloop
  endfacet
  facet normal 0.0930905 -0.371597 -0.923715
    outer loop
      vertex 0.0065724 -0.0330417 -0.0941544
      vertex 0.0097794 -0.0322383 -0.0941544
      vertex 0.00834119 -0.041934 -0.0903989
    endloop
  endfacet
  facet normal 0.0930791 -0.371596 -0.923717
    outer loop
      vertex 0.0097794 -0.0322383 -0.0941544
      vertex 0.0124113 -0.0409145 -0.0903989
      vertex 0.00834119 -0.041934 -0.0903989
    endloop
  endfacet
  facet normal 0.129046 -0.360686 -0.923717
    outer loop
      vertex 0.0097794 -0.0322383 -0.0941544
      vertex 0.0128922 -0.0311246 -0.0941544
      vertex 0.0124113 -0.0409145 -0.0903989
    endloop
  endfacet
  facet normal 0.129063 -0.360686 -0.923715
    outer loop
      vertex 0.0128922 -0.0311246 -0.0941544
      vertex 0.0163618 -0.0395009 -0.0903989
      vertex 0.0124113 -0.0409145 -0.0903989
    endloop
  endfacet
  facet normal 0.163793 -0.3463 -0.923714
    outer loop
      vertex 0.0128922 -0.0311246 -0.0941544
      vertex 0.0158809 -0.029711 -0.0941544
      vertex 0.0163618 -0.0395009 -0.0903989
    endloop
  endfacet
  facet normal 0.163783 -0.346301 -0.923716
    outer loop
      vertex 0.0158809 -0.029711 -0.0941544
      vertex 0.0201548 -0.037707 -0.0903989
      vertex 0.0163618 -0.0395009 -0.0903989
    endloop
  endfacet
  facet normal 0.196937 -0.32858 -0.923716
    outer loop
      vertex 0.0158809 -0.029711 -0.0941544
      vertex 0.0187166 -0.0280114 -0.0941544
      vertex 0.0201548 -0.037707 -0.0903989
    endloop
  endfacet
  facet normal 0.196943 -0.328579 -0.923715
    outer loop
      vertex 0.0187166 -0.0280114 -0.0941544
      vertex 0.0237537 -0.0355499 -0.0903989
      vertex 0.0201548 -0.037707 -0.0903989
    endloop
  endfacet
  facet normal 0.228204 -0.30769 -0.923715
    outer loop
      vertex 0.0187166 -0.0280114 -0.0941544
      vertex 0.0213721 -0.0260419 -0.0941544
      vertex 0.0237537 -0.0355499 -0.0903989
    endloop
  endfacet
  facet normal 0.228197 -0.307693 -0.923716
    outer loop
      vertex 0.0213721 -0.0260419 -0.0941544
      vertex 0.0271238 -0.0330505 -0.0903989
      vertex 0.0237537 -0.0355499 -0.0903989
    endloop
  endfacet
  facet normal 0.25726 -0.283841 -0.923716
    outer loop
      vertex 0.0213721 -0.0260419 -0.0941544
      vertex 0.0238217 -0.0238217 -0.0941544
      vertex 0.0271238 -0.0330505 -0.0903989
    endloop
  endfacet
  facet normal 0.257263 -0.28384 -0.923716
    outer loop
      vertex 0.0238217 -0.0238217 -0.0941544
      vertex 0.0302327 -0.0302327 -0.0903989
      vertex 0.0271238 -0.0330505 -0.0903989
    endloop
  endfacet
  facet normal 0.283842 -0.257261 -0.923715
    outer loop
      vertex 0.0238217 -0.0238217 -0.0941544
      vertex 0.0260419 -0.0213721 -0.0941544
      vertex 0.0302327 -0.0302327 -0.0903989
    endloop
  endfacet
  facet normal 0.28384 -0.257262 -0.923716
    outer loop
      vertex 0.0260419 -0.0213721 -0.0941544
      vertex 0.0330505 -0.0271238 -0.0903989
      vertex 0.0302327 -0.0302327 -0.0903989
    endloop
  endfacet
  facet normal 0.307688 -0.228203 -0.923716
    outer loop
      vertex 0.0260419 -0.0213721 -0.0941544
      vertex 0.0280114 -0.0187166 -0.0941544
      vertex 0.0330505 -0.0271238 -0.0903989
    endloop
  endfacet
  facet normal 0.307694 -0.228198 -0.923715
    outer loop
      vertex 0.0280114 -0.0187166 -0.0941544
      vertex 0.0355499 -0.0237537 -0.0903989
      vertex 0.0330505 -0.0271238 -0.0903989
    endloop
  endfacet
  facet normal 0.328582 -0.196938 -0.923715
    outer loop
      vertex 0.0280114 -0.0187166 -0.0941544
      vertex 0.029711 -0.0158809 -0.0941544
      vertex 0.0355499 -0.0237537 -0.0903989
    endloop
  endfacet
  facet normal 0.328577 -0.196942 -0.923716
    outer loop
      vertex 0.029711 -0.0158809 -0.0941544
      vertex 0.037707 -0.0201548 -0.0903989
      vertex 0.0355499 -0.0237537 -0.0903989
    endloop
  endfacet
  facet normal 0.346296 -0.163792 -0.923716
    outer loop
      vertex 0.029711 -0.0158809 -0.0941544
      vertex 0.0311246 -0.0128922 -0.0941544
      vertex 0.037707 -0.0201548 -0.0903989
    endloop
  endfacet
  facet normal 0.346304 -0.163784 -0.923714
    outer loop
      vertex 0.0311246 -0.0128922 -0.0941544
      vertex 0.0395009 -0.0163618 -0.0903989
      vertex 0.037707 -0.0201548 -0.0903989
    endloop
  endfacet
  facet normal 0.360692 -0.129049 -0.923714
    outer loop
      vertex 0.0311246 -0.0128922 -0.0941544
      vertex 0.0322383 -0.0097794 -0.0941544
      vertex 0.0395009 -0.0163618 -0.0903989
    endloop
  endfacet
  facet normal 0.360681 -0.129062 -0.923717
    outer loop
      vertex 0.0322383 -0.0097794 -0.0941544
      vertex 0.0409145 -0.0124113 -0.0903989
      vertex 0.0395009 -0.0163618 -0.0903989
    endloop
  endfacet
  facet normal 0.371593 -0.0930895 -0.923717
    outer loop
      vertex 0.0322383 -0.0097794 -0.0941544
      vertex 0.0330417 -0.0065724 -0.0941544
      vertex 0.0409145 -0.0124113 -0.0903989
    endloop
  endfacet
  facet normal 0.371599 -0.09308 -0.923715
    outer loop
      vertex 0.0330417 -0.0065724 -0.0941544
      vertex 0.041934 -0.00834119 -0.0903989
      vertex 0.0409145 -0.0124113 -0.0903989
    endloop
  endfacet
  facet normal 0.378934 -0.0562091 -0.923715
    outer loop
      vertex 0.0330417 -0.0065724 -0.0941544
      vertex 0.0335268 -0.0033021 -0.0941544
      vertex 0.041934 -0.00834119 -0.0903989
    endloop
  endfacet
  facet normal 0.378936 -0.0562047 -0.923715
    outer loop
      vertex 0.0335268 -0.0033021 -0.0941544
      vertex 0.0425496 -0.00419077 -0.0903989
      vertex 0.041934 -0.00834119 -0.0903989
    endloop
  endfacet
  facet normal 0.38262 -0.0187944 -0.923714
    outer loop
      vertex 0.0335268 -0.0033021 -0.0941544
      vertex 0.033689 0 -0.0941544
      vertex 0.0425496 -0.00419077 -0.0903989
    endloop
  endfacet
  facet normal 0.382619 -0.0187987 -0.923715
    outer loop
      vertex 0.033689 0 -0.0941544
      vertex 0.0427555 0 -0.0903989
      vertex 0.0425496 -0.00419077 -0.0903989
    endloop
  endfacet
  facet normal 0.290252 0.014259 -0.956844
    outer loop
      vertex 0.024298 0 -0.0970031
      vertex 0.024181 0.00238162 -0.0970031
      vertex 0.033689 0 -0.0941544
    endloop
  endfacet
  facet normal 0.290252 0.0142573 -0.956844
    outer loop
      vertex 0.024181 0.00238162 -0.0970031
      vertex 0.0335268 0.0033021 -0.0941544
      vertex 0.033689 0 -0.0941544
    endloop
  endfacet
  facet normal 0.287456 0.0426427 -0.956844
    outer loop
      vertex 0.024181 0.00238162 -0.0970031
      vertex 0.0238311 0.00474031 -0.0970031
      vertex 0.0335268 0.0033021 -0.0941544
    endloop
  endfacet
  facet normal 0.287456 0.0426398 -0.956844
    outer loop
      vertex 0.0238311 0.00474031 -0.0970031
      vertex 0.0330417 0.0065724 -0.0941544
      vertex 0.0335268 0.0033021 -0.0941544
    endloop
  endfacet
  facet normal 0.281894 0.0706006 -0.956844
    outer loop
      vertex 0.0238311 0.00474031 -0.0970031
      vertex 0.0232518 0.00705334 -0.0970031
      vertex 0.0330417 0.0065724 -0.0941544
    endloop
  endfacet
  facet normal 0.281895 0.0706187 -0.956843
    outer loop
      vertex 0.0232518 0.00705334 -0.0970031
      vertex 0.0322383 0.0097794 -0.0941544
      vertex 0.0330417 0.0065724 -0.0941544
    endloop
  endfacet
  facet normal 0.273615 0.0979117 -0.956843
    outer loop
      vertex 0.0232518 0.00705334 -0.0970031
      vertex 0.0224484 0.00929845 -0.0970031
      vertex 0.0322383 0.0097794 -0.0941544
    endloop
  endfacet
  facet normal 0.273617 0.0978948 -0.956844
    outer loop
      vertex 0.0224484 0.00929845 -0.0970031
      vertex 0.0311246 0.0128922 -0.0941544
      vertex 0.0322383 0.0097794 -0.0941544
    endloop
  endfacet
  facet normal 0.262701 0.124248 -0.956844
    outer loop
      vertex 0.0224484 0.00929845 -0.0970031
      vertex 0.0214289 0.011454 -0.0970031
      vertex 0.0311246 0.0128922 -0.0941544
    endloop
  endfacet
  facet normal 0.2627 0.124252 -0.956844
    outer loop
      vertex 0.0214289 0.011454 -0.0970031
      vertex 0.029711 0.0158809 -0.0941544
      vertex 0.0311246 0.0128922 -0.0941544
    endloop
  endfacet
  facet normal 0.249264 0.14939 -0.956844
    outer loop
      vertex 0.0214289 0.011454 -0.0970031
      vertex 0.0202031 0.0134993 -0.0970031
      vertex 0.029711 0.0158809 -0.0941544
    endloop
  endfacet
  facet normal 0.249262 0.149397 -0.956843
    outer loop
      vertex 0.0202031 0.0134993 -0.0970031
      vertex 0.0280114 0.0187166 -0.0941544
      vertex 0.029711 0.0158809 -0.0941544
    endloop
  endfacet
  facet normal 0.233411 0.17312 -0.956843
    outer loop
      vertex 0.0202031 0.0134993 -0.0970031
      vertex 0.0187826 0.0154145 -0.0970031
      vertex 0.0280114 0.0187166 -0.0941544
    endloop
  endfacet
  facet normal 0.233413 0.173115 -0.956844
    outer loop
      vertex 0.0187826 0.0154145 -0.0970031
      vertex 0.0260419 0.0213721 -0.0941544
      vertex 0.0280114 0.0187166 -0.0941544
    endloop
  endfacet
  facet normal 0.215325 0.195155 -0.956844
    outer loop
      vertex 0.0187826 0.0154145 -0.0970031
      vertex 0.0171813 0.0171813 -0.0970031
      vertex 0.0260419 0.0213721 -0.0941544
    endloop
  endfacet
  facet normal 0.215323 0.195158 -0.956843
    outer loop
      vertex 0.0171813 0.0171813 -0.0970031
      vertex 0.0238217 0.0238217 -0.0941544
      vertex 0.0260419 0.0213721 -0.0941544
    endloop
  endfacet
  facet normal 0.195156 0.215326 -0.956843
    outer loop
      vertex 0.0171813 0.0171813 -0.0970031
      vertex 0.0154145 0.0187826 -0.0970031
      vertex 0.0238217 0.0238217 -0.0941544
    endloop
  endfacet
  facet normal 0.195158 0.215322 -0.956844
    outer loop
      vertex 0.0154145 0.0187826 -0.0970031
      vertex 0.0213721 0.0260419 -0.0941544
      vertex 0.0238217 0.0238217 -0.0941544
    endloop
  endfacet
  facet normal 0.173119 0.233409 -0.956844
    outer loop
      vertex 0.0154145 0.0187826 -0.0970031
      vertex 0.0134993 0.0202031 -0.0970031
      vertex 0.0213721 0.0260419 -0.0941544
    endloop
  endfacet
  facet normal 0.173116 0.233414 -0.956843
    outer loop
      vertex 0.0134993 0.0202031 -0.0970031
      vertex 0.0187166 0.0280114 -0.0941544
      vertex 0.0213721 0.0260419 -0.0941544
    endloop
  endfacet
  facet normal 0.149391 0.249266 -0.956843
    outer loop
      vertex 0.0134993 0.0202031 -0.0970031
      vertex 0.011454 0.0214289 -0.0970031
      vertex 0.0187166 0.0280114 -0.0941544
    endloop
  endfacet
  facet normal 0.149396 0.24926 -0.956844
    outer loop
      vertex 0.011454 0.0214289 -0.0970031
      vertex 0.0158809 0.029711 -0.0941544
      vertex 0.0187166 0.0280114 -0.0941544
    endloop
  endfacet
  facet normal 0.124249 0.262702 -0.956844
    outer loop
      vertex 0.011454 0.0214289 -0.0970031
      vertex 0.00929845 0.0224484 -0.0970031
      vertex 0.0158809 0.029711 -0.0941544
    endloop
  endfacet
  facet normal 0.124252 0.262699 -0.956844
    outer loop
      vertex 0.00929845 0.0224484 -0.0970031
      vertex 0.0128922 0.0311246 -0.0941544
      vertex 0.0158809 0.029711 -0.0941544
    endloop
  endfacet
  facet normal 0.0979099 0.27361 -0.956844
    outer loop
      vertex 0.00929845 0.0224484 -0.0970031
      vertex 0.00705334 0.0232518 -0.0970031
      vertex 0.0128922 0.0311246 -0.0941544
    endloop
  endfacet
  facet normal 0.097896 0.27362 -0.956843
    outer loop
      vertex 0.00705334 0.0232518 -0.0970031
      vertex 0.0097794 0.0322383 -0.0941544
      vertex 0.0128922 0.0311246 -0.0941544
    endloop
  endfacet
  facet normal 0.070602 0.2819 -0.956843
    outer loop
      vertex 0.00705334 0.0232518 -0.0970031
      vertex 0.00474031 0.0238311 -0.0970031
      vertex 0.0097794 0.0322383 -0.0941544
    endloop
  endfacet
  facet normal 0.0706177 0.281891 -0.956844
    outer loop
      vertex 0.00474031 0.0238311 -0.0970031
      vertex 0.0065724 0.0330417 -0.0941544
      vertex 0.0097794 0.0322383 -0.0941544
    endloop
  endfacet
  facet normal 0.0426426 0.287455 -0.956844
    outer loop
      vertex 0.00474031 0.0238311 -0.0970031
      vertex 0.00238162 0.024181 -0.0970031
      vertex 0.0065724 0.0330417 -0.0941544
    endloop
  endfacet
  facet normal 0.0426399 0.287457 -0.956844
    outer loop
      vertex 0.00238162 0.024181 -0.0970031
      vertex 0.0033021 0.0335268 -0.0941544
      vertex 0.0065724 0.0330417 -0.0941544
    endloop
  endfacet
  facet normal 0.014259 0.290252 -0.956844
    outer loop
      vertex 0.00238162 0.024181 -0.0970031
      vertex 0 0.024298 -0.0970031
      vertex 0.0033021 0.0335268 -0.0941544
    endloop
  endfacet
  facet normal 0.0142573 0.290252 -0.956844
    outer loop
      vertex 0 0.024298 -0.0970031
      vertex 0 0.033689 -0.0941544
      vertex 0.0033021 0.0335268 -0.0941544
    endloop
  endfacet
  facet normal -0.014259 0.290252 -0.956844
    outer loop
      vertex 0 0.024298 -0.0970031
      vertex -0.00238162 0.024181 -0.0970031
      vertex 0 0.033689 -0.0941544
    endloop
  endfacet
  facet normal -0.0142573 0.290252 -0.956844
    outer loop
      vertex -0.00238162 0.024181 -0.0970031
      vertex -0.0033021 0.0335268 -0.0941544
      vertex 0 0.033689 -0.0941544
    endloop
  endfacet
  facet normal -0.0426427 0.287456 -0.956844
    outer loop
      vertex -0.00238162 0.024181 -0.0970031
      vertex -0.00474031 0.0238311 -0.0970031
      vertex -0.0033021 0.0335268 -0.0941544
    endloop
  endfacet
  facet normal -0.0426398 0.287456 -0.956844
    outer loop
      vertex -0.00474031 0.0238311 -0.0970031
      vertex -0.0065724 0.0330417 -0.0941544
      vertex -0.0033021 0.0335268 -0.0941544
    endloop
  endfacet
  facet normal -0.0706006 0.281894 -0.956844
    outer loop
      vertex -0.00474031 0.0238311 -0.0970031
      vertex -0.00705334 0.0232518 -0.0970031
      vertex -0.0065724 0.0330417 -0.0941544
    endloop
  endfacet
  facet normal -0.0706187 0.281895 -0.956843
    outer loop
      vertex -0.00705334 0.0232518 -0.0970031
      vertex -0.0097794 0.0322383 -0.0941544
      vertex -0.0065724 0.0330417 -0.0941544
    endloop
  endfacet
  facet normal -0.0979117 0.273615 -0.956843
    outer loop
      vertex -0.00705334 0.0232518 -0.0970031
      vertex -0.00929845 0.0224484 -0.0970031
      vertex -0.0097794 0.0322383 -0.0941544
    endloop
  endfacet
  facet normal -0.0978948 0.273617 -0.956844
    outer loop
      vertex -0.00929845 0.0224484 -0.0970031
      vertex -0.0128922 0.0311246 -0.0941544
      vertex -0.0097794 0.0322383 -0.0941544
    endloop
  endfacet
  facet normal -0.124248 0.262701 -0.956844
    outer loop
      vertex -0.00929845 0.0224484 -0.0970031
      vertex -0.011454 0.0214289 -0.0970031
      vertex -0.0128922 0.0311246 -0.0941544
    endloop
  endfacet
  facet normal -0.124252 0.2627 -0.956844
    outer loop
      vertex -0.011454 0.0214289 -0.0970031
      vertex -0.0158809 0.029711 -0.0941544
      vertex -0.0128922 0.0311246 -0.0941544
    endloop
  endfacet
  facet normal -0.14939 0.249264 -0.956844
    outer loop
      vertex -0.011454 0.0214289 -0.0970031
      vertex -0.0134993 0.0202031 -0.0970031
      vertex -0.0158809 0.029711 -0.0941544
    endloop
  endfacet
  facet normal -0.149397 0.249262 -0.956843
    outer loop
      vertex -0.0134993 0.0202031 -0.0970031
      vertex -0.0187166 0.0280114 -0.0941544
      vertex -0.0158809 0.029711 -0.0941544
    endloop
  endfacet
  facet normal -0.17312 0.233411 -0.956843
    outer loop
      vertex -0.0134993 0.0202031 -0.0970031
      vertex -0.0154145 0.0187826 -0.0970031
      vertex -0.0187166 0.0280114 -0.0941544
    endloop
  endfacet
  facet normal -0.173115 0.233413 -0.956844
    outer loop
      vertex -0.0154145 0.0187826 -0.0970031
      vertex -0.0213721 0.0260419 -0.0941544
      vertex -0.0187166 0.0280114 -0.0941544
    endloop
  endfacet
  facet normal -0.195155 0.215325 -0.956844
    outer loop
      vertex -0.0154145 0.0187826 -0.0970031
      vertex -0.0171813 0.0171813 -0.0970031
      vertex -0.0213721 0.0260419 -0.0941544
    endloop
  endfacet
  facet normal -0.195158 0.215323 -0.956843
    outer loop
      vertex -0.0171813 0.0171813 -0.0970031
      vertex -0.0238217 0.0238217 -0.0941544
      vertex -0.0213721 0.0260419 -0.0941544
    endloop
  endfacet
  facet normal -0.215326 0.195156 -0.956843
    outer loop
      vertex -0.0171813 0.0171813 -0.0970031
      vertex -0.0187826 0.0154145 -0.0970031
      vertex -0.0238217 0.0238217 -0.0941544
    endloop
  endfacet
  facet normal -0.215322 0.195158 -0.956844
    outer loop
      vertex -0.0187826 0.0154145 -0.0970031
      vertex -0.0260419 0.0213721 -0.0941544
      vertex -0.0238217 0.0238217 -0.0941544
    endloop
  endfacet
  facet normal -0.233409 0.173119 -0.956844
    outer loop
      vertex -0.0187826 0.0154145 -0.0970031
      vertex -0.0202031 0.0134993 -0.0970031
      vertex -0.0260419 0.0213721 -0.0941544
    endloop
  endfacet
  facet normal -0.233414 0.173116 -0.956843
    outer loop
      vertex -0.0202031 0.0134993 -0.0970031
      vertex -0.0280114 0.0187166 -0.0941544
      vertex -0.0260419 0.0213721 -0.0941544
    endloop
  endfacet
  facet normal -0.249266 0.149391 -0.956843
    outer loop
      vertex -0.0202031 0.0134993 -0.0970031
      vertex -0.0214289 0.011454 -0.0970031
      vertex -0.0280114 0.0187166 -0.0941544
    endloop
  endfacet
  facet normal -0.24926 0.149396 -0.956844
    outer loop
      vertex -0.0214289 0.011454 -0.0970031
      vertex -0.029711 0.0158809 -0.0941544
      vertex -0.0280114 0.0187166 -0.0941544
    endloop
  endfacet
  facet normal -0.262702 0.124249 -0.956844
    outer loop
      vertex -0.0214289 0.011454 -0.0970031
      vertex -0.0224484 0.00929845 -0.0970031
      vertex -0.029711 0.0158809 -0.0941544
    endloop
  endfacet
  facet normal -0.262699 0.124252 -0.956844
    outer loop
      vertex -0.0224484 0.00929845 -0.0970031
      vertex -0.0311246 0.0128922 -0.0941544
      vertex -0.029711 0.0158809 -0.0941544
    endloop
  endfacet
  facet normal -0.27361 0.0979099 -0.956844
    outer loop
      vertex -0.0224484 0.00929845 -0.0970031
      vertex -0.0232518 0.00705334 -0.0970031
      vertex -0.0311246 0.0128922 -0.0941544
    endloop
  endfacet
  facet normal -0.27362 0.097896 -0.956843
    outer loop
      vertex -0.0232518 0.00705334 -0.0970031
      vertex -0.0322383 0.0097794 -0.0941544
      vertex -0.0311246 0.0128922 -0.0941544
    endloop
  endfacet
  facet normal -0.2819 0.070602 -0.956843
    outer loop
      vertex -0.0232518 0.00705334 -0.0970031
      vertex -0.0238311 0.00474031 -0.0970031
      vertex -0.0322383 0.0097794 -0.0941544
    endloop
  endfacet
  facet normal -0.281891 0.0706177 -0.956844
    outer loop
      vertex -0.0238311 0.00474031 -0.0970031
      vertex -0.0330417 0.0065724 -0.0941544
      vertex -0.0322383 0.0097794 -0.0941544
    endloop
  endfacet
  facet normal -0.287455 0.0426426 -0.956844
    outer loop
      vertex -0.0238311 0.00474031 -0.0970031
      vertex -0.024181 0.00238162 -0.0970031
      vertex -0.0330417 0.0065724 -0.0941544
    endloop
  endfacet
  facet normal -0.287457 0.0426399 -0.956844
    outer loop
      vertex -0.024181 0.00238162 -0.0970031
      vertex -0.0335268 0.0033021 -0.0941544
      vertex -0.0330417 0.0065724 -0.0941544
    endloop
  endfacet
  facet normal -0.290252 0.014259 -0.956844
    outer loop
      vertex -0.024181 0.00238162 -0.0970031
      vertex -0.024298 -0 -0.0970031
      vertex -0.0335268 0.0033021 -0.0941544
    endloop
  endfacet
  facet normal -0.290252 0.0142573 -0.956844
    outer loop
      vertex -0.024298 -0 -0.0970031
      vertex -0.033689 -0 -0.0941544
      vertex -0.0335268 0.0033021 -0.0941544
    endloop
  endfacet
  facet normal -0.290252 -0.014259 -0.956844
    outer loop
      vertex -0.024298 -0 -0.0970031
      vertex -0.024181 -0.00238162 -0.0970031
      vertex -0.033689 -0 -0.0941544
    endloop
  endfacet
  facet normal -0.290252 -0.0142573 -0.956844
    outer loop
      vertex -0.024181 -0.00238162 -0.0970031
      vertex -0.0335268 -0.0033021 -0.0941544
      vertex -0.033689 -0 -0.0941544
    endloop
  endfacet
  facet normal -0.287456 -0.0426427 -0.956844
    outer loop
      vertex -0.024181 -0.00238162 -0.0970031
      vertex -0.0238311 -0.00474031 -0.0970031
      vertex -0.0335268 -0.0033021 -0.0941544
    endloop
  endfacet
  facet normal -0.287456 -0.0426398 -0.956844
    outer loop
      vertex -0.0238311 -0.00474031 -0.0970031
      vertex -0.0330417 -0.0065724 -0.0941544
      vertex -0.0335268 -0.0033021 -0.0941544
    endloop
  endfacet
  facet normal -0.281894 -0.0706006 -0.956844
    outer loop
      vertex -0.0238311 -0.00474031 -0.0970031
      vertex -0.0232518 -0.00705334 -0.0970031
      vertex -0.0330417 -0.0065724 -0.0941544
    endloop
  endfacet
  facet normal -0.281895 -0.0706187 -0.956843
    outer loop
      vertex -0.0232518 -0.00705334 -0.0970031
      vertex -0.0322383 -0.0097794 -0.0941544
      vertex -0.0330417 -0.0065724 -0.0941544
    endloop
  endfacet
  facet normal -0.273615 -0.0979117 -0.956843
    outer loop
      vertex -0.0232518 -0.00705334 -0.0970031
      vertex -0.0224484 -0.00929845 -0.0970031
      vertex -0.0322383 -0.0097794 -0.0941544
    endloop
  endfacet
  facet normal -0.273617 -0.0978948 -0.956844
    outer loop
      vertex -0.0224484 -0.00929845 -0.0970031
      vertex -0.0311246 -0.0128922 -0.0941544
      vertex -0.0322383 -0.0097794 -0.0941544
    endloop
  endfacet
  facet normal -0.262701 -0.124248 -0.956844
    outer loop
      vertex -0.0224484 -0.00929845 -0.0970031
      vertex -0.0214289 -0.011454 -0.0970031
      vertex -0.0311246 -0.0128922 -0.0941544
    endloop
  endfacet
  facet normal -0.2627 -0.124252 -0.956844
    outer loop
      vertex -0.0214289 -0.011454 -0.0970031
      vertex -0.029711 -0.0158809 -0.0941544
      vertex -0.0311246 -0.0128922 -0.0941544
    endloop
  endfacet
  facet normal -0.249264 -0.14939 -0.956844
    outer loop
      vertex -0.0214289 -0.011454 -0.0970031
      vertex -0.0202031 -0.0134993 -0.0970031
      vertex -0.029711 -0.0158809 -0.0941544
    endloop
  endfacet
  facet normal -0.249262 -0.149397 -0.956843
    outer loop
      vertex -0.0202031 -0.0134993 -0.0970031
      vertex -0.0280114 -0.0187166 -0.0941544
      vertex -0.029711 -0.0158809 -0.0941544
    endloop
  endfacet
  facet normal -0.233411 -0.17312 -0.956843
    outer loop
      vertex -0.0202031 -0.0134993 -0.0970031
      vertex -0.0187826 -0.0154145 -0.0970031
      vertex -0.0280114 -0.0187166 -0.0941544
    endloop
  endfacet
  facet normal -0.233413 -0.173115 -0.956844
    outer loop
      vertex -0.0187826 -0.0154145 -0.0970031
      vertex -0.0260419 -0.0213721 -0.0941544
      vertex -0.0280114 -0.0187166 -0.0941544
    endloop
  endfacet
  facet normal -0.215325 -0.195155 -0.956844
    outer loop
      vertex -0.0187826 -0.0154145 -0.0970031
      vertex -0.0171813 -0.0171813 -0.0970031
      vertex -0.0260419 -0.0213721 -0.0941544
    endloop
  endfacet
  facet normal -0.215323 -0.195158 -0.956843
    outer loop
      vertex -0.0171813 -0.0171813 -0.0970031
      vertex -0.0238217 -0.0238217 -0.0941544
      vertex -0.0260419 -0.0213721 -0.0941544
    endloop
  endfacet
  facet normal -0.195156 -0.215326 -0.956843
    outer loop
      vertex -0.0171813 -0.0171813 -0.0970031
      vertex -0.0154145 -0.0187826 -0.0970031
      vertex -0.0238217 -0.0238217 -0.0941544
    endloop
  endfacet
  facet normal -0.195158 -0.215322 -0.956844
    outer loop
      vertex -0.0154145 -0.0187826 -0.0970031
      vertex -0.0213721 -0.0260419 -0.0941544
      vertex -0.0238217 -0.0238217 -0.0941544
    endloop
  endfacet
  facet normal -0.173119 -0.233409 -0.956844
    outer loop
      vertex -0.0154145 -0.0187826 -0.0970031
      vertex -0.0134993 -0.0202031 -0.0970031
      vertex -0.0213721 -0.0260419 -0.0941544
    endloop
  endfacet
  facet normal -0.173116 -0.233414 -0.956843
    outer loop
      vertex -0.0134993 -0.0202031 -0.0970031
      vertex -0.0187166 -0.0280114 -0.0941544
      vertex -0.0213721 -0.0260419 -0.0941544
    endloop
  endfacet
  facet normal -0.149391 -0.249266 -0.956843
    outer loop
      vertex -0.0134993 -0.0202031 -0.0970031
      vertex -0.011454 -0.0214289 -0.0970031
      vertex -0.0187166 -0.0280114 -0.0941544
    endloop
  endfacet
  facet normal -0.149396 -0.24926 -0.956844
    outer loop
      vertex -0.011454 -0.0214289 -0.0970031
      vertex -0.0158809 -0.029711 -0.0941544
      vertex -0.0187166 -0.0280114 -0.0941544
    endloop
  endfacet
  facet normal -0.124249 -0.262702 -0.956844
    outer loop
      vertex -0.011454 -0.0214289 -0.0970031
      vertex -0.00929845 -0.0224484 -0.0970031
      vertex -0.0158809 -0.029711 -0.0941544
    endloop
  endfacet
  facet normal -0.124252 -0.262699 -0.956844
    outer loop
      vertex -0.00929845 -0.0224484 -0.0970031
      vertex -0.0128922 -0.0311246 -0.0941544
      vertex -0.0158809 -0.029711 -0.0941544
    endloop
  endfacet
  facet normal -0.0979099 -0.27361 -0.956844
    outer loop
      vertex -0.00929845 -0.0224484 -0.0970031
      vertex -0.00705334 -0.0232518 -0.0970031
      vertex -0.0128922 -0.0311246 -0.0941544
    endloop
  endfacet
  facet normal -0.097896 -0.27362 -0.956843
    outer loop
      vertex -0.00705334 -0.0232518 -0.0970031
      vertex -0.0097794 -0.0322383 -0.0941544
      vertex -0.0128922 -0.0311246 -0.0941544
    endloop
  endfacet
  facet normal -0.070602 -0.2819 -0.956843
    outer loop
      vertex -0.00705334 -0.0232518 -0.0970031
      vertex -0.00474031 -0.0238311 -0.0970031
      vertex -0.0097794 -0.0322383 -0.0941544
    endloop
  endfacet
  facet normal -0.0706177 -0.281891 -0.956844
    outer loop
      vertex -0.00474031 -0.0238311 -0.0970031
      vertex -0.0065724 -0.0330417 -0.0941544
      vertex -0.0097794 -0.0322383 -0.0941544
    endloop
  endfacet
  facet normal -0.0426426 -0.287455 -0.956844
    outer loop
      vertex -0.00474031 -0.0238311 -0.0970031
      vertex -0.00238162 -0.024181 -0.0970031
      vertex -0.0065724 -0.0330417 -0.0941544
    endloop
  endfacet
  facet normal -0.0426399 -0.287457 -0.956844
    outer loop
      vertex -0.00238162 -0.024181 -0.0970031
      vertex -0.0033021 -0.0335268 -0.0941544
      vertex -0.0065724 -0.0330417 -0.0941544
    endloop
  endfacet
  facet normal -0.014259 -0.290252 -0.956844
    outer loop
      vertex -0.00238162 -0.024181 -0.0970031
      vertex -0 -0.024298 -0.0970031
      vertex -0.0033021 -0.0335268 -0.0941544
    endloop
  endfacet
  facet normal -0.0142573 -0.290252 -0.956844
    outer loop
      vertex -0 -0.024298 -0.0970031
      vertex -0 -0.033689 -0.0941544
      vertex -0.0033021 -0.0335268 -0.0941544
    endloop
  endfacet
  facet normal 0.014259 -0.290252 -0.956844
    outer loop
      vertex -0 -0.024298 -0.0970031
      vertex 0.00238162 -0.024181 -0.0970031
      vertex -0 -0.033689 -0.0941544
    endloop
  endfacet
  facet normal 0.0142573 -0.290252 -0.956844
    outer loop
      vertex 0.00238162 -0.024181 -0.0970031
      vertex 0.0033021 -0.0335268 -0.0941544
      vertex -0 -0.033689 -0.0941544
    endloop
  endfacet
  facet normal 0.0426427 -0.287456 -0.956844
    outer loop
      vertex 0.00238162 -0.024181 -0.0970031
      vertex 0.00474031 -0.0238311 -0.0970031
      vertex 0.0033021 -0.0335268 -0.0941544
    endloop
  endfacet
  facet normal 0.0426398 -0.287456 -0.956844
    outer loop
      vertex 0.00474031 -0.0238311 -0.0970031
      vertex 0.0065724 -0.0330417 -0.0941544
      vertex 0.0033021 -0.0335268 -0.0941544
    endloop
  endfacet
  facet normal 0.0706006 -0.281894 -0.956844
    outer loop
      vertex 0.00474031 -0.0238311 -0.0970031
      vertex 0.00705334 -0.0232518 -0.0970031
      vertex 0.0065724 -0.0330417 -0.0941544
    endloop
  endfacet
  facet normal 0.0706187 -0.281895 -0.956843
    outer loop
      vertex 0.00705334 -0.0232518 -0.0970031
      vertex 0.0097794 -0.0322383 -0.0941544
      vertex 0.0065724 -0.0330417 -0.0941544
    endloop
  endfacet
  facet normal 0.0979117 -0.273615 -0.956843
    outer loop
      vertex 0.00705334 -0.0232518 -0.0970031
      vertex 0.00929845 -0.0224484 -0.0970031
      vertex 0.0097794 -0.0322383 -0.0941544
    endloop
  endfacet
  facet normal 0.0978948 -0.273617 -0.956844
    outer loop
      vertex 0.00929845 -0.0224484 -0.0970031
      vertex 0.0128922 -0.0311246 -0.0941544
      vertex 0.0097794 -0.0322383 -0.0941544
    endloop
  endfacet
  facet normal 0.124248 -0.262701 -0.956844
    outer loop
      vertex 0.00929845 -0.0224484 -0.0970031
      vertex 0.011454 -0.0214289 -0.0970031
      vertex 0.0128922 -0.0311246 -0.0941544
    endloop
  endfacet
  facet normal 0.124252 -0.2627 -0.956844
    outer loop
      vertex 0.011454 -0.0214289 -0.0970031
      vertex 0.0158809 -0.029711 -0.0941544
      vertex 0.0128922 -0.0311246 -0.0941544
    endloop
  endfacet
  facet normal 0.14939 -0.249264 -0.956844
    outer loop
      vertex 0.011454 -0.0214289 -0.0970031
      vertex 0.0134993 -0.0202031 -0.0970031
      vertex 0.0158809 -0.029711 -0.0941544
    endloop
  endfacet
  facet normal 0.149397 -0.249262 -0.956843
    outer loop
      vertex 0.0134993 -0.0202031 -0.0970031
      vertex 0.0187166 -0.0280114 -0.0941544
      vertex 0.0158809 -0.029711 -0.0941544
    endloop
  endfacet
  facet normal 0.17312 -0.233411 -0.956843
    outer loop
      vertex 0.0134993 -0.0202031 -0.0970031
      vertex 0.0154145 -0.0187826 -0.0970031
      vertex 0.0187166 -0.0280114 -0.0941544
    endloop
  endfacet
  facet normal 0.173115 -0.233413 -0.956844
    outer loop
      vertex 0.0154145 -0.0187826 -0.0970031
      vertex 0.0213721 -0.0260419 -0.0941544
      vertex 0.0187166 -0.0280114 -0.0941544
    endloop
  endfacet
  facet normal 0.195155 -0.215325 -0.956844
    outer loop
      vertex 0.0154145 -0.0187826 -0.0970031
      vertex 0.0171813 -0.0171813 -0.0970031
      vertex 0.0213721 -0.0260419 -0.0941544
    endloop
  endfacet
  facet normal 0.195158 -0.215323 -0.956843
    outer loop
      vertex 0.0171813 -0.0171813 -0.0970031
      vertex 0.0238217 -0.0238217 -0.0941544
      vertex 0.0213721 -0.0260419 -0.0941544
    endloop
  endfacet
  facet normal 0.215326 -0.195156 -0.956843
    outer loop
      vertex 0.0171813 -0.0171813 -0.0970031
      vertex 0.0187826 -0.0154145 -0.0970031
      vertex 0.0238217 -0.0238217 -0.0941544
    endloop
  endfacet
  facet normal 0.215322 -0.195158 -0.956844
    outer loop
      vertex 0.0187826 -0.0154145 -0.0970031
      vertex 0.0260419 -0.0213721 -0.0941544
      vertex 0.0238217 -0.0238217 -0.0941544
    endloop
  endfacet
  facet normal 0.233409 -0.173119 -0.956844
    outer loop
      vertex 0.0187826 -0.0154145 -0.0970031
      vertex 0.0202031 -0.0134993 -0.0970031
      vertex 0.0260419 -0.0213721 -0.0941544
    endloop
  endfacet
  facet normal 0.233414 -0.173116 -0.956843
    outer loop
      vertex 0.0202031 -0.0134993 -0.0970031
      vertex 0.0280114 -0.0187166 -0.0941544
      vertex 0.0260419 -0.0213721 -0.0941544
    endloop
  endfacet
  facet normal 0.249266 -0.149391 -0.956843
    outer loop
      vertex 0.0202031 -0.0134993 -0.0970031
      vertex 0.0214289 -0.011454 -0.0970031
      vertex 0.0280114 -0.0187166 -0.0941544
    endloop
  endfacet
  facet normal 0.24926 -0.149396 -0.956844
    outer loop
      vertex 0.0214289 -0.011454 -0.0970031
      vertex 0.029711 -0.0158809 -0.0941544
      vertex 0.0280114 -0.0187166 -0.0941544
    endloop
  endfacet
  facet normal 0.262702 -0.124249 -0.956844
    outer loop
      vertex 0.0214289 -0.011454 -0.0970031
      vertex 0.0224484 -0.00929845 -0.0970031
      vertex 0.029711 -0.0158809 -0.0941544
    endloop
  endfacet
  facet normal 0.262699 -0.124252 -0.956844
    outer loop
      vertex 0.0224484 -0.00929845 -0.0970031
      vertex 0.0311246 -0.0128922 -0.0941544
      vertex 0.029711 -0.0158809 -0.0941544
    endloop
  endfacet
  facet normal 0.27361 -0.0979099 -0.956844
    outer loop
      vertex 0.0224484 -0.00929845 -0.0970031
      vertex 0.0232518 -0.00705334 -0.0970031
      vertex 0.0311246 -0.0128922 -0.0941544
    endloop
  endfacet
  facet normal 0.27362 -0.097896 -0.956843
    outer loop
      vertex 0.0232518 -0.00705334 -0.0970031
      vertex 0.0322383 -0.0097794 -0.0941544
      vertex 0.0311246 -0.0128922 -0.0941544
    endloop
  endfacet
  facet normal 0.2819 -0.070602 -0.956843
    outer loop
      vertex 0.0232518 -0.00705334 -0.0970031
      vertex 0.0238311 -0.00474031 -0.0970031
      vertex 0.0322383 -0.0097794 -0.0941544
    endloop
  endfacet
  facet normal 0.281891 -0.0706177 -0.956844
    outer loop
      vertex 0.0238311 -0.00474031 -0.0970031
      vertex 0.0330417 -0.0065724 -0.0941544
      vertex 0.0322383 -0.0097794 -0.0941544
    endloop
  endfacet
  facet normal 0.287455 -0.0426426 -0.956844
    outer loop
      vertex 0.0238311 -0.00474031 -0.0970031
      vertex 0.024181 -0.00238162 -0.0970031
      vertex 0.0330417 -0.0065724 -0.0941544
    endloop
  endfacet
  facet normal 0.287457 -0.0426399 -0.956844
    outer loop
      vertex 0.024181 -0.00238162 -0.0970031
      vertex 0.0335268 -0.0033021 -0.0941544
      vertex 0.0330417 -0.0065724 -0.0941544
    endloop
  endfacet
  facet normal 0.290252 -0.014259 -0.956844
    outer loop
      vertex 0.024181 -0.00238162 -0.0970031
      vertex 0.024298 0 -0.0970031
      vertex 0.0335268 -0.0033021 -0.0941544
    endloop
  endfacet
  facet normal 0.290252 -0.0142573 -0.956844
    outer loop
      vertex 0.024298 0 -0.0970031
      vertex 0.033689 0 -0.0941544
      vertex 0.0335268 -0.0033021 -0.0941544
    endloop
  endfacet
  facet normal 0.195078 0.00957616 -0.980741
    outer loop
      vertex 0.014673 0 -0.0989176
      vertex 0.0146024 0.00143821 -0.0989176
      vertex 0.024298 0 -0.0970031
    endloop
  endfacet
  facet normal 0.195079 0.00958351 -0.980741
    outer loop
      vertex 0.0146024 0.00143821 -0.0989176
      vertex 0.024181 0.00238162 -0.0970031
      vertex 0.024298 0 -0.0970031
    endloop
  endfacet
  facet normal 0.1932 0.0286608 -0.980741
    outer loop
      vertex 0.0146024 0.00143821 -0.0989176
      vertex 0.0143911 0.00286257 -0.0989176
      vertex 0.024181 0.00238162 -0.0970031
    endloop
  endfacet
  facet normal 0.1932 0.0286603 -0.980741
    outer loop
      vertex 0.0143911 0.00286257 -0.0989176
      vertex 0.0238311 0.00474031 -0.0970031
      vertex 0.024181 0.00238162 -0.0970031
    endloop
  endfacet
  facet normal 0.189461 0.0474605 -0.980741
    outer loop
      vertex 0.0143911 0.00286257 -0.0989176
      vertex 0.0140412 0.00425936 -0.0989176
      vertex 0.0238311 0.00474031 -0.0970031
    endloop
  endfacet
  facet normal 0.189461 0.0474507 -0.980741
    outer loop
      vertex 0.0140412 0.00425936 -0.0989176
      vertex 0.0232518 0.00705334 -0.0970031
      vertex 0.0238311 0.00474031 -0.0970031
    endloop
  endfacet
  facet normal 0.183896 0.0657986 -0.980741
    outer loop
      vertex 0.0140412 0.00425936 -0.0989176
      vertex 0.0135561 0.00561513 -0.0989176
      vertex 0.0232518 0.00705334 -0.0970031
    endloop
  endfacet
  facet normal 0.183894 0.0658056 -0.980741
    outer loop
      vertex 0.0135561 0.00561513 -0.0989176
      vertex 0.0224484 0.00929845 -0.0970031
      vertex 0.0232518 0.00705334 -0.0970031
    endloop
  endfacet
  facet normal 0.176565 0.083501 -0.980741
    outer loop
      vertex 0.0135561 0.00561513 -0.0989176
      vertex 0.0129405 0.00691683 -0.0989176
      vertex 0.0224484 0.00929845 -0.0970031
    endloop
  endfacet
  facet normal 0.176563 0.0835081 -0.98074
    outer loop
      vertex 0.0129405 0.00691683 -0.0989176
      vertex 0.0214289 0.011454 -0.0970031
      vertex 0.0224484 0.00929845 -0.0970031
    endloop
  endfacet
  facet normal 0.167526 0.100414 -0.98074
    outer loop
      vertex 0.0129405 0.00691683 -0.0989176
      vertex 0.0122002 0.00815191 -0.0989176
      vertex 0.0214289 0.011454 -0.0970031
    endloop
  endfacet
  facet normal 0.16753 0.100405 -0.980741
    outer loop
      vertex 0.0122002 0.00815191 -0.0989176
      vertex 0.0202031 0.0134993 -0.0970031
      vertex 0.0214289 0.011454 -0.0970031
    endloop
  endfacet
  facet normal 0.156875 0.116351 -0.980741
    outer loop
      vertex 0.0122002 0.00815191 -0.0989176
      vertex 0.0113424 0.00930848 -0.0989176
      vertex 0.0202031 0.0134993 -0.0970031
    endloop
  endfacet
  facet normal 0.156874 0.116353 -0.980741
    outer loop
      vertex 0.0113424 0.00930848 -0.0989176
      vertex 0.0187826 0.0154145 -0.0970031
      vertex 0.0202031 0.0134993 -0.0970031
    endloop
  endfacet
  facet normal 0.144718 0.131165 -0.980741
    outer loop
      vertex 0.0113424 0.00930848 -0.0989176
      vertex 0.0103754 0.0103754 -0.0989176
      vertex 0.0187826 0.0154145 -0.0970031
    endloop
  endfacet
  facet normal 0.144719 0.131163 -0.980741
    outer loop
      vertex 0.0103754 0.0103754 -0.0989176
      vertex 0.0171813 0.0171813 -0.0970031
      vertex 0.0187826 0.0154145 -0.0970031
    endloop
  endfacet
  facet normal 0.131165 0.144718 -0.980741
    outer loop
      vertex 0.0103754 0.0103754 -0.0989176
      vertex 0.00930848 0.0113424 -0.0989176
      vertex 0.0171813 0.0171813 -0.0970031
    endloop
  endfacet
  facet normal 0.131163 0.14472 -0.980741
    outer loop
      vertex 0.00930848 0.0113424 -0.0989176
      vertex 0.0154145 0.0187826 -0.0970031
      vertex 0.0171813 0.0171813 -0.0970031
    endloop
  endfacet
  facet normal 0.116351 0.156876 -0.980741
    outer loop
      vertex 0.00930848 0.0113424 -0.0989176
      vertex 0.00815191 0.0122002 -0.0989176
      vertex 0.0154145 0.0187826 -0.0970031
    endloop
  endfacet
  facet normal 0.116353 0.156874 -0.980741
    outer loop
      vertex 0.00815191 0.0122002 -0.0989176
      vertex 0.0134993 0.0202031 -0.0970031
      vertex 0.0154145 0.0187826 -0.0970031
    endloop
  endfacet
  facet normal 0.100413 0.167524 -0.980741
    outer loop
      vertex 0.00815191 0.0122002 -0.0989176
      vertex 0.00691683 0.0129405 -0.0989176
      vertex 0.0134993 0.0202031 -0.0970031
    endloop
  endfacet
  facet normal 0.100406 0.167531 -0.980741
    outer loop
      vertex 0.00691683 0.0129405 -0.0989176
      vertex 0.011454 0.0214289 -0.0970031
      vertex 0.0134993 0.0202031 -0.0970031
    endloop
  endfacet
  facet normal 0.0835018 0.176566 -0.98074
    outer loop
      vertex 0.00691683 0.0129405 -0.0989176
      vertex 0.00561513 0.0135561 -0.0989176
      vertex 0.011454 0.0214289 -0.0970031
    endloop
  endfacet
  facet normal 0.0835077 0.176562 -0.980741
    outer loop
      vertex 0.00561513 0.0135561 -0.0989176
      vertex 0.00929845 0.0224484 -0.0970031
      vertex 0.011454 0.0214289 -0.0970031
    endloop
  endfacet
  facet normal 0.0657991 0.183897 -0.980741
    outer loop
      vertex 0.00561513 0.0135561 -0.0989176
      vertex 0.00425936 0.0140412 -0.0989176
      vertex 0.00929845 0.0224484 -0.0970031
    endloop
  endfacet
  facet normal 0.0658053 0.183894 -0.980741
    outer loop
      vertex 0.00425936 0.0140412 -0.0989176
      vertex 0.00705334 0.0232518 -0.0970031
      vertex 0.00929845 0.0224484 -0.0970031
    endloop
  endfacet
  facet normal 0.0474599 0.189459 -0.980741
    outer loop
      vertex 0.00425936 0.0140412 -0.0989176
      vertex 0.00286257 0.0143911 -0.0989176
      vertex 0.00705334 0.0232518 -0.0970031
    endloop
  endfacet
  facet normal 0.0474511 0.189463 -0.980741
    outer loop
      vertex 0.00286257 0.0143911 -0.0989176
      vertex 0.00474031 0.0238311 -0.0970031
      vertex 0.00705334 0.0232518 -0.0970031
    endloop
  endfacet
  facet normal 0.0286607 0.1932 -0.980741
    outer loop
      vertex 0.00286257 0.0143911 -0.0989176
      vertex 0.00143821 0.0146024 -0.0989176
      vertex 0.00474031 0.0238311 -0.0970031
    endloop
  endfacet
  facet normal 0.0286603 0.1932 -0.980741
    outer loop
      vertex 0.00143821 0.0146024 -0.0989176
      vertex 0.00238162 0.024181 -0.0970031
      vertex 0.00474031 0.0238311 -0.0970031
    endloop
  endfacet
  facet normal 0.00957624 0.19508 -0.980741
    outer loop
      vertex 0.00143821 0.0146024 -0.0989176
      vertex 0 0.014673 -0.0989176
      vertex 0.00238162 0.024181 -0.0970031
    endloop
  endfacet
  facet normal 0.00958346 0.195078 -0.980741
    outer loop
      vertex 0 0.014673 -0.0989176
      vertex 0 0.024298 -0.0970031
      vertex 0.00238162 0.024181 -0.0970031
    endloop
  endfacet
  facet normal -0.00957616 0.195078 -0.980741
    outer loop
      vertex 0 0.014673 -0.0989176
      vertex -0.00143821 0.0146024 -0.0989176
      vertex 0 0.024298 -0.0970031
    endloop
  endfacet
  facet normal -0.00958351 0.195079 -0.980741
    outer loop
      vertex -0.00143821 0.0146024 -0.0989176
      vertex -0.00238162 0.024181 -0.0970031
      vertex 0 0.024298 -0.0970031
    endloop
  endfacet
  facet normal -0.0286608 0.1932 -0.980741
    outer loop
      vertex -0.00143821 0.0146024 -0.0989176
      vertex -0.00286257 0.0143911 -0.0989176
      vertex -0.00238162 0.024181 -0.0970031
    endloop
  endfacet
  facet normal -0.0286603 0.1932 -0.980741
    outer loop
      vertex -0.00286257 0.0143911 -0.0989176
      vertex -0.00474031 0.0238311 -0.0970031
      vertex -0.00238162 0.024181 -0.0970031
    endloop
  endfacet
  facet normal -0.0474605 0.189461 -0.980741
    outer loop
      vertex -0.00286257 0.0143911 -0.0989176
      vertex -0.00425936 0.0140412 -0.0989176
      vertex -0.00474031 0.0238311 -0.0970031
    endloop
  endfacet
  facet normal -0.0474507 0.189461 -0.980741
    outer loop
      vertex -0.00425936 0.0140412 -0.0989176
      vertex -0.00705334 0.0232518 -0.0970031
      vertex -0.00474031 0.0238311 -0.0970031
    endloop
  endfacet
  facet normal -0.0657986 0.183896 -0.980741
    outer loop
      vertex -0.00425936 0.0140412 -0.0989176
      vertex -0.00561513 0.0135561 -0.0989176
      vertex -0.00705334 0.0232518 -0.0970031
    endloop
  endfacet
  facet normal -0.0658056 0.183894 -0.980741
    outer loop
      vertex -0.00561513 0.0135561 -0.0989176
      vertex -0.00929845 0.0224484 -0.0970031
      vertex -0.00705334 0.0232518 -0.0970031
    endloop
  endfacet
  facet normal -0.083501 0.176565 -0.980741
    outer loop
      vertex -0.00561513 0.0135561 -0.0989176
      vertex -0.00691683 0.0129405 -0.0989176
      vertex -0.00929845 0.0224484 -0.0970031
    endloop
  endfacet
  facet normal -0.0835081 0.176563 -0.98074
    outer loop
      vertex -0.00691683 0.0129405 -0.0989176
      vertex -0.011454 0.0214289 -0.0970031
      vertex -0.00929845 0.0224484 -0.0970031
    endloop
  endfacet
  facet normal -0.100414 0.167526 -0.98074
    outer loop
      vertex -0.00691683 0.0129405 -0.0989176
      vertex -0.00815191 0.0122002 -0.0989176
      vertex -0.011454 0.0214289 -0.0970031
    endloop
  endfacet
  facet normal -0.100405 0.16753 -0.980741
    outer loop
      vertex -0.00815191 0.0122002 -0.0989176
      vertex -0.0134993 0.0202031 -0.0970031
      vertex -0.011454 0.0214289 -0.0970031
    endloop
  endfacet
  facet normal -0.116351 0.156875 -0.980741
    outer loop
      vertex -0.00815191 0.0122002 -0.0989176
      vertex -0.00930848 0.0113424 -0.0989176
      vertex -0.0134993 0.0202031 -0.0970031
    endloop
  endfacet
  facet normal -0.116353 0.156874 -0.980741
    outer loop
      vertex -0.00930848 0.0113424 -0.0989176
      vertex -0.0154145 0.0187826 -0.0970031
      vertex -0.0134993 0.0202031 -0.0970031
    endloop
  endfacet
  facet normal -0.131165 0.144718 -0.980741
    outer loop
      vertex -0.00930848 0.0113424 -0.0989176
      vertex -0.0103754 0.0103754 -0.0989176
      vertex -0.0154145 0.0187826 -0.0970031
    endloop
  endfacet
  facet normal -0.131163 0.144719 -0.980741
    outer loop
      vertex -0.0103754 0.0103754 -0.0989176
      vertex -0.0171813 0.0171813 -0.0970031
      vertex -0.0154145 0.0187826 -0.0970031
    endloop
  endfacet
  facet normal -0.144718 0.131165 -0.980741
    outer loop
      vertex -0.0103754 0.0103754 -0.0989176
      vertex -0.0113424 0.00930848 -0.0989176
      vertex -0.0171813 0.0171813 -0.0970031
    endloop
  endfacet
  facet normal -0.14472 0.131163 -0.980741
    outer loop
      vertex -0.0113424 0.00930848 -0.0989176
      vertex -0.0187826 0.0154145 -0.0970031
      vertex -0.0171813 0.0171813 -0.0970031
    endloop
  endfacet
  facet normal -0.156876 0.116351 -0.980741
    outer loop
      vertex -0.0113424 0.00930848 -0.0989176
      vertex -0.0122002 0.00815191 -0.0989176
      vertex -0.0187826 0.0154145 -0.0970031
    endloop
  endfacet
  facet normal -0.156874 0.116353 -0.980741
    outer loop
      vertex -0.0122002 0.00815191 -0.0989176
      vertex -0.0202031 0.0134993 -0.0970031
      vertex -0.0187826 0.0154145 -0.0970031
    endloop
  endfacet
  facet normal -0.167524 0.100413 -0.980741
    outer loop
      vertex -0.0122002 0.00815191 -0.0989176
      vertex -0.0129405 0.00691683 -0.0989176
      vertex -0.0202031 0.0134993 -0.0970031
    endloop
  endfacet
  facet normal -0.167531 0.100406 -0.980741
    outer loop
      vertex -0.0129405 0.00691683 -0.0989176
      vertex -0.0214289 0.011454 -0.0970031
      vertex -0.0202031 0.0134993 -0.0970031
    endloop
  endfacet
  facet normal -0.176566 0.0835018 -0.98074
    outer loop
      vertex -0.0129405 0.00691683 -0.0989176
      vertex -0.0135561 0.00561513 -0.0989176
      vertex -0.0214289 0.011454 -0.0970031
    endloop
  endfacet
  facet normal -0.176562 0.0835077 -0.980741
    outer loop
      vertex -0.0135561 0.00561513 -0.0989176
      vertex -0.0224484 0.00929845 -0.0970031
      vertex -0.0214289 0.011454 -0.0970031
    endloop
  endfacet
  facet normal -0.183897 0.0657991 -0.980741
    outer loop
      vertex -0.0135561 0.00561513 -0.0989176
      vertex -0.0140412 0.00425936 -0.0989176
      vertex -0.0224484 0.00929845 -0.0970031
    endloop
  endfacet
  facet normal -0.183894 0.0658053 -0.980741
    outer loop
      vertex -0.0140412 0.00425936 -0.0989176
      vertex -0.0232518 0.00705334 -0.0970031
      vertex -0.0224484 0.00929845 -0.0970031
    endloop
  endfacet
  facet normal -0.189459 0.0474599 -0.980741
    outer loop
      vertex -0.0140412 0.00425936 -0.0989176
      vertex -0.0143911 0.00286257 -0.0989176
      vertex -0.0232518 0.00705334 -0.0970031
    endloop
  endfacet
  facet normal -0.189463 0.0474511 -0.980741
    outer loop
      vertex -0.0143911 0.00286257 -0.0989176
      vertex -0.0238311 0.00474031 -0.0970031
      vertex -0.0232518 0.00705334 -0.0970031
    endloop
  endfacet
  facet normal -0.1932 0.0286607 -0.980741
    outer loop
      vertex -0.0143911 0.00286257 -0.0989176
      vertex -0.0146024 0.00143821 -0.0989176
      vertex -0.0238311 0.00474031 -0.0970031
    endloop
  endfacet
  facet normal -0.1932 0.0286603 -0.980741
    outer loop
      vertex -0.0146024 0.00143821 -0.0989176
      vertex -0.024181 0.00238162 -0.0970031
      vertex -0.0238311 0.00474031 -0.0970031
    endloop
  endfacet
  facet normal -0.19508 0.00957624 -0.980741
    outer loop
      vertex -0.0146024 0.00143821 -0.0989176
      vertex -0.014673 -0 -0.0989176
      vertex -0.024181 0.00238162 -0.0970031
    endloop
  endfacet
  facet normal -0.195078 0.00958346 -0.980741
    outer loop
      vertex -0.014673 -0 -0.0989176
      vertex -0.024298 -0 -0.0970031
      vertex -0.024181 0.00238162 -0.0970031
    endloop
  endfacet
  facet normal -0.195078 -0.00957616 -0.980741
    outer loop
      vertex -0.014673 -0 -0.0989176
      vertex -0.0146024 -0.00143821 -0.0989176
      vertex -0.024298 -0 -0.0970031
    endloop
  endfacet
  facet normal -0.195079 -0.00958351 -0.980741
    outer loop
      vertex -0.0146024 -0.00143821 -0.0989176
      vertex -0.024181 -0.00238162 -0.0970031
      vertex -0.024298 -0 -0.0970031
    endloop
  endfacet
  facet normal -0.1932 -0.0286608 -0.980741
    outer loop
      vertex -0.0146024 -0.00143821 -0.0989176
      vertex -0.0143911 -0.00286257 -0.0989176
      vertex -0.024181 -0.00238162 -0.0970031
    endloop
  endfacet
  facet normal -0.1932 -0.0286603 -0.980741
    outer loop
      vertex -0.0143911 -0.00286257 -0.0989176
      vertex -0.0238311 -0.00474031 -0.0970031
      vertex -0.024181 -0.00238162 -0.0970031
    endloop
  endfacet
  facet normal -0.189461 -0.0474605 -0.980741
    outer loop
      vertex -0.0143911 -0.00286257 -0.0989176
      vertex -0.0140412 -0.00425936 -0.0989176
      vertex -0.0238311 -0.00474031 -0.0970031
    endloop
  endfacet
  facet normal -0.189461 -0.0474507 -0.980741
    outer loop
      vertex -0.0140412 -0.00425936 -0.0989176
      vertex -0.0232518 -0.00705334 -0.0970031
      vertex -0.0238311 -0.00474031 -0.0970031
    endloop
  endfacet
  facet normal -0.183896 -0.0657986 -0.980741
    outer loop
      vertex -0.0140412 -0.00425936 -0.0989176
      vertex -0.0135561 -0.00561513 -0.0989176
      vertex -0.0232518 -0.00705334 -0.0970031
    endloop
  endfacet
  facet normal -0.183894 -0.0658056 -0.980741
    outer loop
      vertex -0.0135561 -0.00561513 -0.0989176
      vertex -0.0224484 -0.00929845 -0.0970031
      vertex -0.0232518 -0.00705334 -0.0970031
    endloop
  endfacet
  facet normal -0.176565 -0.083501 -0.980741
    outer loop
      vertex -0.0135561 -0.00561513 -0.0989176
      vertex -0.0129405 -0.00691683 -0.0989176
      vertex -0.0224484 -0.00929845 -0.0970031
    endloop
  endfacet
  facet normal -0.176563 -0.0835081 -0.98074
    outer loop
      vertex -0.0129405 -0.00691683 -0.0989176
      vertex -0.0214289 -0.011454 -0.0970031
      vertex -0.0224484 -0.00929845 -0.0970031
    endloop
  endfacet
  facet normal -0.167526 -0.100414 -0.98074
    outer loop
      vertex -0.0129405 -0.00691683 -0.0989176
      vertex -0.0122002 -0.00815191 -0.0989176
      vertex -0.0214289 -0.011454 -0.0970031
    endloop
  endfacet
  facet normal -0.16753 -0.100405 -0.980741
    outer loop
      vertex -0.0122002 -0.00815191 -0.0989176
      vertex -0.0202031 -0.0134993 -0.0970031
      vertex -0.0214289 -0.011454 -0.0970031
    endloop
  endfacet
  facet normal -0.156875 -0.116351 -0.980741
    outer loop
      vertex -0.0122002 -0.00815191 -0.0989176
      vertex -0.0113424 -0.00930848 -0.0989176
      vertex -0.0202031 -0.0134993 -0.0970031
    endloop
  endfacet
  facet normal -0.156874 -0.116353 -0.980741
    outer loop
      vertex -0.0113424 -0.00930848 -0.0989176
      vertex -0.0187826 -0.0154145 -0.0970031
      vertex -0.0202031 -0.0134993 -0.0970031
    endloop
  endfacet
  facet normal -0.144718 -0.131165 -0.980741
    outer loop
      vertex -0.0113424 -0.00930848 -0.0989176
      vertex -0.0103754 -0.0103754 -0.0989176
      vertex -0.0187826 -0.0154145 -0.0970031
    endloop
  endfacet
  facet normal -0.144719 -0.131163 -0.980741
    outer loop
      vertex -0.0103754 -0.0103754 -0.0989176
      vertex -0.0171813 -0.0171813 -0.0970031
      vertex -0.0187826 -0.0154145 -0.0970031
    endloop
  endfacet
  facet normal -0.131165 -0.144718 -0.980741
    outer loop
      vertex -0.0103754 -0.0103754 -0.0989176
      vertex -0.00930848 -0.0113424 -0.0989176
      vertex -0.0171813 -0.0171813 -0.0970031
    endloop
  endfacet
  facet normal -0.131163 -0.14472 -0.980741
    outer loop
      vertex -0.00930848 -0.0113424 -0.0989176
      vertex -0.0154145 -0.0187826 -0.0970031
      vertex -0.0171813 -0.0171813 -0.0970031
    endloop
  endfacet
  facet normal -0.116351 -0.156876 -0.980741
    outer loop
      vertex -0.00930848 -0.0113424 -0.0989176
      vertex -0.00815191 -0.0122002 -0.0989176
      vertex -0.0154145 -0.0187826 -0.0970031
    endloop
  endfacet
  facet normal -0.116353 -0.156874 -0.980741
    outer loop
      vertex -0.00815191 -0.0122002 -0.0989176
      vertex -0.0134993 -0.0202031 -0.0970031
      vertex -0.0154145 -0.0187826 -0.0970031
    endloop
  endfacet
  facet normal -0.100413 -0.167524 -0.980741
    outer loop
      vertex -0.00815191 -0.0122002 -0.0989176
      vertex -0.00691683 -0.0129405 -0.0989176
      vertex -0.0134993 -0.0202031 -0.0970031
    endloop
  endfacet
  facet normal -0.100406 -0.167531 -0.980741
    outer loop
      vertex -0.00691683 -0.0129405 -0.0989176
      vertex -0.011454 -0.0214289 -0.0970031
      vertex -0.0134993 -0.0202031 -0.0970031
    endloop
  endfacet
  facet normal -0.0835018 -0.176566 -0.98074
    outer loop
      vertex -0.00691683 -0.0129405 -0.0989176
      vertex -0.00561513 -0.0135561 -0.0989176
      vertex -0.011454 -0.0214289 -0.0970031
    endloop
  endfacet
  facet normal -0.0835077 -0.176562 -0.980741
    outer loop
      vertex -0.00561513 -0.0135561 -0.0989176
      vertex -0.00929845 -0.0224484 -0.0970031
      vertex -0.011454 -0.0214289 -0.0970031
    endloop
  endfacet
  facet normal -0.0657991 -0.183897 -0.980741
    outer loop
      vertex -0.00561513 -0.0135561 -0.0989176
      vertex -0.00425936 -0.0140412 -0.0989176
      vertex -0.00929845 -0.0224484 -0.0970031
    endloop
  endfacet
  facet normal -0.0658053 -0.183894 -0.980741
    outer loop
      vertex -0.00425936 -0.0140412 -0.0989176
      vertex -0.00705334 -0.0232518 -0.0970031
      vertex -0.00929845 -0.0224484 -0.0970031
    endloop
  endfacet
  facet normal -0.0474599 -0.189459 -0.980741
    outer loop
      vertex -0.00425936 -0.0140412 -0.0989176
      vertex -0.00286257 -0.0143911 -0.0989176
      vertex -0.00705334 -0.0232518 -0.0970031
    endloop
  endfacet
  facet normal -0.0474511 -0.189463 -0.980741
    outer loop
      vertex -0.00286257 -0.0143911 -0.0989176
      vertex -0.00474031 -0.0238311 -0.0970031
      vertex -0.00705334 -0.0232518 -0.0970031
    endloop
  endfacet
  facet normal -0.0286607 -0.1932 -0.980741
    outer loop
      vertex -0.00286257 -0.0143911 -0.0989176
      vertex -0.00143821 -0.0146024 -0.0989176
      vertex -0.00474031 -0.0238311 -0.0970031
    endloop
  endfacet
  facet normal -0.0286603 -0.1932 -0.980741
    outer loop
      vertex -0.00143821 -0.0146024 -0.0989176
      vertex -0.00238162 -0.024181 -0.0970031
      vertex -0.00474031 -0.0238311 -0.0970031
    endloop
  endfacet
  facet normal -0.00957624 -0.19508 -0.980741
    outer loop
      vertex -0.00143821 -0.0146024 -0.0989176
      vertex -0 -0.014673 -0.0989176
      vertex -0.00238162 -0.024181 -0.0970031
    endloop
  endfacet
  facet normal -0.00958346 -0.195078 -0.980741
    outer loop
      vertex -0 -0.014673 -0.0989176
      vertex -0 -0.024298 -0.0970031
      vertex -0.00238162 -0.024181 -0.0970031
    endloop
  endfacet
  facet normal 0.00957616 -0.195078 -0.980741
    outer loop
      vertex -0 -0.014673 -0.0989176
      vertex 0.00143821 -0.0146024 -0.0989176
      vertex -0 -0.024298 -0.0970031
    endloop
  endfacet
  facet normal 0.00958351 -0.195079 -0.980741
    outer loop
      vertex 0.00143821 -0.0146024 -0.0989176
      vertex 0.00238162 -0.024181 -0.0970031
      vertex -0 -0.024298 -0.0970031
    endloop
  endfacet
  facet normal 0.0286608 -0.1932 -0.980741
    outer loop
      vertex 0.00143821 -0.0146024 -0.0989176
      vertex 0.00286257 -0.0143911 -0.0989176
      vertex 0.00238162 -0.024181 -0.0970031
    endloop
  endfacet
  facet normal 0.0286603 -0.1932 -0.980741
    outer loop
      vertex 0.00286257 -0.0143911 -0.0989176
      vertex 0.00474031 -0.0238311 -0.0970031
      vertex 0.00238162 -0.024181 -0.0970031
    endloop
  endfacet
  facet normal 0.0474605 -0.189461 -0.980741
    outer loop
      vertex 0.00286257 -0.0143911 -0.0989176
      vertex 0.00425936 -0.0140412 -0.0989176
      vertex 0.00474031 -0.0238311 -0.0970031
    endloop
  endfacet
  facet normal 0.0474507 -0.189461 -0.980741
    outer loop
      vertex 0.00425936 -0.0140412 -0.0989176
      vertex 0.00705334 -0.0232518 -0.0970031
      vertex 0.00474031 -0.0238311 -0.0970031
    endloop
  endfacet
  facet normal 0.0657986 -0.183896 -0.980741
    outer loop
      vertex 0.00425936 -0.0140412 -0.0989176
      vertex 0.00561513 -0.0135561 -0.0989176
      vertex 0.00705334 -0.0232518 -0.0970031
    endloop
  endfacet
  facet normal 0.0658056 -0.183894 -0.980741
    outer loop
      vertex 0.00561513 -0.0135561 -0.0989176
      vertex 0.00929845 -0.0224484 -0.0970031
      vertex 0.00705334 -0.0232518 -0.0970031
    endloop
  endfacet
  facet normal 0.083501 -0.176565 -0.980741
    outer loop
      vertex 0.00561513 -0.0135561 -0.0989176
      vertex 0.00691683 -0.0129405 -0.0989176
      vertex 0.00929845 -0.0224484 -0.0970031
    endloop
  endfacet
  facet normal 0.0835081 -0.176563 -0.98074
    outer loop
      vertex 0.00691683 -0.0129405 -0.0989176
      vertex 0.011454 -0.0214289 -0.0970031
      vertex 0.00929845 -0.0224484 -0.0970031
    endloop
  endfacet
  facet normal 0.100414 -0.167526 -0.98074
    outer loop
      vertex 0.00691683 -0.0129405 -0.0989176
      vertex 0.00815191 -0.0122002 -0.0989176
      vertex 0.011454 -0.0214289 -0.0970031
    endloop
  endfacet
  facet normal 0.100405 -0.16753 -0.980741
    outer loop
      vertex 0.00815191 -0.0122002 -0.0989176
      vertex 0.0134993 -0.0202031 -0.0970031
      vertex 0.011454 -0.0214289 -0.0970031
    endloop
  endfacet
  facet normal 0.116351 -0.156875 -0.980741
    outer loop
      vertex 0.00815191 -0.0122002 -0.0989176
      vertex 0.00930848 -0.0113424 -0.0989176
      vertex 0.0134993 -0.0202031 -0.0970031
    endloop
  endfacet
  facet normal 0.116353 -0.156874 -0.980741
    outer loop
      vertex 0.00930848 -0.0113424 -0.0989176
      vertex 0.0154145 -0.0187826 -0.0970031
      vertex 0.0134993 -0.0202031 -0.0970031
    endloop
  endfacet
  facet normal 0.131165 -0.144718 -0.980741
    outer loop
      vertex 0.00930848 -0.0113424 -0.0989176
      vertex 0.0103754 -0.0103754 -0.0989176
      vertex 0.0154145 -0.0187826 -0.0970031
    endloop
  endfacet
  facet normal 0.131163 -0.144719 -0.980741
    outer loop
      vertex 0.0103754 -0.0103754 -0.0989176
      vertex 0.0171813 -0.0171813 -0.0970031
      vertex 0.0154145 -0.0187826 -0.0970031
    endloop
  endfacet
  facet normal 0.144718 -0.131165 -0.980741
    outer loop
      vertex 0.0103754 -0.0103754 -0.0989176
      vertex 0.0113424 -0.00930848 -0.0989176
      vertex 0.0171813 -0.0171813 -0.0970031
    endloop
  endfacet
  facet normal 0.14472 -0.131163 -0.980741
    outer loop
      vertex 0.0113424 -0.00930848 -0.0989176
      vertex 0.0187826 -0.0154145 -0.0970031
      vertex 0.0171813 -0.0171813 -0.0970031
    endloop
  endfacet
  facet normal 0.156876 -0.116351 -0.980741
    outer loop
      vertex 0.0113424 -0.00930848 -0.0989176
      vertex 0.0122002 -0.00815191 -0.0989176
      vertex 0.0187826 -0.0154145 -0.0970031
    endloop
  endfacet
  facet normal 0.156874 -0.116353 -0.980741
    outer loop
      vertex 0.0122002 -0.00815191 -0.0989176
      vertex 0.0202031 -0.0134993 -0.0970031
      vertex 0.0187826 -0.0154145 -0.0970031
    endloop
  endfacet
  facet normal 0.167524 -0.100413 -0.980741
    outer loop
      vertex 0.0122002 -0.00815191 -0.0989176
      vertex 0.0129405 -0.00691683 -0.0989176
      vertex 0.0202031 -0.0134993 -0.0970031
    endloop
  endfacet
  facet normal 0.167531 -0.100406 -0.980741
    outer loop
      vertex 0.0129405 -0.00691683 -0.0989176
      vertex 0.0214289 -0.011454 -0.0970031
      vertex 0.0202031 -0.0134993 -0.0970031
    endloop
  endfacet
  facet normal 0.176566 -0.0835018 -0.98074
    outer loop
      vertex 0.0129405 -0.00691683 -0.0989176
      vertex 0.0135561 -0.00561513 -0.0989176
      vertex 0.0214289 -0.011454 -0.0970031
    endloop
  endfacet
  facet normal 0.176562 -0.0835077 -0.980741
    outer loop
      vertex 0.0135561 -0.00561513 -0.0989176
      vertex 0.0224484 -0.00929845 -0.0970031
      vertex 0.0214289 -0.011454 -0.0970031
    endloop
  endfacet
  facet normal 0.183897 -0.0657991 -0.980741
    outer loop
      vertex 0.0135561 -0.00561513 -0.0989176
      vertex 0.0140412 -0.00425936 -0.0989176
      vertex 0.0224484 -0.00929845 -0.0970031
    endloop
  endfacet
  facet normal 0.183894 -0.0658053 -0.980741
    outer loop
      vertex 0.0140412 -0.00425936 -0.0989176
      vertex 0.0232518 -0.00705334 -0.0970031
      vertex 0.0224484 -0.00929845 -0.0970031
    endloop
  endfacet
  facet normal 0.189459 -0.0474599 -0.980741
    outer loop
      vertex 0.0140412 -0.00425936 -0.0989176
      vertex 0.0143911 -0.00286257 -0.0989176
      vertex 0.0232518 -0.00705334 -0.0970031
    endloop
  endfacet
  facet normal 0.189463 -0.0474511 -0.980741
    outer loop
      vertex 0.0143911 -0.00286257 -0.0989176
      vertex 0.0238311 -0.00474031 -0.0970031
      vertex 0.0232518 -0.00705334 -0.0970031
    endloop
  endfacet
  facet normal 0.1932 -0.0286607 -0.980741
    outer loop
      vertex 0.0143911 -0.00286257 -0.0989176
      vertex 0.0146024 -0.00143821 -0.0989176
      vertex 0.0238311 -0.00474031 -0.0970031
    endloop
  endfacet
  facet normal 0.1932 -0.0286603 -0.980741
    outer loop
      vertex 0.0146024 -0.00143821 -0.0989176
      vertex 0.024181 -0.00238162 -0.0970031
      vertex 0.0238311 -0.00474031 -0.0970031
    endloop
  endfacet
  facet normal 0.19508 -0.00957624 -0.980741
    outer loop
      vertex 0.0146024 -0.00143821 -0.0989176
      vertex 0.014673 0 -0.0989176
      vertex 0.024181 -0.00238162 -0.0970031
    endloop
  endfacet
  facet normal 0.195078 -0.00958346 -0.980741
    outer loop
      vertex 0.014673 0 -0.0989176
      vertex 0.024298 0 -0.0970031
      vertex 0.024181 -0.00238162 -0.0970031
    endloop
  endfacet
  facet normal 0.098017 0.0048158 -0.995173
    outer loop
      vertex 0.00490677 0 -0.0998795
      vertex 0.00488314 0.000480947 -0.0998795
      vertex 0.014673 0 -0.0989176
    endloop
  endfacet
  facet normal 0.0980168 0.00481153 -0.995173
    outer loop
      vertex 0.00488314 0.000480947 -0.0998795
      vertex 0.0146024 0.00143821 -0.0989176
      vertex 0.014673 0 -0.0989176
    endloop
  endfacet
  facet normal 0.0970726 0.0143984 -0.995173
    outer loop
      vertex 0.00488314 0.000480947 -0.0998795
      vertex 0.00481249 0.000957263 -0.0998795
      vertex 0.0146024 0.00143821 -0.0989176
    endloop
  endfacet
  facet normal 0.0970725 0.0144004 -0.995173
    outer loop
      vertex 0.00481249 0.000957263 -0.0998795
      vertex 0.0143911 0.00286257 -0.0989176
      vertex 0.0146024 0.00143821 -0.0989176
    endloop
  endfacet
  facet normal 0.0951936 0.0238464 -0.995173
    outer loop
      vertex 0.00481249 0.000957263 -0.0998795
      vertex 0.00469548 0.00142436 -0.0998795
      vertex 0.0143911 0.00286257 -0.0989176
    endloop
  endfacet
  facet normal 0.0951936 0.0238463 -0.995173
    outer loop
      vertex 0.00469548 0.00142436 -0.0998795
      vertex 0.0140412 0.00425936 -0.0989176
      vertex 0.0143911 0.00286257 -0.0989176
    endloop
  endfacet
  facet normal 0.0923986 0.0330603 -0.995173
    outer loop
      vertex 0.00469548 0.00142436 -0.0998795
      vertex 0.00453326 0.00187774 -0.0998795
      vertex 0.0140412 0.00425936 -0.0989176
    endloop
  endfacet
  facet normal 0.0923985 0.0330606 -0.995173
    outer loop
      vertex 0.00453326 0.00187774 -0.0998795
      vertex 0.0135561 0.00561513 -0.0989176
      vertex 0.0140412 0.00425936 -0.0989176
    endloop
  endfacet
  facet normal 0.0887128 0.0419587 -0.995173
    outer loop
      vertex 0.00453326 0.00187774 -0.0998795
      vertex 0.00432738 0.00231303 -0.0998795
      vertex 0.0135561 0.00561513 -0.0989176
    endloop
  endfacet
  facet normal 0.0887142 0.0419547 -0.995173
    outer loop
      vertex 0.00432738 0.00231303 -0.0998795
      vertex 0.0129405 0.00691683 -0.0989176
      vertex 0.0135561 0.00561513 -0.0989176
    endloop
  endfacet
  facet normal 0.0841731 0.0504505 -0.995173
    outer loop
      vertex 0.00432738 0.00231303 -0.0998795
      vertex 0.00407983 0.00272605 -0.0998795
      vertex 0.0129405 0.00691683 -0.0989176
    endloop
  endfacet
  facet normal 0.0841722 0.0504524 -0.995173
    outer loop
      vertex 0.00407983 0.00272605 -0.0998795
      vertex 0.0122002 0.00815191 -0.0989176
      vertex 0.0129405 0.00691683 -0.0989176
    endloop
  endfacet
  facet normal 0.0788223 0.058459 -0.995173
    outer loop
      vertex 0.00407983 0.00272605 -0.0998795
      vertex 0.00379298 0.00311282 -0.0998795
      vertex 0.0122002 0.00815191 -0.0989176
    endloop
  endfacet
  facet normal 0.0788217 0.0584601 -0.995173
    outer loop
      vertex 0.00379298 0.00311282 -0.0998795
      vertex 0.0113424 0.00930848 -0.0989176
      vertex 0.0122002 0.00815191 -0.0989176
    endloop
  endfacet
  facet normal 0.0727137 0.0659027 -0.995173
    outer loop
      vertex 0.00379298 0.00311282 -0.0998795
      vertex 0.00346961 0.00346961 -0.0998795
      vertex 0.0113424 0.00930848 -0.0989176
    endloop
  endfacet
  facet normal 0.0727132 0.0659034 -0.995173
    outer loop
      vertex 0.00346961 0.00346961 -0.0998795
      vertex 0.0103754 0.0103754 -0.0989176
      vertex 0.0113424 0.00930848 -0.0989176
    endloop
  endfacet
  facet normal 0.0659028 0.0727138 -0.995173
    outer loop
      vertex 0.00346961 0.00346961 -0.0998795
      vertex 0.00311282 0.00379298 -0.0998795
      vertex 0.0103754 0.0103754 -0.0989176
    endloop
  endfacet
  facet normal 0.0659034 0.0727132 -0.995173
    outer loop
      vertex 0.00311282 0.00379298 -0.0998795
      vertex 0.00930848 0.0113424 -0.0989176
      vertex 0.0103754 0.0103754 -0.0989176
    endloop
  endfacet
  facet normal 0.0584591 0.0788225 -0.995173
    outer loop
      vertex 0.00311282 0.00379298 -0.0998795
      vertex 0.00272605 0.00407983 -0.0998795
      vertex 0.00930848 0.0113424 -0.0989176
    endloop
  endfacet
  facet normal 0.0584601 0.0788216 -0.995173
    outer loop
      vertex 0.00272605 0.00407983 -0.0998795
      vertex 0.00815191 0.0122002 -0.0989176
      vertex 0.00930848 0.0113424 -0.0989176
    endloop
  endfacet
  facet normal 0.0504506 0.0841734 -0.995173
    outer loop
      vertex 0.00272605 0.00407983 -0.0998795
      vertex 0.00231303 0.00432738 -0.0998795
      vertex 0.00815191 0.0122002 -0.0989176
    endloop
  endfacet
  facet normal 0.0504523 0.0841721 -0.995173
    outer loop
      vertex 0.00231303 0.00432738 -0.0998795
      vertex 0.00691683 0.0129405 -0.0989176
      vertex 0.00815191 0.0122002 -0.0989176
    endloop
  endfacet
  facet normal 0.0419584 0.0887122 -0.995173
    outer loop
      vertex 0.00231303 0.00432738 -0.0998795
      vertex 0.00187774 0.00453326 -0.0998795
      vertex 0.00691683 0.0129405 -0.0989176
    endloop
  endfacet
  facet normal 0.0419548 0.0887144 -0.995173
    outer loop
      vertex 0.00187774 0.00453326 -0.0998795
      vertex 0.00561513 0.0135561 -0.0989176
      vertex 0.00691683 0.0129405 -0.0989176
    endloop
  endfacet
  facet normal 0.0330603 0.0923986 -0.995173
    outer loop
      vertex 0.00187774 0.00453326 -0.0998795
      vertex 0.00142436 0.00469548 -0.0998795
      vertex 0.00561513 0.0135561 -0.0989176
    endloop
  endfacet
  facet normal 0.0330606 0.0923985 -0.995173
    outer loop
      vertex 0.00142436 0.00469548 -0.0998795
      vertex 0.00425936 0.0140412 -0.0989176
      vertex 0.00561513 0.0135561 -0.0989176
    endloop
  endfacet
  facet normal 0.0238464 0.0951936 -0.995173
    outer loop
      vertex 0.00142436 0.00469548 -0.0998795
      vertex 0.000957263 0.00481249 -0.0998795
      vertex 0.00425936 0.0140412 -0.0989176
    endloop
  endfacet
  facet normal 0.0238463 0.0951936 -0.995173
    outer loop
      vertex 0.000957263 0.00481249 -0.0998795
      vertex 0.00286257 0.0143911 -0.0989176
      vertex 0.00425936 0.0140412 -0.0989176
    endloop
  endfacet
  facet normal 0.0143984 0.0970729 -0.995173
    outer loop
      vertex 0.000957263 0.00481249 -0.0998795
      vertex 0.000480947 0.00488314 -0.0998795
      vertex 0.00286257 0.0143911 -0.0989176
    endloop
  endfacet
  facet normal 0.0144004 0.0970724 -0.995173
    outer loop
      vertex 0.000480947 0.00488314 -0.0998795
      vertex 0.00143821 0.0146024 -0.0989176
      vertex 0.00286257 0.0143911 -0.0989176
    endloop
  endfacet
  facet normal 0.00481577 0.0980164 -0.995173
    outer loop
      vertex 0.000480947 0.00488314 -0.0998795
      vertex 0 0.00490677 -0.0998795
      vertex 0.00143821 0.0146024 -0.0989176
    endloop
  endfacet
  facet normal 0.00481154 0.098017 -0.995173
    outer loop
      vertex 0 0.00490677 -0.0998795
      vertex 0 0.014673 -0.0989176
      vertex 0.00143821 0.0146024 -0.0989176
    endloop
  endfacet
  facet normal -0.0048158 0.098017 -0.995173
    outer loop
      vertex 0 0.00490677 -0.0998795
      vertex -0.000480947 0.00488314 -0.0998795
      vertex 0 0.014673 -0.0989176
    endloop
  endfacet
  facet normal -0.00481153 0.0980168 -0.995173
    outer loop
      vertex -0.000480947 0.00488314 -0.0998795
      vertex -0.00143821 0.0146024 -0.0989176
      vertex 0 0.014673 -0.0989176
    endloop
  endfacet
  facet normal -0.0143984 0.0970726 -0.995173
    outer loop
      vertex -0.000480947 0.00488314 -0.0998795
      vertex -0.000957263 0.00481249 -0.0998795
      vertex -0.00143821 0.0146024 -0.0989176
    endloop
  endfacet
  facet normal -0.0144004 0.0970725 -0.995173
    outer loop
      vertex -0.000957263 0.00481249 -0.0998795
      vertex -0.00286257 0.0143911 -0.0989176
      vertex -0.00143821 0.0146024 -0.0989176
    endloop
  endfacet
  facet normal -0.0238464 0.0951936 -0.995173
    outer loop
      vertex -0.000957263 0.00481249 -0.0998795
      vertex -0.00142436 0.00469548 -0.0998795
      vertex -0.00286257 0.0143911 -0.0989176
    endloop
  endfacet
  facet normal -0.0238463 0.0951936 -0.995173
    outer loop
      vertex -0.00142436 0.00469548 -0.0998795
      vertex -0.00425936 0.0140412 -0.0989176
      vertex -0.00286257 0.0143911 -0.0989176
    endloop
  endfacet
  facet normal -0.0330603 0.0923986 -0.995173
    outer loop
      vertex -0.00142436 0.00469548 -0.0998795
      vertex -0.00187774 0.00453326 -0.0998795
      vertex -0.00425936 0.0140412 -0.0989176
    endloop
  endfacet
  facet normal -0.0330606 0.0923985 -0.995173
    outer loop
      vertex -0.00187774 0.00453326 -0.0998795
      vertex -0.00561513 0.0135561 -0.0989176
      vertex -0.00425936 0.0140412 -0.0989176
    endloop
  endfacet
  facet normal -0.0419587 0.0887128 -0.995173
    outer loop
      vertex -0.00187774 0.00453326 -0.0998795
      vertex -0.00231303 0.00432738 -0.0998795
      vertex -0.00561513 0.0135561 -0.0989176
    endloop
  endfacet
  facet normal -0.0419547 0.0887142 -0.995173
    outer loop
      vertex -0.00231303 0.00432738 -0.0998795
      vertex -0.00691683 0.0129405 -0.0989176
      vertex -0.00561513 0.0135561 -0.0989176
    endloop
  endfacet
  facet normal -0.0504505 0.0841731 -0.995173
    outer loop
      vertex -0.00231303 0.00432738 -0.0998795
      vertex -0.00272605 0.00407983 -0.0998795
      vertex -0.00691683 0.0129405 -0.0989176
    endloop
  endfacet
  facet normal -0.0504524 0.0841722 -0.995173
    outer loop
      vertex -0.00272605 0.00407983 -0.0998795
      vertex -0.00815191 0.0122002 -0.0989176
      vertex -0.00691683 0.0129405 -0.0989176
    endloop
  endfacet
  facet normal -0.058459 0.0788223 -0.995173
    outer loop
      vertex -0.00272605 0.00407983 -0.0998795
      vertex -0.00311282 0.00379298 -0.0998795
      vertex -0.00815191 0.0122002 -0.0989176
    endloop
  endfacet
  facet normal -0.0584601 0.0788217 -0.995173
    outer loop
      vertex -0.00311282 0.00379298 -0.0998795
      vertex -0.00930848 0.0113424 -0.0989176
      vertex -0.00815191 0.0122002 -0.0989176
    endloop
  endfacet
  facet normal -0.0659027 0.0727137 -0.995173
    outer loop
      vertex -0.00311282 0.00379298 -0.0998795
      vertex -0.00346961 0.00346961 -0.0998795
      vertex -0.00930848 0.0113424 -0.0989176
    endloop
  endfacet
  facet normal -0.0659034 0.0727132 -0.995173
    outer loop
      vertex -0.00346961 0.00346961 -0.0998795
      vertex -0.0103754 0.0103754 -0.0989176
      vertex -0.00930848 0.0113424 -0.0989176
    endloop
  endfacet
  facet normal -0.0727138 0.0659028 -0.995173
    outer loop
      vertex -0.00346961 0.00346961 -0.0998795
      vertex -0.00379298 0.00311282 -0.0998795
      vertex -0.0103754 0.0103754 -0.0989176
    endloop
  endfacet
  facet normal -0.0727132 0.0659034 -0.995173
    outer loop
      vertex -0.00379298 0.00311282 -0.0998795
      vertex -0.0113424 0.00930848 -0.0989176
      vertex -0.0103754 0.0103754 -0.0989176
    endloop
  endfacet
  facet normal -0.0788225 0.0584591 -0.995173
    outer loop
      vertex -0.00379298 0.00311282 -0.0998795
      vertex -0.00407983 0.00272605 -0.0998795
      vertex -0.0113424 0.00930848 -0.0989176
    endloop
  endfacet
  facet normal -0.0788216 0.0584601 -0.995173
    outer loop
      vertex -0.00407983 0.00272605 -0.0998795
      vertex -0.0122002 0.00815191 -0.0989176
      vertex -0.0113424 0.00930848 -0.0989176
    endloop
  endfacet
  facet normal -0.0841734 0.0504506 -0.995173
    outer loop
      vertex -0.00407983 0.00272605 -0.0998795
      vertex -0.00432738 0.00231303 -0.0998795
      vertex -0.0122002 0.00815191 -0.0989176
    endloop
  endfacet
  facet normal -0.0841721 0.0504523 -0.995173
    outer loop
      vertex -0.00432738 0.00231303 -0.0998795
      vertex -0.0129405 0.00691683 -0.0989176
      vertex -0.0122002 0.00815191 -0.0989176
    endloop
  endfacet
  facet normal -0.0887122 0.0419584 -0.995173
    outer loop
      vertex -0.00432738 0.00231303 -0.0998795
      vertex -0.00453326 0.00187774 -0.0998795
      vertex -0.0129405 0.00691683 -0.0989176
    endloop
  endfacet
  facet normal -0.0887144 0.0419548 -0.995173
    outer loop
      vertex -0.00453326 0.00187774 -0.0998795
      vertex -0.0135561 0.00561513 -0.0989176
      vertex -0.0129405 0.00691683 -0.0989176
    endloop
  endfacet
  facet normal -0.0923986 0.0330603 -0.995173
    outer loop
      vertex -0.00453326 0.00187774 -0.0998795
      vertex -0.00469548 0.00142436 -0.0998795
      vertex -0.0135561 0.00561513 -0.0989176
    endloop
  endfacet
  facet normal -0.0923985 0.0330606 -0.995173
    outer loop
      vertex -0.00469548 0.00142436 -0.0998795
      vertex -0.0140412 0.00425936 -0.0989176
      vertex -0.0135561 0.00561513 -0.0989176
    endloop
  endfacet
  facet normal -0.0951936 0.0238464 -0.995173
    outer loop
      vertex -0.00469548 0.00142436 -0.0998795
      vertex -0.00481249 0.000957263 -0.0998795
      vertex -0.0140412 0.00425936 -0.0989176
    endloop
  endfacet
  facet normal -0.0951936 0.0238463 -0.995173
    outer loop
      vertex -0.00481249 0.000957263 -0.0998795
      vertex -0.0143911 0.00286257 -0.0989176
      vertex -0.0140412 0.00425936 -0.0989176
    endloop
  endfacet
  facet normal -0.0970729 0.0143984 -0.995173
    outer loop
      vertex -0.00481249 0.000957263 -0.0998795
      vertex -0.00488314 0.000480947 -0.0998795
      vertex -0.0143911 0.00286257 -0.0989176
    endloop
  endfacet
  facet normal -0.0970724 0.0144004 -0.995173
    outer loop
      vertex -0.00488314 0.000480947 -0.0998795
      vertex -0.0146024 0.00143821 -0.0989176
      vertex -0.0143911 0.00286257 -0.0989176
    endloop
  endfacet
  facet normal -0.0980164 0.00481577 -0.995173
    outer loop
      vertex -0.00488314 0.000480947 -0.0998795
      vertex -0.00490677 -0 -0.0998795
      vertex -0.0146024 0.00143821 -0.0989176
    endloop
  endfacet
  facet normal -0.098017 0.00481154 -0.995173
    outer loop
      vertex -0.00490677 -0 -0.0998795
      vertex -0.014673 -0 -0.0989176
      vertex -0.0146024 0.00143821 -0.0989176
    endloop
  endfacet
  facet normal -0.098017 -0.0048158 -0.995173
    outer loop
      vertex -0.00490677 -0 -0.0998795
      vertex -0.00488314 -0.000480947 -0.0998795
      vertex -0.014673 -0 -0.0989176
    endloop
  endfacet
  facet normal -0.0980168 -0.00481153 -0.995173
    outer loop
      vertex -0.00488314 -0.000480947 -0.0998795
      vertex -0.0146024 -0.00143821 -0.0989176
      vertex -0.014673 -0 -0.0989176
    endloop
  endfacet
  facet normal -0.0970726 -0.0143984 -0.995173
    outer loop
      vertex -0.00488314 -0.000480947 -0.0998795
      vertex -0.00481249 -0.000957263 -0.0998795
      vertex -0.0146024 -0.00143821 -0.0989176
    endloop
  endfacet
  facet normal -0.0970725 -0.0144004 -0.995173
    outer loop
      vertex -0.00481249 -0.000957263 -0.0998795
      vertex -0.0143911 -0.00286257 -0.0989176
      vertex -0.0146024 -0.00143821 -0.0989176
    endloop
  endfacet
  facet normal -0.0951936 -0.0238464 -0.995173
    outer loop
      vertex -0.00481249 -0.000957263 -0.0998795
      vertex -0.00469548 -0.00142436 -0.0998795
      vertex -0.0143911 -0.00286257 -0.0989176
    endloop
  endfacet
  facet normal -0.0951936 -0.0238463 -0.995173
    outer loop
      vertex -0.00469548 -0.00142436 -0.0998795
      vertex -0.0140412 -0.00425936 -0.0989176
      vertex -0.0143911 -0.00286257 -0.0989176
    endloop
  endfacet
  facet normal -0.0923986 -0.0330603 -0.995173
    outer loop
      vertex -0.00469548 -0.00142436 -0.0998795
      vertex -0.00453326 -0.00187774 -0.0998795
      vertex -0.0140412 -0.00425936 -0.0989176
    endloop
  endfacet
  facet normal -0.0923985 -0.0330606 -0.995173
    outer loop
      vertex -0.00453326 -0.00187774 -0.0998795
      vertex -0.0135561 -0.00561513 -0.0989176
      vertex -0.0140412 -0.00425936 -0.0989176
    endloop
  endfacet
  facet normal -0.0887128 -0.0419587 -0.995173
    outer loop
      vertex -0.00453326 -0.00187774 -0.0998795
      vertex -0.00432738 -0.00231303 -0.0998795
      vertex -0.0135561 -0.00561513 -0.0989176
    endloop
  endfacet
  facet normal -0.0887142 -0.0419547 -0.995173
    outer loop
      vertex -0.00432738 -0.00231303 -0.0998795
      vertex -0.0129405 -0.00691683 -0.0989176
      vertex -0.0135561 -0.00561513 -0.0989176
    endloop
  endfacet
  facet normal -0.0841731 -0.0504505 -0.995173
    outer loop
      vertex -0.00432738 -0.00231303 -0.0998795
      vertex -0.00407983 -0.00272605 -0.0998795
      vertex -0.0129405 -0.00691683 -0.0989176
    endloop
  endfacet
  facet normal -0.0841722 -0.0504524 -0.995173
    outer loop
      vertex -0.00407983 -0.00272605 -0.0998795
      vertex -0.0122002 -0.00815191 -0.0989176
      vertex -0.0129405 -0.00691683 -0.0989176
    endloop
  endfacet
  facet normal -0.0788223 -0.058459 -0.995173
    outer loop
      vertex -0.00407983 -0.00272605 -0.0998795
      vertex -0.00379298 -0.00311282 -0.0998795
      vertex -0.0122002 -0.00815191 -0.0989176
    endloop
  endfacet
  facet normal -0.0788217 -0.0584601 -0.995173
    outer loop
      vertex -0.00379298 -0.00311282 -0.0998795
      vertex -0.0113424 -0.00930848 -0.0989176
      vertex -0.0122002 -0.00815191 -0.0989176
    endloop
  endfacet
  facet normal -0.0727137 -0.0659027 -0.995173
    outer loop
      vertex -0.00379298 -0.00311282 -0.0998795
      vertex -0.00346961 -0.00346961 -0.0998795
      vertex -0.0113424 -0.00930848 -0.0989176
    endloop
  endfacet
  facet normal -0.0727132 -0.0659034 -0.995173
    outer loop
      vertex -0.00346961 -0.00346961 -0.0998795
      vertex -0.0103754 -0.0103754 -0.0989176
      vertex -0.0113424 -0.00930848 -0.0989176
    endloop
  endfacet
  facet normal -0.0659028 -0.0727138 -0.995173
    outer loop
      vertex -0.00346961 -0.00346961 -0.0998795
      vertex -0.00311282 -0.00379298 -0.0998795
      vertex -0.0103754 -0.0103754 -0.0989176
    endloop
  endfacet
  facet normal -0.0659034 -0.0727132 -0.995173
    outer loop
      vertex -0.00311282 -0.00379298 -0.0998795
      vertex -0.00930848 -0.0113424 -0.0989176
      vertex -0.0103754 -0.0103754 -0.0989176
    endloop
  endfacet
  facet normal -0.0584591 -0.0788225 -0.995173
    outer loop
      vertex -0.00311282 -0.00379298 -0.0998795
      vertex -0.00272605 -0.00407983 -0.0998795
      vertex -0.00930848 -0.0113424 -0.0989176
    endloop
  endfacet
  facet normal -0.0584601 -0.0788216 -0.995173
    outer loop
      vertex -0.00272605 -0.00407983 -0.0998795
      vertex -0.00815191 -0.0122002 -0.0989176
      vertex -0.00930848 -0.0113424 -0.0989176
    endloop
  endfacet
  facet normal -0.0504506 -0.0841734 -0.995173
    outer loop
      vertex -0.00272605 -0.00407983 -0.0998795
      vertex -0.00231303 -0.00432738 -0.0998795
      vertex -0.00815191 -0.0122002 -0.0989176
    endloop
  endfacet
  facet normal -0.0504523 -0.0841721 -0.995173
    outer loop
      vertex -0.00231303 -0.00432738 -0.0998795
      vertex -0.00691683 -0.0129405 -0.0989176
      vertex -0.00815191 -0.0122002 -0.0989176
    endloop
  endfacet
  facet normal -0.0419584 -0.0887122 -0.995173
    outer loop
      vertex -0.00231303 -0.00432738 -0.0998795
      vertex -0.00187774 -0.00453326 -0.0998795
      vertex -0.00691683 -0.0129405 -0.0989176
    endloop
  endfacet
  facet normal -0.0419548 -0.0887144 -0.995173
    outer loop
      vertex -0.00187774 -0.00453326 -0.0998795
      vertex -0.00561513 -0.0135561 -0.0989176
      vertex -0.00691683 -0.0129405 -0.0989176
    endloop
  endfacet
  facet normal -0.0330603 -0.0923986 -0.995173
    outer loop
      vertex -0.00187774 -0.00453326 -0.0998795
      vertex -0.00142436 -0.00469548 -0.0998795
      vertex -0.00561513 -0.0135561 -0.0989176
    endloop
  endfacet
  facet normal -0.0330606 -0.0923985 -0.995173
    outer loop
      vertex -0.00142436 -0.00469548 -0.0998795
      vertex -0.00425936 -0.0140412 -0.0989176
      vertex -0.00561513 -0.0135561 -0.0989176
    endloop
  endfacet
  facet normal -0.0238464 -0.0951936 -0.995173
    outer loop
      vertex -0.00142436 -0.00469548 -0.0998795
      vertex -0.000957263 -0.00481249 -0.0998795
      vertex -0.00425936 -0.0140412 -0.0989176
    endloop
  endfacet
  facet normal -0.0238463 -0.0951936 -0.995173
    outer loop
      vertex -0.000957263 -0.00481249 -0.0998795
      vertex -0.00286257 -0.0143911 -0.0989176
      vertex -0.00425936 -0.0140412 -0.0989176
    endloop
  endfacet
  facet normal -0.0143984 -0.0970729 -0.995173
    outer loop
      vertex -0.000957263 -0.00481249 -0.0998795
      vertex -0.000480947 -0.00488314 -0.0998795
      vertex -0.00286257 -0.0143911 -0.0989176
    endloop
  endfacet
  facet normal -0.0144004 -0.0970724 -0.995173
    outer loop
      vertex -0.000480947 -0.00488314 -0.0998795
      vertex -0.00143821 -0.0146024 -0.0989176
      vertex -0.00286257 -0.0143911 -0.0989176
    endloop
  endfacet
  facet normal -0.00481577 -0.0980164 -0.995173
    outer loop
      vertex -0.000480947 -0.00488314 -0.0998795
      vertex -0 -0.00490677 -0.0998795
      vertex -0.00143821 -0.0146024 -0.0989176
    endloop
  endfacet
  facet normal -0.00481154 -0.098017 -0.995173
    outer loop
      vertex -0 -0.00490677 -0.0998795
      vertex -0 -0.014673 -0.0989176
      vertex -0.00143821 -0.0146024 -0.0989176
    endloop
  endfacet
  facet normal 0.0048158 -0.098017 -0.995173
    outer loop
      vertex -0 -0.00490677 -0.0998795
      vertex 0.000480947 -0.00488314 -0.0998795
      vertex -0 -0.014673 -0.0989176
    endloop
  endfacet
  facet normal 0.00481153 -0.0980168 -0.995173
    outer loop
      vertex 0.000480947 -0.00488314 -0.0998795
      vertex 0.00143821 -0.0146024 -0.0989176
      vertex -0 -0.014673 -0.0989176
    endloop
  endfacet
  facet normal 0.0143984 -0.0970726 -0.995173
    outer loop
      vertex 0.000480947 -0.00488314 -0.0998795
      vertex 0.000957263 -0.00481249 -0.0998795
      vertex 0.00143821 -0.0146024 -0.0989176
    endloop
  endfacet
  facet normal 0.0144004 -0.0970725 -0.995173
    outer loop
      vertex 0.000957263 -0.00481249 -0.0998795
      vertex 0.00286257 -0.0143911 -0.0989176
      vertex 0.00143821 -0.0146024 -0.0989176
    endloop
  endfacet
  facet normal 0.0238464 -0.0951936 -0.995173
    outer loop
      vertex 0.000957263 -0.00481249 -0.0998795
      vertex 0.00142436 -0.00469548 -0.0998795
      vertex 0.00286257 -0.0143911 -0.0989176
    endloop
  endfacet
  facet normal 0.0238463 -0.0951936 -0.995173
    outer loop
      vertex 0.00142436 -0.00469548 -0.0998795
      vertex 0.00425936 -0.0140412 -0.0989176
      vertex 0.00286257 -0.0143911 -0.0989176
    endloop
  endfacet
  facet normal 0.0330603 -0.0923986 -0.995173
    outer loop
      vertex 0.00142436 -0.00469548 -0.0998795
      vertex 0.00187774 -0.00453326 -0.0998795
      vertex 0.00425936 -0.0140412 -0.0989176
    endloop
  endfacet
  facet normal 0.0330606 -0.0923985 -0.995173
    outer loop
      vertex 0.00187774 -0.00453326 -0.0998795
      vertex 0.00561513 -0.0135561 -0.0989176
      vertex 0.00425936 -0.0140412 -0.0989176
    endloop
  endfacet
  facet normal 0.0419587 -0.0887128 -0.995173
    outer loop
      vertex 0.00187774 -0.00453326 -0.0998795
      vertex 0.00231303 -0.00432738 -0.0998795
      vertex 0.00561513 -0.0135561 -0.0989176
    endloop
  endfacet
  facet normal 0.0419547 -0.0887142 -0.995173
    outer loop
      vertex 0.00231303 -0.00432738 -0.0998795
      vertex 0.00691683 -0.0129405 -0.0989176
      vertex 0.00561513 -0.0135561 -0.0989176
    endloop
  endfacet
  facet normal 0.0504505 -0.0841731 -0.995173
    outer loop
      vertex 0.00231303 -0.00432738 -0.0998795
      vertex 0.00272605 -0.00407983 -0.0998795
      vertex 0.00691683 -0.0129405 -0.0989176
    endloop
  endfacet
  facet normal 0.0504524 -0.0841722 -0.995173
    outer loop
      vertex 0.00272605 -0.00407983 -0.0998795
      vertex 0.00815191 -0.0122002 -0.0989176
      vertex 0.00691683 -0.0129405 -0.0989176
    endloop
  endfacet
  facet normal 0.058459 -0.0788223 -0.995173
    outer loop
      vertex 0.00272605 -0.00407983 -0.0998795
      vertex 0.00311282 -0.00379298 -0.0998795
      vertex 0.00815191 -0.0122002 -0.0989176
    endloop
  endfacet
  facet normal 0.0584601 -0.0788217 -0.995173
    outer loop
      vertex 0.00311282 -0.00379298 -0.0998795
      vertex 0.00930848 -0.0113424 -0.0989176
      vertex 0.00815191 -0.0122002 -0.0989176
    endloop
  endfacet
  facet normal 0.0659027 -0.0727137 -0.995173
    outer loop
      vertex 0.00311282 -0.00379298 -0.0998795
      vertex 0.00346961 -0.00346961 -0.0998795
      vertex 0.00930848 -0.0113424 -0.0989176
    endloop
  endfacet
  facet normal 0.0659034 -0.0727132 -0.995173
    outer loop
      vertex 0.00346961 -0.00346961 -0.0998795
      vertex 0.0103754 -0.0103754 -0.0989176
      vertex 0.00930848 -0.0113424 -0.0989176
    endloop
  endfacet
  facet normal 0.0727138 -0.0659028 -0.995173
    outer loop
      vertex 0.00346961 -0.00346961 -0.0998795
      vertex 0.00379298 -0.00311282 -0.0998795
      vertex 0.0103754 -0.0103754 -0.0989176
    endloop
  endfacet
  facet normal 0.0727132 -0.0659034 -0.995173
    outer loop
      vertex 0.00379298 -0.00311282 -0.0998795
      vertex 0.0113424 -0.00930848 -0.0989176
      vertex 0.0103754 -0.0103754 -0.0989176
    endloop
  endfacet
  facet normal 0.0788225 -0.0584591 -0.995173
    outer loop
      vertex 0.00379298 -0.00311282 -0.0998795
      vertex 0.00407983 -0.00272605 -0.0998795
      vertex 0.0113424 -0.00930848 -0.0989176
    endloop
  endfacet
  facet normal 0.0788216 -0.0584601 -0.995173
    outer loop
      vertex 0.00407983 -0.00272605 -0.0998795
      vertex 0.0122002 -0.00815191 -0.0989176
      vertex 0.0113424 -0.00930848 -0.0989176
    endloop
  endfacet
  facet normal 0.0841734 -0.0504506 -0.995173
    outer loop
      vertex 0.00407983 -0.00272605 -0.0998795
      vertex 0.00432738 -0.00231303 -0.0998795
      vertex 0.0122002 -0.00815191 -0.0989176
    endloop
  endfacet
  facet normal 0.0841721 -0.0504523 -0.995173
    outer loop
      vertex 0.00432738 -0.00231303 -0.0998795
      vertex 0.0129405 -0.00691683 -0.0989176
      vertex 0.0122002 -0.00815191 -0.0989176
    endloop
  endfacet
  facet normal 0.0887122 -0.0419584 -0.995173
    outer loop
      vertex 0.00432738 -0.00231303 -0.0998795
      vertex 0.00453326 -0.00187774 -0.0998795
      vertex 0.0129405 -0.00691683 -0.0989176
    endloop
  endfacet
  facet normal 0.0887144 -0.0419548 -0.995173
    outer loop
      vertex 0.00453326 -0.00187774 -0.0998795
      vertex 0.0135561 -0.00561513 -0.0989176
      vertex 0.0129405 -0.00691683 -0.0989176
    endloop
  endfacet
  facet normal 0.0923986 -0.0330603 -0.995173
    outer loop
      vertex 0.00453326 -0.00187774 -0.0998795
      vertex 0.00469548 -0.00142436 -0.0998795
      vertex 0.0135561 -0.00561513 -0.0989176
    endloop
  endfacet
  facet normal 0.0923985 -0.0330606 -0.995173
    outer loop
      vertex 0.00469548 -0.00142436 -0.0998795
      vertex 0.0140412 -0.00425936 -0.0989176
      vertex 0.0135561 -0.00561513 -0.0989176
    endloop
  endfacet
  facet normal 0.0951936 -0.0238464 -0.995173
    outer loop
      vertex 0.00469548 -0.00142436 -0.0998795
      vertex 0.00481249 -0.000957263 -0.0998795
      vertex 0.0140412 -0.00425936 -0.0989176
    endloop
  endfacet
  facet normal 0.0951936 -0.0238463 -0.995173
    outer loop
      vertex 0.00481249 -0.000957263 -0.0998795
      vertex 0.0143911 -0.00286257 -0.0989176
      vertex 0.0140412 -0.00425936 -0.0989176
    endloop
  endfacet
  facet normal 0.0970729 -0.0143984 -0.995173
    outer loop
      vertex 0.00481249 -0.000957263 -0.0998795
      vertex 0.00488314 -0.000480947 -0.0998795
      vertex 0.0143911 -0.00286257 -0.0989176
    endloop
  endfacet
  facet normal 0.0970724 -0.0144004 -0.995173
    outer loop
      vertex 0.00488314 -0.000480947 -0.0998795
      vertex 0.0146024 -0.00143821 -0.0989176
      vertex 0.0143911 -0.00286257 -0.0989176
    endloop
  endfacet
  facet normal 0.0980164 -0.00481577 -0.995173
    outer loop
      vertex 0.00488314 -0.000480947 -0.0998795
      vertex 0.00490677 0 -0.0998795
      vertex 0.0146024 -0.00143821 -0.0989176
    endloop
  endfacet
  facet normal 0.098017 -0.00481154 -0.995173
    outer loop
      vertex 0.00490677 0 -0.0998795
      vertex 0.014673 0 -0.0989176
      vertex 0.0146024 -0.00143821 -0.0989176
    endloop
  endfacet
  facet normal 0 0 -1
    outer loop
      vertex 0.00488314 -0.000480947 -0.0998795
      vertex 0.00488314 0.000480947 -0.0998795
      vertex 0.00490677 0 -0.0998795
    endloop
  endfacet
  facet normal 0 0 -1
    outer loop
      vertex 0.00481249 -0.000957263 -0.0998795
      vertex 0.00488314 0.000480947 -0.0998795
      vertex 0.00488314 -0.000480947 -0.0998795
    endloop
  endfacet
  facet normal 0 0 -1
    outer loop
      vertex 0.00481249 -0.000957263 -0.0998795
      vertex 0.00481249 0.000957263 -0.0998795
      vertex 0.00488314 0.000480947 -0.0998795
    endloop
  endfacet
  facet normal 0 0 -1
    outer loop
      vertex 0.00469548 -0.00142436 -0.0998795
      vertex 0.00481249 0.000957263 -0.0998795
      vertex 0.00481249 -0.000957263 -0.0998795
    endloop
  endfacet
  facet normal 0 0 -1
    outer loop
      vertex 0.00469548 -0.00142436 -0.0998795
      vertex 0.00469548 0.00142436 -0.0998795
      vertex 0.00481249 0.000957263 -0.0998795
    endloop
  endfacet
  facet normal 0 0 -1
    outer loop
      vertex 0.00453326 -0.00187774 -0.0998795
      vertex 0.00469548 0.00142436 -0.0998795
      vertex 0.00469548 -0.00142436 -0.0998795
    endloop
  endfacet
  facet normal 0 0 -1
    outer loop
      vertex 0.00453326 -0.00187774 -0.0998795
      vertex 0.00453326 0.00187774 -0.0998795
      vertex 0.00469548 0.00142436 -0.0998795
    endloop
  endfacet
  facet normal 0 0 -1
    outer loop
      vertex 0.00432738 -0.00231303 -0.0998795
      vertex 0.00453326 0.00187774 -0.0998795
      vertex 0.00453326 -0.00187774 -0.0998795
    endloop
  endfacet
  facet normal 0 0 -1
    outer loop
      vertex 0.00432738 -0.00231303 -0.0998795
      vertex 0.00432738 0.00231303 -0.0998795
      vertex 0.00453326 0.00187774 -0.0998795
    endloop
  endfacet
  facet normal 0 0 -1
    outer loop
      vertex 0.00407983 -0.00272605 -0.0998795
      vertex 0.00432738 0.00231303 -0.0998795
      vertex 0.00432738 -0.00231303 -0.0998795
    endloop
  endfacet
  facet normal 0 0 -1
    outer loop
      vertex 0.00407983 -0.00272605 -0.0998795
      vertex 0.00407983 0.00272605 -0.0998795
      vertex 0.00432738 0.00231303 -0.0998795
    endloop
  endfacet
  facet normal 0 0 -1
    outer loop
      vertex 0.00379298 -0.00311282 -0.0998795
      vertex 0.00407983 0.00272605 -0.0998795
      vertex 0.00407983 -0.00272605 -0.0998795
    endloop
  endfacet
  facet normal 0 0 -1
    outer loop
      vertex 0.00379298 -0.00311282 -0.0998795
      vertex 0.00379298 0.00311282 -0.0998795
      vertex 0.00407983 0.00272605 -0.0998795
    endloop
  endfacet
  facet normal 0 0 -1
    outer loop
      vertex 0.00346961 -0.00346961 -0.0998795
      vertex 0.00379298 0.00311282 -0.0998795
      vertex 0.00379298 -0.00311282 -0.0998795
    endloop
  endfacet
  facet normal 0 0 -1
    outer loop
      vertex 0.00346961 -0.00346961 -0.0998795
      vertex 0.00346961 0.00346961 -0.0998795
      vertex 0.00379298 0.00311282 -0.0998795
    endloop
  endfacet
  facet normal 0 0 -1
    outer loop
      vertex 0.00311282 -0.00379298 -0.0998795
      vertex 0.00346961 0.00346961 -0.0998795
      vertex 0.00346961 -0.00346961 -0.0998795
    endloop
  endfacet
  facet normal 0 0 -1
    outer loop
      vertex 0.00311282 -0.00379298 -0.0998795
      vertex 0.00311282 0.00379298 -0.0998795
      vertex 0.00346961 0.00346961 -0.0998795
    endloop
  endfacet
  facet normal 0 0 -1
    outer loop
      vertex 0.00272605 -0.00407983 -0.0998795
      vertex 0.00311282 0.00379298 -0.0998795
      vertex 0.00311282 -0.00379298 -0.0998795
    endloop
  endfacet
  facet normal 0 0 -1
    outer loop
      vertex 0.00272605 -0.00407983 -0.0998795
      vertex 0.00272605 0.00407983 -0.0998795
      vertex 0.00311282 0.00379298 -0.0998795
    endloop
  endfacet
  facet normal 0 0 -1
    outer loop
      vertex 0.00231303 -0.00432738 -0.0998795
      vertex 0.00272605 0.00407983 -0.0998795
      vertex 0.00272605 -0.00407983 -0.0998795
    endloop
  endfacet
  facet normal 0 0 -1
    outer loop
      vertex 0.00231303 -0.00432738 -0.0998795
      vertex 0.00231303 0.00432738 -0.0998795
      vertex 0.00272605 0.00407983 -0.0998795
    endloop
  endfacet
  facet normal 0 0 -1
    outer loop
      vertex 0.00187774 -0.00453326 -0.0998795
      vertex 0.00231303 0.00432738 -0.0998795
      vertex 0.00231303 -0.00432738 -0.0998795
    endloop
  endfacet
  facet normal 0 0 -1
    outer loop
      vertex 0.00187774 -0.00453326 -0.0998795
      vertex 0.00187774 0.00453326 -0.0998795
      vertex 0.00231303 0.00432738 -0.0998795
    endloop
  endfacet
  facet normal 0 0 -1
    outer loop
      vertex 0.00142436 -0.00469548 -0.0998795
      vertex 0.00187774 0.00453326 -0.0998795
      vertex 0.00187774 -0.00453326 -0.0998795
    endloop
  endfacet
  facet normal 0 0 -1
    outer loop
      vertex 0.00142436 -0.00469548 -0.0998795
      vertex 0.00142436 0.00469548 -0.0998795
      vertex 0.00187774 0.00453326 -0.0998795
    endloop
  endfacet
  facet normal 0 0 -1
    outer loop
      vertex 0.000957263 -0.00481249 -0.0998795
      vertex 0.00142436 0.00469548 -0.0998795
      vertex 0.00142436 -0.00469548 -0.0998795
    endloop
  endfacet
  facet normal 0 0 -1
    outer loop
      vertex 0.000957263 -0.00481249 -0.0998795
      vertex 0.000957263 0.00481249 -0.0998795
      vertex 0.00142436 0.00469548 -0.0998795
    endloop
  endfacet
  facet normal 0 0 -1
    outer loop
      vertex 0.000480947 -0.00488314 -0.0998795
      vertex 0.000957263 0.00481249 -0.0998795
      vertex 0.000957263 -0.00481249 -0.0998795
    endloop
  endfacet
  facet normal 0 0 -1
    outer loop
      vertex 0.000480947 -0.00488314 -0.0998795
      vertex 0.000480947 0.00488314 -0.0998795
      vertex 0.000957263 0.00481249 -0.0998795
    endloop
  endfacet
  facet normal 0 0 -1
    outer loop
      vertex -0 -0.00490677 -0.0998795
      vertex 0.000480947 0.00488314 -0.0998795
      vertex 0.000480947 -0.00488314 -0.0998795
    endloop
  endfacet
  facet normal 0 0 -1
    outer loop
      vertex -0 -0.00490677 -0.0998795
      vertex 0 0.00490677 -0.0998795
      vertex 0.000480947 0.00488314 -0.0998795
    endloop
  endfacet
  facet normal 0 0 -1
    outer loop
      vertex -0.000480947 -0.00488314 -0.0998795
      vertex 0 0.00490677 -0.0998795
      vertex -0 -0.00490677 -0.0998795
    endloop
  endfacet
  facet normal 0 0 -1
    outer loop
      vertex -0.000480947 -0.00488314 -0.0998795
      vertex -0.000480947 0.00488314 -0.0998795
      vertex 0 0.00490677 -0.0998795
    endloop
  endfacet
  facet normal 0 0 -1
    outer loop
      vertex -0.000957263 -0.00481249 -0.0998795
      vertex -0.000480947 0.00488314 -0.0998795
      vertex -0.000480947 -0.00488314 -0.0998795
    endloop
  endfacet
  facet normal 0 0 -1
    outer loop
      vertex -0.000957263 -0.00481249 -0.0998795
      vertex -0.000957263 0.00481249 -0.0998795
      vertex -0.000480947 0.00488314 -0.0998795
    endloop
  endfacet
  facet normal 0 0 -1
    outer loop
      vertex -0.00142436 -0.00469548 -0.0998795
      vertex -0.000957263 0.00481249 -0.0998795
      vertex -0.000957263 -0.00481249 -0.0998795
    endloop
  endfacet
  facet normal 0 0 -1
    outer loop
      vertex -0.00142436 -0.00469548 -0.0998795
      vertex -0.00142436 0.00469548 -0.0998795
      vertex -0.000957263 0.00481249 -0.0998795
    endloop
  endfacet
  facet normal 0 0 -1
    outer loop
      vertex -0.00187774 -0.00453326 -0.0998795
      vertex -0.00142436 0.00469548 -0.0998795
      vertex -0.00142436 -0.00469548 -0.0998795
    endloop
  endfacet
  facet normal 0 0 -1
    outer loop
      vertex -0.00187774 -0.00453326 -0.0998795
      vertex -0.00187774 0.00453326 -0.0998795
      vertex -0.00142436 0.00469548 -0.0998795
    endloop
  endfacet
  facet normal 0 0 -1
    outer loop
      vertex -0.00231303 -0.00432738 -0.0998795
      vertex -0.00187774 0.00453326 -0.0998795
      vertex -0.00187774 -0.00453326 -0.0998795
    endloop
  endfacet
  facet normal 0 0 -1
    outer loop
      vertex -0.00231303 -0.00432738 -0.0998795
      vertex -0.00231303 0.00432738 -0.0998795
      vertex -0.00187774 0.00453326 -0.0998795
    endloop
  endfacet
  facet normal 0 0 -1
    outer loop
      vertex -0.00272605 -0.00407983 -0.0998795
      vertex -0.00231303 0.00432738 -0.0998795
      vertex -0.00231303 -0.00432738 -0.0998795
    endloop
  endfacet
  facet normal 0 0 -1
    outer loop
      vertex -0.00272605 -0.00407983 -0.0998795
      vertex -0.00272605 0.00407983 -0.0998795
      vertex -0.00231303 0.00432738 -0.0998795
    endloop
  endfacet
  facet normal 0 0 -1
    outer loop
      vertex -0.00311282 -0.00379298 -0.0998795
      vertex -0.00272605 0.00407983 -0.0998795
      vertex -0.00272605 -0.00407983 -0.0998795
    endloop
  endfacet
  facet normal 0 0 -1
    outer loop
      vertex -0.00311282 -0.00379298 -0.0998795
      vertex -0.00311282 0.00379298 -0.0998795
      vertex -0.00272605 0.00407983 -0.0998795
    endloop
  endfacet
  facet normal 0 0 -1
    outer loop
      vertex -0.00346961 -0.00346961 -0.0998795
      vertex -0.00311282 0.00379298 -0.0998795
      vertex -0.00311282 -0.00379298 -0.0998795
    endloop
  endfacet
  facet normal 0 0 -1
    outer loop
      vertex -0.00346961 -0.00346961 -0.0998795
      vertex -0.00346961 0.00346961 -0.0998795
      vertex -0.00311282 0.00379298 -0.0998795
    endloop
  endfacet
  facet normal 0 0 -1
    outer loop
      vertex -0.00379298 -0.00311282 -0.0998795
      vertex -0.00346961 0.00346961 -0.0998795
      vertex -0.00346961 -0.00346961 -0.0998795
    endloop
  endfacet
  facet normal 0 0 -1
    outer loop
      vertex -0.00379298 -0.00311282 -0.0998795
      vertex -0.00379298 0.00311282 -0.0998795
      vertex -0.00346961 0.00346961 -0.0998795
    endloop
  endfacet
  facet normal 0 0 -1
    outer loop
      vertex -0.00407983 -0.00272605 -0.0998795
      vertex -0.00379298 0.00311282 -0.0998795
      vertex -0.00379298 -0.00311282 -0.0998795
    endloop
  endfacet
  facet normal 0 0 -1
    outer loop
      vertex -0.00407983 -0.00272605 -0.0998795
      vertex -0.00407983 0.00272605 -0.0998795
      vertex -0.00379298 0.00311282 -0.0998795
    endloop
  endfacet
  facet normal 0 0 -1
    outer loop
      vertex -0.00432738 -0.00231303 -0.0998795
      vertex -0.00407983 0.00272605 -0.0998795
      vertex -0.00407983 -0.00272605 -0.0998795
    endloop
  endfacet
  facet normal 0 0 -1
    outer loop
      vertex -0.00432738 -0.00231303 -0.0998795
      vertex -0.00432738 0.00231303 -0.0998795
      vertex -0.00407983 0.00272605 -0.0998795
    endloop
  endfacet
  facet normal 0 0 -1
    outer loop
      vertex -0.00453326 -0.00187774 -0.0998795
      vertex -0.00432738 0.00231303 -0.0998795
      vertex -0.00432738 -0.00231303 -0.0998795
    endloop
  endfacet
  facet normal 0 0 -1
    outer loop
      vertex -0.00453326 -0.00187774 -0.0998795
      vertex -0.00453326 0.00187774 -0.0998795
      vertex -0.00432738 0.00231303 -0.0998795
    endloop
  endfacet
  facet normal 0 0 -1
    outer loop
      vertex -0.00469548 -0.00142436 -0.0998795
      vertex -0.00453326 0.00187774 -0.0998795
      vertex -0.00453326 -0.00187774 -0.0998795
    endloop
  endfacet
  facet normal 0 0 -1
    outer loop
      vertex -0.00469548 -0.00142436 -0.0998795
      vertex -0.00469548 0.00142436 -0.0998795
      vertex -0.00453326 0.00187774 -0.0998795
    endloop
  endfacet
  facet normal 0 0 -1
    outer loop
      vertex -0.00481249 -0.000957263 -0.0998795
      vertex -0.00469548 0.00142436 -0.0998795
      vertex -0.00469548 -0.00142436 -0.0998795
    endloop
  endfacet
  facet normal 0 0 -1
    outer loop
      vertex -0.00481249 -0.000957263 -0.0998795
      vertex -0.00481249 0.000957263 -0.0998795
      vertex -0.00469548 0.00142436 -0.0998795
    endloop
  endfacet
  facet normal 0 0 -1
    outer loop
      vertex -0.00488314 -0.000480947 -0.0998795
      vertex -0.00481249 0.000957263 -0.0998795
      vertex -0.00481249 -0.000957263 -0.0998795
    endloop
  endfacet
  facet normal 0 0 -1
    outer loop
      vertex -0.00488314 -0.000480947 -0.0998795
      vertex -0.00488314 0.000480947 -0.0998795
      vertex -0.00481249 0.000957263 -0.0998795
    endloop
  endfacet
  facet normal 0 -0 -1
    outer loop
      vertex -0.00488314 0.000480947 -0.0998795
      vertex -0.00488314 -0.000480947 -0.0998795
      vertex -0.00490677 -0 -0.0998795
    endloop
  endfacet
endsolid OpenSCAD_Model
