solid OpenSCAD_Model
  facet normal 0.654827 0.75302 -0.0645183
    outer loop
      vertex 0.0129461 0.0424991 -0.00257492
      vertex 0.00399971 0.0504995 0
      vertex 0.0131998 0.0424991 0
    endloop
  endfacet
  facet normal 0.0645183 0.75302 0.654827
    outer loop
      vertex 0 0.0504995 0.00399971
      vertex 0 0.0424991 0.0131998
      vertex 0.00257492 0.0424991 0.0129461
    endloop
  endfacet
  facet normal 0.508738 0.753012 -0.417324
    outer loop
      vertex 0.00933361 0.0424991 -0.00933361
      vertex 0.00332546 0.0504995 -0.00222206
      vertex 0.0109749 0.0424991 -0.0073328
    endloop
  endfacet
  facet normal 0.417324 0.753012 -0.508738
    outer loop
      vertex 0.0073328 0.0424991 -0.0109749
      vertex 0.00222206 0.0504995 -0.00332546
      vertex 0.00933361 0.0424991 -0.00933361
    endloop
  endfacet
  facet normal -0.191129 0.752997 -0.629655
    outer loop
      vertex -0.00257492 0.0424991 -0.0129461
      vertex -0.00505066 0.0424991 -0.0121946
      vertex -0.00153065 0.0504995 -0.00369549
    endloop
  endfacet
  facet normal -0.508738 0.753012 -0.417324
    outer loop
      vertex -0.00933361 0.0424991 -0.00933361
      vertex -0.0109749 0.0424991 -0.0073328
      vertex -0.00332546 0.0504995 -0.00222206
    endloop
  endfacet
  facet normal -0.654827 0.75302 -0.0645183
    outer loop
      vertex -0.0129461 0.0424991 -0.00257492
      vertex -0.0131998 0.0424991 0
      vertex -0.00399971 0.0504995 0
    endloop
  endfacet
  facet normal -0.629787 0.753061 0.19044
    outer loop
      vertex -0.00379702 0.0504995 0.00119489
      vertex -0.0129461 0.0424991 0.00257492
      vertex -0.00369549 0.0504995 0.00153065
    endloop
  endfacet
  facet normal -0.629783 0.753059 0.190461
    outer loop
      vertex -0.00387714 0.0504995 0.000929963
      vertex -0.0129461 0.0424991 0.00257492
      vertex -0.00379702 0.0504995 0.00119489
    endloop
  endfacet
  facet normal -0.629783 0.753059 0.19046
    outer loop
      vertex -0.0129461 0.0424991 0.00257492
      vertex -0.00387714 0.0504995 0.000929963
      vertex -0.00392246 0.0504995 0.000780106
    endloop
  endfacet
  facet normal 0.58014 0.753023 -0.310473
    outer loop
      vertex 0.0109749 0.0424991 -0.0073328
      vertex 0.00352993 0.0504995 -0.00184001
      vertex 0.00369549 0.0504995 -0.00153065
    endloop
  endfacet
  facet normal 0.58014 0.753024 -0.310472
    outer loop
      vertex 0.00339995 0.0504995 -0.00208287
      vertex 0.0109749 0.0424991 -0.0073328
      vertex 0.00332546 0.0504995 -0.00222206
    endloop
  endfacet
  facet normal 0.58013 0.753025 -0.310489
    outer loop
      vertex 0.00352993 0.0504995 -0.00184001
      vertex 0.0109749 0.0424991 -0.0073328
      vertex 0.00339995 0.0504995 -0.00208287
    endloop
  endfacet
  facet normal 0.508248 0.753074 0.417808
    outer loop
      vertex 0.00332546 0.0504995 0.00222206
      vertex 0.00282764 0.0504995 0.00282764
      vertex 0.00933361 0.0424991 0.00933361
    endloop
  endfacet
  facet normal 0.508738 0.753012 0.417324
    outer loop
      vertex 0.0109749 0.0424991 0.0073328
      vertex 0.00332546 0.0504995 0.00222206
      vertex 0.00933361 0.0424991 0.00933361
    endloop
  endfacet
  facet normal 0.654827 0.75302 0.0645183
    outer loop
      vertex 0.0131998 0.0424991 0
      vertex 0.00399971 0.0504995 0
      vertex 0.0129461 0.0424991 0.00257492
    endloop
  endfacet
  facet normal 0.191129 0.752997 -0.629655
    outer loop
      vertex 0.00257492 0.0424991 -0.0129461
      vertex 0.00153065 0.0504995 -0.00369549
      vertex 0.00505066 0.0424991 -0.0121946
    endloop
  endfacet
  facet normal 0.310169 0.75299 -0.580346
    outer loop
      vertex 0.00505066 0.0424991 -0.0121946
      vertex 0.00153065 0.0504995 -0.00369549
      vertex 0.0073328 0.0424991 -0.0109749
    endloop
  endfacet
  facet normal 0.310489 0.753025 -0.58013
    outer loop
      vertex 0.0073328 0.0424991 -0.0109749
      vertex 0.00184001 0.0504995 -0.00352993
      vertex 0.00208287 0.0504995 -0.00339995
    endloop
  endfacet
  facet normal 0.310473 0.753023 -0.58014
    outer loop
      vertex 0.00184001 0.0504995 -0.00352993
      vertex 0.0073328 0.0424991 -0.0109749
      vertex 0.00153065 0.0504995 -0.00369549
    endloop
  endfacet
  facet normal 0.310472 0.753024 -0.58014
    outer loop
      vertex 0.0073328 0.0424991 -0.0109749
      vertex 0.00208287 0.0504995 -0.00339995
      vertex 0.00222206 0.0504995 -0.00332546
    endloop
  endfacet
  facet normal -0.190461 0.753059 -0.629783
    outer loop
      vertex -0.00257492 0.0424991 -0.0129461
      vertex -0.00119489 0.0504995 -0.00379702
      vertex -0.000929963 0.0504995 -0.00387714
    endloop
  endfacet
  facet normal -0.19044 0.753061 -0.629787
    outer loop
      vertex -0.00119489 0.0504995 -0.00379702
      vertex -0.00257492 0.0424991 -0.0129461
      vertex -0.00153065 0.0504995 -0.00369549
    endloop
  endfacet
  facet normal -0.19046 0.753059 -0.629783
    outer loop
      vertex -0.00257492 0.0424991 -0.0129461
      vertex -0.000929963 0.0504995 -0.00387714
      vertex -0.000780106 0.0504995 -0.00392246
    endloop
  endfacet
  facet normal 0.19044 0.753061 -0.629787
    outer loop
      vertex 0.00257492 0.0424991 -0.0129461
      vertex 0.00119489 0.0504995 -0.00379702
      vertex 0.00153065 0.0504995 -0.00369549
    endloop
  endfacet
  facet normal 0.19046 0.753059 -0.629783
    outer loop
      vertex 0.000929963 0.0504995 -0.00387714
      vertex 0.00257492 0.0424991 -0.0129461
      vertex 0.000780106 0.0504995 -0.00392246
    endloop
  endfacet
  facet normal 0.190461 0.753059 -0.629783
    outer loop
      vertex 0.00119489 0.0504995 -0.00379702
      vertex 0.00257492 0.0424991 -0.0129461
      vertex 0.000929963 0.0504995 -0.00387714
    endloop
  endfacet
  facet normal 0.0645183 0.75302 -0.654827
    outer loop
      vertex 0.00257492 0.0424991 -0.0129461
      vertex 0 0.0424991 -0.0131998
      vertex 0 0.0504995 -0.00399971
    endloop
  endfacet
  facet normal -0.508248 0.753074 -0.417808
    outer loop
      vertex -0.00282764 0.0504995 -0.00282764
      vertex -0.00933361 0.0424991 -0.00933361
      vertex -0.00332546 0.0504995 -0.00222206
    endloop
  endfacet
  facet normal -0.580346 0.75299 -0.310169
    outer loop
      vertex -0.0109749 0.0424991 -0.0073328
      vertex -0.0121946 0.0424991 -0.00505066
      vertex -0.00369549 0.0504995 -0.00153065
    endloop
  endfacet
  facet normal -0 -1 0
    outer loop
      vertex 0.00386333 0.0504995 -0.00103474
      vertex 0.00387714 0.0504995 -0.000929963
      vertex 0.00379702 0.0504995 -0.00119489
    endloop
  endfacet
  facet normal -0 1 -0
    outer loop
      vertex -0.000780106 0.0504995 -0.00392246
      vertex -0.000929963 0.0504995 -0.00387714
      vertex 0 0.0504995 -0.00399971
    endloop
  endfacet
  facet normal 0 1 -0
    outer loop
      vertex 0.000780106 0.0504995 -0.00392246
      vertex 0 0.0504995 -0.00399971
      vertex 0.000929963 0.0504995 -0.00387714
    endloop
  endfacet
  facet normal 0 1 0
    outer loop
      vertex -0.00208287 0.0504995 0.00339995
      vertex -0.00282764 0.0504995 0.00282764
      vertex -0.00222206 0.0504995 0.00332546
    endloop
  endfacet
  facet normal 0 1 0
    outer loop
      vertex -0.00282764 0.0504995 0.00282764
      vertex -0.00339995 0.0504995 0.00208287
      vertex -0.00332546 0.0504995 0.00222206
    endloop
  endfacet
  facet normal -0 -1 0
    outer loop
      vertex 0.00199986 0.0504995 -0.00346375
      vertex 0.00208287 0.0504995 -0.00339995
      vertex 0.00184001 0.0504995 -0.00352993
    endloop
  endfacet
  facet normal -0 1 -0
    outer loop
      vertex -0.00332546 0.0504995 -0.00222206
      vertex -0.00339995 0.0504995 -0.00208287
      vertex -0.00282764 0.0504995 -0.00282764
    endloop
  endfacet
  facet normal -0 1 -0
    outer loop
      vertex -0.00222206 0.0504995 -0.00332546
      vertex -0.00282764 0.0504995 -0.00282764
      vertex -0.00208287 0.0504995 -0.00339995
    endloop
  endfacet
  facet normal 0 -1 0
    outer loop
      vertex 0.00352993 0.0504995 0.00184001
      vertex 0.00346375 0.0504995 0.00199986
      vertex 0.00339995 0.0504995 0.00208287
    endloop
  endfacet
  facet normal 0 -1 0
    outer loop
      vertex -0.00379702 0.0504995 0.00119489
      vertex -0.00386333 0.0504995 0.00103474
      vertex -0.00387714 0.0504995 0.000929963
    endloop
  endfacet
  facet normal 0 -1 0
    outer loop
      vertex -0.00339995 0.0504995 0.00208287
      vertex -0.00346375 0.0504995 0.00199986
      vertex -0.00352993 0.0504995 0.00184001
    endloop
  endfacet
  facet normal 0 1 0
    outer loop
      vertex -0.00387714 0.0504995 0.000929963
      vertex -0.00399971 0.0504995 0
      vertex -0.00392246 0.0504995 0.000780106
    endloop
  endfacet
  facet normal -0 1 -0
    outer loop
      vertex -0.00392246 0.0504995 -0.000780106
      vertex -0.00399971 0.0504995 0
      vertex -0.00387714 0.0504995 -0.000929963
    endloop
  endfacet
  facet normal -0 -1 0
    outer loop
      vertex 0.00346375 0.0504995 -0.00199986
      vertex 0.00352993 0.0504995 -0.00184001
      vertex 0.00339995 0.0504995 -0.00208287
    endloop
  endfacet
  facet normal -0 -1 0
    outer loop
      vertex 0.00103474 0.0504995 -0.00386333
      vertex 0.00119489 0.0504995 -0.00379702
      vertex 0.000929963 0.0504995 -0.00387714
    endloop
  endfacet
  facet normal 0 -1 0
    outer loop
      vertex -0.00346375 0.0504995 -0.00199986
      vertex -0.00339995 0.0504995 -0.00208287
      vertex -0.00352993 0.0504995 -0.00184001
    endloop
  endfacet
  facet normal 0 -1 0
    outer loop
      vertex -0.00199986 0.0504995 -0.00346375
      vertex -0.00184001 0.0504995 -0.00352993
      vertex -0.00208287 0.0504995 -0.00339995
    endloop
  endfacet
  facet normal 0 -1 0
    outer loop
      vertex 0.00387714 0.0504995 0.000929963
      vertex 0.00386333 0.0504995 0.00103474
      vertex 0.00379702 0.0504995 0.00119489
    endloop
  endfacet
  facet normal 0 1 0
    outer loop
      vertex 0.00399971 0.0504995 0
      vertex 0.00387714 0.0504995 0.000929963
      vertex 0.00392246 0.0504995 0.000780106
    endloop
  endfacet
  facet normal 0 1 -0
    outer loop
      vertex 0.00392246 0.0504995 -0.000780106
      vertex 0.00387714 0.0504995 -0.000929963
      vertex 0.00399971 0.0504995 0
    endloop
  endfacet
  facet normal 0 -1 0
    outer loop
      vertex 0.00119489 0.0504995 0.00379702
      vertex 0.00103474 0.0504995 0.00386333
      vertex 0.000929963 0.0504995 0.00387714
    endloop
  endfacet
  facet normal 0 1 0
    outer loop
      vertex 0.000929963 0.0504995 0.00387714
      vertex 0 0.0504995 0.00399971
      vertex 0.000780106 0.0504995 0.00392246
    endloop
  endfacet
  facet normal 0 1 0
    outer loop
      vertex 0 0.0504995 0.00399971
      vertex -0.000929963 0.0504995 0.00387714
      vertex -0.000780106 0.0504995 0.00392246
    endloop
  endfacet
  facet normal 0 -1 0
    outer loop
      vertex 0.00208287 0.0504995 0.00339995
      vertex 0.00199986 0.0504995 0.00346375
      vertex 0.00184001 0.0504995 0.00352993
    endloop
  endfacet
  facet normal 0 -1 0
    outer loop
      vertex -0.00184001 0.0504995 0.00352993
      vertex -0.00199986 0.0504995 0.00346375
      vertex -0.00208287 0.0504995 0.00339995
    endloop
  endfacet
  facet normal 0 1 -0
    outer loop
      vertex 0.00332546 0.0504995 -0.00222206
      vertex 0.00282764 0.0504995 -0.00282764
      vertex 0.00339995 0.0504995 -0.00208287
    endloop
  endfacet
  facet normal 0 1 -0
    outer loop
      vertex 0.00222206 0.0504995 -0.00332546
      vertex 0.00208287 0.0504995 -0.00339995
      vertex 0.00282764 0.0504995 -0.00282764
    endloop
  endfacet
  facet normal 0 -1 0
    outer loop
      vertex -0.00386333 0.0504995 -0.00103474
      vertex -0.00379702 0.0504995 -0.00119489
      vertex -0.00387714 0.0504995 -0.000929963
    endloop
  endfacet
  facet normal 0 -1 0
    outer loop
      vertex -0.00103474 0.0504995 -0.00386333
      vertex -0.000929963 0.0504995 -0.00387714
      vertex -0.00119489 0.0504995 -0.00379702
    endloop
  endfacet
  facet normal 0 1 0
    outer loop
      vertex 0.00282764 0.0504995 0.00282764
      vertex 0.00208287 0.0504995 0.00339995
      vertex 0.00222206 0.0504995 0.00332546
    endloop
  endfacet
  facet normal 0 1 0
    outer loop
      vertex 0.00339995 0.0504995 0.00208287
      vertex 0.00282764 0.0504995 0.00282764
      vertex 0.00332546 0.0504995 0.00222206
    endloop
  endfacet
  facet normal 0 -1 0
    outer loop
      vertex -0.000929963 0.0504995 0.00387714
      vertex -0.00103474 0.0504995 0.00386333
      vertex -0.00119489 0.0504995 0.00379702
    endloop
  endfacet
  facet normal 0 1 -0
    outer loop
      vertex 0.00153065 0.0504995 -0.00369549
      vertex 0.00119489 0.0504995 -0.00379702
      vertex 0.00184001 0.0504995 -0.00352993
    endloop
  endfacet
  facet normal 0 1 -0
    outer loop
      vertex 0.00369549 0.0504995 -0.00153065
      vertex 0.00352993 0.0504995 -0.00184001
      vertex 0.00379702 0.0504995 -0.00119489
    endloop
  endfacet
  facet normal 0 1 0
    outer loop
      vertex 0.00184001 0.0504995 0.00352993
      vertex 0.00119489 0.0504995 0.00379702
      vertex 0.00153065 0.0504995 0.00369549
    endloop
  endfacet
  facet normal -0 1 -0
    outer loop
      vertex -0.00153065 0.0504995 -0.00369549
      vertex -0.00184001 0.0504995 -0.00352993
      vertex -0.00119489 0.0504995 -0.00379702
    endloop
  endfacet
  facet normal -0 1 -0
    outer loop
      vertex -0.00369549 0.0504995 -0.00153065
      vertex -0.00379702 0.0504995 -0.00119489
      vertex -0.00352993 0.0504995 -0.00184001
    endloop
  endfacet
  facet normal 0 1 0
    outer loop
      vertex -0.00119489 0.0504995 0.00379702
      vertex -0.00184001 0.0504995 0.00352993
      vertex -0.00153065 0.0504995 0.00369549
    endloop
  endfacet
  facet normal 0 1 0
    outer loop
      vertex -0.00352993 0.0504995 0.00184001
      vertex -0.00379702 0.0504995 0.00119489
      vertex -0.00369549 0.0504995 0.00153065
    endloop
  endfacet
  facet normal 0 1 0
    outer loop
      vertex 0.00379702 0.0504995 0.00119489
      vertex 0.00352993 0.0504995 0.00184001
      vertex 0.00369549 0.0504995 0.00153065
    endloop
  endfacet
  facet normal -0.417808 0.753074 0.508248
    outer loop
      vertex -0.00282764 0.0504995 0.00282764
      vertex -0.00933361 0.0424991 0.00933361
      vertex -0.00222206 0.0504995 0.00332546
    endloop
  endfacet
  facet normal 0 1 0
    outer loop
      vertex 0 0.0424991 0.0131998
      vertex 0 0.0424991 0.0219994
      vertex 0.00191689 0.0424991 0.0219154
    endloop
  endfacet
  facet normal 0 1 -0
    outer loop
      vertex 0.00257492 0.0424991 0.0129461
      vertex 0.00191689 0.0424991 0.0219154
      vertex 0.00381947 0.0424991 0.0216656
    endloop
  endfacet
  facet normal 0 1 0
    outer loop
      vertex 0 0.0424991 0.0219994
      vertex 0 0.0424991 0.0131998
      vertex -0.00191689 0.0424991 0.0219154
    endloop
  endfacet
  facet normal 0 1 0
    outer loop
      vertex 0.00257492 0.0424991 0.0129461
      vertex 0.00381947 0.0424991 0.0216656
      vertex 0.00569344 0.0424991 0.0212498
    endloop
  endfacet
  facet normal 0 1 0
    outer loop
      vertex -0.00257492 0.0424991 0.0129461
      vertex -0.00191689 0.0424991 0.0219154
      vertex 0 0.0424991 0.0131998
    endloop
  endfacet
  facet normal 0 1 0
    outer loop
      vertex 0.00505066 0.0424991 0.0121946
      vertex 0.00569344 0.0424991 0.0212498
      vertex 0.00752354 0.0424991 0.0206728
    endloop
  endfacet
  facet normal 0 1 0
    outer loop
      vertex -0.00191689 0.0424991 0.0219154
      vertex -0.00257492 0.0424991 0.0129461
      vertex -0.00381947 0.0424991 0.0216656
    endloop
  endfacet
  facet normal 0 1 0
    outer loop
      vertex 0.00505066 0.0424991 0.0121946
      vertex 0.00752354 0.0424991 0.0206728
      vertex 0.00929737 0.0424991 0.0199385
    endloop
  endfacet
  facet normal 0 1 0
    outer loop
      vertex -0.00381947 0.0424991 0.0216656
      vertex -0.00257492 0.0424991 0.0129461
      vertex -0.00569344 0.0424991 0.0212498
    endloop
  endfacet
  facet normal 0 1 0
    outer loop
      vertex 0.00505066 0.0424991 0.0121946
      vertex 0.00929737 0.0424991 0.0199385
      vertex 0.0109997 0.0424991 0.0190525
    endloop
  endfacet
  facet normal 0 1 -0
    outer loop
      vertex -0.00505066 0.0424991 0.0121946
      vertex -0.00569344 0.0424991 0.0212498
      vertex -0.00257492 0.0424991 0.0129461
    endloop
  endfacet
  facet normal 0 1 0
    outer loop
      vertex 0.0073328 0.0424991 0.0109749
      vertex 0.0109997 0.0424991 0.0190525
      vertex 0.0126181 0.0424991 0.0180206
    endloop
  endfacet
  facet normal 0 1 0
    outer loop
      vertex -0.00569344 0.0424991 0.0212498
      vertex -0.00505066 0.0424991 0.0121946
      vertex -0.00752354 0.0424991 0.0206728
    endloop
  endfacet
  facet normal 0 1 0
    outer loop
      vertex 0.0073328 0.0424991 0.0109749
      vertex 0.0126181 0.0424991 0.0180206
      vertex 0.0141411 0.0424991 0.0168524
    endloop
  endfacet
  facet normal 0 1 0
    outer loop
      vertex -0.00752354 0.0424991 0.0206728
      vertex -0.00505066 0.0424991 0.0121946
      vertex -0.00929737 0.0424991 0.0199385
    endloop
  endfacet
  facet normal 0 1 0
    outer loop
      vertex 0.00933361 0.0424991 0.00933361
      vertex 0.0141411 0.0424991 0.0168524
      vertex 0.0155563 0.0424991 0.0155563
    endloop
  endfacet
  facet normal 0 1 0
    outer loop
      vertex -0.00929737 0.0424991 0.0199385
      vertex -0.00505066 0.0424991 0.0121946
      vertex -0.0109997 0.0424991 0.0190525
    endloop
  endfacet
  facet normal 0 1 0
    outer loop
      vertex 0.00933361 0.0424991 0.00933361
      vertex 0.0155563 0.0424991 0.0155563
      vertex 0.0168524 0.0424991 0.0141411
    endloop
  endfacet
  facet normal 0 1 -0
    outer loop
      vertex -0.0073328 0.0424991 0.0109749
      vertex -0.0109997 0.0424991 0.0190525
      vertex -0.00505066 0.0424991 0.0121946
    endloop
  endfacet
  facet normal 0 1 0
    outer loop
      vertex -0.0109997 0.0424991 0.0190525
      vertex -0.0073328 0.0424991 0.0109749
      vertex -0.0126181 0.0424991 0.0180206
    endloop
  endfacet
  facet normal 0 1 0
    outer loop
      vertex 0.00191689 0.0424991 0.0219154
      vertex 0.00257492 0.0424991 0.0129461
      vertex 0 0.0424991 0.0131998
    endloop
  endfacet
  facet normal 0 1 0
    outer loop
      vertex 0.0109749 0.0424991 0.0073328
      vertex 0.0168524 0.0424991 0.0141411
      vertex 0.0180206 0.0424991 0.0126181
    endloop
  endfacet
  facet normal 0 1 0
    outer loop
      vertex 0.00569344 0.0424991 0.0212498
      vertex 0.00505066 0.0424991 0.0121946
      vertex 0.00257492 0.0424991 0.0129461
    endloop
  endfacet
  facet normal 0 1 0
    outer loop
      vertex 0.0109749 0.0424991 0.0073328
      vertex 0.0180206 0.0424991 0.0126181
      vertex 0.0190525 0.0424991 0.0109997
    endloop
  endfacet
  facet normal 0 1 0
    outer loop
      vertex 0.0109997 0.0424991 0.0190525
      vertex 0.0073328 0.0424991 0.0109749
      vertex 0.00505066 0.0424991 0.0121946
    endloop
  endfacet
  facet normal 0 1 0
    outer loop
      vertex 0.0141411 0.0424991 0.0168524
      vertex 0.00933361 0.0424991 0.00933361
      vertex 0.0073328 0.0424991 0.0109749
    endloop
  endfacet
  facet normal 0 1 0
    outer loop
      vertex 0.0121946 0.0424991 0.00505066
      vertex 0.0190525 0.0424991 0.0109997
      vertex 0.0199385 0.0424991 0.00929737
    endloop
  endfacet
  facet normal 0 1 0
    outer loop
      vertex 0.0121946 0.0424991 0.00505066
      vertex 0.0199385 0.0424991 0.00929737
      vertex 0.0206728 0.0424991 0.00752354
    endloop
  endfacet
  facet normal 0 1 0
    outer loop
      vertex 0.0168524 0.0424991 0.0141411
      vertex 0.0109749 0.0424991 0.0073328
      vertex 0.00933361 0.0424991 0.00933361
    endloop
  endfacet
  facet normal 0 1 0
    outer loop
      vertex 0.0121946 0.0424991 0.00505066
      vertex 0.0206728 0.0424991 0.00752354
      vertex 0.0212498 0.0424991 0.00569344
    endloop
  endfacet
  facet normal 0 1 0
    outer loop
      vertex 0.0190525 0.0424991 0.0109997
      vertex 0.0121946 0.0424991 0.00505066
      vertex 0.0109749 0.0424991 0.0073328
    endloop
  endfacet
  facet normal 0 1 0
    outer loop
      vertex 0.0129461 0.0424991 0.00257492
      vertex 0.0212498 0.0424991 0.00569344
      vertex 0.0216656 0.0424991 0.00381947
    endloop
  endfacet
  facet normal 0 1 0
    outer loop
      vertex 0.0212498 0.0424991 0.00569344
      vertex 0.0129461 0.0424991 0.00257492
      vertex 0.0121946 0.0424991 0.00505066
    endloop
  endfacet
  facet normal 0 1 0
    outer loop
      vertex 0.0219154 0.0424991 0.00191689
      vertex 0.0129461 0.0424991 0.00257492
      vertex 0.0216656 0.0424991 0.00381947
    endloop
  endfacet
  facet normal 0 1 0
    outer loop
      vertex 0.0131998 0.0424991 0
      vertex 0.0219154 0.0424991 0.00191689
      vertex 0.0219994 0.0424991 0
    endloop
  endfacet
  facet normal 0 1 0
    outer loop
      vertex 0.0219154 0.0424991 0.00191689
      vertex 0.0131998 0.0424991 0
      vertex 0.0129461 0.0424991 0.00257492
    endloop
  endfacet
  facet normal 0 1 -0
    outer loop
      vertex 0.0219154 0.0424991 -0.00191689
      vertex 0.0131998 0.0424991 0
      vertex 0.0219994 0.0424991 0
    endloop
  endfacet
  facet normal 0 1 0
    outer loop
      vertex 0.0219154 0.0424991 -0.00191689
      vertex 0.0129461 0.0424991 -0.00257492
      vertex 0.0131998 0.0424991 0
    endloop
  endfacet
  facet normal 0 1 -0
    outer loop
      vertex 0.0216656 0.0424991 -0.00381947
      vertex 0.0129461 0.0424991 -0.00257492
      vertex 0.0219154 0.0424991 -0.00191689
    endloop
  endfacet
  facet normal 0 1 -0
    outer loop
      vertex 0.0212498 0.0424991 -0.00569344
      vertex 0.0129461 0.0424991 -0.00257492
      vertex 0.0216656 0.0424991 -0.00381947
    endloop
  endfacet
  facet normal 0 1 0
    outer loop
      vertex 0.0129461 0.0424991 -0.00257492
      vertex 0.0212498 0.0424991 -0.00569344
      vertex 0.0121946 0.0424991 -0.00505066
    endloop
  endfacet
  facet normal 0 1 -0
    outer loop
      vertex 0.0206728 0.0424991 -0.00752354
      vertex 0.0121946 0.0424991 -0.00505066
      vertex 0.0212498 0.0424991 -0.00569344
    endloop
  endfacet
  facet normal 0 1 -0
    outer loop
      vertex 0.0199385 0.0424991 -0.00929737
      vertex 0.0121946 0.0424991 -0.00505066
      vertex 0.0206728 0.0424991 -0.00752354
    endloop
  endfacet
  facet normal 0 1 -0
    outer loop
      vertex 0.0190525 0.0424991 -0.0109997
      vertex 0.0121946 0.0424991 -0.00505066
      vertex 0.0199385 0.0424991 -0.00929737
    endloop
  endfacet
  facet normal 0 1 0
    outer loop
      vertex 0.0121946 0.0424991 -0.00505066
      vertex 0.0190525 0.0424991 -0.0109997
      vertex 0.0109749 0.0424991 -0.0073328
    endloop
  endfacet
  facet normal 0 1 -0
    outer loop
      vertex 0.0180206 0.0424991 -0.0126181
      vertex 0.0109749 0.0424991 -0.0073328
      vertex 0.0190525 0.0424991 -0.0109997
    endloop
  endfacet
  facet normal 0 1 -0
    outer loop
      vertex 0.0168524 0.0424991 -0.0141411
      vertex 0.0109749 0.0424991 -0.0073328
      vertex 0.0180206 0.0424991 -0.0126181
    endloop
  endfacet
  facet normal 0 1 0
    outer loop
      vertex 0.0109749 0.0424991 -0.0073328
      vertex 0.0168524 0.0424991 -0.0141411
      vertex 0.00933361 0.0424991 -0.00933361
    endloop
  endfacet
  facet normal 0 1 -0
    outer loop
      vertex 0.0155563 0.0424991 -0.0155563
      vertex 0.00933361 0.0424991 -0.00933361
      vertex 0.0168524 0.0424991 -0.0141411
    endloop
  endfacet
  facet normal 0 1 -0
    outer loop
      vertex 0.0141411 0.0424991 -0.0168524
      vertex 0.00933361 0.0424991 -0.00933361
      vertex 0.0155563 0.0424991 -0.0155563
    endloop
  endfacet
  facet normal 0 1 0
    outer loop
      vertex 0.00933361 0.0424991 -0.00933361
      vertex 0.0141411 0.0424991 -0.0168524
      vertex 0.0073328 0.0424991 -0.0109749
    endloop
  endfacet
  facet normal 0 1 -0
    outer loop
      vertex 0.0126181 0.0424991 -0.0180206
      vertex 0.0073328 0.0424991 -0.0109749
      vertex 0.0141411 0.0424991 -0.0168524
    endloop
  endfacet
  facet normal 0 1 0
    outer loop
      vertex -0.0126181 0.0424991 0.0180206
      vertex -0.0073328 0.0424991 0.0109749
      vertex -0.0141411 0.0424991 0.0168524
    endloop
  endfacet
  facet normal 0 1 -0
    outer loop
      vertex -0.00933361 0.0424991 0.00933361
      vertex -0.0141411 0.0424991 0.0168524
      vertex -0.0073328 0.0424991 0.0109749
    endloop
  endfacet
  facet normal 0 1 0
    outer loop
      vertex -0.0141411 0.0424991 0.0168524
      vertex -0.00933361 0.0424991 0.00933361
      vertex -0.0155563 0.0424991 0.0155563
    endloop
  endfacet
  facet normal 0 1 0
    outer loop
      vertex -0.0155563 0.0424991 0.0155563
      vertex -0.00933361 0.0424991 0.00933361
      vertex -0.0168524 0.0424991 0.0141411
    endloop
  endfacet
  facet normal 0 1 -0
    outer loop
      vertex -0.0109749 0.0424991 0.0073328
      vertex -0.0168524 0.0424991 0.0141411
      vertex -0.00933361 0.0424991 0.00933361
    endloop
  endfacet
  facet normal 0 1 0
    outer loop
      vertex -0.0168524 0.0424991 0.0141411
      vertex -0.0109749 0.0424991 0.0073328
      vertex -0.0180206 0.0424991 0.0126181
    endloop
  endfacet
  facet normal 0 1 0
    outer loop
      vertex -0.0180206 0.0424991 0.0126181
      vertex -0.0109749 0.0424991 0.0073328
      vertex -0.0190525 0.0424991 0.0109997
    endloop
  endfacet
  facet normal 0 1 -0
    outer loop
      vertex -0.0121946 0.0424991 0.00505066
      vertex -0.0190525 0.0424991 0.0109997
      vertex -0.0109749 0.0424991 0.0073328
    endloop
  endfacet
  facet normal 0 1 0
    outer loop
      vertex -0.0190525 0.0424991 0.0109997
      vertex -0.0121946 0.0424991 0.00505066
      vertex -0.0199385 0.0424991 0.00929737
    endloop
  endfacet
  facet normal 0 1 0
    outer loop
      vertex -0.0199385 0.0424991 0.00929737
      vertex -0.0121946 0.0424991 0.00505066
      vertex -0.0206728 0.0424991 0.00752354
    endloop
  endfacet
  facet normal 0 1 0
    outer loop
      vertex -0.0206728 0.0424991 0.00752354
      vertex -0.0121946 0.0424991 0.00505066
      vertex -0.0212498 0.0424991 0.00569344
    endloop
  endfacet
  facet normal 0 1 -0
    outer loop
      vertex -0.0129461 0.0424991 0.00257492
      vertex -0.0212498 0.0424991 0.00569344
      vertex -0.0121946 0.0424991 0.00505066
    endloop
  endfacet
  facet normal 0 1 0
    outer loop
      vertex -0.0212498 0.0424991 0.00569344
      vertex -0.0129461 0.0424991 0.00257492
      vertex -0.0216656 0.0424991 0.00381947
    endloop
  endfacet
  facet normal 0 1 0
    outer loop
      vertex -0.0129461 0.0424991 0.00257492
      vertex -0.0219154 0.0424991 0.00191689
      vertex -0.0216656 0.0424991 0.00381947
    endloop
  endfacet
  facet normal 0 1 -0
    outer loop
      vertex -0.0131998 0.0424991 0
      vertex -0.0219154 0.0424991 0.00191689
      vertex -0.0129461 0.0424991 0.00257492
    endloop
  endfacet
  facet normal 0 1 0
    outer loop
      vertex -0.0131998 0.0424991 0
      vertex -0.0219994 0.0424991 0
      vertex -0.0219154 0.0424991 0.00191689
    endloop
  endfacet
  facet normal 0 1 0
    outer loop
      vertex -0.0131998 0.0424991 0
      vertex -0.0219154 0.0424991 -0.00191689
      vertex -0.0219994 0.0424991 0
    endloop
  endfacet
  facet normal 0 1 0
    outer loop
      vertex -0.0129461 0.0424991 -0.00257492
      vertex -0.0219154 0.0424991 -0.00191689
      vertex -0.0131998 0.0424991 0
    endloop
  endfacet
  facet normal 0 1 0
    outer loop
      vertex -0.0129461 0.0424991 -0.00257492
      vertex -0.0216656 0.0424991 -0.00381947
      vertex -0.0219154 0.0424991 -0.00191689
    endloop
  endfacet
  facet normal 0 1 0
    outer loop
      vertex -0.0212498 0.0424991 -0.00569344
      vertex -0.0129461 0.0424991 -0.00257492
      vertex -0.0121946 0.0424991 -0.00505066
    endloop
  endfacet
  facet normal 0 1 0
    outer loop
      vertex -0.0129461 0.0424991 -0.00257492
      vertex -0.0212498 0.0424991 -0.00569344
      vertex -0.0216656 0.0424991 -0.00381947
    endloop
  endfacet
  facet normal 0 1 0
    outer loop
      vertex -0.0190525 0.0424991 -0.0109997
      vertex -0.0121946 0.0424991 -0.00505066
      vertex -0.0109749 0.0424991 -0.0073328
    endloop
  endfacet
  facet normal 0 1 0
    outer loop
      vertex -0.0121946 0.0424991 -0.00505066
      vertex -0.0206728 0.0424991 -0.00752354
      vertex -0.0212498 0.0424991 -0.00569344
    endloop
  endfacet
  facet normal 0 1 0
    outer loop
      vertex -0.0121946 0.0424991 -0.00505066
      vertex -0.0199385 0.0424991 -0.00929737
      vertex -0.0206728 0.0424991 -0.00752354
    endloop
  endfacet
  facet normal 0 1 0
    outer loop
      vertex -0.0168524 0.0424991 -0.0141411
      vertex -0.0109749 0.0424991 -0.0073328
      vertex -0.00933361 0.0424991 -0.00933361
    endloop
  endfacet
  facet normal 0 1 0
    outer loop
      vertex -0.0141411 0.0424991 -0.0168524
      vertex -0.00933361 0.0424991 -0.00933361
      vertex -0.0073328 0.0424991 -0.0109749
    endloop
  endfacet
  facet normal 0 1 0
    outer loop
      vertex -0.0121946 0.0424991 -0.00505066
      vertex -0.0190525 0.0424991 -0.0109997
      vertex -0.0199385 0.0424991 -0.00929737
    endloop
  endfacet
  facet normal 0 1 0
    outer loop
      vertex -0.0109997 0.0424991 -0.0190525
      vertex -0.0073328 0.0424991 -0.0109749
      vertex -0.00505066 0.0424991 -0.0121946
    endloop
  endfacet
  facet normal 0 1 0
    outer loop
      vertex -0.0109749 0.0424991 -0.0073328
      vertex -0.0180206 0.0424991 -0.0126181
      vertex -0.0190525 0.0424991 -0.0109997
    endloop
  endfacet
  facet normal 0 1 0
    outer loop
      vertex -0.00569344 0.0424991 -0.0212498
      vertex -0.00505066 0.0424991 -0.0121946
      vertex -0.00257492 0.0424991 -0.0129461
    endloop
  endfacet
  facet normal 0 1 -0
    outer loop
      vertex -0.00191689 0.0424991 -0.0219154
      vertex -0.00257492 0.0424991 -0.0129461
      vertex 0 0.0424991 -0.0131998
    endloop
  endfacet
  facet normal 0 1 -0
    outer loop
      vertex 0.0109997 0.0424991 -0.0190525
      vertex 0.0073328 0.0424991 -0.0109749
      vertex 0.0126181 0.0424991 -0.0180206
    endloop
  endfacet
  facet normal 0 1 0
    outer loop
      vertex -0.0109749 0.0424991 -0.0073328
      vertex -0.0168524 0.0424991 -0.0141411
      vertex -0.0180206 0.0424991 -0.0126181
    endloop
  endfacet
  facet normal 0 1 0
    outer loop
      vertex 0.0073328 0.0424991 -0.0109749
      vertex 0.0109997 0.0424991 -0.0190525
      vertex 0.00505066 0.0424991 -0.0121946
    endloop
  endfacet
  facet normal 0 1 0
    outer loop
      vertex -0.00933361 0.0424991 -0.00933361
      vertex -0.0155563 0.0424991 -0.0155563
      vertex -0.0168524 0.0424991 -0.0141411
    endloop
  endfacet
  facet normal 0 1 -0
    outer loop
      vertex 0.00929737 0.0424991 -0.0199385
      vertex 0.00505066 0.0424991 -0.0121946
      vertex 0.0109997 0.0424991 -0.0190525
    endloop
  endfacet
  facet normal 0 1 0
    outer loop
      vertex -0.00933361 0.0424991 -0.00933361
      vertex -0.0141411 0.0424991 -0.0168524
      vertex -0.0155563 0.0424991 -0.0155563
    endloop
  endfacet
  facet normal 0 1 -0
    outer loop
      vertex 0.00752354 0.0424991 -0.0206728
      vertex 0.00505066 0.0424991 -0.0121946
      vertex 0.00929737 0.0424991 -0.0199385
    endloop
  endfacet
  facet normal 0 1 0
    outer loop
      vertex -0.0073328 0.0424991 -0.0109749
      vertex -0.0126181 0.0424991 -0.0180206
      vertex -0.0141411 0.0424991 -0.0168524
    endloop
  endfacet
  facet normal 0 1 -0
    outer loop
      vertex 0.00569344 0.0424991 -0.0212498
      vertex 0.00505066 0.0424991 -0.0121946
      vertex 0.00752354 0.0424991 -0.0206728
    endloop
  endfacet
  facet normal 0 1 0
    outer loop
      vertex -0.0073328 0.0424991 -0.0109749
      vertex -0.0109997 0.0424991 -0.0190525
      vertex -0.0126181 0.0424991 -0.0180206
    endloop
  endfacet
  facet normal 0 1 0
    outer loop
      vertex 0.00505066 0.0424991 -0.0121946
      vertex 0.00569344 0.0424991 -0.0212498
      vertex 0.00257492 0.0424991 -0.0129461
    endloop
  endfacet
  facet normal 0 1 0
    outer loop
      vertex -0.00505066 0.0424991 -0.0121946
      vertex -0.00929737 0.0424991 -0.0199385
      vertex -0.0109997 0.0424991 -0.0190525
    endloop
  endfacet
  facet normal 0 1 -0
    outer loop
      vertex 0.00381947 0.0424991 -0.0216656
      vertex 0.00257492 0.0424991 -0.0129461
      vertex 0.00569344 0.0424991 -0.0212498
    endloop
  endfacet
  facet normal 0 1 0
    outer loop
      vertex -0.00505066 0.0424991 -0.0121946
      vertex -0.00752354 0.0424991 -0.0206728
      vertex -0.00929737 0.0424991 -0.0199385
    endloop
  endfacet
  facet normal 0 1 0
    outer loop
      vertex 0.00191689 0.0424991 -0.0219154
      vertex 0.00257492 0.0424991 -0.0129461
      vertex 0.00381947 0.0424991 -0.0216656
    endloop
  endfacet
  facet normal 0 1 0
    outer loop
      vertex -0.00505066 0.0424991 -0.0121946
      vertex -0.00569344 0.0424991 -0.0212498
      vertex -0.00752354 0.0424991 -0.0206728
    endloop
  endfacet
  facet normal 0 1 0
    outer loop
      vertex 0.00257492 0.0424991 -0.0129461
      vertex 0.00191689 0.0424991 -0.0219154
      vertex 0 0.0424991 -0.0131998
    endloop
  endfacet
  facet normal 0 1 0
    outer loop
      vertex -0.00257492 0.0424991 -0.0129461
      vertex -0.00381947 0.0424991 -0.0216656
      vertex -0.00569344 0.0424991 -0.0212498
    endloop
  endfacet
  facet normal 0 1 0
    outer loop
      vertex 0 0.0424991 -0.0219994
      vertex 0 0.0424991 -0.0131998
      vertex 0.00191689 0.0424991 -0.0219154
    endloop
  endfacet
  facet normal 0 1 0
    outer loop
      vertex -0.00257492 0.0424991 -0.0129461
      vertex -0.00191689 0.0424991 -0.0219154
      vertex -0.00381947 0.0424991 -0.0216656
    endloop
  endfacet
  facet normal 0 1 0
    outer loop
      vertex 0 0.0424991 -0.0131998
      vertex 0 0.0424991 -0.0219994
      vertex -0.00191689 0.0424991 -0.0219154
    endloop
  endfacet
  facet normal 0.629655 0.752997 -0.191129
    outer loop
      vertex 0.0121946 0.0424991 -0.00505066
      vertex 0.00369549 0.0504995 -0.00153065
      vertex 0.0129461 0.0424991 -0.00257492
    endloop
  endfacet
  facet normal 0.580346 0.75299 -0.310169
    outer loop
      vertex 0.0109749 0.0424991 -0.0073328
      vertex 0.00369549 0.0504995 -0.00153065
      vertex 0.0121946 0.0424991 -0.00505066
    endloop
  endfacet
  facet normal 0.417808 0.753074 -0.508248
    outer loop
      vertex 0.00933361 0.0424991 -0.00933361
      vertex 0.00222206 0.0504995 -0.00332546
      vertex 0.00282764 0.0504995 -0.00282764
    endloop
  endfacet
  facet normal 0.654761 0.75305 -0.0648377
    outer loop
      vertex 0.0129461 0.0424991 -0.00257492
      vertex 0.00392246 0.0504995 -0.000780106
      vertex 0.00399971 0.0504995 0
    endloop
  endfacet
  facet normal 0.191129 0.752997 0.629655
    outer loop
      vertex 0.00505066 0.0424991 0.0121946
      vertex 0.00153065 0.0504995 0.00369549
      vertex 0.00257492 0.0424991 0.0129461
    endloop
  endfacet
  facet normal 0.310169 0.75299 0.580346
    outer loop
      vertex 0.0073328 0.0424991 0.0109749
      vertex 0.00153065 0.0504995 0.00369549
      vertex 0.00505066 0.0424991 0.0121946
    endloop
  endfacet
  facet normal 0.58014 0.753024 0.310472
    outer loop
      vertex 0.0109749 0.0424991 0.0073328
      vertex 0.00339995 0.0504995 0.00208287
      vertex 0.00332546 0.0504995 0.00222206
    endloop
  endfacet
  facet normal 0.58013 0.753025 0.310489
    outer loop
      vertex 0.0109749 0.0424991 0.0073328
      vertex 0.00352993 0.0504995 0.00184001
      vertex 0.00339995 0.0504995 0.00208287
    endloop
  endfacet
  facet normal 0.58014 0.753023 0.310473
    outer loop
      vertex 0.00352993 0.0504995 0.00184001
      vertex 0.0109749 0.0424991 0.0073328
      vertex 0.00369549 0.0504995 0.00153065
    endloop
  endfacet
  facet normal 0.580346 0.75299 0.310169
    outer loop
      vertex 0.0121946 0.0424991 0.00505066
      vertex 0.00369549 0.0504995 0.00153065
      vertex 0.0109749 0.0424991 0.0073328
    endloop
  endfacet
  facet normal -0.310473 0.753023 -0.58014
    outer loop
      vertex -0.0073328 0.0424991 -0.0109749
      vertex -0.00184001 0.0504995 -0.00352993
      vertex -0.00153065 0.0504995 -0.00369549
    endloop
  endfacet
  facet normal -0.310472 0.753024 -0.58014
    outer loop
      vertex -0.00208287 0.0504995 -0.00339995
      vertex -0.0073328 0.0424991 -0.0109749
      vertex -0.00222206 0.0504995 -0.00332546
    endloop
  endfacet
  facet normal -0.310489 0.753025 -0.58013
    outer loop
      vertex -0.00184001 0.0504995 -0.00352993
      vertex -0.0073328 0.0424991 -0.0109749
      vertex -0.00208287 0.0504995 -0.00339995
    endloop
  endfacet
  facet normal -0.0648377 0.75305 -0.654761
    outer loop
      vertex 0 0.0504995 -0.00399971
      vertex -0.00257492 0.0424991 -0.0129461
      vertex -0.000780106 0.0504995 -0.00392246
    endloop
  endfacet
  facet normal -0.0645183 0.75302 -0.654827
    outer loop
      vertex 0 0.0424991 -0.0131998
      vertex -0.00257492 0.0424991 -0.0129461
      vertex 0 0.0504995 -0.00399971
    endloop
  endfacet
  facet normal 0.0648377 0.75305 -0.654761
    outer loop
      vertex 0.00257492 0.0424991 -0.0129461
      vertex 0 0.0504995 -0.00399971
      vertex 0.000780106 0.0504995 -0.00392246
    endloop
  endfacet
  facet normal -0.629655 0.752997 -0.191129
    outer loop
      vertex -0.0121946 0.0424991 -0.00505066
      vertex -0.0129461 0.0424991 -0.00257492
      vertex -0.00369549 0.0504995 -0.00153065
    endloop
  endfacet
  facet normal -0.58013 0.753025 -0.310489
    outer loop
      vertex -0.0109749 0.0424991 -0.0073328
      vertex -0.00352993 0.0504995 -0.00184001
      vertex -0.00339995 0.0504995 -0.00208287
    endloop
  endfacet
  facet normal -0.58014 0.753023 -0.310473
    outer loop
      vertex -0.00352993 0.0504995 -0.00184001
      vertex -0.0109749 0.0424991 -0.0073328
      vertex -0.00369549 0.0504995 -0.00153065
    endloop
  endfacet
  facet normal -0.58014 0.753024 -0.310472
    outer loop
      vertex -0.0109749 0.0424991 -0.0073328
      vertex -0.00339995 0.0504995 -0.00208287
      vertex -0.00332546 0.0504995 -0.00222206
    endloop
  endfacet
  facet normal -0.0645183 0.75302 0.654827
    outer loop
      vertex 0 0.0504995 0.00399971
      vertex -0.00257492 0.0424991 0.0129461
      vertex 0 0.0424991 0.0131998
    endloop
  endfacet
  facet normal -0.191129 0.752997 0.629655
    outer loop
      vertex -0.00153065 0.0504995 0.00369549
      vertex -0.00505066 0.0424991 0.0121946
      vertex -0.00257492 0.0424991 0.0129461
    endloop
  endfacet
  facet normal -0.417324 0.753012 0.508738
    outer loop
      vertex -0.00222206 0.0504995 0.00332546
      vertex -0.00933361 0.0424991 0.00933361
      vertex -0.0073328 0.0424991 0.0109749
    endloop
  endfacet
  facet normal -0.58014 0.753024 0.310472
    outer loop
      vertex -0.00339995 0.0504995 0.00208287
      vertex -0.0109749 0.0424991 0.0073328
      vertex -0.00332546 0.0504995 0.00222206
    endloop
  endfacet
  facet normal -0.58013 0.753025 0.310489
    outer loop
      vertex -0.00352993 0.0504995 0.00184001
      vertex -0.0109749 0.0424991 0.0073328
      vertex -0.00339995 0.0504995 0.00208287
    endloop
  endfacet
  facet normal -0.58014 0.753023 0.310473
    outer loop
      vertex -0.0109749 0.0424991 0.0073328
      vertex -0.00352993 0.0504995 0.00184001
      vertex -0.00369549 0.0504995 0.00153065
    endloop
  endfacet
  facet normal -0.629655 0.752997 0.191129
    outer loop
      vertex -0.00369549 0.0504995 0.00153065
      vertex -0.0129461 0.0424991 0.00257492
      vertex -0.0121946 0.0424991 0.00505066
    endloop
  endfacet
  facet normal 0.629783 0.753059 -0.190461
    outer loop
      vertex 0.0129461 0.0424991 -0.00257492
      vertex 0.00379702 0.0504995 -0.00119489
      vertex 0.00387714 0.0504995 -0.000929963
    endloop
  endfacet
  facet normal 0.629787 0.753061 -0.19044
    outer loop
      vertex 0.00379702 0.0504995 -0.00119489
      vertex 0.0129461 0.0424991 -0.00257492
      vertex 0.00369549 0.0504995 -0.00153065
    endloop
  endfacet
  facet normal 0.629783 0.753059 -0.19046
    outer loop
      vertex 0.0129461 0.0424991 -0.00257492
      vertex 0.00387714 0.0504995 -0.000929963
      vertex 0.00392246 0.0504995 -0.000780106
    endloop
  endfacet
  facet normal 0.508248 0.753074 -0.417808
    outer loop
      vertex 0.00933361 0.0424991 -0.00933361
      vertex 0.00282764 0.0504995 -0.00282764
      vertex 0.00332546 0.0504995 -0.00222206
    endloop
  endfacet
  facet normal 0.310473 0.753023 0.58014
    outer loop
      vertex 0.0073328 0.0424991 0.0109749
      vertex 0.00184001 0.0504995 0.00352993
      vertex 0.00153065 0.0504995 0.00369549
    endloop
  endfacet
  facet normal 0.310489 0.753025 0.58013
    outer loop
      vertex 0.0073328 0.0424991 0.0109749
      vertex 0.00208287 0.0504995 0.00339995
      vertex 0.00184001 0.0504995 0.00352993
    endloop
  endfacet
  facet normal 0.310472 0.753024 0.58014
    outer loop
      vertex 0.00208287 0.0504995 0.00339995
      vertex 0.0073328 0.0424991 0.0109749
      vertex 0.00222206 0.0504995 0.00332546
    endloop
  endfacet
  facet normal 0.417324 0.753012 0.508738
    outer loop
      vertex 0.00933361 0.0424991 0.00933361
      vertex 0.00222206 0.0504995 0.00332546
      vertex 0.0073328 0.0424991 0.0109749
    endloop
  endfacet
  facet normal 0.629655 0.752997 0.191129
    outer loop
      vertex 0.0129461 0.0424991 0.00257492
      vertex 0.00369549 0.0504995 0.00153065
      vertex 0.0121946 0.0424991 0.00505066
    endloop
  endfacet
  facet normal -0.310169 0.75299 -0.580346
    outer loop
      vertex -0.00505066 0.0424991 -0.0121946
      vertex -0.0073328 0.0424991 -0.0109749
      vertex -0.00153065 0.0504995 -0.00369549
    endloop
  endfacet
  facet normal -0.629787 0.753061 -0.19044
    outer loop
      vertex -0.0129461 0.0424991 -0.00257492
      vertex -0.00379702 0.0504995 -0.00119489
      vertex -0.00369549 0.0504995 -0.00153065
    endloop
  endfacet
  facet normal -0.629783 0.753059 -0.19046
    outer loop
      vertex -0.00387714 0.0504995 -0.000929963
      vertex -0.0129461 0.0424991 -0.00257492
      vertex -0.00392246 0.0504995 -0.000780106
    endloop
  endfacet
  facet normal -0.629783 0.753059 -0.190461
    outer loop
      vertex -0.00379702 0.0504995 -0.00119489
      vertex -0.0129461 0.0424991 -0.00257492
      vertex -0.00387714 0.0504995 -0.000929963
    endloop
  endfacet
  facet normal -0.654761 0.75305 -0.0648377
    outer loop
      vertex -0.00392246 0.0504995 -0.000780106
      vertex -0.0129461 0.0424991 -0.00257492
      vertex -0.00399971 0.0504995 0
    endloop
  endfacet
  facet normal -0.0648377 0.75305 0.654761
    outer loop
      vertex -0.000780106 0.0504995 0.00392246
      vertex -0.00257492 0.0424991 0.0129461
      vertex 0 0.0504995 0.00399971
    endloop
  endfacet
  facet normal -0.19046 0.753059 0.629783
    outer loop
      vertex -0.000929963 0.0504995 0.00387714
      vertex -0.00257492 0.0424991 0.0129461
      vertex -0.000780106 0.0504995 0.00392246
    endloop
  endfacet
  facet normal -0.190461 0.753059 0.629783
    outer loop
      vertex -0.00119489 0.0504995 0.00379702
      vertex -0.00257492 0.0424991 0.0129461
      vertex -0.000929963 0.0504995 0.00387714
    endloop
  endfacet
  facet normal -0.19044 0.753061 0.629787
    outer loop
      vertex -0.00257492 0.0424991 0.0129461
      vertex -0.00119489 0.0504995 0.00379702
      vertex -0.00153065 0.0504995 0.00369549
    endloop
  endfacet
  facet normal -0.654761 0.75305 0.0648377
    outer loop
      vertex -0.00399971 0.0504995 0
      vertex -0.0129461 0.0424991 0.00257492
      vertex -0.00392246 0.0504995 0.000780106
    endloop
  endfacet
  facet normal -0.654827 0.75302 0.0645183
    outer loop
      vertex -0.00399971 0.0504995 0
      vertex -0.0131998 0.0424991 0
      vertex -0.0129461 0.0424991 0.00257492
    endloop
  endfacet
  facet normal -0.580346 0.75299 0.310169
    outer loop
      vertex -0.00369549 0.0504995 0.00153065
      vertex -0.0121946 0.0424991 0.00505066
      vertex -0.0109749 0.0424991 0.0073328
    endloop
  endfacet
  facet normal 0.417808 0.753074 0.508248
    outer loop
      vertex 0.00282764 0.0504995 0.00282764
      vertex 0.00222206 0.0504995 0.00332546
      vertex 0.00933361 0.0424991 0.00933361
    endloop
  endfacet
  facet normal 0.629787 0.753061 0.19044
    outer loop
      vertex 0.0129461 0.0424991 0.00257492
      vertex 0.00379702 0.0504995 0.00119489
      vertex 0.00369549 0.0504995 0.00153065
    endloop
  endfacet
  facet normal 0.629783 0.753059 0.190461
    outer loop
      vertex 0.0129461 0.0424991 0.00257492
      vertex 0.00387714 0.0504995 0.000929963
      vertex 0.00379702 0.0504995 0.00119489
    endloop
  endfacet
  facet normal 0.629783 0.753059 0.19046
    outer loop
      vertex 0.00387714 0.0504995 0.000929963
      vertex 0.0129461 0.0424991 0.00257492
      vertex 0.00392246 0.0504995 0.000780106
    endloop
  endfacet
  facet normal 0.654761 0.75305 0.0648377
    outer loop
      vertex 0.00399971 0.0504995 0
      vertex 0.00392246 0.0504995 0.000780106
      vertex 0.0129461 0.0424991 0.00257492
    endloop
  endfacet
  facet normal -0.417324 0.753012 -0.508738
    outer loop
      vertex -0.0073328 0.0424991 -0.0109749
      vertex -0.00933361 0.0424991 -0.00933361
      vertex -0.00222206 0.0504995 -0.00332546
    endloop
  endfacet
  facet normal -0.417808 0.753074 -0.508248
    outer loop
      vertex -0.00222206 0.0504995 -0.00332546
      vertex -0.00933361 0.0424991 -0.00933361
      vertex -0.00282764 0.0504995 -0.00282764
    endloop
  endfacet
  facet normal 0.0648377 0.75305 0.654761
    outer loop
      vertex 0.000780106 0.0504995 0.00392246
      vertex 0 0.0504995 0.00399971
      vertex 0.00257492 0.0424991 0.0129461
    endloop
  endfacet
  facet normal 0.19046 0.753059 0.629783
    outer loop
      vertex 0.00257492 0.0424991 0.0129461
      vertex 0.000929963 0.0504995 0.00387714
      vertex 0.000780106 0.0504995 0.00392246
    endloop
  endfacet
  facet normal 0.190461 0.753059 0.629783
    outer loop
      vertex 0.00257492 0.0424991 0.0129461
      vertex 0.00119489 0.0504995 0.00379702
      vertex 0.000929963 0.0504995 0.00387714
    endloop
  endfacet
  facet normal 0.19044 0.753061 0.629787
    outer loop
      vertex 0.00119489 0.0504995 0.00379702
      vertex 0.00257492 0.0424991 0.0129461
      vertex 0.00153065 0.0504995 0.00369549
    endloop
  endfacet
  facet normal -0.310473 0.753023 0.58014
    outer loop
      vertex -0.00184001 0.0504995 0.00352993
      vertex -0.0073328 0.0424991 0.0109749
      vertex -0.00153065 0.0504995 0.00369549
    endloop
  endfacet
  facet normal -0.310489 0.753025 0.58013
    outer loop
      vertex -0.00208287 0.0504995 0.00339995
      vertex -0.0073328 0.0424991 0.0109749
      vertex -0.00184001 0.0504995 0.00352993
    endloop
  endfacet
  facet normal -0.310472 0.753024 0.58014
    outer loop
      vertex -0.0073328 0.0424991 0.0109749
      vertex -0.00208287 0.0504995 0.00339995
      vertex -0.00222206 0.0504995 0.00332546
    endloop
  endfacet
  facet normal -0.310169 0.75299 0.580346
    outer loop
      vertex -0.00153065 0.0504995 0.00369549
      vertex -0.0073328 0.0424991 0.0109749
      vertex -0.00505066 0.0424991 0.0121946
    endloop
  endfacet
  facet normal -0.508738 0.753012 0.417324
    outer loop
      vertex -0.00332546 0.0504995 0.00222206
      vertex -0.0109749 0.0424991 0.0073328
      vertex -0.00933361 0.0424991 0.00933361
    endloop
  endfacet
  facet normal -0.508248 0.753074 0.417808
    outer loop
      vertex -0.00332546 0.0504995 0.00222206
      vertex -0.00933361 0.0424991 0.00933361
      vertex -0.00282764 0.0504995 0.00282764
    endloop
  endfacet
  facet normal 0.991426 0 -0.130671
    outer loop
      vertex 0.00399971 0.0504995 0
      vertex 0.00386333 0.0724998 -0.00103474
      vertex 0.00399971 0.0724998 0
    endloop
  endfacet
  facet normal 0.991426 1.31874e-08 -0.130671
    outer loop
      vertex 0.00387714 0.0504995 -0.000929963
      vertex 0.00386333 0.0724998 -0.00103474
      vertex 0.00399971 0.0504995 0
    endloop
  endfacet
  facet normal 0.991425 0 -0.130674
    outer loop
      vertex 0.00386333 0.0724998 -0.00103474
      vertex 0.00387714 0.0504995 -0.000929963
      vertex 0.00386333 0.0504995 -0.00103474
    endloop
  endfacet
  facet normal -0.991425 0 -0.130674
    outer loop
      vertex -0.00387714 0.0504995 -0.000929963
      vertex -0.00386333 0.0724998 -0.00103474
      vertex -0.00386333 0.0504995 -0.00103474
    endloop
  endfacet
  facet normal -0.991426 1.1852e-08 -0.130671
    outer loop
      vertex -0.00386333 0.0724998 -0.00103474
      vertex -0.00387714 0.0504995 -0.000929963
      vertex -0.00399971 0.0724998 0
    endloop
  endfacet
  facet normal -0.991426 -0 -0.130671
    outer loop
      vertex -0.00399971 0.0724998 0
      vertex -0.00387714 0.0504995 -0.000929963
      vertex -0.00399971 0.0504995 0
    endloop
  endfacet
  facet normal 0.130674 0 -0.991425
    outer loop
      vertex 0.000929963 0.0504995 -0.00387714
      vertex 0.00103474 0.0724998 -0.00386333
      vertex 0.00103474 0.0504995 -0.00386333
    endloop
  endfacet
  facet normal 0.130671 1.31874e-08 -0.991426
    outer loop
      vertex 0 0.0504995 -0.00399971
      vertex 0.00103474 0.0724998 -0.00386333
      vertex 0.000929963 0.0504995 -0.00387714
    endloop
  endfacet
  facet normal 0.130671 0 -0.991426
    outer loop
      vertex 0.00103474 0.0724998 -0.00386333
      vertex 0 0.0504995 -0.00399971
      vertex 0 0.0724998 -0.00399971
    endloop
  endfacet
  facet normal -0.130671 0 0.991426
    outer loop
      vertex 0 0.0724998 0.00399971
      vertex -0.000929963 0.0504995 0.00387714
      vertex 0 0.0504995 0.00399971
    endloop
  endfacet
  facet normal -0.130671 1.1852e-08 0.991426
    outer loop
      vertex -0.00103474 0.0724998 0.00386333
      vertex -0.000929963 0.0504995 0.00387714
      vertex 0 0.0724998 0.00399971
    endloop
  endfacet
  facet normal -0.130674 0 0.991425
    outer loop
      vertex -0.000929963 0.0504995 0.00387714
      vertex -0.00103474 0.0724998 0.00386333
      vertex -0.00103474 0.0504995 0.00386333
    endloop
  endfacet
  facet normal 0.609316 0 -0.792927
    outer loop
      vertex 0.00208287 0.0504995 -0.00339995
      vertex 0.00282764 0.0724998 -0.00282764
      vertex 0.00282764 0.0504995 -0.00282764
    endloop
  endfacet
  facet normal 0.609388 0 -0.792872
    outer loop
      vertex 0.00199986 0.0724998 -0.00346375
      vertex 0.00208287 0.0504995 -0.00339995
      vertex 0.00199986 0.0504995 -0.00346375
    endloop
  endfacet
  facet normal 0.609323 -3.86325e-07 -0.792922
    outer loop
      vertex 0.00208287 0.0504995 -0.00339995
      vertex 0.00199986 0.0724998 -0.00346375
      vertex 0.00282764 0.0724998 -0.00282764
    endloop
  endfacet
  facet normal 0.923933 0 -0.382554
    outer loop
      vertex 0.00379702 0.0504995 -0.00119489
      vertex 0.00386333 0.0724998 -0.00103474
      vertex 0.00386333 0.0504995 -0.00103474
    endloop
  endfacet
  facet normal 0.923942 -1.90167e-07 -0.382532
    outer loop
      vertex 0.00386333 0.0724998 -0.00103474
      vertex 0.00379702 0.0504995 -0.00119489
      vertex 0.00346375 0.0724998 -0.00199986
    endloop
  endfacet
  facet normal 0.923944 -1.91978e-08 -0.382528
    outer loop
      vertex 0.00352993 0.0504995 -0.00184001
      vertex 0.00346375 0.0724998 -0.00199986
      vertex 0.00379702 0.0504995 -0.00119489
    endloop
  endfacet
  facet normal 0.923945 0 -0.382525
    outer loop
      vertex 0.00346375 0.0724998 -0.00199986
      vertex 0.00352993 0.0504995 -0.00184001
      vertex 0.00346375 0.0504995 -0.00199986
    endloop
  endfacet
  facet normal 0.382525 0 -0.923945
    outer loop
      vertex 0.00184001 0.0504995 -0.00352993
      vertex 0.00199986 0.0724998 -0.00346375
      vertex 0.00199986 0.0504995 -0.00346375
    endloop
  endfacet
  facet normal 0.382528 -1.91978e-08 -0.923944
    outer loop
      vertex 0.00119489 0.0504995 -0.00379702
      vertex 0.00199986 0.0724998 -0.00346375
      vertex 0.00184001 0.0504995 -0.00352993
    endloop
  endfacet
  facet normal 0.382554 0 -0.923933
    outer loop
      vertex 0.00103474 0.0724998 -0.00386333
      vertex 0.00119489 0.0504995 -0.00379702
      vertex 0.00103474 0.0504995 -0.00386333
    endloop
  endfacet
  facet normal 0.382532 -1.90167e-07 -0.923942
    outer loop
      vertex 0.00119489 0.0504995 -0.00379702
      vertex 0.00103474 0.0724998 -0.00386333
      vertex 0.00199986 0.0724998 -0.00346375
    endloop
  endfacet
  facet normal -0.609388 0 -0.792872
    outer loop
      vertex -0.00208287 0.0504995 -0.00339995
      vertex -0.00199986 0.0724998 -0.00346375
      vertex -0.00199986 0.0504995 -0.00346375
    endloop
  endfacet
  facet normal -0.609316 -4.29386e-07 -0.792927
    outer loop
      vertex -0.00282764 0.0504995 -0.00282764
      vertex -0.00199986 0.0724998 -0.00346375
      vertex -0.00208287 0.0504995 -0.00339995
    endloop
  endfacet
  facet normal -0.609323 0 -0.792922
    outer loop
      vertex -0.00199986 0.0724998 -0.00346375
      vertex -0.00282764 0.0504995 -0.00282764
      vertex -0.00282764 0.0724998 -0.00282764
    endloop
  endfacet
  facet normal -0.792922 0 -0.609323
    outer loop
      vertex -0.00282764 0.0504995 -0.00282764
      vertex -0.00346375 0.0724998 -0.00199986
      vertex -0.00282764 0.0724998 -0.00282764
    endloop
  endfacet
  facet normal -0.792927 -4.29386e-07 -0.609316
    outer loop
      vertex -0.00339995 0.0504995 -0.00208287
      vertex -0.00346375 0.0724998 -0.00199986
      vertex -0.00282764 0.0504995 -0.00282764
    endloop
  endfacet
  facet normal -0.792872 -0 -0.609388
    outer loop
      vertex -0.00346375 0.0724998 -0.00199986
      vertex -0.00339995 0.0504995 -0.00208287
      vertex -0.00346375 0.0504995 -0.00199986
    endloop
  endfacet
  facet normal -0.382554 0 -0.923933
    outer loop
      vertex -0.00119489 0.0504995 -0.00379702
      vertex -0.00103474 0.0724998 -0.00386333
      vertex -0.00103474 0.0504995 -0.00386333
    endloop
  endfacet
  facet normal -0.382528 -2.24183e-07 -0.923944
    outer loop
      vertex -0.00184001 0.0504995 -0.00352993
      vertex -0.00103474 0.0724998 -0.00386333
      vertex -0.00119489 0.0504995 -0.00379702
    endloop
  endfacet
  facet normal -0.382525 -0 -0.923945
    outer loop
      vertex -0.00199986 0.0724998 -0.00346375
      vertex -0.00184001 0.0504995 -0.00352993
      vertex -0.00199986 0.0504995 -0.00346375
    endloop
  endfacet
  facet normal -0.382532 -5.31487e-08 -0.923942
    outer loop
      vertex -0.00184001 0.0504995 -0.00352993
      vertex -0.00199986 0.0724998 -0.00346375
      vertex -0.00103474 0.0724998 -0.00386333
    endloop
  endfacet
  facet normal 0.792922 -0 0.609323
    outer loop
      vertex 0.00282764 0.0504995 0.00282764
      vertex 0.00346375 0.0724998 0.00199986
      vertex 0.00282764 0.0724998 0.00282764
    endloop
  endfacet
  facet normal 0.792927 -4.29386e-07 0.609316
    outer loop
      vertex 0.00339995 0.0504995 0.00208287
      vertex 0.00346375 0.0724998 0.00199986
      vertex 0.00282764 0.0504995 0.00282764
    endloop
  endfacet
  facet normal 0.792872 0 0.609388
    outer loop
      vertex 0.00346375 0.0724998 0.00199986
      vertex 0.00339995 0.0504995 0.00208287
      vertex 0.00346375 0.0504995 0.00199986
    endloop
  endfacet
  facet normal 0.923945 0 0.382525
    outer loop
      vertex 0.00352993 0.0504995 0.00184001
      vertex 0.00346375 0.0724998 0.00199986
      vertex 0.00346375 0.0504995 0.00199986
    endloop
  endfacet
  facet normal 0.923942 -5.31487e-08 0.382532
    outer loop
      vertex 0.00346375 0.0724998 0.00199986
      vertex 0.00352993 0.0504995 0.00184001
      vertex 0.00386333 0.0724998 0.00103474
    endloop
  endfacet
  facet normal 0.923944 -2.24183e-07 0.382528
    outer loop
      vertex 0.00379702 0.0504995 0.00119489
      vertex 0.00386333 0.0724998 0.00103474
      vertex 0.00352993 0.0504995 0.00184001
    endloop
  endfacet
  facet normal 0.923933 0 0.382554
    outer loop
      vertex 0.00386333 0.0724998 0.00103474
      vertex 0.00379702 0.0504995 0.00119489
      vertex 0.00386333 0.0504995 0.00103474
    endloop
  endfacet
  facet normal -0.609388 0 0.792872
    outer loop
      vertex -0.00199986 0.0724998 0.00346375
      vertex -0.00208287 0.0504995 0.00339995
      vertex -0.00199986 0.0504995 0.00346375
    endloop
  endfacet
  facet normal -0.609323 -3.86325e-07 0.792922
    outer loop
      vertex -0.00282764 0.0724998 0.00282764
      vertex -0.00208287 0.0504995 0.00339995
      vertex -0.00199986 0.0724998 0.00346375
    endloop
  endfacet
  facet normal -0.609316 0 0.792927
    outer loop
      vertex -0.00208287 0.0504995 0.00339995
      vertex -0.00282764 0.0724998 0.00282764
      vertex -0.00282764 0.0504995 0.00282764
    endloop
  endfacet
  facet normal 0.792872 0 -0.609388
    outer loop
      vertex 0.00339995 0.0504995 -0.00208287
      vertex 0.00346375 0.0724998 -0.00199986
      vertex 0.00346375 0.0504995 -0.00199986
    endloop
  endfacet
  facet normal 0.792922 -3.86325e-07 -0.609323
    outer loop
      vertex 0.00346375 0.0724998 -0.00199986
      vertex 0.00339995 0.0504995 -0.00208287
      vertex 0.00282764 0.0724998 -0.00282764
    endloop
  endfacet
  facet normal 0.792927 0 -0.609316
    outer loop
      vertex 0.00282764 0.0724998 -0.00282764
      vertex 0.00339995 0.0504995 -0.00208287
      vertex 0.00282764 0.0504995 -0.00282764
    endloop
  endfacet
  facet normal -0.923945 0 -0.382525
    outer loop
      vertex -0.00352993 0.0504995 -0.00184001
      vertex -0.00346375 0.0724998 -0.00199986
      vertex -0.00346375 0.0504995 -0.00199986
    endloop
  endfacet
  facet normal -0.923942 -5.31487e-08 -0.382532
    outer loop
      vertex -0.00346375 0.0724998 -0.00199986
      vertex -0.00352993 0.0504995 -0.00184001
      vertex -0.00386333 0.0724998 -0.00103474
    endloop
  endfacet
  facet normal -0.923944 -2.24183e-07 -0.382528
    outer loop
      vertex -0.00379702 0.0504995 -0.00119489
      vertex -0.00386333 0.0724998 -0.00103474
      vertex -0.00352993 0.0504995 -0.00184001
    endloop
  endfacet
  facet normal -0.923933 -0 -0.382554
    outer loop
      vertex -0.00386333 0.0724998 -0.00103474
      vertex -0.00379702 0.0504995 -0.00119489
      vertex -0.00386333 0.0504995 -0.00103474
    endloop
  endfacet
  facet normal 0 1 -0
    outer loop
      vertex 0.000391006 0.0724998 0.00297356
      vertex 0 0.0724998 0.00399971
      vertex 0.00103474 0.0724998 0.00386333
    endloop
  endfacet
  facet normal 0 1 -0
    outer loop
      vertex 0.00114727 0.0724998 0.00277138
      vertex 0.00103474 0.0724998 0.00386333
      vertex 0.00199986 0.0724998 0.00346375
    endloop
  endfacet
  facet normal 0 1 0
    outer loop
      vertex -0.000391006 0.0724998 0.00297356
      vertex 0 0.0724998 0.00399971
      vertex 0.000391006 0.0724998 0.00297356
    endloop
  endfacet
  facet normal 0 1 0
    outer loop
      vertex 0 0.0724998 0.00399971
      vertex -0.000391006 0.0724998 0.00297356
      vertex -0.00103474 0.0724998 0.00386333
    endloop
  endfacet
  facet normal 0 1 0
    outer loop
      vertex 0.00182533 0.0724998 0.00237942
      vertex 0.00199986 0.0724998 0.00346375
      vertex 0.00282764 0.0724998 0.00282764
    endloop
  endfacet
  facet normal 0 1 0
    outer loop
      vertex 0.00103474 0.0724998 0.00386333
      vertex 0.00114727 0.0724998 0.00277138
      vertex 0.000391006 0.0724998 0.00297356
    endloop
  endfacet
  facet normal 0 1 0
    outer loop
      vertex 0.00199986 0.0724998 0.00346375
      vertex 0.00182533 0.0724998 0.00237942
      vertex 0.00114727 0.0724998 0.00277138
    endloop
  endfacet
  facet normal 0 1 0
    outer loop
      vertex 0.00237942 0.0724998 0.00182533
      vertex 0.00282764 0.0724998 0.00282764
      vertex 0.00346375 0.0724998 0.00199986
    endloop
  endfacet
  facet normal 0 1 0
    outer loop
      vertex 0.00282764 0.0724998 0.00282764
      vertex 0.00237942 0.0724998 0.00182533
      vertex 0.00182533 0.0724998 0.00237942
    endloop
  endfacet
  facet normal 0 1 0
    outer loop
      vertex 0.00346375 0.0724998 0.00199986
      vertex 0.00277138 0.0724998 0.00114727
      vertex 0.00237942 0.0724998 0.00182533
    endloop
  endfacet
  facet normal 0 1 0
    outer loop
      vertex 0.00386333 0.0724998 0.00103474
      vertex 0.00277138 0.0724998 0.00114727
      vertex 0.00346375 0.0724998 0.00199986
    endloop
  endfacet
  facet normal 0 1 0
    outer loop
      vertex 0.00386333 0.0724998 0.00103474
      vertex 0.00297356 0.0724998 0.000391006
      vertex 0.00277138 0.0724998 0.00114727
    endloop
  endfacet
  facet normal 0 1 0
    outer loop
      vertex 0.00399971 0.0724998 0
      vertex 0.00297356 0.0724998 0.000391006
      vertex 0.00386333 0.0724998 0.00103474
    endloop
  endfacet
  facet normal 0 1 0
    outer loop
      vertex 0.00399971 0.0724998 0
      vertex 0.00297356 0.0724998 -0.000391006
      vertex 0.00297356 0.0724998 0.000391006
    endloop
  endfacet
  facet normal 0 1 -0
    outer loop
      vertex 0.00386333 0.0724998 -0.00103474
      vertex 0.00297356 0.0724998 -0.000391006
      vertex 0.00399971 0.0724998 0
    endloop
  endfacet
  facet normal 0 1 0
    outer loop
      vertex 0.00386333 0.0724998 -0.00103474
      vertex 0.00277138 0.0724998 -0.00114727
      vertex 0.00297356 0.0724998 -0.000391006
    endloop
  endfacet
  facet normal 0 1 -0
    outer loop
      vertex 0.00346375 0.0724998 -0.00199986
      vertex 0.00277138 0.0724998 -0.00114727
      vertex 0.00386333 0.0724998 -0.00103474
    endloop
  endfacet
  facet normal 0 1 0
    outer loop
      vertex 0.00277138 0.0724998 -0.00114727
      vertex 0.00346375 0.0724998 -0.00199986
      vertex 0.00237942 0.0724998 -0.00182533
    endloop
  endfacet
  facet normal 0 1 -0
    outer loop
      vertex 0.00282764 0.0724998 -0.00282764
      vertex 0.00237942 0.0724998 -0.00182533
      vertex 0.00346375 0.0724998 -0.00199986
    endloop
  endfacet
  facet normal 0 1 0
    outer loop
      vertex 0.00237942 0.0724998 -0.00182533
      vertex 0.00282764 0.0724998 -0.00282764
      vertex 0.00182533 0.0724998 -0.00237942
    endloop
  endfacet
  facet normal 0 1 -0
    outer loop
      vertex 0.00199986 0.0724998 -0.00346375
      vertex 0.00182533 0.0724998 -0.00237942
      vertex 0.00282764 0.0724998 -0.00282764
    endloop
  endfacet
  facet normal 0 1 0
    outer loop
      vertex 0.00182533 0.0724998 -0.00237942
      vertex 0.00199986 0.0724998 -0.00346375
      vertex 0.00114727 0.0724998 -0.00277138
    endloop
  endfacet
  facet normal 0 1 0
    outer loop
      vertex 0.00114727 0.0724998 -0.00277138
      vertex 0.00103474 0.0724998 -0.00386333
      vertex 0.000391006 0.0724998 -0.00297356
    endloop
  endfacet
  facet normal 0 1 0
    outer loop
      vertex 0.00103474 0.0724998 -0.00386333
      vertex 0.00114727 0.0724998 -0.00277138
      vertex 0.00199986 0.0724998 -0.00346375
    endloop
  endfacet
  facet normal 0 1 0
    outer loop
      vertex -0.00114727 0.0724998 0.00277138
      vertex -0.00103474 0.0724998 0.00386333
      vertex -0.000391006 0.0724998 0.00297356
    endloop
  endfacet
  facet normal 0 1 0
    outer loop
      vertex -0.00103474 0.0724998 0.00386333
      vertex -0.00114727 0.0724998 0.00277138
      vertex -0.00199986 0.0724998 0.00346375
    endloop
  endfacet
  facet normal 0 1 -0
    outer loop
      vertex -0.00182533 0.0724998 0.00237942
      vertex -0.00199986 0.0724998 0.00346375
      vertex -0.00114727 0.0724998 0.00277138
    endloop
  endfacet
  facet normal 0 1 0
    outer loop
      vertex -0.00199986 0.0724998 0.00346375
      vertex -0.00182533 0.0724998 0.00237942
      vertex -0.00282764 0.0724998 0.00282764
    endloop
  endfacet
  facet normal 0 1 -0
    outer loop
      vertex -0.00237942 0.0724998 0.00182533
      vertex -0.00282764 0.0724998 0.00282764
      vertex -0.00182533 0.0724998 0.00237942
    endloop
  endfacet
  facet normal 0 1 0
    outer loop
      vertex -0.00282764 0.0724998 0.00282764
      vertex -0.00237942 0.0724998 0.00182533
      vertex -0.00346375 0.0724998 0.00199986
    endloop
  endfacet
  facet normal 0 1 -0
    outer loop
      vertex -0.00277138 0.0724998 0.00114727
      vertex -0.00346375 0.0724998 0.00199986
      vertex -0.00237942 0.0724998 0.00182533
    endloop
  endfacet
  facet normal 0 1 0
    outer loop
      vertex -0.00277138 0.0724998 0.00114727
      vertex -0.00386333 0.0724998 0.00103474
      vertex -0.00346375 0.0724998 0.00199986
    endloop
  endfacet
  facet normal 0 1 -0
    outer loop
      vertex -0.00297356 0.0724998 0.000391006
      vertex -0.00386333 0.0724998 0.00103474
      vertex -0.00277138 0.0724998 0.00114727
    endloop
  endfacet
  facet normal 0 1 0
    outer loop
      vertex -0.00297356 0.0724998 0.000391006
      vertex -0.00399971 0.0724998 0
      vertex -0.00386333 0.0724998 0.00103474
    endloop
  endfacet
  facet normal 0 1 -0
    outer loop
      vertex -0.00297356 0.0724998 -0.000391006
      vertex -0.00399971 0.0724998 0
      vertex -0.00297356 0.0724998 0.000391006
    endloop
  endfacet
  facet normal 0 1 0
    outer loop
      vertex -0.00297356 0.0724998 -0.000391006
      vertex -0.00386333 0.0724998 -0.00103474
      vertex -0.00399971 0.0724998 0
    endloop
  endfacet
  facet normal 0 1 0
    outer loop
      vertex -0.00277138 0.0724998 -0.00114727
      vertex -0.00386333 0.0724998 -0.00103474
      vertex -0.00297356 0.0724998 -0.000391006
    endloop
  endfacet
  facet normal 0 1 0
    outer loop
      vertex -0.00346375 0.0724998 -0.00199986
      vertex -0.00277138 0.0724998 -0.00114727
      vertex -0.00237942 0.0724998 -0.00182533
    endloop
  endfacet
  facet normal 0 1 0
    outer loop
      vertex -0.00277138 0.0724998 -0.00114727
      vertex -0.00346375 0.0724998 -0.00199986
      vertex -0.00386333 0.0724998 -0.00103474
    endloop
  endfacet
  facet normal 0 1 0
    outer loop
      vertex -0.00282764 0.0724998 -0.00282764
      vertex -0.00237942 0.0724998 -0.00182533
      vertex -0.00182533 0.0724998 -0.00237942
    endloop
  endfacet
  facet normal 0 1 0
    outer loop
      vertex -0.00199986 0.0724998 -0.00346375
      vertex -0.00182533 0.0724998 -0.00237942
      vertex -0.00114727 0.0724998 -0.00277138
    endloop
  endfacet
  facet normal 0 1 0
    outer loop
      vertex -0.00237942 0.0724998 -0.00182533
      vertex -0.00282764 0.0724998 -0.00282764
      vertex -0.00346375 0.0724998 -0.00199986
    endloop
  endfacet
  facet normal 0 1 -0
    outer loop
      vertex -0.00103474 0.0724998 -0.00386333
      vertex -0.00114727 0.0724998 -0.00277138
      vertex -0.000391006 0.0724998 -0.00297356
    endloop
  endfacet
  facet normal 0 1 0
    outer loop
      vertex 0 0.0724998 -0.00399971
      vertex 0.000391006 0.0724998 -0.00297356
      vertex 0.00103474 0.0724998 -0.00386333
    endloop
  endfacet
  facet normal 0 1 0
    outer loop
      vertex -0.00182533 0.0724998 -0.00237942
      vertex -0.00199986 0.0724998 -0.00346375
      vertex -0.00282764 0.0724998 -0.00282764
    endloop
  endfacet
  facet normal 0 1 0
    outer loop
      vertex 0.000391006 0.0724998 -0.00297356
      vertex 0 0.0724998 -0.00399971
      vertex -0.000391006 0.0724998 -0.00297356
    endloop
  endfacet
  facet normal 0 1 0
    outer loop
      vertex -0.00114727 0.0724998 -0.00277138
      vertex -0.00103474 0.0724998 -0.00386333
      vertex -0.00199986 0.0724998 -0.00346375
    endloop
  endfacet
  facet normal 0 1 0
    outer loop
      vertex -0.000391006 0.0724998 -0.00297356
      vertex 0 0.0724998 -0.00399971
      vertex -0.00103474 0.0724998 -0.00386333
    endloop
  endfacet
  facet normal -0.130671 0 -0.991426
    outer loop
      vertex -0.000929963 0.0504995 -0.00387714
      vertex 0 0.0724998 -0.00399971
      vertex 0 0.0504995 -0.00399971
    endloop
  endfacet
  facet normal -0.130674 -0 -0.991425
    outer loop
      vertex -0.00103474 0.0724998 -0.00386333
      vertex -0.000929963 0.0504995 -0.00387714
      vertex -0.00103474 0.0504995 -0.00386333
    endloop
  endfacet
  facet normal -0.130671 1.1852e-08 -0.991426
    outer loop
      vertex -0.000929963 0.0504995 -0.00387714
      vertex -0.00103474 0.0724998 -0.00386333
      vertex 0 0.0724998 -0.00399971
    endloop
  endfacet
  facet normal 0.130674 0 0.991425
    outer loop
      vertex 0.00103474 0.0724998 0.00386333
      vertex 0.000929963 0.0504995 0.00387714
      vertex 0.00103474 0.0504995 0.00386333
    endloop
  endfacet
  facet normal 0.130671 1.1852e-08 0.991426
    outer loop
      vertex 0 0.0724998 0.00399971
      vertex 0.000929963 0.0504995 0.00387714
      vertex 0.00103474 0.0724998 0.00386333
    endloop
  endfacet
  facet normal 0.130671 0 0.991426
    outer loop
      vertex 0.000929963 0.0504995 0.00387714
      vertex 0 0.0724998 0.00399971
      vertex 0 0.0504995 0.00399971
    endloop
  endfacet
  facet normal 0.609316 0 0.792927
    outer loop
      vertex 0.00282764 0.0724998 0.00282764
      vertex 0.00208287 0.0504995 0.00339995
      vertex 0.00282764 0.0504995 0.00282764
    endloop
  endfacet
  facet normal 0.609323 -3.86325e-07 0.792922
    outer loop
      vertex 0.00199986 0.0724998 0.00346375
      vertex 0.00208287 0.0504995 0.00339995
      vertex 0.00282764 0.0724998 0.00282764
    endloop
  endfacet
  facet normal 0.609388 0 0.792872
    outer loop
      vertex 0.00208287 0.0504995 0.00339995
      vertex 0.00199986 0.0724998 0.00346375
      vertex 0.00199986 0.0504995 0.00346375
    endloop
  endfacet
  facet normal -0.382554 0 0.923933
    outer loop
      vertex -0.00103474 0.0724998 0.00386333
      vertex -0.00119489 0.0504995 0.00379702
      vertex -0.00103474 0.0504995 0.00386333
    endloop
  endfacet
  facet normal -0.382528 -2.24183e-07 0.923944
    outer loop
      vertex -0.00103474 0.0724998 0.00386333
      vertex -0.00184001 0.0504995 0.00352993
      vertex -0.00119489 0.0504995 0.00379702
    endloop
  endfacet
  facet normal -0.382532 -5.31487e-08 0.923942
    outer loop
      vertex -0.00199986 0.0724998 0.00346375
      vertex -0.00184001 0.0504995 0.00352993
      vertex -0.00103474 0.0724998 0.00386333
    endloop
  endfacet
  facet normal -0.382525 0 0.923945
    outer loop
      vertex -0.00184001 0.0504995 0.00352993
      vertex -0.00199986 0.0724998 0.00346375
      vertex -0.00199986 0.0504995 0.00346375
    endloop
  endfacet
  facet normal -0.792872 0 0.609388
    outer loop
      vertex -0.00339995 0.0504995 0.00208287
      vertex -0.00346375 0.0724998 0.00199986
      vertex -0.00346375 0.0504995 0.00199986
    endloop
  endfacet
  facet normal -0.792922 -3.86325e-07 0.609323
    outer loop
      vertex -0.00346375 0.0724998 0.00199986
      vertex -0.00339995 0.0504995 0.00208287
      vertex -0.00282764 0.0724998 0.00282764
    endloop
  endfacet
  facet normal -0.792927 0 0.609316
    outer loop
      vertex -0.00282764 0.0724998 0.00282764
      vertex -0.00339995 0.0504995 0.00208287
      vertex -0.00282764 0.0504995 0.00282764
    endloop
  endfacet
  facet normal -0.991426 0 0.130671
    outer loop
      vertex -0.00399971 0.0504995 0
      vertex -0.00386333 0.0724998 0.00103474
      vertex -0.00399971 0.0724998 0
    endloop
  endfacet
  facet normal -0.991426 1.31874e-08 0.130671
    outer loop
      vertex -0.00387714 0.0504995 0.000929963
      vertex -0.00386333 0.0724998 0.00103474
      vertex -0.00399971 0.0504995 0
    endloop
  endfacet
  facet normal -0.991425 0 0.130674
    outer loop
      vertex -0.00386333 0.0724998 0.00103474
      vertex -0.00387714 0.0504995 0.000929963
      vertex -0.00386333 0.0504995 0.00103474
    endloop
  endfacet
  facet normal 0.991425 0 0.130674
    outer loop
      vertex 0.00387714 0.0504995 0.000929963
      vertex 0.00386333 0.0724998 0.00103474
      vertex 0.00386333 0.0504995 0.00103474
    endloop
  endfacet
  facet normal 0.991426 1.1852e-08 0.130671
    outer loop
      vertex 0.00386333 0.0724998 0.00103474
      vertex 0.00387714 0.0504995 0.000929963
      vertex 0.00399971 0.0724998 0
    endloop
  endfacet
  facet normal 0.991426 0 0.130671
    outer loop
      vertex 0.00399971 0.0724998 0
      vertex 0.00387714 0.0504995 0.000929963
      vertex 0.00399971 0.0504995 0
    endloop
  endfacet
  facet normal 0.382525 0 0.923945
    outer loop
      vertex 0.00199986 0.0724998 0.00346375
      vertex 0.00184001 0.0504995 0.00352993
      vertex 0.00199986 0.0504995 0.00346375
    endloop
  endfacet
  facet normal 0.382528 -1.91978e-08 0.923944
    outer loop
      vertex 0.00199986 0.0724998 0.00346375
      vertex 0.00119489 0.0504995 0.00379702
      vertex 0.00184001 0.0504995 0.00352993
    endloop
  endfacet
  facet normal 0.382532 -1.90167e-07 0.923942
    outer loop
      vertex 0.00103474 0.0724998 0.00386333
      vertex 0.00119489 0.0504995 0.00379702
      vertex 0.00199986 0.0724998 0.00346375
    endloop
  endfacet
  facet normal 0.382554 0 0.923933
    outer loop
      vertex 0.00119489 0.0504995 0.00379702
      vertex 0.00103474 0.0724998 0.00386333
      vertex 0.00103474 0.0504995 0.00386333
    endloop
  endfacet
  facet normal -0.923933 0 0.382554
    outer loop
      vertex -0.00379702 0.0504995 0.00119489
      vertex -0.00386333 0.0724998 0.00103474
      vertex -0.00386333 0.0504995 0.00103474
    endloop
  endfacet
  facet normal -0.923942 -1.90167e-07 0.382532
    outer loop
      vertex -0.00386333 0.0724998 0.00103474
      vertex -0.00379702 0.0504995 0.00119489
      vertex -0.00346375 0.0724998 0.00199986
    endloop
  endfacet
  facet normal -0.923944 -1.91978e-08 0.382528
    outer loop
      vertex -0.00352993 0.0504995 0.00184001
      vertex -0.00346375 0.0724998 0.00199986
      vertex -0.00379702 0.0504995 0.00119489
    endloop
  endfacet
  facet normal -0.923945 0 0.382525
    outer loop
      vertex -0.00346375 0.0724998 0.00199986
      vertex -0.00352993 0.0504995 0.00184001
      vertex -0.00346375 0.0504995 0.00199986
    endloop
  endfacet
  facet normal 0.0929076 0.704678 -0.703419
    outer loop
      vertex 0.00061512 0.0747981 -0.00182533
      vertex 0 0.0743261 -0.00237942
      vertex 0 0.0748792 -0.00182533
    endloop
  endfacet
  facet normal 0.127112 0.958148 0.256505
    outer loop
      vertex 0.000769615 0.0753722 0.000391006
      vertex 0 0.0754743 0.000391006
      vertex 0.000717163 0.0751767 0.00114727
    endloop
  endfacet
  facet normal 0.958387 0.125888 0.256216
    outer loop
      vertex 0.00287247 0.0732694 0.000391006
      vertex 0.00277138 0.0724998 0.00114727
      vertex 0.00297356 0.0724998 0.000391006
    endloop
  endfacet
  facet normal -0.588454 0.766767 0.256495
    outer loop
      vertex -0.00148678 0.0750756 0.000391006
      vertex -0.0019598 0.0744596 0.00114727
      vertex -0.00138569 0.0749002 0.00114727
    endloop
  endfacet
  facet normal -0.271315 0.656456 -0.703885
    outer loop
      vertex -0.000472069 0.0742631 -0.00237942
      vertex -0.000912666 0.074081 -0.00237942
      vertex -0.00061512 0.0747981 -0.00182533
    endloop
  endfacet
  facet normal 0.465491 0.191968 0.863983
    outer loop
      vertex 0.00176334 0.0729718 0.00237942
      vertex 0.000993729 0.0730739 0.00277138
      vertex 0.00110817 0.0727964 0.00277138
    endloop
  endfacet
  facet normal 0.258121 0.0340274 0.965513
    outer loop
      vertex 0.00110817 0.0727964 0.00277138
      vertex 0.000391006 0.0724998 0.00297356
      vertex 0.00114727 0.0724998 0.00277138
    endloop
  endfacet
  facet normal 0.331555 0.801639 0.497439
    outer loop
      vertex 0.00138569 0.0749002 0.00114727
      vertex 0.000717163 0.0751767 0.00114727
      vertex 0.00118923 0.0745607 0.00182533
    endloop
  endfacet
  facet normal 0.860195 0.113194 -0.497245
    outer loop
      vertex 0.00237942 0.0724998 -0.00182533
      vertex 0.00229836 0.0731158 -0.00182533
      vertex 0.00277138 0.0724998 -0.00114727
    endloop
  endfacet
  facet normal -0.860214 0.113264 -0.497195
    outer loop
      vertex -0.00229836 0.0731158 -0.00182533
      vertex -0.00277138 0.0724998 -0.00114727
      vertex -0.00267696 0.0732169 -0.00114727
    endloop
  endfacet
  facet normal 0.399463 0.3065 -0.863995
    outer loop
      vertex 0.000993729 0.0730739 -0.00277138
      vertex 0.000811577 0.0733113 -0.00277138
      vertex 0.00129128 0.073791 -0.00237942
    endloop
  endfacet
  facet normal -0.240661 0.0992484 -0.965522
    outer loop
      vertex -0.000377655 0.0726009 -0.00297356
      vertex -0.00110817 0.0727964 -0.00277138
      vertex -0.000993729 0.0730739 -0.00277138
    endloop
  endfacet
  facet normal 0.588639 0.766686 0.256314
    outer loop
      vertex 0.00210285 0.0746026 0.000391006
      vertex 0.00148678 0.0750756 0.000391006
      vertex 0.0019598 0.0744596 0.00114727
    endloop
  endfacet
  facet normal -0.528293 0.687813 -0.497815
    outer loop
      vertex -0.00168228 0.074182 -0.00182533
      vertex -0.0019598 0.0744596 -0.00114727
      vertex -0.00118923 0.0745607 -0.00182533
    endloop
  endfacet
  facet normal -0.767372 0.587646 0.256538
    outer loop
      vertex -0.0019598 0.0744596 0.00114727
      vertex -0.00257492 0.0739865 0.000391006
      vertex -0.00239944 0.0738855 0.00114727
    endloop
  endfacet
  facet normal -0.656215 0.271389 -0.704081
    outer loop
      vertex -0.00158119 0.0734124 -0.00237942
      vertex -0.00229836 0.0731158 -0.00182533
      vertex -0.00206089 0.07369 -0.00182533
    endloop
  endfacet
  facet normal -0.382178 0.924089 0
    outer loop
      vertex -0.000769615 0.0753722 -0.000391006
      vertex -0.00148678 0.0750756 0.000391006
      vertex -0.000769615 0.0753722 0.000391006
    endloop
  endfacet
  facet normal -0.382178 0.924089 0
    outer loop
      vertex -0.00148678 0.0750756 0.000391006
      vertex -0.000769615 0.0753722 -0.000391006
      vertex -0.00148678 0.0750756 -0.000391006
    endloop
  endfacet
  facet normal 0.206465 0.158416 0.965545
    outer loop
      vertex 0.000811577 0.0733113 0.00277138
      vertex 0.000276566 0.0727763 0.00297356
      vertex 0.000993729 0.0730739 0.00277138
    endloop
  endfacet
  facet normal 0.704142 0.0926586 0.703988
    outer loop
      vertex 0.00229836 0.0731158 0.00182533
      vertex 0.00176334 0.0729718 0.00237942
      vertex 0.00237942 0.0724998 0.00182533
    endloop
  endfacet
  facet normal 0.689252 0.527822 0.496321
    outer loop
      vertex 0.00239944 0.0738855 0.00114727
      vertex 0.0019598 0.0744596 0.00114727
      vertex 0.00206089 0.07369 0.00182533
    endloop
  endfacet
  facet normal 0.331555 0.801639 -0.497439
    outer loop
      vertex 0.00118923 0.0745607 -0.00182533
      vertex 0.000717163 0.0751767 -0.00114727
      vertex 0.00138569 0.0749002 -0.00114727
    endloop
  endfacet
  facet normal -0.258121 0.0340274 0.965513
    outer loop
      vertex -0.00110817 0.0727964 0.00277138
      vertex -0.00114727 0.0724998 0.00277138
      vertex -0.000391006 0.0724998 0.00297356
    endloop
  endfacet
  facet normal 0.0666731 0.499592 0.863691
    outer loop
      vertex 0.000472069 0.0742631 0.00237942
      vertex 0 0.0743261 0.00237942
      vertex 0.000296593 0.0736089 0.00277138
    endloop
  endfacet
  facet normal -0.369407 0.893158 0.256529
    outer loop
      vertex -0.000717163 0.0751767 0.00114727
      vertex -0.00148678 0.0750756 0.000391006
      vertex -0.00138569 0.0749002 0.00114727
    endloop
  endfacet
  facet normal -0.127112 0.958148 0.256505
    outer loop
      vertex 0 0.0754743 0.000391006
      vertex -0.000769615 0.0753722 0.000391006
      vertex -0.000717163 0.0751767 0.00114727
    endloop
  endfacet
  facet normal -0.656208 0.271285 -0.704127
    outer loop
      vertex -0.00176334 0.0729718 -0.00237942
      vertex -0.00229836 0.0731158 -0.00182533
      vertex -0.00158119 0.0734124 -0.00237942
    endloop
  endfacet
  facet normal 0.656208 0.271285 0.704127
    outer loop
      vertex 0.00229836 0.0731158 0.00182533
      vertex 0.00158119 0.0734124 0.00237942
      vertex 0.00176334 0.0729718 0.00237942
    endloop
  endfacet
  facet normal 0.656215 0.271389 0.704081
    outer loop
      vertex 0.00206089 0.07369 0.00182533
      vertex 0.00158119 0.0734124 0.00237942
      vertex 0.00229836 0.0731158 0.00182533
    endloop
  endfacet
  facet normal 0.563676 0.431631 -0.704247
    outer loop
      vertex 0.00158119 0.0734124 -0.00237942
      vertex 0.00129128 0.073791 -0.00237942
      vertex 0.00206089 0.07369 -0.00182533
    endloop
  endfacet
  facet normal 0.499384 0.0655864 -0.863895
    outer loop
      vertex 0.00182533 0.0724998 -0.00237942
      vertex 0.00114727 0.0724998 -0.00277138
      vertex 0.00176334 0.0729718 -0.00237942
    endloop
  endfacet
  facet normal 0.528293 0.687813 -0.497815
    outer loop
      vertex 0.00168228 0.074182 -0.00182533
      vertex 0.00118923 0.0745607 -0.00182533
      vertex 0.0019598 0.0744596 -0.00114727
    endloop
  endfacet
  facet normal 0.958387 0.125888 -0.256216
    outer loop
      vertex 0.00297356 0.0724998 -0.000391006
      vertex 0.00277138 0.0724998 -0.00114727
      vertex 0.00287247 0.0732694 -0.000391006
    endloop
  endfacet
  facet normal 0.06583 0.499354 -0.863894
    outer loop
      vertex 0.000296593 0.0736089 -0.00277138
      vertex 0 0.073648 -0.00277138
      vertex 0 0.0743261 -0.00237942
    endloop
  endfacet
  facet normal -0.158129 0.206748 -0.965531
    outer loop
      vertex -0.000276566 0.0727763 -0.00297356
      vertex -0.000811577 0.0733113 -0.00277138
      vertex -0.000195503 0.0728383 -0.00297356
    endloop
  endfacet
  facet normal 0.258099 0.0340838 0.965517
    outer loop
      vertex 0.00110817 0.0727964 0.00277138
      vertex 0.000377655 0.0726009 0.00297356
      vertex 0.000391006 0.0724998 0.00297356
    endloop
  endfacet
  facet normal 0.56331 0.433485 0.7034
    outer loop
      vertex 0.00168228 0.074182 0.00182533
      vertex 0.00129128 0.073791 0.00237942
      vertex 0.00206089 0.07369 0.00182533
    endloop
  endfacet
  facet normal 0.687315 0.528911 0.497846
    outer loop
      vertex 0.0019598 0.0744596 0.00114727
      vertex 0.00168228 0.074182 0.00182533
      vertex 0.00206089 0.07369 0.00182533
    endloop
  endfacet
  facet normal -0.113231 0.860224 -0.497186
    outer loop
      vertex 0 0.0748792 -0.00182533
      vertex -0.000717163 0.0751767 -0.00114727
      vertex 0 0.0752711 -0.00114727
    endloop
  endfacet
  facet normal 0.369407 0.893158 -0.256529
    outer loop
      vertex 0.00138569 0.0749002 -0.00114727
      vertex 0.000717163 0.0751767 -0.00114727
      vertex 0.00148678 0.0750756 -0.000391006
    endloop
  endfacet
  facet normal 0.369407 0.893158 0.256529
    outer loop
      vertex 0.00148678 0.0750756 0.000391006
      vertex 0.000717163 0.0751767 0.00114727
      vertex 0.00138569 0.0749002 0.00114727
    endloop
  endfacet
  facet normal -0.158129 0.206748 0.965531
    outer loop
      vertex -0.000195503 0.0728383 0.00297356
      vertex -0.000811577 0.0733113 0.00277138
      vertex -0.000276566 0.0727763 0.00297356
    endloop
  endfacet
  facet normal 0.399926 0.30624 0.863873
    outer loop
      vertex 0.00129128 0.073791 0.00237942
      vertex 0.000993729 0.0730739 0.00277138
      vertex 0.00158119 0.0734124 0.00237942
    endloop
  endfacet
  facet normal 0.305604 0.3999 0.86411
    outer loop
      vertex 0.000912666 0.074081 0.00237942
      vertex 0.000573158 0.0734935 0.00277138
      vertex 0.000811577 0.0733113 0.00277138
    endloop
  endfacet
  facet normal -0.0929076 0.704678 -0.703419
    outer loop
      vertex 0 0.0743261 -0.00237942
      vertex -0.00061512 0.0747981 -0.00182533
      vertex 0 0.0748792 -0.00182533
    endloop
  endfacet
  facet normal -0.588454 0.766767 -0.256495
    outer loop
      vertex -0.00138569 0.0749002 -0.00114727
      vertex -0.0019598 0.0744596 -0.00114727
      vertex -0.00148678 0.0750756 -0.000391006
    endloop
  endfacet
  facet normal -0.563676 0.431631 -0.704247
    outer loop
      vertex -0.00158119 0.0734124 -0.00237942
      vertex -0.00206089 0.07369 -0.00182533
      vertex -0.00129128 0.073791 -0.00237942
    endloop
  endfacet
  facet normal 0.801807 0.331601 0.497138
    outer loop
      vertex 0.00267696 0.0732169 0.00114727
      vertex 0.00206089 0.07369 0.00182533
      vertex 0.00229836 0.0731158 0.00182533
    endloop
  endfacet
  facet normal 0.958275 0.126175 0.256493
    outer loop
      vertex 0.00287247 0.0732694 0.000391006
      vertex 0.00267696 0.0732169 0.00114727
      vertex 0.00277138 0.0724998 0.00114727
    endloop
  endfacet
  facet normal 0.892741 0.37043 0.256507
    outer loop
      vertex 0.00287247 0.0732694 0.000391006
      vertex 0.00257492 0.0739865 0.000391006
      vertex 0.00267696 0.0732169 0.00114727
    endloop
  endfacet
  facet normal 0.689252 0.527822 -0.496321
    outer loop
      vertex 0.00206089 0.07369 -0.00182533
      vertex 0.0019598 0.0744596 -0.00114727
      vertex 0.00239944 0.0738855 -0.00114727
    endloop
  endfacet
  facet normal 0.240414 0.0995809 -0.965549
    outer loop
      vertex 0.000377655 0.0726009 -0.00297356
      vertex 0.000338554 0.0726953 -0.00297356
      vertex 0.000993729 0.0730739 -0.00277138
    endloop
  endfacet
  facet normal 0.767372 0.587646 -0.256538
    outer loop
      vertex 0.00239944 0.0738855 -0.00114727
      vertex 0.0019598 0.0744596 -0.00114727
      vertex 0.00257492 0.0739865 -0.000391006
    endloop
  endfacet
  facet normal 0.704142 0.0926586 -0.703988
    outer loop
      vertex 0.00237942 0.0724998 -0.00182533
      vertex 0.00176334 0.0729718 -0.00237942
      vertex 0.00229836 0.0731158 -0.00182533
    endloop
  endfacet
  facet normal 0.0666731 0.499592 -0.863691
    outer loop
      vertex 0.000296593 0.0736089 -0.00277138
      vertex 0 0.0743261 -0.00237942
      vertex 0.000472069 0.0742631 -0.00237942
    endloop
  endfacet
  facet normal 0.958275 0.126175 -0.256493
    outer loop
      vertex 0.00277138 0.0724998 -0.00114727
      vertex 0.00267696 0.0732169 -0.00114727
      vertex 0.00287247 0.0732694 -0.000391006
    endloop
  endfacet
  facet normal 0.56331 0.433485 -0.7034
    outer loop
      vertex 0.00206089 0.07369 -0.00182533
      vertex 0.00129128 0.073791 -0.00237942
      vertex 0.00168228 0.074182 -0.00182533
    endloop
  endfacet
  facet normal -0.860195 0.113194 -0.497245
    outer loop
      vertex -0.00237942 0.0724998 -0.00182533
      vertex -0.00277138 0.0724998 -0.00114727
      vertex -0.00229836 0.0731158 -0.00182533
    endloop
  endfacet
  facet normal -0.258099 0.0340838 -0.965517
    outer loop
      vertex -0.000391006 0.0724998 -0.00297356
      vertex -0.00110817 0.0727964 -0.00277138
      vertex -0.000377655 0.0726009 -0.00297356
    endloop
  endfacet
  facet normal -0.704142 0.0926586 -0.703988
    outer loop
      vertex -0.00176334 0.0729718 -0.00237942
      vertex -0.00237942 0.0724998 -0.00182533
      vertex -0.00229836 0.0731158 -0.00182533
    endloop
  endfacet
  facet normal -0.126106 0.958037 -0.257414
    outer loop
      vertex 0 0.0752711 -0.00114727
      vertex -0.000717163 0.0751767 -0.00114727
      vertex 0 0.0754743 -0.000391006
    endloop
  endfacet
  facet normal 0.113231 0.860224 -0.497186
    outer loop
      vertex 0.000717163 0.0751767 -0.00114727
      vertex 0 0.0748792 -0.00182533
      vertex 0 0.0752711 -0.00114727
    endloop
  endfacet
  facet normal 0.499248 0.0658146 0.863956
    outer loop
      vertex 0.00176334 0.0729718 0.00237942
      vertex 0.00110817 0.0727964 0.00277138
      vertex 0.00114727 0.0724998 0.00277138
    endloop
  endfacet
  facet normal 0.0929076 0.704678 0.703419
    outer loop
      vertex 0 0.0748792 0.00182533
      vertex 0 0.0743261 0.00237942
      vertex 0.00061512 0.0747981 0.00182533
    endloop
  endfacet
  facet normal 0.193817 0.464497 0.864105
    outer loop
      vertex 0.000912666 0.074081 0.00237942
      vertex 0.000296593 0.0736089 0.00277138
      vertex 0.000573158 0.0734935 0.00277138
    endloop
  endfacet
  facet normal 0.431954 0.563945 0.703834
    outer loop
      vertex 0.00118923 0.0745607 0.00182533
      vertex 0.000912666 0.074081 0.00237942
      vertex 0.00129128 0.073791 0.00237942
    endloop
  endfacet
  facet normal 0.432995 0.56374 0.703358
    outer loop
      vertex 0.00168228 0.074182 0.00182533
      vertex 0.00118923 0.0745607 0.00182533
      vertex 0.00129128 0.073791 0.00237942
    endloop
  endfacet
  facet normal 0.801821 0.332817 0.496302
    outer loop
      vertex 0.00239944 0.0738855 0.00114727
      vertex 0.00206089 0.07369 0.00182533
      vertex 0.00267696 0.0732169 0.00114727
    endloop
  endfacet
  facet normal 0.89267 0.370526 0.256615
    outer loop
      vertex 0.00257492 0.0739865 0.000391006
      vertex 0.00239944 0.0738855 0.00114727
      vertex 0.00267696 0.0732169 0.00114727
    endloop
  endfacet
  facet normal 0.52811 0.688138 0.49756
    outer loop
      vertex 0.00138569 0.0749002 0.00114727
      vertex 0.00118923 0.0745607 0.00182533
      vertex 0.0019598 0.0744596 0.00114727
    endloop
  endfacet
  facet normal 0.528293 0.687813 0.497815
    outer loop
      vertex 0.0019598 0.0744596 0.00114727
      vertex 0.00118923 0.0745607 0.00182533
      vertex 0.00168228 0.074182 0.00182533
    endloop
  endfacet
  facet normal 0.892741 0.37043 -0.256507
    outer loop
      vertex 0.00267696 0.0732169 -0.00114727
      vertex 0.00257492 0.0739865 -0.000391006
      vertex 0.00287247 0.0732694 -0.000391006
    endloop
  endfacet
  facet normal 0.767263 0.587895 -0.256294
    outer loop
      vertex 0.00257492 0.0739865 -0.000391006
      vertex 0.0019598 0.0744596 -0.00114727
      vertex 0.00210285 0.0746026 -0.000391006
    endloop
  endfacet
  facet normal -0.206465 0.158416 0.965545
    outer loop
      vertex -0.000811577 0.0733113 0.00277138
      vertex -0.000993729 0.0730739 0.00277138
      vertex -0.000276566 0.0727763 0.00297356
    endloop
  endfacet
  facet normal 0.033989 0.257823 0.965594
    outer loop
      vertex 0 0.073648 0.00277138
      vertex 0 0.0728908 0.00297356
      vertex 0.000296593 0.0736089 0.00277138
    endloop
  endfacet
  facet normal -0.767263 0.587895 -0.256294
    outer loop
      vertex -0.0019598 0.0744596 -0.00114727
      vertex -0.00257492 0.0739865 -0.000391006
      vertex -0.00210285 0.0746026 -0.000391006
    endloop
  endfacet
  facet normal -0.258099 0.0340838 0.965517
    outer loop
      vertex -0.000377655 0.0726009 0.00297356
      vertex -0.00110817 0.0727964 0.00277138
      vertex -0.000391006 0.0724998 0.00297356
    endloop
  endfacet
  facet normal -0.89267 0.370526 -0.256615
    outer loop
      vertex -0.00239944 0.0738855 -0.00114727
      vertex -0.00267696 0.0732169 -0.00114727
      vertex -0.00257492 0.0739865 -0.000391006
    endloop
  endfacet
  facet normal -0.767372 0.587646 -0.256538
    outer loop
      vertex -0.00239944 0.0738855 -0.00114727
      vertex -0.00257492 0.0739865 -0.000391006
      vertex -0.0019598 0.0744596 -0.00114727
    endloop
  endfacet
  facet normal 0.704077 0.0924698 -0.704077
    outer loop
      vertex 0.00182533 0.0724998 -0.00237942
      vertex 0.00176334 0.0729718 -0.00237942
      vertex 0.00237942 0.0724998 -0.00182533
    endloop
  endfacet
  facet normal 0.305604 0.3999 -0.86411
    outer loop
      vertex 0.000811577 0.0733113 -0.00277138
      vertex 0.000573158 0.0734935 -0.00277138
      vertex 0.000912666 0.074081 -0.00237942
    endloop
  endfacet
  facet normal 0.465491 0.191968 -0.863983
    outer loop
      vertex 0.00110817 0.0727964 -0.00277138
      vertex 0.000993729 0.0730739 -0.00277138
      vertex 0.00176334 0.0729718 -0.00237942
    endloop
  endfacet
  facet normal 0.331485 0.801638 -0.497487
    outer loop
      vertex 0.00118923 0.0745607 -0.00182533
      vertex 0.00061512 0.0747981 -0.00182533
      vertex 0.000717163 0.0751767 -0.00114727
    endloop
  endfacet
  facet normal 0.113402 0.860122 -0.497322
    outer loop
      vertex 0.00061512 0.0747981 -0.00182533
      vertex 0 0.0748792 -0.00182533
      vertex 0.000717163 0.0751767 -0.00114727
    endloop
  endfacet
  facet normal 0.432995 0.56374 -0.703358
    outer loop
      vertex 0.00129128 0.073791 -0.00237942
      vertex 0.00118923 0.0745607 -0.00182533
      vertex 0.00168228 0.074182 -0.00182533
    endloop
  endfacet
  facet normal 0.687315 0.528911 -0.497846
    outer loop
      vertex 0.00206089 0.07369 -0.00182533
      vertex 0.00168228 0.074182 -0.00182533
      vertex 0.0019598 0.0744596 -0.00114727
    endloop
  endfacet
  facet normal -0.958387 0.125888 -0.256216
    outer loop
      vertex -0.00277138 0.0724998 -0.00114727
      vertex -0.00297356 0.0724998 -0.000391006
      vertex -0.00287247 0.0732694 -0.000391006
    endloop
  endfacet
  facet normal -0.991483 0.130235 0
    outer loop
      vertex -0.00297356 0.0724998 -0.000391006
      vertex -0.00287247 0.0732694 0.000391006
      vertex -0.00287247 0.0732694 -0.000391006
    endloop
  endfacet
  facet normal -0.991483 0.130235 0
    outer loop
      vertex -0.00287247 0.0732694 0.000391006
      vertex -0.00297356 0.0724998 -0.000391006
      vertex -0.00297356 0.0724998 0.000391006
    endloop
  endfacet
  facet normal -0.431954 0.563945 -0.703834
    outer loop
      vertex -0.000912666 0.074081 -0.00237942
      vertex -0.00129128 0.073791 -0.00237942
      vertex -0.00118923 0.0745607 -0.00182533
    endloop
  endfacet
  facet normal -0.033989 0.257823 -0.965594
    outer loop
      vertex 0 0.0728908 -0.00297356
      vertex -0.000296593 0.0736089 -0.00277138
      vertex 0 0.073648 -0.00277138
    endloop
  endfacet
  facet normal -0.801807 0.331601 -0.497138
    outer loop
      vertex -0.00229836 0.0731158 -0.00182533
      vertex -0.00267696 0.0732169 -0.00114727
      vertex -0.00206089 0.07369 -0.00182533
    endloop
  endfacet
  facet normal -0.56331 0.433485 -0.7034
    outer loop
      vertex -0.00129128 0.073791 -0.00237942
      vertex -0.00206089 0.07369 -0.00182533
      vertex -0.00168228 0.074182 -0.00182533
    endloop
  endfacet
  facet normal -0.131512 0.991315 0
    outer loop
      vertex 0 0.0754743 -0.000391006
      vertex -0.000769615 0.0753722 0.000391006
      vertex 0 0.0754743 0.000391006
    endloop
  endfacet
  facet normal -0.131512 0.991315 0
    outer loop
      vertex -0.000769615 0.0753722 0.000391006
      vertex 0 0.0754743 -0.000391006
      vertex -0.000769615 0.0753722 -0.000391006
    endloop
  endfacet
  facet normal 0.113231 0.860224 0.497186
    outer loop
      vertex 0 0.0752711 0.00114727
      vertex 0 0.0748792 0.00182533
      vertex 0.000717163 0.0751767 0.00114727
    endloop
  endfacet
  facet normal 0.563676 0.431631 0.704247
    outer loop
      vertex 0.00206089 0.07369 0.00182533
      vertex 0.00129128 0.073791 0.00237942
      vertex 0.00158119 0.0734124 0.00237942
    endloop
  endfacet
  facet normal 0.465498 0.192443 0.863873
    outer loop
      vertex 0.00158119 0.0734124 0.00237942
      vertex 0.000993729 0.0730739 0.00277138
      vertex 0.00176334 0.0729718 0.00237942
    endloop
  endfacet
  facet normal 0.306191 0.399752 0.863971
    outer loop
      vertex 0.000912666 0.074081 0.00237942
      vertex 0.000811577 0.0733113 0.00277138
      vertex 0.00129128 0.073791 0.00237942
    endloop
  endfacet
  facet normal 0.126106 0.958037 0.257414
    outer loop
      vertex 0 0.0754743 0.000391006
      vertex 0 0.0752711 0.00114727
      vertex 0.000717163 0.0751767 0.00114727
    endloop
  endfacet
  facet normal -0.126106 0.958037 0.257414
    outer loop
      vertex 0 0.0754743 0.000391006
      vertex -0.000717163 0.0751767 0.00114727
      vertex 0 0.0752711 0.00114727
    endloop
  endfacet
  facet normal 0.192527 0.465826 0.863678
    outer loop
      vertex 0.000472069 0.0742631 0.00237942
      vertex 0.000296593 0.0736089 0.00277138
      vertex 0.000912666 0.074081 0.00237942
    endloop
  endfacet
  facet normal 0.158062 0.206833 0.965524
    outer loop
      vertex 0.000573158 0.0734935 0.00277138
      vertex 0.000195503 0.0728383 0.00297356
      vertex 0.000811577 0.0733113 0.00277138
    endloop
  endfacet
  facet normal 0.588454 0.766767 0.256495
    outer loop
      vertex 0.00148678 0.0750756 0.000391006
      vertex 0.00138569 0.0749002 0.00114727
      vertex 0.0019598 0.0744596 0.00114727
    endloop
  endfacet
  facet normal 0.767372 0.587646 0.256538
    outer loop
      vertex 0.00257492 0.0739865 0.000391006
      vertex 0.0019598 0.0744596 0.00114727
      vertex 0.00239944 0.0738855 0.00114727
    endloop
  endfacet
  facet normal 0.793776 0.60821 0
    outer loop
      vertex 0.00257492 0.0739865 0.000391006
      vertex 0.00210285 0.0746026 -0.000391006
      vertex 0.00210285 0.0746026 0.000391006
    endloop
  endfacet
  facet normal 0.793776 0.60821 0
    outer loop
      vertex 0.00210285 0.0746026 -0.000391006
      vertex 0.00257492 0.0739865 0.000391006
      vertex 0.00257492 0.0739865 -0.000391006
    endloop
  endfacet
  facet normal 0.923644 0.383252 0
    outer loop
      vertex 0.00287247 0.0732694 0.000391006
      vertex 0.00257492 0.0739865 -0.000391006
      vertex 0.00257492 0.0739865 0.000391006
    endloop
  endfacet
  facet normal 0.923644 0.383252 0
    outer loop
      vertex 0.00257492 0.0739865 -0.000391006
      vertex 0.00287247 0.0732694 0.000391006
      vertex 0.00287247 0.0732694 -0.000391006
    endloop
  endfacet
  facet normal 0.991483 0.130235 0
    outer loop
      vertex 0.00297356 0.0724998 0.000391006
      vertex 0.00287247 0.0732694 -0.000391006
      vertex 0.00287247 0.0732694 0.000391006
    endloop
  endfacet
  facet normal 0.991483 0.130235 0
    outer loop
      vertex 0.00287247 0.0732694 -0.000391006
      vertex 0.00297356 0.0724998 0.000391006
      vertex 0.00297356 0.0724998 -0.000391006
    endloop
  endfacet
  facet normal 0.588639 0.766686 -0.256314
    outer loop
      vertex 0.0019598 0.0744596 -0.00114727
      vertex 0.00148678 0.0750756 -0.000391006
      vertex 0.00210285 0.0746026 -0.000391006
    endloop
  endfacet
  facet normal 0.52811 0.688138 -0.49756
    outer loop
      vertex 0.0019598 0.0744596 -0.00114727
      vertex 0.00118923 0.0745607 -0.00182533
      vertex 0.00138569 0.0749002 -0.00114727
    endloop
  endfacet
  facet normal -0.52811 0.688138 0.49756
    outer loop
      vertex -0.00138569 0.0749002 0.00114727
      vertex -0.0019598 0.0744596 0.00114727
      vertex -0.00118923 0.0745607 0.00182533
    endloop
  endfacet
  facet normal -0.860195 0.113194 0.497245
    outer loop
      vertex -0.00229836 0.0731158 0.00182533
      vertex -0.00277138 0.0724998 0.00114727
      vertex -0.00237942 0.0724998 0.00182533
    endloop
  endfacet
  facet normal -0.369391 0.89317 0.256511
    outer loop
      vertex -0.000769615 0.0753722 0.000391006
      vertex -0.00148678 0.0750756 0.000391006
      vertex -0.000717163 0.0751767 0.00114727
    endloop
  endfacet
  facet normal -0.0939495 0.703979 -0.70398
    outer loop
      vertex -0.000472069 0.0742631 -0.00237942
      vertex -0.00061512 0.0747981 -0.00182533
      vertex 0 0.0743261 -0.00237942
    endloop
  endfacet
  facet normal -0.113402 0.860122 -0.497322
    outer loop
      vertex -0.00061512 0.0747981 -0.00182533
      vertex -0.000717163 0.0751767 -0.00114727
      vertex 0 0.0748792 -0.00182533
    endloop
  endfacet
  facet normal -0.801821 0.332817 0.496302
    outer loop
      vertex -0.00239944 0.0738855 0.00114727
      vertex -0.00267696 0.0732169 0.00114727
      vertex -0.00206089 0.07369 0.00182533
    endloop
  endfacet
  facet normal -0.793776 0.60821 0
    outer loop
      vertex -0.00257492 0.0739865 -0.000391006
      vertex -0.00210285 0.0746026 0.000391006
      vertex -0.00210285 0.0746026 -0.000391006
    endloop
  endfacet
  facet normal -0.793776 0.60821 0
    outer loop
      vertex -0.00210285 0.0746026 0.000391006
      vertex -0.00257492 0.0739865 -0.000391006
      vertex -0.00257492 0.0739865 0.000391006
    endloop
  endfacet
  facet normal 0 0 1
    outer loop
      vertex 0.000338554 0.0726953 0.00297356
      vertex 0.000391006 0.0724998 0.00297356
      vertex 0.000377655 0.0726009 0.00297356
    endloop
  endfacet
  facet normal 0 0 1
    outer loop
      vertex 0.000276566 0.0727763 0.00297356
      vertex 0.000391006 0.0724998 0.00297356
      vertex 0.000338554 0.0726953 0.00297356
    endloop
  endfacet
  facet normal 0 0 1
    outer loop
      vertex 0.000195503 0.0728383 0.00297356
      vertex 0.000391006 0.0724998 0.00297356
      vertex 0.000276566 0.0727763 0.00297356
    endloop
  endfacet
  facet normal 0 0 1
    outer loop
      vertex 0.000101089 0.0728774 0.00297356
      vertex 0.000391006 0.0724998 0.00297356
      vertex 0.000195503 0.0728383 0.00297356
    endloop
  endfacet
  facet normal 0 0 1
    outer loop
      vertex 0 0.0728908 0.00297356
      vertex 0.000391006 0.0724998 0.00297356
      vertex 0.000101089 0.0728774 0.00297356
    endloop
  endfacet
  facet normal -0 0 1
    outer loop
      vertex -0.000101089 0.0728774 0.00297356
      vertex 0.000391006 0.0724998 0.00297356
      vertex 0 0.0728908 0.00297356
    endloop
  endfacet
  facet normal -0 0 1
    outer loop
      vertex -0.000195503 0.0728383 0.00297356
      vertex 0.000391006 0.0724998 0.00297356
      vertex -0.000101089 0.0728774 0.00297356
    endloop
  endfacet
  facet normal -0 0 1
    outer loop
      vertex -0.000276566 0.0727763 0.00297356
      vertex 0.000391006 0.0724998 0.00297356
      vertex -0.000195503 0.0728383 0.00297356
    endloop
  endfacet
  facet normal -0 0 1
    outer loop
      vertex -0.000338554 0.0726953 0.00297356
      vertex 0.000391006 0.0724998 0.00297356
      vertex -0.000276566 0.0727763 0.00297356
    endloop
  endfacet
  facet normal -0 0 1
    outer loop
      vertex -0.000377655 0.0726009 0.00297356
      vertex 0.000391006 0.0724998 0.00297356
      vertex -0.000338554 0.0726953 0.00297356
    endloop
  endfacet
  facet normal 0 0 1
    outer loop
      vertex 0.000391006 0.0724998 0.00297356
      vertex -0.000377655 0.0726009 0.00297356
      vertex -0.000391006 0.0724998 0.00297356
    endloop
  endfacet
  facet normal -0.240661 0.0992484 0.965522
    outer loop
      vertex -0.000993729 0.0730739 0.00277138
      vertex -0.00110817 0.0727964 0.00277138
      vertex -0.000377655 0.0726009 0.00297356
    endloop
  endfacet
  facet normal -0.801821 0.332817 -0.496302
    outer loop
      vertex -0.00206089 0.07369 -0.00182533
      vertex -0.00267696 0.0732169 -0.00114727
      vertex -0.00239944 0.0738855 -0.00114727
    endloop
  endfacet
  facet normal -0.689252 0.527822 -0.496321
    outer loop
      vertex -0.00206089 0.07369 -0.00182533
      vertex -0.00239944 0.0738855 -0.00114727
      vertex -0.0019598 0.0744596 -0.00114727
    endloop
  endfacet
  facet normal 0.860195 0.113194 0.497245
    outer loop
      vertex 0.00277138 0.0724998 0.00114727
      vertex 0.00229836 0.0731158 0.00182533
      vertex 0.00237942 0.0724998 0.00182533
    endloop
  endfacet
  facet normal 0.860214 0.113264 0.497195
    outer loop
      vertex 0.00267696 0.0732169 0.00114727
      vertex 0.00229836 0.0731158 0.00182533
      vertex 0.00277138 0.0724998 0.00114727
    endloop
  endfacet
  facet normal 0.656215 0.271389 -0.704081
    outer loop
      vertex 0.00229836 0.0731158 -0.00182533
      vertex 0.00158119 0.0734124 -0.00237942
      vertex 0.00206089 0.07369 -0.00182533
    endloop
  endfacet
  facet normal 0.656208 0.271285 -0.704127
    outer loop
      vertex 0.00176334 0.0729718 -0.00237942
      vertex 0.00158119 0.0734124 -0.00237942
      vertex 0.00229836 0.0731158 -0.00182533
    endloop
  endfacet
  facet normal -0.271455 0.656465 -0.703822
    outer loop
      vertex -0.000912666 0.074081 -0.00237942
      vertex -0.00118923 0.0745607 -0.00182533
      vertex -0.00061512 0.0747981 -0.00182533
    endloop
  endfacet
  facet normal -0.192527 0.465826 -0.863678
    outer loop
      vertex -0.000296593 0.0736089 -0.00277138
      vertex -0.000912666 0.074081 -0.00237942
      vertex -0.000472069 0.0742631 -0.00237942
    endloop
  endfacet
  facet normal 0.271315 0.656456 -0.703885
    outer loop
      vertex 0.000912666 0.074081 -0.00237942
      vertex 0.000472069 0.0742631 -0.00237942
      vertex 0.00061512 0.0747981 -0.00182533
    endloop
  endfacet
  facet normal 0.193817 0.464497 -0.864105
    outer loop
      vertex 0.000573158 0.0734935 -0.00277138
      vertex 0.000296593 0.0736089 -0.00277138
      vertex 0.000912666 0.074081 -0.00237942
    endloop
  endfacet
  facet normal 0.271455 0.656465 -0.703822
    outer loop
      vertex 0.000912666 0.074081 -0.00237942
      vertex 0.00061512 0.0747981 -0.00182533
      vertex 0.00118923 0.0745607 -0.00182533
    endloop
  endfacet
  facet normal 0.206465 0.158416 -0.965545
    outer loop
      vertex 0.000993729 0.0730739 -0.00277138
      vertex 0.000276566 0.0727763 -0.00297356
      vertex 0.000811577 0.0733113 -0.00277138
    endloop
  endfacet
  facet normal -0.958387 0.125888 0.256216
    outer loop
      vertex -0.00287247 0.0732694 0.000391006
      vertex -0.00297356 0.0724998 0.000391006
      vertex -0.00277138 0.0724998 0.00114727
    endloop
  endfacet
  facet normal -0.704077 0.0924698 -0.704077
    outer loop
      vertex -0.00182533 0.0724998 -0.00237942
      vertex -0.00237942 0.0724998 -0.00182533
      vertex -0.00176334 0.0729718 -0.00237942
    endloop
  endfacet
  facet normal -0.499384 0.0655864 -0.863895
    outer loop
      vertex -0.00114727 0.0724998 -0.00277138
      vertex -0.00182533 0.0724998 -0.00237942
      vertex -0.00176334 0.0729718 -0.00237942
    endloop
  endfacet
  facet normal -0.399926 0.30624 -0.863873
    outer loop
      vertex -0.000993729 0.0730739 -0.00277138
      vertex -0.00158119 0.0734124 -0.00237942
      vertex -0.00129128 0.073791 -0.00237942
    endloop
  endfacet
  facet normal -0.127112 0.958148 -0.256505
    outer loop
      vertex -0.000717163 0.0751767 -0.00114727
      vertex -0.000769615 0.0753722 -0.000391006
      vertex 0 0.0754743 -0.000391006
    endloop
  endfacet
  facet normal -0.369391 0.89317 -0.256511
    outer loop
      vertex -0.000717163 0.0751767 -0.00114727
      vertex -0.00148678 0.0750756 -0.000391006
      vertex -0.000769615 0.0753722 -0.000391006
    endloop
  endfacet
  facet normal 0.192527 0.465826 -0.863678
    outer loop
      vertex 0.000912666 0.074081 -0.00237942
      vertex 0.000296593 0.0736089 -0.00277138
      vertex 0.000472069 0.0742631 -0.00237942
    endloop
  endfacet
  facet normal 0.0939495 0.703979 -0.70398
    outer loop
      vertex 0.000472069 0.0742631 -0.00237942
      vertex 0 0.0743261 -0.00237942
      vertex 0.00061512 0.0747981 -0.00182533
    endloop
  endfacet
  facet normal 0.588454 0.766767 -0.256495
    outer loop
      vertex 0.0019598 0.0744596 -0.00114727
      vertex 0.00138569 0.0749002 -0.00114727
      vertex 0.00148678 0.0750756 -0.000391006
    endloop
  endfacet
  facet normal 0.126106 0.958037 -0.257414
    outer loop
      vertex 0.000717163 0.0751767 -0.00114727
      vertex 0 0.0752711 -0.00114727
      vertex 0 0.0754743 -0.000391006
    endloop
  endfacet
  facet normal 0 0 -1
    outer loop
      vertex 0.000391006 0.0724998 -0.00297356
      vertex 0.000338554 0.0726953 -0.00297356
      vertex 0.000377655 0.0726009 -0.00297356
    endloop
  endfacet
  facet normal 0 0 -1
    outer loop
      vertex 0.000391006 0.0724998 -0.00297356
      vertex 0.000276566 0.0727763 -0.00297356
      vertex 0.000338554 0.0726953 -0.00297356
    endloop
  endfacet
  facet normal 0 0 -1
    outer loop
      vertex 0.000391006 0.0724998 -0.00297356
      vertex 0.000195503 0.0728383 -0.00297356
      vertex 0.000276566 0.0727763 -0.00297356
    endloop
  endfacet
  facet normal 0 0 -1
    outer loop
      vertex 0.000391006 0.0724998 -0.00297356
      vertex 0.000101089 0.0728774 -0.00297356
      vertex 0.000195503 0.0728383 -0.00297356
    endloop
  endfacet
  facet normal 0 0 -1
    outer loop
      vertex 0.000391006 0.0724998 -0.00297356
      vertex 0 0.0728908 -0.00297356
      vertex 0.000101089 0.0728774 -0.00297356
    endloop
  endfacet
  facet normal 0 0 -1
    outer loop
      vertex 0.000391006 0.0724998 -0.00297356
      vertex -0.000101089 0.0728774 -0.00297356
      vertex 0 0.0728908 -0.00297356
    endloop
  endfacet
  facet normal 0 0 -1
    outer loop
      vertex 0.000391006 0.0724998 -0.00297356
      vertex -0.000195503 0.0728383 -0.00297356
      vertex -0.000101089 0.0728774 -0.00297356
    endloop
  endfacet
  facet normal 0 0 -1
    outer loop
      vertex 0.000391006 0.0724998 -0.00297356
      vertex -0.000276566 0.0727763 -0.00297356
      vertex -0.000195503 0.0728383 -0.00297356
    endloop
  endfacet
  facet normal 0 0 -1
    outer loop
      vertex 0.000391006 0.0724998 -0.00297356
      vertex -0.000338554 0.0726953 -0.00297356
      vertex -0.000276566 0.0727763 -0.00297356
    endloop
  endfacet
  facet normal 0 0 -1
    outer loop
      vertex 0.000391006 0.0724998 -0.00297356
      vertex -0.000377655 0.0726009 -0.00297356
      vertex -0.000338554 0.0726953 -0.00297356
    endloop
  endfacet
  facet normal 0 -0 -1
    outer loop
      vertex -0.000377655 0.0726009 -0.00297356
      vertex 0.000391006 0.0724998 -0.00297356
      vertex -0.000391006 0.0724998 -0.00297356
    endloop
  endfacet
  facet normal 0.240661 0.0992484 -0.965522
    outer loop
      vertex 0.00110817 0.0727964 -0.00277138
      vertex 0.000377655 0.0726009 -0.00297356
      vertex 0.000993729 0.0730739 -0.00277138
    endloop
  endfacet
  facet normal 0.206599 0.158107 -0.965567
    outer loop
      vertex 0.000338554 0.0726953 -0.00297356
      vertex 0.000276566 0.0727763 -0.00297356
      vertex 0.000993729 0.0730739 -0.00277138
    endloop
  endfacet
  facet normal 0.240414 0.0995809 0.965549
    outer loop
      vertex 0.000993729 0.0730739 0.00277138
      vertex 0.000338554 0.0726953 0.00297356
      vertex 0.000377655 0.0726009 0.00297356
    endloop
  endfacet
  facet normal 0.240661 0.0992484 0.965522
    outer loop
      vertex 0.000993729 0.0730739 0.00277138
      vertex 0.000377655 0.0726009 0.00297356
      vertex 0.00110817 0.0727964 0.00277138
    endloop
  endfacet
  facet normal 0.06583 0.499354 0.863894
    outer loop
      vertex 0 0.0743261 0.00237942
      vertex 0 0.073648 0.00277138
      vertex 0.000296593 0.0736089 0.00277138
    endloop
  endfacet
  facet normal -0.192527 0.465826 0.863678
    outer loop
      vertex -0.000472069 0.0742631 0.00237942
      vertex -0.000912666 0.074081 0.00237942
      vertex -0.000296593 0.0736089 0.00277138
    endloop
  endfacet
  facet normal 0.100218 0.240179 0.965541
    outer loop
      vertex 0.000296593 0.0736089 0.00277138
      vertex 0.000195503 0.0728383 0.00297356
      vertex 0.000573158 0.0734935 0.00277138
    endloop
  endfacet
  facet normal 0.0939495 0.703979 0.70398
    outer loop
      vertex 0.00061512 0.0747981 0.00182533
      vertex 0 0.0743261 0.00237942
      vertex 0.000472069 0.0742631 0.00237942
    endloop
  endfacet
  facet normal -0.113231 0.860224 0.497186
    outer loop
      vertex 0 0.0752711 0.00114727
      vertex -0.000717163 0.0751767 0.00114727
      vertex 0 0.0748792 0.00182533
    endloop
  endfacet
  facet normal 0.767263 0.587895 0.256294
    outer loop
      vertex 0.00210285 0.0746026 0.000391006
      vertex 0.0019598 0.0744596 0.00114727
      vertex 0.00257492 0.0739865 0.000391006
    endloop
  endfacet
  facet normal 0.860214 0.113264 -0.497195
    outer loop
      vertex 0.00277138 0.0724998 -0.00114727
      vertex 0.00229836 0.0731158 -0.00182533
      vertex 0.00267696 0.0732169 -0.00114727
    endloop
  endfacet
  facet normal 0.801807 0.331601 -0.497138
    outer loop
      vertex 0.00229836 0.0731158 -0.00182533
      vertex 0.00206089 0.07369 -0.00182533
      vertex 0.00267696 0.0732169 -0.00114727
    endloop
  endfacet
  facet normal 0.127112 0.958148 -0.256505
    outer loop
      vertex 0.000717163 0.0751767 -0.00114727
      vertex 0 0.0754743 -0.000391006
      vertex 0.000769615 0.0753722 -0.000391006
    endloop
  endfacet
  facet normal 0.131512 0.991315 -0
    outer loop
      vertex 0.000769615 0.0753722 -0.000391006
      vertex 0 0.0754743 0.000391006
      vertex 0.000769615 0.0753722 0.000391006
    endloop
  endfacet
  facet normal 0.131512 0.991315 0
    outer loop
      vertex 0 0.0754743 0.000391006
      vertex 0.000769615 0.0753722 -0.000391006
      vertex 0 0.0754743 -0.000391006
    endloop
  endfacet
  facet normal -0.465491 0.191968 0.863983
    outer loop
      vertex -0.000993729 0.0730739 0.00277138
      vertex -0.00176334 0.0729718 0.00237942
      vertex -0.00110817 0.0727964 0.00277138
    endloop
  endfacet
  facet normal -0.958275 0.126175 0.256493
    outer loop
      vertex -0.00267696 0.0732169 0.00114727
      vertex -0.00287247 0.0732694 0.000391006
      vertex -0.00277138 0.0724998 0.00114727
    endloop
  endfacet
  facet normal -0.608983 0.793184 0
    outer loop
      vertex -0.00148678 0.0750756 -0.000391006
      vertex -0.00210285 0.0746026 0.000391006
      vertex -0.00148678 0.0750756 0.000391006
    endloop
  endfacet
  facet normal -0.608983 0.793184 0
    outer loop
      vertex -0.00210285 0.0746026 0.000391006
      vertex -0.00148678 0.0750756 -0.000391006
      vertex -0.00210285 0.0746026 -0.000391006
    endloop
  endfacet
  facet normal -0.588639 0.766686 -0.256314
    outer loop
      vertex -0.0019598 0.0744596 -0.00114727
      vertex -0.00210285 0.0746026 -0.000391006
      vertex -0.00148678 0.0750756 -0.000391006
    endloop
  endfacet
  facet normal -0.801807 0.331601 0.497138
    outer loop
      vertex -0.00206089 0.07369 0.00182533
      vertex -0.00267696 0.0732169 0.00114727
      vertex -0.00229836 0.0731158 0.00182533
    endloop
  endfacet
  facet normal -0.0666731 0.499592 0.863691
    outer loop
      vertex 0 0.0743261 0.00237942
      vertex -0.000472069 0.0742631 0.00237942
      vertex -0.000296593 0.0736089 0.00277138
    endloop
  endfacet
  facet normal -0.704142 0.0926586 0.703988
    outer loop
      vertex -0.00229836 0.0731158 0.00182533
      vertex -0.00237942 0.0724998 0.00182533
      vertex -0.00176334 0.0729718 0.00237942
    endloop
  endfacet
  facet normal -0.499248 0.0658146 0.863956
    outer loop
      vertex -0.00110817 0.0727964 0.00277138
      vertex -0.00176334 0.0729718 0.00237942
      vertex -0.00114727 0.0724998 0.00277138
    endloop
  endfacet
  facet normal -0.432995 0.56374 -0.703358
    outer loop
      vertex -0.00129128 0.073791 -0.00237942
      vertex -0.00168228 0.074182 -0.00182533
      vertex -0.00118923 0.0745607 -0.00182533
    endloop
  endfacet
  facet normal -0.687315 0.528911 -0.497846
    outer loop
      vertex -0.00168228 0.074182 -0.00182533
      vertex -0.00206089 0.07369 -0.00182533
      vertex -0.0019598 0.0744596 -0.00114727
    endloop
  endfacet
  facet normal 0.704077 0.0924698 0.704077
    outer loop
      vertex 0.00237942 0.0724998 0.00182533
      vertex 0.00176334 0.0729718 0.00237942
      vertex 0.00182533 0.0724998 0.00237942
    endloop
  endfacet
  facet normal 0.499384 0.0655864 0.863895
    outer loop
      vertex 0.00176334 0.0729718 0.00237942
      vertex 0.00114727 0.0724998 0.00277138
      vertex 0.00182533 0.0724998 0.00237942
    endloop
  endfacet
  facet normal 0.0341669 0.257753 -0.965606
    outer loop
      vertex 0.000101089 0.0728774 -0.00297356
      vertex 0 0.0728908 -0.00297356
      vertex 0.000296593 0.0736089 -0.00277138
    endloop
  endfacet
  facet normal 0.033989 0.257823 -0.965594
    outer loop
      vertex 0.000296593 0.0736089 -0.00277138
      vertex 0 0.0728908 -0.00297356
      vertex 0 0.073648 -0.00277138
    endloop
  endfacet
  facet normal 0.431954 0.563945 -0.703834
    outer loop
      vertex 0.00129128 0.073791 -0.00237942
      vertex 0.000912666 0.074081 -0.00237942
      vertex 0.00118923 0.0745607 -0.00182533
    endloop
  endfacet
  facet normal 0.306191 0.399752 -0.863971
    outer loop
      vertex 0.00129128 0.073791 -0.00237942
      vertex 0.000811577 0.0733113 -0.00277138
      vertex 0.000912666 0.074081 -0.00237942
    endloop
  endfacet
  facet normal 0.100218 0.240179 -0.965541
    outer loop
      vertex 0.000573158 0.0734935 -0.00277138
      vertex 0.000195503 0.0728383 -0.00297356
      vertex 0.000296593 0.0736089 -0.00277138
    endloop
  endfacet
  facet normal 0.158062 0.206833 -0.965524
    outer loop
      vertex 0.000811577 0.0733113 -0.00277138
      vertex 0.000195503 0.0728383 -0.00297356
      vertex 0.000573158 0.0734935 -0.00277138
    endloop
  endfacet
  facet normal -0.767263 0.587895 0.256294
    outer loop
      vertex -0.00210285 0.0746026 0.000391006
      vertex -0.00257492 0.0739865 0.000391006
      vertex -0.0019598 0.0744596 0.00114727
    endloop
  endfacet
  facet normal -0.958275 0.126175 -0.256493
    outer loop
      vertex -0.00277138 0.0724998 -0.00114727
      vertex -0.00287247 0.0732694 -0.000391006
      vertex -0.00267696 0.0732169 -0.00114727
    endloop
  endfacet
  facet normal -0.499248 0.0658146 -0.863956
    outer loop
      vertex -0.00114727 0.0724998 -0.00277138
      vertex -0.00176334 0.0729718 -0.00237942
      vertex -0.00110817 0.0727964 -0.00277138
    endloop
  endfacet
  facet normal -0.258121 0.0340274 -0.965513
    outer loop
      vertex -0.000391006 0.0724998 -0.00297356
      vertex -0.00114727 0.0724998 -0.00277138
      vertex -0.00110817 0.0727964 -0.00277138
    endloop
  endfacet
  facet normal -0.100218 0.240179 -0.965541
    outer loop
      vertex -0.000195503 0.0728383 -0.00297356
      vertex -0.000573158 0.0734935 -0.00277138
      vertex -0.000296593 0.0736089 -0.00277138
    endloop
  endfacet
  facet normal -0.0666731 0.499592 -0.863691
    outer loop
      vertex -0.000296593 0.0736089 -0.00277138
      vertex -0.000472069 0.0742631 -0.00237942
      vertex 0 0.0743261 -0.00237942
    endloop
  endfacet
  facet normal -0.06583 0.499354 -0.863894
    outer loop
      vertex 0 0.073648 -0.00277138
      vertex -0.000296593 0.0736089 -0.00277138
      vertex 0 0.0743261 -0.00237942
    endloop
  endfacet
  facet normal -0.331485 0.801638 -0.497487
    outer loop
      vertex -0.00061512 0.0747981 -0.00182533
      vertex -0.00118923 0.0745607 -0.00182533
      vertex -0.000717163 0.0751767 -0.00114727
    endloop
  endfacet
  facet normal -0.369407 0.893158 -0.256529
    outer loop
      vertex -0.00138569 0.0749002 -0.00114727
      vertex -0.00148678 0.0750756 -0.000391006
      vertex -0.000717163 0.0751767 -0.00114727
    endloop
  endfacet
  facet normal 0.369391 0.89317 -0.256511
    outer loop
      vertex 0.00148678 0.0750756 -0.000391006
      vertex 0.000717163 0.0751767 -0.00114727
      vertex 0.000769615 0.0753722 -0.000391006
    endloop
  endfacet
  facet normal 0.258121 0.0340274 -0.965513
    outer loop
      vertex 0.00114727 0.0724998 -0.00277138
      vertex 0.000391006 0.0724998 -0.00297356
      vertex 0.00110817 0.0727964 -0.00277138
    endloop
  endfacet
  facet normal 0.499248 0.0658146 -0.863956
    outer loop
      vertex 0.00114727 0.0724998 -0.00277138
      vertex 0.00110817 0.0727964 -0.00277138
      vertex 0.00176334 0.0729718 -0.00237942
    endloop
  endfacet
  facet normal 0.258099 0.0340838 -0.965517
    outer loop
      vertex 0.000391006 0.0724998 -0.00297356
      vertex 0.000377655 0.0726009 -0.00297356
      vertex 0.00110817 0.0727964 -0.00277138
    endloop
  endfacet
  facet normal 0.399926 0.30624 -0.863873
    outer loop
      vertex 0.00158119 0.0734124 -0.00237942
      vertex 0.000993729 0.0730739 -0.00277138
      vertex 0.00129128 0.073791 -0.00237942
    endloop
  endfacet
  facet normal 0.465498 0.192443 -0.863873
    outer loop
      vertex 0.00176334 0.0729718 -0.00237942
      vertex 0.000993729 0.0730739 -0.00277138
      vertex 0.00158119 0.0734124 -0.00237942
    endloop
  endfacet
  facet normal 0.158129 0.206748 0.965531
    outer loop
      vertex 0.000811577 0.0733113 0.00277138
      vertex 0.000195503 0.0728383 0.00297356
      vertex 0.000276566 0.0727763 0.00297356
    endloop
  endfacet
  facet normal 0.399463 0.3065 0.863995
    outer loop
      vertex 0.00129128 0.073791 0.00237942
      vertex 0.000811577 0.0733113 0.00277138
      vertex 0.000993729 0.0730739 0.00277138
    endloop
  endfacet
  facet normal 0.369391 0.89317 0.256511
    outer loop
      vertex 0.000769615 0.0753722 0.000391006
      vertex 0.000717163 0.0751767 0.00114727
      vertex 0.00148678 0.0750756 0.000391006
    endloop
  endfacet
  facet normal -0.331555 0.801639 0.497439
    outer loop
      vertex -0.000717163 0.0751767 0.00114727
      vertex -0.00138569 0.0749002 0.00114727
      vertex -0.00118923 0.0745607 0.00182533
    endloop
  endfacet
  facet normal 0.0995099 0.240284 0.965588
    outer loop
      vertex 0.000296593 0.0736089 0.00277138
      vertex 0.000101089 0.0728774 0.00297356
      vertex 0.000195503 0.0728383 0.00297356
    endloop
  endfacet
  facet normal 0.0341669 0.257753 0.965606
    outer loop
      vertex 0.000296593 0.0736089 0.00277138
      vertex 0 0.0728908 0.00297356
      vertex 0.000101089 0.0728774 0.00297356
    endloop
  endfacet
  facet normal -0.0929076 0.704678 0.703419
    outer loop
      vertex 0 0.0748792 0.00182533
      vertex -0.00061512 0.0747981 0.00182533
      vertex 0 0.0743261 0.00237942
    endloop
  endfacet
  facet normal -0.113402 0.860122 0.497322
    outer loop
      vertex 0 0.0748792 0.00182533
      vertex -0.000717163 0.0751767 0.00114727
      vertex -0.00061512 0.0747981 0.00182533
    endloop
  endfacet
  facet normal 0.271315 0.656456 0.703885
    outer loop
      vertex 0.00061512 0.0747981 0.00182533
      vertex 0.000472069 0.0742631 0.00237942
      vertex 0.000912666 0.074081 0.00237942
    endloop
  endfacet
  facet normal 0.271455 0.656465 0.703822
    outer loop
      vertex 0.00118923 0.0745607 0.00182533
      vertex 0.00061512 0.0747981 0.00182533
      vertex 0.000912666 0.074081 0.00237942
    endloop
  endfacet
  facet normal 0.89267 0.370526 -0.256615
    outer loop
      vertex 0.00267696 0.0732169 -0.00114727
      vertex 0.00239944 0.0738855 -0.00114727
      vertex 0.00257492 0.0739865 -0.000391006
    endloop
  endfacet
  facet normal 0.801821 0.332817 -0.496302
    outer loop
      vertex 0.00267696 0.0732169 -0.00114727
      vertex 0.00206089 0.07369 -0.00182533
      vertex 0.00239944 0.0738855 -0.00114727
    endloop
  endfacet
  facet normal 0.382178 0.924089 -0
    outer loop
      vertex 0.00148678 0.0750756 -0.000391006
      vertex 0.000769615 0.0753722 0.000391006
      vertex 0.00148678 0.0750756 0.000391006
    endloop
  endfacet
  facet normal 0.382178 0.924089 0
    outer loop
      vertex 0.000769615 0.0753722 0.000391006
      vertex 0.00148678 0.0750756 -0.000391006
      vertex 0.000769615 0.0753722 -0.000391006
    endloop
  endfacet
  facet normal 0.608983 0.793184 -0
    outer loop
      vertex 0.00210285 0.0746026 -0.000391006
      vertex 0.00148678 0.0750756 0.000391006
      vertex 0.00210285 0.0746026 0.000391006
    endloop
  endfacet
  facet normal 0.608983 0.793184 0
    outer loop
      vertex 0.00148678 0.0750756 0.000391006
      vertex 0.00210285 0.0746026 -0.000391006
      vertex 0.00148678 0.0750756 -0.000391006
    endloop
  endfacet
  facet normal -0.563676 0.431631 0.704247
    outer loop
      vertex -0.00129128 0.073791 0.00237942
      vertex -0.00206089 0.07369 0.00182533
      vertex -0.00158119 0.0734124 0.00237942
    endloop
  endfacet
  facet normal -0.656215 0.271389 0.704081
    outer loop
      vertex -0.00206089 0.07369 0.00182533
      vertex -0.00229836 0.0731158 0.00182533
      vertex -0.00158119 0.0734124 0.00237942
    endloop
  endfacet
  facet normal -0.399463 0.3065 0.863995
    outer loop
      vertex -0.000811577 0.0733113 0.00277138
      vertex -0.00129128 0.073791 0.00237942
      vertex -0.000993729 0.0730739 0.00277138
    endloop
  endfacet
  facet normal -0.306191 0.399752 0.863971
    outer loop
      vertex -0.000912666 0.074081 0.00237942
      vertex -0.00129128 0.073791 0.00237942
      vertex -0.000811577 0.0733113 0.00277138
    endloop
  endfacet
  facet normal -0.305604 0.3999 0.86411
    outer loop
      vertex -0.000573158 0.0734935 0.00277138
      vertex -0.000912666 0.074081 0.00237942
      vertex -0.000811577 0.0733113 0.00277138
    endloop
  endfacet
  facet normal -0.206599 0.158107 0.965567
    outer loop
      vertex -0.000276566 0.0727763 0.00297356
      vertex -0.000993729 0.0730739 0.00277138
      vertex -0.000338554 0.0726953 0.00297356
    endloop
  endfacet
  facet normal -0.240414 0.0995809 0.965549
    outer loop
      vertex -0.000338554 0.0726953 0.00297356
      vertex -0.000993729 0.0730739 0.00277138
      vertex -0.000377655 0.0726009 0.00297356
    endloop
  endfacet
  facet normal -0.56331 0.433485 0.7034
    outer loop
      vertex -0.00168228 0.074182 0.00182533
      vertex -0.00206089 0.07369 0.00182533
      vertex -0.00129128 0.073791 0.00237942
    endloop
  endfacet
  facet normal -0.431954 0.563945 0.703834
    outer loop
      vertex -0.00118923 0.0745607 0.00182533
      vertex -0.00129128 0.073791 0.00237942
      vertex -0.000912666 0.074081 0.00237942
    endloop
  endfacet
  facet normal -0.588639 0.766686 0.256314
    outer loop
      vertex -0.00148678 0.0750756 0.000391006
      vertex -0.00210285 0.0746026 0.000391006
      vertex -0.0019598 0.0744596 0.00114727
    endloop
  endfacet
  facet normal -0.306191 0.399752 -0.863971
    outer loop
      vertex -0.000811577 0.0733113 -0.00277138
      vertex -0.00129128 0.073791 -0.00237942
      vertex -0.000912666 0.074081 -0.00237942
    endloop
  endfacet
  facet normal -0.240414 0.0995809 -0.965549
    outer loop
      vertex -0.000377655 0.0726009 -0.00297356
      vertex -0.000993729 0.0730739 -0.00277138
      vertex -0.000338554 0.0726953 -0.00297356
    endloop
  endfacet
  facet normal 0.158129 0.206748 -0.965531
    outer loop
      vertex 0.000276566 0.0727763 -0.00297356
      vertex 0.000195503 0.0728383 -0.00297356
      vertex 0.000811577 0.0733113 -0.00277138
    endloop
  endfacet
  facet normal 0.0995099 0.240284 -0.965588
    outer loop
      vertex 0.000195503 0.0728383 -0.00297356
      vertex 0.000101089 0.0728774 -0.00297356
      vertex 0.000296593 0.0736089 -0.00277138
    endloop
  endfacet
  facet normal -0.860214 0.113264 0.497195
    outer loop
      vertex -0.00267696 0.0732169 0.00114727
      vertex -0.00277138 0.0724998 0.00114727
      vertex -0.00229836 0.0731158 0.00182533
    endloop
  endfacet
  facet normal -0.399926 0.30624 0.863873
    outer loop
      vertex -0.00129128 0.073791 0.00237942
      vertex -0.00158119 0.0734124 0.00237942
      vertex -0.000993729 0.0730739 0.00277138
    endloop
  endfacet
  facet normal -0.923644 0.383252 0
    outer loop
      vertex -0.00287247 0.0732694 -0.000391006
      vertex -0.00257492 0.0739865 0.000391006
      vertex -0.00257492 0.0739865 -0.000391006
    endloop
  endfacet
  facet normal -0.923644 0.383252 0
    outer loop
      vertex -0.00257492 0.0739865 0.000391006
      vertex -0.00287247 0.0732694 -0.000391006
      vertex -0.00287247 0.0732694 0.000391006
    endloop
  endfacet
  facet normal -0.892741 0.37043 -0.256507
    outer loop
      vertex -0.00267696 0.0732169 -0.00114727
      vertex -0.00287247 0.0732694 -0.000391006
      vertex -0.00257492 0.0739865 -0.000391006
    endloop
  endfacet
  facet normal -0.399463 0.3065 -0.863995
    outer loop
      vertex -0.000993729 0.0730739 -0.00277138
      vertex -0.00129128 0.073791 -0.00237942
      vertex -0.000811577 0.0733113 -0.00277138
    endloop
  endfacet
  facet normal -0.465491 0.191968 -0.863983
    outer loop
      vertex -0.00110817 0.0727964 -0.00277138
      vertex -0.00176334 0.0729718 -0.00237942
      vertex -0.000993729 0.0730739 -0.00277138
    endloop
  endfacet
  facet normal -0.465498 0.192443 -0.863873
    outer loop
      vertex -0.000993729 0.0730739 -0.00277138
      vertex -0.00176334 0.0729718 -0.00237942
      vertex -0.00158119 0.0734124 -0.00237942
    endloop
  endfacet
  facet normal -0.193817 0.464497 -0.864105
    outer loop
      vertex -0.000573158 0.0734935 -0.00277138
      vertex -0.000912666 0.074081 -0.00237942
      vertex -0.000296593 0.0736089 -0.00277138
    endloop
  endfacet
  facet normal -0.331555 0.801639 -0.497439
    outer loop
      vertex -0.00118923 0.0745607 -0.00182533
      vertex -0.00138569 0.0749002 -0.00114727
      vertex -0.000717163 0.0751767 -0.00114727
    endloop
  endfacet
  facet normal -0.52811 0.688138 -0.49756
    outer loop
      vertex -0.00118923 0.0745607 -0.00182533
      vertex -0.0019598 0.0744596 -0.00114727
      vertex -0.00138569 0.0749002 -0.00114727
    endloop
  endfacet
  facet normal 0.206599 0.158107 0.965567
    outer loop
      vertex 0.000993729 0.0730739 0.00277138
      vertex 0.000276566 0.0727763 0.00297356
      vertex 0.000338554 0.0726953 0.00297356
    endloop
  endfacet
  facet normal -0.0341669 0.257753 0.965606
    outer loop
      vertex 0 0.0728908 0.00297356
      vertex -0.000296593 0.0736089 0.00277138
      vertex -0.000101089 0.0728774 0.00297356
    endloop
  endfacet
  facet normal 0.113402 0.860122 0.497322
    outer loop
      vertex 0.000717163 0.0751767 0.00114727
      vertex 0 0.0748792 0.00182533
      vertex 0.00061512 0.0747981 0.00182533
    endloop
  endfacet
  facet normal 0.331485 0.801638 0.497487
    outer loop
      vertex 0.000717163 0.0751767 0.00114727
      vertex 0.00061512 0.0747981 0.00182533
      vertex 0.00118923 0.0745607 0.00182533
    endloop
  endfacet
  facet normal -0.687315 0.528911 0.497846
    outer loop
      vertex -0.0019598 0.0744596 0.00114727
      vertex -0.00206089 0.07369 0.00182533
      vertex -0.00168228 0.074182 0.00182533
    endloop
  endfacet
  facet normal -0.689252 0.527822 0.496321
    outer loop
      vertex -0.0019598 0.0744596 0.00114727
      vertex -0.00239944 0.0738855 0.00114727
      vertex -0.00206089 0.07369 0.00182533
    endloop
  endfacet
  facet normal -0.499384 0.0655864 0.863895
    outer loop
      vertex -0.00176334 0.0729718 0.00237942
      vertex -0.00182533 0.0724998 0.00237942
      vertex -0.00114727 0.0724998 0.00277138
    endloop
  endfacet
  facet normal -0.704077 0.0924698 0.704077
    outer loop
      vertex -0.00176334 0.0729718 0.00237942
      vertex -0.00237942 0.0724998 0.00182533
      vertex -0.00182533 0.0724998 0.00237942
    endloop
  endfacet
  facet normal -0.271455 0.656465 0.703822
    outer loop
      vertex -0.00061512 0.0747981 0.00182533
      vertex -0.00118923 0.0745607 0.00182533
      vertex -0.000912666 0.074081 0.00237942
    endloop
  endfacet
  facet normal -0.331485 0.801638 0.497487
    outer loop
      vertex -0.000717163 0.0751767 0.00114727
      vertex -0.00118923 0.0745607 0.00182533
      vertex -0.00061512 0.0747981 0.00182533
    endloop
  endfacet
  facet normal -0.892741 0.37043 0.256507
    outer loop
      vertex -0.00257492 0.0739865 0.000391006
      vertex -0.00287247 0.0732694 0.000391006
      vertex -0.00267696 0.0732169 0.00114727
    endloop
  endfacet
  facet normal -0.89267 0.370526 0.256615
    outer loop
      vertex -0.00257492 0.0739865 0.000391006
      vertex -0.00267696 0.0732169 0.00114727
      vertex -0.00239944 0.0738855 0.00114727
    endloop
  endfacet
  facet normal -0.206599 0.158107 -0.965567
    outer loop
      vertex -0.000338554 0.0726953 -0.00297356
      vertex -0.000993729 0.0730739 -0.00277138
      vertex -0.000276566 0.0727763 -0.00297356
    endloop
  endfacet
  facet normal -0.206465 0.158416 -0.965545
    outer loop
      vertex -0.000276566 0.0727763 -0.00297356
      vertex -0.000993729 0.0730739 -0.00277138
      vertex -0.000811577 0.0733113 -0.00277138
    endloop
  endfacet
  facet normal -0.158062 0.206833 -0.965524
    outer loop
      vertex -0.000195503 0.0728383 -0.00297356
      vertex -0.000811577 0.0733113 -0.00277138
      vertex -0.000573158 0.0734935 -0.00277138
    endloop
  endfacet
  facet normal -0.305604 0.3999 -0.86411
    outer loop
      vertex -0.000811577 0.0733113 -0.00277138
      vertex -0.000912666 0.074081 -0.00237942
      vertex -0.000573158 0.0734935 -0.00277138
    endloop
  endfacet
  facet normal -0.0995099 0.240284 -0.965588
    outer loop
      vertex -0.000195503 0.0728383 -0.00297356
      vertex -0.000296593 0.0736089 -0.00277138
      vertex -0.000101089 0.0728774 -0.00297356
    endloop
  endfacet
  facet normal -0.0341669 0.257753 -0.965606
    outer loop
      vertex -0.000101089 0.0728774 -0.00297356
      vertex -0.000296593 0.0736089 -0.00277138
      vertex 0 0.0728908 -0.00297356
    endloop
  endfacet
  facet normal -0.06583 0.499354 0.863894
    outer loop
      vertex 0 0.0743261 0.00237942
      vertex -0.000296593 0.0736089 0.00277138
      vertex 0 0.073648 0.00277138
    endloop
  endfacet
  facet normal -0.033989 0.257823 0.965594
    outer loop
      vertex 0 0.073648 0.00277138
      vertex -0.000296593 0.0736089 0.00277138
      vertex 0 0.0728908 0.00297356
    endloop
  endfacet
  facet normal -0.0939495 0.703979 0.70398
    outer loop
      vertex 0 0.0743261 0.00237942
      vertex -0.00061512 0.0747981 0.00182533
      vertex -0.000472069 0.0742631 0.00237942
    endloop
  endfacet
  facet normal -0.271315 0.656456 0.703885
    outer loop
      vertex -0.00061512 0.0747981 0.00182533
      vertex -0.000912666 0.074081 0.00237942
      vertex -0.000472069 0.0742631 0.00237942
    endloop
  endfacet
  facet normal -0.0995099 0.240284 0.965588
    outer loop
      vertex -0.000101089 0.0728774 0.00297356
      vertex -0.000296593 0.0736089 0.00277138
      vertex -0.000195503 0.0728383 0.00297356
    endloop
  endfacet
  facet normal -0.193817 0.464497 0.864105
    outer loop
      vertex -0.000296593 0.0736089 0.00277138
      vertex -0.000912666 0.074081 0.00237942
      vertex -0.000573158 0.0734935 0.00277138
    endloop
  endfacet
  facet normal -0.656208 0.271285 0.704127
    outer loop
      vertex -0.00158119 0.0734124 0.00237942
      vertex -0.00229836 0.0731158 0.00182533
      vertex -0.00176334 0.0729718 0.00237942
    endloop
  endfacet
  facet normal -0.465498 0.192443 0.863873
    outer loop
      vertex -0.00158119 0.0734124 0.00237942
      vertex -0.00176334 0.0729718 0.00237942
      vertex -0.000993729 0.0730739 0.00277138
    endloop
  endfacet
  facet normal -0.432995 0.56374 0.703358
    outer loop
      vertex -0.00118923 0.0745607 0.00182533
      vertex -0.00168228 0.074182 0.00182533
      vertex -0.00129128 0.073791 0.00237942
    endloop
  endfacet
  facet normal -0.528293 0.687813 0.497815
    outer loop
      vertex -0.00118923 0.0745607 0.00182533
      vertex -0.0019598 0.0744596 0.00114727
      vertex -0.00168228 0.074182 0.00182533
    endloop
  endfacet
  facet normal -0.100218 0.240179 0.965541
    outer loop
      vertex -0.000296593 0.0736089 0.00277138
      vertex -0.000573158 0.0734935 0.00277138
      vertex -0.000195503 0.0728383 0.00297356
    endloop
  endfacet
  facet normal -0.158062 0.206833 0.965524
    outer loop
      vertex -0.000573158 0.0734935 0.00277138
      vertex -0.000811577 0.0733113 0.00277138
      vertex -0.000195503 0.0728383 0.00297356
    endloop
  endfacet
  facet normal 0.0284927 -0.814714 0.579163
    outer loop
      vertex 0.00815105 -0.0824466 0.0827665
      vertex 0 -0.0854726 0.0789108
      vertex 0.0077343 -0.0854726 0.0785303
    endloop
  endfacet
  facet normal 0.0598931 -0.969167 -0.239015
    outer loop
      vertex 0.0137291 -0.097486 -0.0452604
      vertex 0.0092268 -0.097486 -0.0463886
      vertex 0.0159082 -0.0955796 -0.0524445
    endloop
  endfacet
  facet normal -0.545893 0.814755 0.195385
    outer loop
      vertex -0.073566 -0.0495276 0.0283464
      vertex -0.0768356 -0.0525527 0.031826
      vertex -0.0729036 -0.0495276 0.0301971
    endloop
  endfacet
  facet normal -0.545904 0.814751 0.195372
    outer loop
      vertex -0.074054 -0.0496002 0.0272856
      vertex -0.0768356 -0.0525527 0.031826
      vertex -0.073566 -0.0495276 0.0283464
    endloop
  endfacet
  facet normal -0.546053 0.814683 0.195236
    outer loop
      vertex -0.0741847 -0.0496196 0.027001
      vertex -0.0768356 -0.0525527 0.031826
      vertex -0.074054 -0.0496002 0.0272856
    endloop
  endfacet
  facet normal -0.545859 0.814775 0.195399
    outer loop
      vertex -0.0747012 -0.0495276 0.0251745
      vertex -0.0768356 -0.0525527 0.031826
      vertex -0.0741847 -0.0496196 0.027001
    endloop
  endfacet
  facet normal -0.545921 0.814741 0.195364
    outer loop
      vertex -0.0768356 -0.0525527 0.031826
      vertex -0.0747012 -0.0495276 0.0251745
      vertex -0.0755129 -0.0495276 0.0229063
    endloop
  endfacet
  facet normal 0.834428 0.463285 -0.298493
    outer loop
      vertex 0.0870848 -0.0623708 -0.0264168
      vertex 0.0840769 -0.0623708 -0.0348253
      vertex 0.0853996 -0.0590062 -0.0259056
    endloop
  endfacet
  facet normal 0.656191 0.736464 0.164421
    outer loop
      vertex 0.0815687 -0.0525527 0.0162249
      vertex 0.0795851 -0.0525527 0.0241413
      vertex 0.0828915 -0.0557227 0.0251446
    endloop
  endfacet
  facet normal 0.525081 -0.623389 -0.579376
    outer loop
      vertex 0.0612507 -0.0792775 -0.0612507
      vertex 0.0549517 -0.0792775 -0.0669594
      vertex 0.0566149 -0.075994 -0.068985
    endloop
  endfacet
  facet normal -0.19541 -0.814673 0.546006
    outer loop
      vertex -0.0229063 -0.0854726 0.0755129
      vertex -0.031826 -0.0824466 0.0768356
      vertex -0.0301971 -0.0854726 0.0729036
    endloop
  endfacet
  facet normal -0.326073 0.250584 -0.911528
    outer loop
      vertex -0.0266733 -0.0657849 -0.0879316
      vertex -0.0348253 -0.0623708 -0.0840769
      vertex -0.0264168 -0.0623708 -0.0870848
    endloop
  endfacet
  facet normal 0.545921 0.814741 -0.195364
    outer loop
      vertex 0.0768356 -0.0525527 -0.031826
      vertex 0.0747012 -0.0495276 -0.0251745
      vertex 0.0755129 -0.0495276 -0.0229063
    endloop
  endfacet
  facet normal 0.545904 0.814751 -0.195372
    outer loop
      vertex 0.0768356 -0.0525527 -0.031826
      vertex 0.073566 -0.0495276 -0.0283464
      vertex 0.074054 -0.0496002 -0.0272856
    endloop
  endfacet
  facet normal 0.546053 0.814683 -0.195236
    outer loop
      vertex 0.0768356 -0.0525527 -0.031826
      vertex 0.074054 -0.0496002 -0.0272856
      vertex 0.0741847 -0.0496196 -0.027001
    endloop
  endfacet
  facet normal 0.545893 0.814755 -0.195385
    outer loop
      vertex 0.073566 -0.0495276 -0.0283464
      vertex 0.0768356 -0.0525527 -0.031826
      vertex 0.0729036 -0.0495276 -0.0301971
    endloop
  endfacet
  facet normal 0.545859 0.814775 -0.195399
    outer loop
      vertex 0.0747012 -0.0495276 -0.0251745
      vertex 0.0768356 -0.0525527 -0.031826
      vertex 0.0741847 -0.0496196 -0.027001
    endloop
  endfacet
  facet normal -0.238797 -0.934647 -0.263461
    outer loop
      vertex -0.0436869 -0.0934033 -0.0436869
      vertex -0.0482016 -0.0909772 -0.0482016
      vertex -0.0391941 -0.0934033 -0.0477591
    endloop
  endfacet
  facet normal 0.671561 0 -0.740949
    outer loop
      vertex 0.0582933 -0.0692162 -0.0710306
      vertex 0.0649748 -0.0657849 -0.0649748
      vertex 0.0649748 -0.0692162 -0.0649748
    endloop
  endfacet
  facet normal 0.671561 0 -0.740949
    outer loop
      vertex 0.0649748 -0.0657849 -0.0649748
      vertex 0.0582933 -0.0692162 -0.0710306
      vertex 0.0582933 -0.0657849 -0.0710306
    endloop
  endfacet
  facet normal 0.298135 0.814712 0.497353
    outer loop
      vertex 0.0438404 -0.0495276 0.0656118
      vertex 0.0392046 -0.0525527 0.0733461
      vertex 0.0462046 -0.0525527 0.06915
    endloop
  endfacet
  facet normal -0.711786 -0.463337 -0.5279
    outer loop
      vertex -0.0742025 -0.075994 -0.0495806
      vertex -0.0756664 -0.0726304 -0.050559
      vertex -0.0703468 -0.0726304 -0.0577316
    endloop
  endfacet
  facet normal -0.127441 -0.954556 -0.269411
    outer loop
      vertex -0.0209723 -0.0955796 -0.0506325
      vertex -0.0291243 -0.0934033 -0.0544872
      vertex -0.0236425 -0.0934033 -0.0570803
    endloop
  endfacet
  facet normal 0.95761 -0.250609 0.14205
    outer loop
      vertex 0.0901232 -0.0692162 0.0179262
      vertex 0.0892553 -0.0726304 0.0177536
      vertex 0.0905657 -0.0726304 0.00891972
    endloop
  endfacet
  facet normal -0.197138 -0.97994 -0.0292379
    outer loop
      vertex -0.0391455 -0.0991034 -0.00385475
      vertex -0.0470695 -0.097486 -0.00463581
      vertex -0.0463886 -0.097486 -0.0092268
    endloop
  endfacet
  facet normal -0.102214 -0.907259 -0.407963
    outer loop
      vertex -0.0197878 -0.0909772 -0.0652313
      vertex -0.02145 -0.088325 -0.070713
      vertex -0.013298 -0.0909772 -0.0668573
    endloop
  endfacet
  facet normal -0.25057 -0.90725 -0.337804
    outer loop
      vertex -0.0432444 -0.0909772 -0.0526934
      vertex -0.0468779 -0.088325 -0.0571213
      vertex -0.0410538 -0.088325 -0.0614414
    endloop
  endfacet
  facet normal -0.298493 0.463285 -0.834428
    outer loop
      vertex -0.0264168 -0.0623708 -0.0870848
      vertex -0.0348253 -0.0623708 -0.0840769
      vertex -0.0259056 -0.0590062 -0.0853996
    endloop
  endfacet
  facet normal 0.0851032 -0.814672 0.573643
    outer loop
      vertex 0.0162249 -0.0824466 0.0815687
      vertex 0.00815105 -0.0824466 0.0827665
      vertex 0.0153942 -0.0854726 0.0773945
    endloop
  endfacet
  facet normal 0.777563 -0.25061 0.576707
    outer loop
      vertex 0.0710306 -0.0692162 0.0582933
      vertex 0.0703468 -0.0726304 0.0577316
      vertex 0.0764027 -0.0692162 0.0510502
    endloop
  endfacet
  facet normal -0.166736 0.869013 -0.465849
    outer loop
      vertex -0.0283464 -0.0495276 -0.073566
      vertex -0.0301971 -0.0495276 -0.0729036
      vertex -0.0301403 -0.0494431 -0.0727663
    endloop
  endfacet
  facet normal -0.166622 0.869166 -0.465604
    outer loop
      vertex -0.0229063 -0.0495276 -0.0755129
      vertex -0.0251745 -0.0495276 -0.0747012
      vertex -0.0230463 -0.0494533 -0.0753241
    endloop
  endfacet
  facet normal -0.717316 0.250628 -0.650111
    outer loop
      vertex -0.0643492 -0.0623708 -0.0643492
      vertex -0.0710306 -0.0657849 -0.0582933
      vertex -0.0703468 -0.0623708 -0.0577316
    endloop
  endfacet
  facet normal -0.95761 -0.250609 0.14205
    outer loop
      vertex -0.0901232 -0.0692162 0.0179262
      vertex -0.0905657 -0.0726304 0.00891972
      vertex -0.0892553 -0.0726304 0.0177536
    endloop
  endfacet
  facet normal -0.380198 -0.907256 -0.17982
    outer loop
      vertex -0.0629778 -0.0909772 -0.0260859
      vertex -0.0682697 -0.088325 -0.0282784
      vertex -0.0601177 -0.0909772 -0.0321331
    endloop
  endfacet
  facet normal -0.0361525 -0.969162 0.243759
    outer loop
      vertex -0.00463581 -0.097486 0.0470695
      vertex -0.0106916 -0.0955796 0.053751
      vertex -0.0092268 -0.097486 0.0463886
    endloop
  endfacet
  facet normal 0.429612 -0.814703 0.389476
    outer loop
      vertex 0.0588074 -0.0824466 0.0588074
      vertex 0.0557976 -0.0854726 0.0557976
      vertex 0.0609989 -0.0854726 0.0500603
    endloop
  endfacet
  facet normal 0.19541 -0.814673 0.546006
    outer loop
      vertex 0.031826 -0.0824466 0.0768356
      vertex 0.0229063 -0.0854726 0.0755129
      vertex 0.0301971 -0.0854726 0.0729036
    endloop
  endfacet
  facet normal 0.670658 -0.623453 0.4019
    outer loop
      vertex 0.0787048 -0.075994 0.0420685
      vertex 0.0720234 -0.0792775 0.0481243
      vertex 0.0763931 -0.0792775 0.0408325
    endloop
  endfacet
  facet normal -0.628022 -0.62338 -0.465818
    outer loop
      vertex -0.0669594 -0.0792775 -0.0549517
      vertex -0.0742025 -0.075994 -0.0495806
      vertex -0.068985 -0.075994 -0.0566149
    endloop
  endfacet
  facet normal -0.282413 -0.90725 0.311674
    outer loop
      vertex -0.0468779 -0.088325 0.0571213
      vertex -0.0482016 -0.0909772 0.0482016
      vertex -0.0432444 -0.0909772 0.0526934
    endloop
  endfacet
  facet normal 0.4019 -0.623453 -0.670658
    outer loop
      vertex 0.0481243 -0.0792775 -0.0720234
      vertex 0.0408325 -0.0792775 -0.0763931
      vertex 0.0420685 -0.075994 -0.0787048
    endloop
  endfacet
  facet normal 0.911528 0.250584 -0.326073
    outer loop
      vertex 0.0879316 -0.0657849 -0.0266733
      vertex 0.0840769 -0.0623708 -0.0348253
      vertex 0.0870848 -0.0623708 -0.0264168
    endloop
  endfacet
  facet normal 0.402997 0.736469 0.54333
    outer loop
      vertex 0.0527601 -0.0525527 0.0642881
      vertex 0.0481243 -0.0557227 0.0720234
      vertex 0.0549517 -0.0557227 0.0669594
    endloop
  endfacet
  facet normal -0.420092 -0.907247 0.0206228
    outer loop
      vertex -0.0678387 -0.0909772 0.00668144
      vertex -0.0738945 -0.088325 0
      vertex -0.0681667 -0.0909772 0
    endloop
  endfacet
  facet normal 0.140883 0.81475 -0.562435
    outer loop
      vertex 0.0162249 -0.0525527 -0.0815687
      vertex 0.0214184 -0.0495276 -0.0758856
      vertex 0.0229063 -0.0495276 -0.0755129
    endloop
  endfacet
  facet normal 0.140744 0.814832 -0.562352
    outer loop
      vertex 0.0214184 -0.0495276 -0.0758856
      vertex 0.0162249 -0.0525527 -0.0815687
      vertex 0.0207249 -0.0495838 -0.0761406
    endloop
  endfacet
  facet normal 0.140856 0.814764 -0.562423
    outer loop
      vertex 0.0162249 -0.0525527 -0.0815687
      vertex 0.0181616 -0.0495276 -0.0767013
      vertex 0.0201239 -0.0495968 -0.0763101
    endloop
  endfacet
  facet normal 0.141122 0.814632 -0.562546
    outer loop
      vertex 0.0162249 -0.0525527 -0.0815687
      vertex 0.0201239 -0.0495968 -0.0763101
      vertex 0.0204306 -0.0496076 -0.0762488
    endloop
  endfacet
  facet normal 0.140881 0.814756 -0.562428
    outer loop
      vertex 0.0181616 -0.0495276 -0.0767013
      vertex 0.0162249 -0.0525527 -0.0815687
      vertex 0.0153942 -0.0495276 -0.0773945
    endloop
  endfacet
  facet normal 0.140889 0.814753 -0.56243
    outer loop
      vertex 0.0207249 -0.0495838 -0.0761406
      vertex 0.0162249 -0.0525527 -0.0815687
      vertex 0.0204306 -0.0496076 -0.0762488
    endloop
  endfacet
  facet normal 0.939062 -0.250607 -0.235284
    outer loop
      vertex 0.0892553 -0.0726304 -0.0177536
      vertex 0.0879316 -0.0692162 -0.0266733
      vertex 0.0901232 -0.0692162 -0.0179262
    endloop
  endfacet
  facet normal 0.95761 -0.250609 -0.14205
    outer loop
      vertex 0.0905657 -0.0726304 -0.00891972
      vertex 0.0892553 -0.0726304 -0.0177536
      vertex 0.0901232 -0.0692162 -0.0179262
    endloop
  endfacet
  facet normal -0.957644 0.250503 -0.142009
    outer loop
      vertex -0.0901232 -0.0657849 -0.0179262
      vertex -0.0914459 -0.0657849 -0.0090065
      vertex -0.0905657 -0.0623708 -0.00891972
    endloop
  endfacet
  facet normal -0.998795 0 0.049072
    outer loop
      vertex -0.0918884 -0.0692162 0
      vertex -0.0914459 -0.0657849 0.0090065
      vertex -0.0918884 -0.0657849 0
    endloop
  endfacet
  facet normal -0.998795 0 0.049072
    outer loop
      vertex -0.0914459 -0.0657849 0.0090065
      vertex -0.0918884 -0.0692162 0
      vertex -0.0914459 -0.0692162 0.0090065
    endloop
  endfacet
  facet normal -0.0331752 0.736402 0.675731
    outer loop
      vertex -0.00815105 -0.0525527 0.0827665
      vertex -0.00848961 -0.0557227 0.0862045
      vertex 0 -0.0557227 0.0866213
    endloop
  endfacet
  facet normal -0.579049 0.814795 0.0284868
    outer loop
      vertex -0.078563 -0.0495276 0.00706961
      vertex -0.0827665 -0.0525527 0.00815105
      vertex -0.0785303 -0.0495276 0.0077343
    endloop
  endfacet
  facet normal -0.579058 0.81479 0.0284358
    outer loop
      vertex -0.0786009 -0.0495478 0.00687663
      vertex -0.0827665 -0.0525527 0.00815105
      vertex -0.078563 -0.0495276 0.00706961
    endloop
  endfacet
  facet normal -0.579064 0.814787 0.0284072
    outer loop
      vertex -0.0786133 -0.0495457 0.00656363
      vertex -0.0827665 -0.0525527 0.00815105
      vertex -0.0786009 -0.0495478 0.00687663
    endloop
  endfacet
  facet normal -0.579038 0.814802 0.0285053
    outer loop
      vertex -0.0787142 -0.0495276 0.00399664
      vertex -0.0827665 -0.0525527 0.00815105
      vertex -0.0786133 -0.0495457 0.00656363
    endloop
  endfacet
  facet normal -0.579052 0.814793 0.0284843
    outer loop
      vertex -0.0827665 -0.0525527 0.00815105
      vertex -0.0787142 -0.0495276 0.00399664
      vertex -0.0789108 -0.0495276 0
    endloop
  endfacet
  facet normal 0.0206228 -0.907247 0.420092
    outer loop
      vertex 0 -0.088325 0.0738945
      vertex 0 -0.0909772 0.0681667
      vertex 0.00668144 -0.0909772 0.0678387
    endloop
  endfacet
  facet normal 0.5279 -0.463337 0.711786
    outer loop
      vertex 0.050559 -0.0726304 0.0756664
      vertex 0.0495806 -0.075994 0.0742025
      vertex 0.0577316 -0.0726304 0.0703468
    endloop
  endfacet
  facet normal 0.153201 -0.954563 0.255616
    outer loop
      vertex 0.0343246 -0.0934033 0.0513706
      vertex 0.0258341 -0.0955796 0.0483322
      vertex 0.030447 -0.0955796 0.0455675
    endloop
  endfacet
  facet normal 0.0278245 -0.993405 0.111232
    outer loop
      vertex 0.0060463 -0.100416 0.0303974
      vertex 0.0043602 -0.101412 0.021924
      vertex 0.00899696 -0.100416 0.0296593
    endloop
  endfacet
  facet normal 0.0710181 -0.997151 -0.025409
    outer loop
      vertex 0.0129175 -0.102081 -0.00391769
      vertex 0.0124712 -0.102081 -0.0051651
      vertex 0.0213909 -0.101412 -0.0064888
    endloop
  endfacet
  facet normal 0.193314 -0.97994 -0.0484413
    outer loop
      vertex 0.0463886 -0.097486 -0.0092268
      vertex 0.0376406 -0.0991034 -0.0114183
      vertex 0.0452604 -0.097486 -0.0137291
    endloop
  endfacet
  facet normal -0.380206 -0.907249 -0.179842
    outer loop
      vertex -0.0601177 -0.0909772 -0.0321331
      vertex -0.0682697 -0.088325 -0.0282784
      vertex -0.0651693 -0.088325 -0.034833
    endloop
  endfacet
  facet normal 0.115317 -0.987815 -0.104512
    outer loop
      vertex 0.030406 -0.0991034 -0.0249538
      vertex 0.0239582 -0.100416 -0.0196619
      vertex 0.0278139 -0.0991034 -0.0278139
    endloop
  endfacet
  facet normal -0.166732 -0.868999 -0.465876
    outer loop
      vertex -0.0282784 -0.088325 -0.0682697
      vertex -0.0301971 -0.0854726 -0.0729036
      vertex -0.0229063 -0.0854726 -0.0755129
    endloop
  endfacet
  facet normal 0.777564 -0.250656 -0.576685
    outer loop
      vertex 0.0756664 -0.0726304 -0.050559
      vertex 0.0703468 -0.0726304 -0.0577316
      vertex 0.0764027 -0.0692162 -0.0510502
    endloop
  endfacet
  facet normal -0.0850521 -0.814711 -0.573596
    outer loop
      vertex -0.0077343 -0.0854726 -0.0785303
      vertex -0.0153942 -0.0854726 -0.0773945
      vertex -0.00815105 -0.0824466 -0.0827665
    endloop
  endfacet
  facet normal 0.34561 0.8145 0.465986
    outer loop
      vertex 0.0438404 -0.0495276 0.0656118
      vertex 0.0449943 -0.0495549 0.0648037
      vertex 0.0447292 -0.0495276 0.0649526
    endloop
  endfacet
  facet normal 0.345028 0.815235 0.465131
    outer loop
      vertex 0.0438404 -0.0495276 0.0656118
      vertex 0.0452682 -0.0495829 0.0646496
      vertex 0.0449943 -0.0495549 0.0648037
    endloop
  endfacet
  facet normal 0.345427 0.814712 0.465752
    outer loop
      vertex 0.0527601 -0.0525527 0.0642881
      vertex 0.0452682 -0.0495829 0.0646496
      vertex 0.0438404 -0.0495276 0.0656118
    endloop
  endfacet
  facet normal 0.345436 0.814745 0.465688
    outer loop
      vertex 0.0527601 -0.0525527 0.0642881
      vertex 0.0455141 -0.0495765 0.064456
      vertex 0.0452682 -0.0495829 0.0646496
    endloop
  endfacet
  facet normal 0.345419 0.814696 0.465787
    outer loop
      vertex 0.0527601 -0.0525527 0.0642881
      vertex 0.0473736 -0.0495276 0.0629915
      vertex 0.0455141 -0.0495765 0.064456
    endloop
  endfacet
  facet normal 0.345431 0.814706 0.465758
    outer loop
      vertex 0.0473736 -0.0495276 0.0629915
      vertex 0.0527601 -0.0525527 0.0642881
      vertex 0.0500603 -0.0495276 0.0609989
    endloop
  endfacet
  facet normal 0.780974 0.623386 -0.0383422
    outer loop
      vertex 0.0888128 -0.0590062 -0.0087471
      vertex 0.0862045 -0.0557227 -0.00848961
      vertex 0.0866213 -0.0557227 0
    endloop
  endfacet
  facet normal 0.497698 0.250621 0.830353
    outer loop
      vertex 0.0510502 -0.0657849 0.0764027
      vertex 0.0428982 -0.0623708 0.0802584
      vertex 0.0433159 -0.0657849 0.0810385
    endloop
  endfacet
  facet normal 0.497711 0.25068 0.830327
    outer loop
      vertex 0.050559 -0.0623708 0.0756664
      vertex 0.0428982 -0.0623708 0.0802584
      vertex 0.0510502 -0.0657849 0.0764027
    endloop
  endfacet
  facet normal 0.142009 -0.250496 0.957646
    outer loop
      vertex 0.0090065 -0.0692162 0.0914459
      vertex 0.00891972 -0.0726304 0.0905657
      vertex 0.0179262 -0.0692162 0.0901232
    endloop
  endfacet
  facet normal 0.760072 -0.463435 0.455541
    outer loop
      vertex 0.0802584 -0.0726304 0.0428982
      vertex 0.0742025 -0.075994 0.0495806
      vertex 0.0787048 -0.075994 0.0420685
    endloop
  endfacet
  facet normal 0.489389 -0.869037 -0.0726085
    outer loop
      vertex 0.0735388 -0.088325 -0.0072422
      vertex 0.0724745 -0.088325 -0.0144157
      vertex 0.0773945 -0.0854726 -0.0153942
    endloop
  endfacet
  facet normal 0.146553 -0.987813 0.0524157
    outer loop
      vertex 0.0363407 -0.0991034 0.0150528
      vertex 0.0296593 -0.100416 0.00899696
      vertex 0.0376406 -0.0991034 0.0114183
    endloop
  endfacet
  facet normal 0.524123 0.814766 0.247895
    outer loop
      vertex 0.0733461 -0.0525527 0.0392046
      vertex 0.0706214 -0.0495276 0.0350227
      vertex 0.0695925 -0.0495276 0.0371981
    endloop
  endfacet
  facet normal 0.52417 0.814749 0.247852
    outer loop
      vertex 0.0733461 -0.0525527 0.0392046
      vertex 0.0713962 -0.0496045 0.0336369
      vertex 0.0706214 -0.0495276 0.0350227
    endloop
  endfacet
  facet normal 0.524101 0.814781 0.247892
    outer loop
      vertex 0.0733461 -0.0525527 0.0392046
      vertex 0.0715488 -0.0496196 0.0333639
      vertex 0.0713962 -0.0496045 0.0336369
    endloop
  endfacet
  facet normal 0.52407 0.814795 0.24791
    outer loop
      vertex 0.0733461 -0.0525527 0.0392046
      vertex 0.0720624 -0.0495276 0.0319758
      vertex 0.0715488 -0.0496196 0.0333639
    endloop
  endfacet
  facet normal 0.524141 0.814758 0.247882
    outer loop
      vertex 0.0720624 -0.0495276 0.0319758
      vertex 0.0733461 -0.0525527 0.0392046
      vertex 0.0729036 -0.0495276 0.0301971
    endloop
  endfacet
  facet normal 0.39753 0.868931 -0.294837
    outer loop
      vertex 0.0656118 -0.0495276 -0.0438404
      vertex 0.0649526 -0.0495276 -0.0447292
      vertex 0.0655114 -0.0494589 -0.0437733
    endloop
  endfacet
  facet normal 0.397267 0.86912 -0.294634
    outer loop
      vertex 0.0629915 -0.0495276 -0.0473736
      vertex 0.0609989 -0.0495276 -0.0500603
      vertex 0.0610061 -0.0494816 -0.0499149
    endloop
  endfacet
  facet normal -0.189979 0.623328 -0.758532
    outer loop
      vertex -0.0174103 -0.0590062 -0.0875273
      vertex -0.0259056 -0.0590062 -0.0853996
      vertex -0.0168991 -0.0557227 -0.0849571
    endloop
  endfacet
  facet normal 0.164395 -0.73656 -0.65609
    outer loop
      vertex 0.0241413 -0.0824466 -0.0795851
      vertex 0.0162249 -0.0824466 -0.0815687
      vertex 0.0251446 -0.0792775 -0.0828915
    endloop
  endfacet
  facet normal 0.966916 0.250643 0.0474476
    outer loop
      vertex 0.0910034 -0.0623708 0
      vertex 0.0905657 -0.0623708 0.00891972
      vertex 0.0918884 -0.0657849 0
    endloop
  endfacet
  facet normal -0.0206228 -0.907247 -0.420092
    outer loop
      vertex 0 -0.0909772 -0.0681667
      vertex -0.00668144 -0.0909772 -0.0678387
      vertex 0 -0.088325 -0.0738945
    endloop
  endfacet
  facet normal 0.378822 0.463481 -0.801049
    outer loop
      vertex 0.0348253 -0.0623708 -0.0840769
      vertex 0.0341511 -0.0590062 -0.082449
      vertex 0.0420685 -0.0590062 -0.0787048
    endloop
  endfacet
  facet normal 0.670658 0.623453 -0.4019
    outer loop
      vertex 0.0787048 -0.0590062 -0.0420685
      vertex 0.0720234 -0.0557227 -0.0481243
      vertex 0.0763931 -0.0557227 -0.0408325
    endloop
  endfacet
  facet normal 0.636842 -0.736554 -0.227862
    outer loop
      vertex 0.0828915 -0.0792775 -0.0251446
      vertex 0.0768356 -0.0824466 -0.031826
      vertex 0.0800276 -0.0792775 -0.0331488
    endloop
  endfacet
  facet normal -0.773445 0.623395 0.114727
    outer loop
      vertex -0.0862045 -0.0557227 0.00848961
      vertex -0.0888128 -0.0590062 0.0087471
      vertex -0.0849571 -0.0557227 0.0168991
    endloop
  endfacet
  facet normal -0.57353 0.814754 -0.0850864
    outer loop
      vertex -0.0815687 -0.0525527 -0.0162249
      vertex -0.0827665 -0.0525527 -0.00815105
      vertex -0.0773945 -0.0495276 -0.0153942
    endloop
  endfacet
  facet normal -0.6692 0.73642 0.0992795
    outer loop
      vertex -0.0827665 -0.0525527 0.00815105
      vertex -0.0849571 -0.0557227 0.0168991
      vertex -0.0815687 -0.0525527 0.0162249
    endloop
  endfacet
  facet normal -0.773491 0.623329 0.114775
    outer loop
      vertex -0.0849571 -0.0557227 0.0168991
      vertex -0.0888128 -0.0590062 0.0087471
      vertex -0.0875273 -0.0590062 0.0174103
    endloop
  endfacet
  facet normal -0.859582 0.463433 -0.215288
    outer loop
      vertex -0.0853996 -0.0590062 -0.0259056
      vertex -0.0892553 -0.0623708 -0.0177536
      vertex -0.0875273 -0.0590062 -0.0174103
    endloop
  endfacet
  facet normal -0.42975 -0.814627 -0.389484
    outer loop
      vertex -0.0609989 -0.0854726 -0.0500603
      vertex -0.0642881 -0.0824466 -0.0527601
      vertex -0.0588074 -0.0824466 -0.0588074
    endloop
  endfacet
  facet normal -0.711832 0.463229 -0.527934
    outer loop
      vertex -0.0703468 -0.0623708 -0.0577316
      vertex -0.0756664 -0.0623708 -0.050559
      vertex -0.0742025 -0.0590062 -0.0495806
    endloop
  endfacet
  facet normal -0.998795 0 -0.049072
    outer loop
      vertex -0.0914459 -0.0692162 -0.0090065
      vertex -0.0918884 -0.0657849 0
      vertex -0.0914459 -0.0657849 -0.0090065
    endloop
  endfacet
  facet normal -0.998795 -0 -0.049072
    outer loop
      vertex -0.0918884 -0.0657849 0
      vertex -0.0914459 -0.0692162 -0.0090065
      vertex -0.0918884 -0.0692162 0
    endloop
  endfacet
  facet normal -0.989183 0 -0.146686
    outer loop
      vertex -0.0901232 -0.0692162 -0.0179262
      vertex -0.0914459 -0.0657849 -0.0090065
      vertex -0.0901232 -0.0657849 -0.0179262
    endloop
  endfacet
  facet normal -0.989183 -0 -0.146686
    outer loop
      vertex -0.0914459 -0.0657849 -0.0090065
      vertex -0.0901232 -0.0692162 -0.0179262
      vertex -0.0914459 -0.0692162 -0.0090065
    endloop
  endfacet
  facet normal -0.420101 -0.907243 0.0206332
    outer loop
      vertex -0.0735388 -0.088325 0.0072422
      vertex -0.0738945 -0.088325 0
      vertex -0.0678387 -0.0909772 0.00668144
    endloop
  endfacet
  facet normal -0.294751 -0.869036 0.397365
    outer loop
      vertex -0.0410538 -0.088325 0.0614414
      vertex -0.0500603 -0.0854726 0.0609989
      vertex -0.0468779 -0.088325 0.0571213
    endloop
  endfacet
  facet normal 0.0474477 -0.250636 0.966918
    outer loop
      vertex 0 -0.0692162 0.0918884
      vertex 0 -0.0726304 0.0910034
      vertex 0.00891972 -0.0726304 0.0905657
    endloop
  endfacet
  facet normal -0.497698 0.250621 0.830353
    outer loop
      vertex -0.0428982 -0.0623708 0.0802584
      vertex -0.0510502 -0.0657849 0.0764027
      vertex -0.0433159 -0.0657849 0.0810385
    endloop
  endfacet
  facet normal -0.413939 -0.250598 0.875131
    outer loop
      vertex -0.0348253 -0.0726304 0.0840769
      vertex -0.0433159 -0.0692162 0.0810385
      vertex -0.0428982 -0.0726304 0.0802584
    endloop
  endfacet
  facet normal -0.514106 0 0.857727
    outer loop
      vertex -0.0510502 -0.0657849 0.0764027
      vertex -0.0433159 -0.0692162 0.0810385
      vertex -0.0433159 -0.0657849 0.0810385
    endloop
  endfacet
  facet normal -0.514106 0 0.857727
    outer loop
      vertex -0.0433159 -0.0692162 0.0810385
      vertex -0.0510502 -0.0657849 0.0764027
      vertex -0.0510502 -0.0692162 0.0764027
    endloop
  endfacet
  facet normal 0.263412 0.623396 0.736201
    outer loop
      vertex 0.0331488 -0.0557227 0.0800276
      vertex 0.0251446 -0.0557227 0.0828915
      vertex 0.0259056 -0.0590062 0.0853996
    endloop
  endfacet
  facet normal 0.140903 -0.814674 0.562541
    outer loop
      vertex 0.0162249 -0.0824466 0.0815687
      vertex 0.0153942 -0.0854726 0.0773945
      vertex 0.0229063 -0.0854726 0.0755129
    endloop
  endfacet
  facet normal -0.455611 -0.463334 0.760092
    outer loop
      vertex -0.0428982 -0.0726304 0.0802584
      vertex -0.050559 -0.0726304 0.0756664
      vertex -0.0495806 -0.075994 0.0742025
    endloop
  endfacet
  facet normal -0.164395 -0.73656 0.65609
    outer loop
      vertex -0.0162249 -0.0824466 0.0815687
      vertex -0.0251446 -0.0792775 0.0828915
      vertex -0.0241413 -0.0824466 0.0795851
    endloop
  endfacet
  facet normal -0.527906 -0.463416 0.71173
    outer loop
      vertex -0.0495806 -0.075994 0.0742025
      vertex -0.0577316 -0.0726304 0.0703468
      vertex -0.0566149 -0.075994 0.068985
    endloop
  endfacet
  facet normal -0.875151 0.250554 0.413925
    outer loop
      vertex -0.0840769 -0.0623708 0.0348253
      vertex -0.0848942 -0.0657849 0.0351639
      vertex -0.0810385 -0.0657849 0.0433159
    endloop
  endfacet
  facet normal -0.447269 0.869005 0.211613
    outer loop
      vertex -0.0695581 -0.0494534 0.0369661
      vertex -0.0695925 -0.0495276 0.0371981
      vertex -0.0694677 -0.0494471 0.0371313
    endloop
  endfacet
  facet normal -0.834298 0.463483 0.298548
    outer loop
      vertex -0.082449 -0.0590062 0.0341511
      vertex -0.0853996 -0.0590062 0.0259056
      vertex -0.0840769 -0.0623708 0.0348253
    endloop
  endfacet
  facet normal -0.334849 -0.934624 0.119811
    outer loop
      vertex -0.0629778 -0.0909772 0.0260859
      vertex -0.0652313 -0.0909772 0.0197878
      vertex -0.059123 -0.0934033 0.0179338
    endloop
  endfacet
  facet normal 0.420092 -0.907247 0.0206228
    outer loop
      vertex 0.0738945 -0.088325 0
      vertex 0.0678387 -0.0909772 0.00668144
      vertex 0.0681667 -0.0909772 0
    endloop
  endfacet
  facet normal -0.102454 -0.979937 0.170961
    outer loop
      vertex -0.022295 -0.097486 0.0417118
      vertex -0.0262766 -0.097486 0.0393257
      vertex -0.0185423 -0.0991034 0.0346899
    endloop
  endfacet
  facet normal -0.395992 -0.907257 0.141689
    outer loop
      vertex -0.0629778 -0.0909772 0.0260859
      vertex -0.070713 -0.088325 0.02145
      vertex -0.0652313 -0.0909772 0.0197878
    endloop
  endfacet
  facet normal 0.269411 -0.954556 -0.127441
    outer loop
      vertex 0.0570803 -0.0934033 -0.0236425
      vertex 0.0506325 -0.0955796 -0.0209723
      vertex 0.0544872 -0.0934033 -0.0291243
    endloop
  endfacet
  facet normal -0.107946 -0.993405 -0.0386549
    outer loop
      vertex -0.0206518 -0.101412 -0.00855446
      vertex -0.0296593 -0.100416 -0.00899696
      vertex -0.0286341 -0.100416 -0.0118599
    endloop
  endfacet
  facet normal 0.489442 -0.86901 -0.0725739
    outer loop
      vertex 0.0785303 -0.0854726 -0.0077343
      vertex 0.0735388 -0.088325 -0.0072422
      vertex 0.0773945 -0.0854726 -0.0153942
    endloop
  endfacet
  facet normal 0.380198 -0.907256 -0.17982
    outer loop
      vertex 0.0629778 -0.0909772 -0.0260859
      vertex 0.0601177 -0.0909772 -0.0321331
      vertex 0.0682697 -0.088325 -0.0282784
    endloop
  endfacet
  facet normal 0.197919 -0.969166 0.146781
    outer loop
      vertex 0.0423641 -0.0955796 0.0347672
      vertex 0.036561 -0.097486 0.0300045
      vertex 0.0393257 -0.097486 0.0262766
    endloop
  endfacet
  facet normal 0.35174 -0.934641 0.0521921
    outer loop
      vertex 0.0668573 -0.0909772 0.013298
      vertex 0.0605955 -0.0934033 0.0120525
      vertex 0.0614853 -0.0934033 0.00605583
    endloop
  endfacet
  facet normal 0.0849435 -0.993405 0.0770141
    outer loop
      vertex 0.0219154 -0.100416 0.0219154
      vertex 0.0158062 -0.101412 0.0158062
      vertex 0.0172796 -0.101412 0.0141811
    endloop
  endfacet
  facet normal 0.113429 -0.993404 -0.0168248
    outer loop
      vertex 0.0308437 -0.100416 -0.00303745
      vertex 0.0222464 -0.101412 -0.00219059
      vertex 0.0303974 -0.100416 -0.0060463
    endloop
  endfacet
  facet normal -0.179842 -0.907249 -0.380206
    outer loop
      vertex -0.0321331 -0.0909772 -0.0601177
      vertex -0.034833 -0.088325 -0.0651693
      vertex -0.0282784 -0.088325 -0.0682697
    endloop
  endfacet
  facet normal -0.118722 -0.979938 -0.160084
    outer loop
      vertex -0.0249538 -0.0991034 -0.030406
      vertex -0.0300045 -0.097486 -0.036561
      vertex -0.0262766 -0.097486 -0.0393257
    endloop
  endfacet
  facet normal -0.142009 -0.250496 -0.957646
    outer loop
      vertex -0.00891972 -0.0726304 -0.0905657
      vertex -0.0179262 -0.0692162 -0.0901232
      vertex -0.0090065 -0.0692162 -0.0914459
    endloop
  endfacet
  facet normal -0.402997 0.736469 -0.54333
    outer loop
      vertex -0.0481243 -0.0557227 -0.0720234
      vertex -0.0549517 -0.0557227 -0.0669594
      vertex -0.0527601 -0.0525527 -0.0642881
    endloop
  endfacet
  facet normal 0.465818 0.62338 -0.628022
    outer loop
      vertex 0.0566149 -0.0590062 -0.068985
      vertex 0.0495806 -0.0590062 -0.0742025
      vertex 0.0549517 -0.0557227 -0.0669594
    endloop
  endfacet
  facet normal 0.243039 0 -0.970016
    outer loop
      vertex 0.0179262 -0.0692162 -0.0901232
      vertex 0.0266733 -0.0657849 -0.0879316
      vertex 0.0266733 -0.0692162 -0.0879316
    endloop
  endfacet
  facet normal 0.243039 0 -0.970016
    outer loop
      vertex 0.0266733 -0.0657849 -0.0879316
      vertex 0.0179262 -0.0692162 -0.0901232
      vertex 0.0179262 -0.0657849 -0.0901232
    endloop
  endfacet
  facet normal -0.0283994 -0.814626 -0.579291
    outer loop
      vertex 0 -0.0854726 -0.0789108
      vertex -0.00815105 -0.0824466 -0.0827665
      vertex 0 -0.0824466 -0.0831661
    endloop
  endfacet
  facet normal -0.334319 0.623448 -0.706784
    outer loop
      vertex -0.0331488 -0.0557227 -0.0800276
      vertex -0.0420685 -0.0590062 -0.0787048
      vertex -0.0408325 -0.0557227 -0.0763931
    endloop
  endfacet
  facet normal 0.576706 0.250617 0.777561
    outer loop
      vertex 0.0577316 -0.0623708 0.0703468
      vertex 0.0510502 -0.0657849 0.0764027
      vertex 0.0582933 -0.0657849 0.0710306
    endloop
  endfacet
  facet normal 0.227888 0.736466 0.636934
    outer loop
      vertex 0.031826 -0.0525527 0.0768356
      vertex 0.0241413 -0.0525527 0.0795851
      vertex 0.0251446 -0.0557227 0.0828915
    endloop
  endfacet
  facet normal -0.189979 0.623328 0.758532
    outer loop
      vertex -0.0168991 -0.0557227 0.0849571
      vertex -0.0259056 -0.0590062 0.0853996
      vertex -0.0174103 -0.0590062 0.0875273
    endloop
  endfacet
  facet normal 0.87513 0.250605 0.413938
    outer loop
      vertex 0.0840769 -0.0623708 0.0348253
      vertex 0.0802584 -0.0623708 0.0428982
      vertex 0.0810385 -0.0657849 0.0433159
    endloop
  endfacet
  facet normal 0.254317 0.869017 0.424419
    outer loop
      vertex 0.0372941 -0.0494566 0.0693896
      vertex 0.0371313 -0.0494471 0.0694677
      vertex 0.0371981 -0.0495276 0.0695925
    endloop
  endfacet
  facet normal 0.777561 0.250617 0.576706
    outer loop
      vertex 0.0764027 -0.0657849 0.0510502
      vertex 0.0703468 -0.0623708 0.0577316
      vertex 0.0710306 -0.0657849 0.0582933
    endloop
  endfacet
  facet normal 0.780974 -0.623386 0.0383422
    outer loop
      vertex 0.0888128 -0.075994 0.0087471
      vertex 0.0862045 -0.0792775 0.00848961
      vertex 0.0866213 -0.0792775 0
    endloop
  endfacet
  facet normal 0.576707 -0.25061 0.777563
    outer loop
      vertex 0.0582933 -0.0692162 0.0710306
      vertex 0.0510502 -0.0692162 0.0764027
      vertex 0.0577316 -0.0726304 0.0703468
    endloop
  endfacet
  facet normal 0.62802 -0.623385 0.465813
    outer loop
      vertex 0.0742025 -0.075994 0.0495806
      vertex 0.0669594 -0.0792775 0.0549517
      vertex 0.0720234 -0.0792775 0.0481243
    endloop
  endfacet
  facet normal 0.331613 0.869374 0.366364
    outer loop
      vertex 0.0500912 -0.0494873 0.0608753
      vertex 0.0500071 -0.04948 0.0609341
      vertex 0.0500603 -0.0495276 0.0609989
    endloop
  endfacet
  facet normal 0.628022 0.62338 0.465818
    outer loop
      vertex 0.0742025 -0.0590062 0.0495806
      vertex 0.0669594 -0.0557227 0.0549517
      vertex 0.068985 -0.0590062 0.0566149
    endloop
  endfacet
  facet normal -0.140939 0.814711 -0.562478
    outer loop
      vertex -0.0162249 -0.0525527 -0.0815687
      vertex -0.0241413 -0.0525527 -0.0795851
      vertex -0.0229063 -0.0495276 -0.0755129
    endloop
  endfacet
  facet normal 0.497353 0.814712 -0.298135
    outer loop
      vertex 0.06915 -0.0525527 -0.0462046
      vertex 0.0656118 -0.0495276 -0.0438404
      vertex 0.0733461 -0.0525527 -0.0392046
    endloop
  endfacet
  facet normal 0.85964 0.463284 -0.215376
    outer loop
      vertex 0.0870848 -0.0623708 -0.0264168
      vertex 0.0853996 -0.0590062 -0.0259056
      vertex 0.0892553 -0.0623708 -0.0177536
    endloop
  endfacet
  facet normal 0.957644 0.250503 0.142009
    outer loop
      vertex 0.0905657 -0.0623708 0.00891972
      vertex 0.0901232 -0.0657849 0.0179262
      vertex 0.0914459 -0.0657849 0.0090065
    endloop
  endfacet
  facet normal 0.773491 -0.623329 0.114775
    outer loop
      vertex 0.0875273 -0.075994 0.0174103
      vertex 0.0849571 -0.0792775 0.0168991
      vertex 0.0888128 -0.075994 0.0087471
    endloop
  endfacet
  facet normal 0.670684 -0.623382 -0.401968
    outer loop
      vertex 0.0787048 -0.075994 -0.0420685
      vertex 0.0720234 -0.0792775 -0.0481243
      vertex 0.0742025 -0.075994 -0.0495806
    endloop
  endfacet
  facet normal 0.71173 -0.463416 -0.527906
    outer loop
      vertex 0.0742025 -0.075994 -0.0495806
      vertex 0.068985 -0.075994 -0.0566149
      vertex 0.0703468 -0.0726304 -0.0577316
    endloop
  endfacet
  facet normal 0.859585 -0.463392 -0.215363
    outer loop
      vertex 0.0892553 -0.0726304 -0.0177536
      vertex 0.0853996 -0.075994 -0.0259056
      vertex 0.0870848 -0.0726304 -0.0264168
    endloop
  endfacet
  facet normal 0.876581 0.463355 -0.13003
    outer loop
      vertex 0.0892553 -0.0623708 -0.0177536
      vertex 0.0888128 -0.0590062 -0.0087471
      vertex 0.0905657 -0.0623708 -0.00891972
    endloop
  endfacet
  facet normal -0.656245 0.736421 -0.164397
    outer loop
      vertex -0.0828915 -0.0557227 -0.0251446
      vertex -0.0849571 -0.0557227 -0.0168991
      vertex -0.0815687 -0.0525527 -0.0162249
    endloop
  endfacet
  facet normal -0.294837 0.868931 -0.39753
    outer loop
      vertex -0.0438404 -0.0495276 -0.0656118
      vertex -0.0447292 -0.0495276 -0.0649526
      vertex -0.0437733 -0.0494589 -0.0655114
    endloop
  endfacet
  facet normal -0.294634 0.86912 -0.397267
    outer loop
      vertex -0.0473736 -0.0495276 -0.0629915
      vertex -0.0500603 -0.0495276 -0.0609989
      vertex -0.0499149 -0.0494816 -0.0610061
    endloop
  endfacet
  facet normal -0.800997 -0.463589 -0.378798
    outer loop
      vertex -0.082449 -0.075994 -0.0341511
      vertex -0.0840769 -0.0726304 -0.0348253
      vertex -0.0787048 -0.075994 -0.0420685
    endloop
  endfacet
  facet normal -0.758532 0.623328 -0.189979
    outer loop
      vertex -0.0853996 -0.0590062 -0.0259056
      vertex -0.0875273 -0.0590062 -0.0174103
      vertex -0.0849571 -0.0557227 -0.0168991
    endloop
  endfacet
  facet normal -0.773445 0.623395 -0.114727
    outer loop
      vertex -0.0849571 -0.0557227 -0.0168991
      vertex -0.0888128 -0.0590062 -0.0087471
      vertex -0.0862045 -0.0557227 -0.00848961
    endloop
  endfacet
  facet normal -0.885108 0.463355 0.0434332
    outer loop
      vertex -0.0888128 -0.0590062 0.0087471
      vertex -0.0910034 -0.0623708 0
      vertex -0.0905657 -0.0623708 0.00891972
    endloop
  endfacet
  facet normal -0.321488 -0.934626 -0.152052
    outer loop
      vertex -0.0570803 -0.0934033 -0.0236425
      vertex -0.0629778 -0.0909772 -0.0260859
      vertex -0.0601177 -0.0909772 -0.0321331
    endloop
  endfacet
  facet normal -0.650137 0.250571 0.717311
    outer loop
      vertex -0.0643492 -0.0623708 0.0643492
      vertex -0.0649748 -0.0657849 0.0649748
      vertex -0.0582933 -0.0657849 0.0710306
    endloop
  endfacet
  facet normal -0.671561 0 -0.740949
    outer loop
      vertex -0.0649748 -0.0692162 -0.0649748
      vertex -0.0582933 -0.0657849 -0.0710306
      vertex -0.0582933 -0.0692162 -0.0710306
    endloop
  endfacet
  facet normal -0.671561 0 -0.740949
    outer loop
      vertex -0.0582933 -0.0657849 -0.0710306
      vertex -0.0649748 -0.0692162 -0.0649748
      vertex -0.0649748 -0.0657849 -0.0649748
    endloop
  endfacet
  facet normal -0.859585 -0.463392 -0.215363
    outer loop
      vertex -0.0853996 -0.075994 -0.0259056
      vertex -0.0892553 -0.0726304 -0.0177536
      vertex -0.0870848 -0.0726304 -0.0264168
    endloop
  endfacet
  facet normal -0.75847 -0.623394 0.190006
    outer loop
      vertex -0.0828915 -0.0792775 0.0251446
      vertex -0.0853996 -0.075994 0.0259056
      vertex -0.0849571 -0.0792775 0.0168991
    endloop
  endfacet
  facet normal -0.562541 -0.814674 -0.140903
    outer loop
      vertex -0.0773945 -0.0854726 -0.0153942
      vertex -0.0815687 -0.0824466 -0.0162249
      vertex -0.0755129 -0.0854726 -0.0229063
    endloop
  endfacet
  facet normal -0.25057 -0.90725 0.337804
    outer loop
      vertex -0.0410538 -0.088325 0.0614414
      vertex -0.0468779 -0.088325 0.0571213
      vertex -0.0432444 -0.0909772 0.0526934
    endloop
  endfacet
  facet normal -0.294815 -0.954553 -0.0437453
    outer loop
      vertex -0.053751 -0.0955796 -0.0106916
      vertex -0.0614853 -0.0934033 -0.00605583
      vertex -0.0605955 -0.0934033 -0.0120525
    endloop
  endfacet
  facet normal -0.243759 -0.969162 -0.0361525
    outer loop
      vertex -0.0470695 -0.097486 -0.00463581
      vertex -0.053751 -0.0955796 -0.0106916
      vertex -0.0463886 -0.097486 -0.0092268
    endloop
  endfacet
  facet normal -0.227853 -0.736562 0.636836
    outer loop
      vertex -0.0251446 -0.0792775 0.0828915
      vertex -0.031826 -0.0824466 0.0768356
      vertex -0.0241413 -0.0824466 0.0795851
    endloop
  endfacet
  facet normal 0.0146232 -0.954558 0.297665
    outer loop
      vertex 0 -0.0934033 0.0617828
      vertex 0 -0.0955796 0.0548038
      vertex 0.00605583 -0.0934033 0.0614853
    endloop
  endfacet
  facet normal 0.0524157 -0.987813 0.146553
    outer loop
      vertex 0.0114183 -0.0991034 0.0376406
      vertex 0.00899696 -0.100416 0.0296593
      vertex 0.0150528 -0.0991034 0.0363407
    endloop
  endfacet
  facet normal -0.0434301 0.463361 0.885105
    outer loop
      vertex 0 -0.0590062 0.089242
      vertex -0.0087471 -0.0590062 0.0888128
      vertex 0 -0.0623708 0.0910034
    endloop
  endfacet
  facet normal 0.0383422 0.623386 0.780974
    outer loop
      vertex 0.00848961 -0.0557227 0.0862045
      vertex 0 -0.0557227 0.0866213
      vertex 0.0087471 -0.0590062 0.0888128
    endloop
  endfacet
  facet normal 0.670684 -0.623382 0.401968
    outer loop
      vertex 0.0742025 -0.075994 0.0495806
      vertex 0.0720234 -0.0792775 0.0481243
      vertex 0.0787048 -0.075994 0.0420685
    endloop
  endfacet
  facet normal 0.227862 -0.736554 0.636842
    outer loop
      vertex 0.0331488 -0.0792775 0.0800276
      vertex 0.0251446 -0.0792775 0.0828915
      vertex 0.031826 -0.0824466 0.0768356
    endloop
  endfacet
  facet normal -0.465818 0.62338 0.628022
    outer loop
      vertex -0.0549517 -0.0557227 0.0669594
      vertex -0.0566149 -0.0590062 0.068985
      vertex -0.0495806 -0.0590062 0.0742025
    endloop
  endfacet
  facet normal 0.465466 0.869289 0.16637
    outer loop
      vertex 0.0753771 -0.049447 0.0228651
      vertex 0.0753241 -0.0494533 0.0230463
      vertex 0.0755129 -0.0495276 0.0229063
    endloop
  endfacet
  facet normal 0.0283994 -0.814626 0.579291
    outer loop
      vertex 0 -0.0824466 0.0831661
      vertex 0 -0.0854726 0.0789108
      vertex 0.00815105 -0.0824466 0.0827665
    endloop
  endfacet
  facet normal 0.190006 0.623394 0.75847
    outer loop
      vertex 0.0251446 -0.0557227 0.0828915
      vertex 0.0168991 -0.0557227 0.0849571
      vertex 0.0259056 -0.0590062 0.0853996
    endloop
  endfacet
  facet normal -0.130057 -0.46355 0.876474
    outer loop
      vertex -0.0087471 -0.075994 0.0888128
      vertex -0.0177536 -0.0726304 0.0892553
      vertex -0.0174103 -0.075994 0.0875273
    endloop
  endfacet
  facet normal -0.378822 0.463481 0.801049
    outer loop
      vertex -0.0341511 -0.0590062 0.082449
      vertex -0.0420685 -0.0590062 0.0787048
      vertex -0.0348253 -0.0623708 0.0840769
    endloop
  endfacet
  facet normal -0.454277 0.736472 0.50124
    outer loop
      vertex -0.0588074 -0.0525527 0.0588074
      vertex -0.0612507 -0.0557227 0.0612507
      vertex -0.0527601 -0.0525527 0.0642881
    endloop
  endfacet
  facet normal -0.781002 0.623351 -0.038322
    outer loop
      vertex -0.0888128 -0.0590062 -0.0087471
      vertex -0.089242 -0.0590062 0
      vertex -0.0866213 -0.0557227 0
    endloop
  endfacet
  facet normal -0.465813 0.623385 0.62802
    outer loop
      vertex -0.0481243 -0.0557227 0.0720234
      vertex -0.0549517 -0.0557227 0.0669594
      vertex -0.0495806 -0.0590062 0.0742025
    endloop
  endfacet
  facet normal -0.378916 0.46334 0.801086
    outer loop
      vertex -0.0420685 -0.0590062 0.0787048
      vertex -0.0428982 -0.0623708 0.0802584
      vertex -0.0348253 -0.0623708 0.0840769
    endloop
  endfacet
  facet normal -0.488973 0.869286 0.0724405
    outer loop
      vertex -0.0773149 -0.0494688 0.0152259
      vertex -0.0773945 -0.0495276 0.0153942
      vertex -0.0772769 -0.0494595 0.0153708
    endloop
  endfacet
  facet normal -0.39753 0.868931 0.294837
    outer loop
      vertex -0.0655114 -0.0494589 0.0437733
      vertex -0.0656118 -0.0495276 0.0438404
      vertex -0.0649526 -0.0495276 0.0447292
    endloop
  endfacet
  facet normal -0.397267 0.86912 0.294634
    outer loop
      vertex -0.0610061 -0.0494816 0.0499149
      vertex -0.0629915 -0.0495276 0.0473736
      vertex -0.0609989 -0.0495276 0.0500603
    endloop
  endfacet
  facet normal -0.63694 0.736458 0.227897
    outer loop
      vertex -0.0768356 -0.0525527 0.031826
      vertex -0.0828915 -0.0557227 0.0251446
      vertex -0.0800276 -0.0557227 0.0331488
    endloop
  endfacet
  facet normal -0.781002 0.623351 0.038322
    outer loop
      vertex -0.0866213 -0.0557227 0
      vertex -0.089242 -0.0590062 0
      vertex -0.0888128 -0.0590062 0.0087471
    endloop
  endfacet
  facet normal -0.294837 0.868931 0.39753
    outer loop
      vertex -0.0437733 -0.0494589 0.0655114
      vertex -0.0447292 -0.0495276 0.0649526
      vertex -0.0438404 -0.0495276 0.0656118
    endloop
  endfacet
  facet normal -0.294634 0.86912 0.397267
    outer loop
      vertex -0.0499149 -0.0494816 0.0610061
      vertex -0.0500603 -0.0495276 0.0609989
      vertex -0.0473736 -0.0495276 0.0629915
    endloop
  endfacet
  facet normal -0.489428 0.869018 -0.0725781
    outer loop
      vertex -0.0780442 -0.0495276 -0.0110123
      vertex -0.0785303 -0.0495276 -0.0077343
      vertex -0.078447 -0.04948 -0.00772609
    endloop
  endfacet
  facet normal -0.488923 0.869311 -0.0724731
    outer loop
      vertex -0.0773945 -0.0495276 -0.0153942
      vertex -0.0775553 -0.0495276 -0.0143094
      vertex -0.0773149 -0.0494688 -0.0152259
    endloop
  endfacet
  facet normal 0.0437453 -0.954553 0.294815
    outer loop
      vertex 0.0120525 -0.0934033 0.0605955
      vertex 0.00605583 -0.0934033 0.0614853
      vertex 0.0106916 -0.0955796 0.053751
    endloop
  endfacet
  facet normal 0.543246 -0.736564 0.402935
    outer loop
      vertex 0.0669594 -0.0792775 0.0549517
      vertex 0.0642881 -0.0824466 0.0527601
      vertex 0.0720234 -0.0792775 0.0481243
    endloop
  endfacet
  facet normal 0.0243128 -0.869009 0.494199
    outer loop
      vertex 0.0077343 -0.0854726 0.0785303
      vertex 0 -0.0854726 0.0789108
      vertex 0.0072422 -0.088325 0.0735388
    endloop
  endfacet
  facet normal -0.00974728 -0.979939 0.19906
    outer loop
      vertex 0 -0.097486 0.0472965
      vertex -0.00463581 -0.097486 0.0470695
      vertex 0 -0.0991034 0.0393343
    endloop
  endfacet
  facet normal -0.0377645 -0.987817 -0.150969
    outer loop
      vertex -0.0060463 -0.100416 -0.0303974
      vertex -0.00899696 -0.100416 -0.0296593
      vertex -0.00767326 -0.0991034 -0.038579
    endloop
  endfacet
  facet normal -0.00564834 -0.993404 0.11453
    outer loop
      vertex 0 -0.100416 0.0309935
      vertex -0.00303745 -0.100416 0.0308437
      vertex -0.00219059 -0.101412 0.0222464
    endloop
  endfacet
  facet normal -0.100404 -0.954557 -0.280606
    outer loop
      vertex -0.0159082 -0.0955796 -0.0524445
      vertex -0.0209723 -0.0955796 -0.0506325
      vertex -0.0179338 -0.0934033 -0.059123
    endloop
  endfacet
  facet normal -0.0920978 -0.993405 -0.0683015
    outer loop
      vertex -0.0172796 -0.101412 -0.0141811
      vertex -0.0257702 -0.100416 -0.0172186
      vertex -0.0239582 -0.100416 -0.0196619
    endloop
  endfacet
  facet normal -0.0331192 -0.736555 -0.675566
    outer loop
      vertex 0 -0.0824466 -0.0831661
      vertex -0.00815105 -0.0824466 -0.0827665
      vertex 0 -0.0792775 -0.0866213
    endloop
  endfacet
  facet normal 0.165517 -0.969163 -0.182557
    outer loop
      vertex 0.0387516 -0.0955796 -0.0387516
      vertex 0.0334435 -0.097486 -0.0334435
      vertex 0.0347672 -0.0955796 -0.0423641
    endloop
  endfacet
  facet normal 0.0300397 -0.9993 -0.0223062
    outer loop
      vertex 0.0112238 -0.102081 -0.00749969
      vertex 0.00348949 -0.102417 -0.00286293
      vertex 0.0104342 -0.102081 -0.00856304
    endloop
  endfacet
  facet normal 0.036297 -0.9993 0.0090813
    outer loop
      vertex 0.0129175 -0.102081 0.00391769
      vertex 0.00442696 -0.102417 0.000880241
      vertex 0.0132389 -0.102081 0.00263309
    endloop
  endfacet
  facet normal 0.573643 -0.814672 -0.0851032
    outer loop
      vertex 0.0827665 -0.0824466 -0.00815105
      vertex 0.0773945 -0.0854726 -0.0153942
      vertex 0.0815687 -0.0824466 -0.0162249
    endloop
  endfacet
  facet normal 0.479952 -0.869019 -0.120216
    outer loop
      vertex 0.0773945 -0.0854726 -0.0153942
      vertex 0.070713 -0.088325 -0.02145
      vertex 0.0755129 -0.0854726 -0.0229063
    endloop
  endfacet
  facet normal 0.31168 -0.907213 -0.282525
    outer loop
      vertex 0.0571213 -0.088325 -0.0468779
      vertex 0.0482016 -0.0909772 -0.0482016
      vertex 0.0522509 -0.088325 -0.0522509
    endloop
  endfacet
  facet normal 0.62802 -0.623385 -0.465813
    outer loop
      vertex 0.0720234 -0.0792775 -0.0481243
      vertex 0.0669594 -0.0792775 -0.0549517
      vertex 0.0742025 -0.075994 -0.0495806
    endloop
  endfacet
  facet normal 0.113429 -0.993404 0.0168248
    outer loop
      vertex 0.0303974 -0.100416 0.0060463
      vertex 0.0222464 -0.101412 0.00219059
      vertex 0.0308437 -0.100416 0.00303745
    endloop
  endfacet
  facet normal 0.182806 -0.934634 0.305026
    outer loop
      vertex 0.0378714 -0.0909772 0.0566788
      vertex 0.0291243 -0.0934033 0.0544872
      vertex 0.0343246 -0.0934033 0.0513706
    endloop
  endfacet
  facet normal 0.395994 -0.907255 0.141692
    outer loop
      vertex 0.0682697 -0.088325 0.0282784
      vertex 0.0629778 -0.0909772 0.0260859
      vertex 0.070713 -0.088325 0.02145
    endloop
  endfacet
  facet normal 0.75847 -0.623394 0.190006
    outer loop
      vertex 0.0853996 -0.075994 0.0259056
      vertex 0.0828915 -0.0792775 0.0251446
      vertex 0.0849571 -0.0792775 0.0168991
    endloop
  endfacet
  facet normal -0.0753305 -0.997152 -0.00370361
    outer loop
      vertex -0.0134335 -0.102081 -0.00132275
      vertex -0.0223541 -0.101412 0
      vertex -0.0222464 -0.101412 -0.00219059
    endloop
  endfacet
  facet normal 0.0598931 -0.969167 0.239015
    outer loop
      vertex 0.0159082 -0.0955796 0.0524445
      vertex 0.0092268 -0.097486 0.0463886
      vertex 0.0137291 -0.097486 0.0452604
    endloop
  endfacet
  facet normal -0.211556 -0.868996 -0.447315
    outer loop
      vertex -0.0282784 -0.088325 -0.0682697
      vertex -0.0371981 -0.0854726 -0.0695925
      vertex -0.0301971 -0.0854726 -0.0729036
    endloop
  endfacet
  facet normal -0.294751 -0.869036 -0.397365
    outer loop
      vertex -0.0468779 -0.088325 -0.0571213
      vertex -0.0500603 -0.0854726 -0.0609989
      vertex -0.0410538 -0.088325 -0.0614414
    endloop
  endfacet
  facet normal -0.0992642 -0.736516 -0.669097
    outer loop
      vertex -0.0162249 -0.0824466 -0.0815687
      vertex -0.0168991 -0.0792775 -0.0849571
      vertex -0.00815105 -0.0824466 -0.0827665
    endloop
  endfacet
  facet normal -0.119811 -0.934624 -0.334849
    outer loop
      vertex -0.0179338 -0.0934033 -0.059123
      vertex -0.0260859 -0.0909772 -0.0629778
      vertex -0.0197878 -0.0909772 -0.0652313
    endloop
  endfacet
  facet normal 0.13003 0.463355 -0.876581
    outer loop
      vertex 0.00891972 -0.0623708 -0.0905657
      vertex 0.0087471 -0.0590062 -0.0888128
      vertex 0.0177536 -0.0623708 -0.0892553
    endloop
  endfacet
  facet normal 0.830353 0.250621 -0.497698
    outer loop
      vertex 0.0810385 -0.0657849 -0.0433159
      vertex 0.0764027 -0.0657849 -0.0510502
      vertex 0.0802584 -0.0623708 -0.0428982
    endloop
  endfacet
  facet normal 0.777563 -0.25061 -0.576707
    outer loop
      vertex 0.0764027 -0.0692162 -0.0510502
      vertex 0.0703468 -0.0726304 -0.0577316
      vertex 0.0710306 -0.0692162 -0.0582933
    endloop
  endfacet
  facet normal 0.0283994 -0.814626 -0.579291
    outer loop
      vertex 0.00815105 -0.0824466 -0.0827665
      vertex 0 -0.0854726 -0.0789108
      vertex 0 -0.0824466 -0.0831661
    endloop
  endfacet
  facet normal 0.146686 0 -0.989183
    outer loop
      vertex 0.0090065 -0.0692162 -0.0914459
      vertex 0.0179262 -0.0657849 -0.0901232
      vertex 0.0179262 -0.0692162 -0.0901232
    endloop
  endfacet
  facet normal 0.146686 0 -0.989183
    outer loop
      vertex 0.0179262 -0.0657849 -0.0901232
      vertex 0.0090065 -0.0692162 -0.0914459
      vertex 0.0090065 -0.0657849 -0.0914459
    endloop
  endfacet
  facet normal -0.4019 0.623453 -0.670658
    outer loop
      vertex -0.0420685 -0.0590062 -0.0787048
      vertex -0.0481243 -0.0557227 -0.0720234
      vertex -0.0408325 -0.0557227 -0.0763931
    endloop
  endfacet
  facet normal -0.164372 -0.736517 -0.656144
    outer loop
      vertex -0.0162249 -0.0824466 -0.0815687
      vertex -0.0251446 -0.0792775 -0.0828915
      vertex -0.0168991 -0.0792775 -0.0849571
    endloop
  endfacet
  facet normal 0.669222 0.736402 -0.0992673
    outer loop
      vertex 0.0849571 -0.0557227 -0.0168991
      vertex 0.0827665 -0.0525527 -0.00815105
      vertex 0.0862045 -0.0557227 -0.00848961
    endloop
  endfacet
  facet normal 0.63694 0.736458 0.227897
    outer loop
      vertex 0.0828915 -0.0557227 0.0251446
      vertex 0.0768356 -0.0525527 0.031826
      vertex 0.0800276 -0.0557227 0.0331488
    endloop
  endfacet
  facet normal 0.636934 0.736466 0.227888
    outer loop
      vertex 0.0795851 -0.0525527 0.0241413
      vertex 0.0768356 -0.0525527 0.031826
      vertex 0.0828915 -0.0557227 0.0251446
    endloop
  endfacet
  facet normal 0.424419 0.869017 0.254317
    outer loop
      vertex 0.0694677 -0.0494471 0.0371313
      vertex 0.0693896 -0.0494566 0.0372941
      vertex 0.0695925 -0.0495276 0.0371981
    endloop
  endfacet
  facet normal 0.939068 0.250593 0.235276
    outer loop
      vertex 0.0892553 -0.0623708 0.0177536
      vertex 0.0870848 -0.0623708 0.0264168
      vertex 0.0879316 -0.0657849 0.0266733
    endloop
  endfacet
  facet normal 0.650111 0.250628 0.717316
    outer loop
      vertex 0.0643492 -0.0623708 0.0643492
      vertex 0.0577316 -0.0623708 0.0703468
      vertex 0.0582933 -0.0657849 0.0710306
    endloop
  endfacet
  facet normal -0.140881 0.814756 0.562428
    outer loop
      vertex -0.0181616 -0.0495276 0.0767013
      vertex -0.0162249 -0.0525527 0.0815687
      vertex -0.0153942 -0.0495276 0.0773945
    endloop
  endfacet
  facet normal -0.140856 0.814764 0.562423
    outer loop
      vertex -0.0201239 -0.0495968 0.0763101
      vertex -0.0162249 -0.0525527 0.0815687
      vertex -0.0181616 -0.0495276 0.0767013
    endloop
  endfacet
  facet normal -0.141122 0.814632 0.562546
    outer loop
      vertex -0.0204306 -0.0496076 0.0762488
      vertex -0.0162249 -0.0525527 0.0815687
      vertex -0.0201239 -0.0495968 0.0763101
    endloop
  endfacet
  facet normal -0.140889 0.814753 0.56243
    outer loop
      vertex -0.0207249 -0.0495838 0.0761406
      vertex -0.0162249 -0.0525527 0.0815687
      vertex -0.0204306 -0.0496076 0.0762488
    endloop
  endfacet
  facet normal -0.140744 0.814832 0.562352
    outer loop
      vertex -0.0214184 -0.0495276 0.0758856
      vertex -0.0162249 -0.0525527 0.0815687
      vertex -0.0207249 -0.0495838 0.0761406
    endloop
  endfacet
  facet normal -0.140883 0.81475 0.562435
    outer loop
      vertex -0.0162249 -0.0525527 0.0815687
      vertex -0.0214184 -0.0495276 0.0758856
      vertex -0.0229063 -0.0495276 0.0755129
    endloop
  endfacet
  facet normal 0.227897 0.736458 0.63694
    outer loop
      vertex 0.031826 -0.0525527 0.0768356
      vertex 0.0251446 -0.0557227 0.0828915
      vertex 0.0331488 -0.0557227 0.0800276
    endloop
  endfacet
  facet normal 0.195364 0.814741 0.545921
    outer loop
      vertex 0.031826 -0.0525527 0.0768356
      vertex 0.0251745 -0.0495276 0.0747012
      vertex 0.0229063 -0.0495276 0.0755129
    endloop
  endfacet
  facet normal 0.195399 0.814775 0.545859
    outer loop
      vertex 0.031826 -0.0525527 0.0768356
      vertex 0.027001 -0.0496196 0.0741847
      vertex 0.0251745 -0.0495276 0.0747012
    endloop
  endfacet
  facet normal 0.195236 0.814683 0.546053
    outer loop
      vertex 0.031826 -0.0525527 0.0768356
      vertex 0.0272856 -0.0496002 0.074054
      vertex 0.027001 -0.0496196 0.0741847
    endloop
  endfacet
  facet normal 0.195372 0.814751 0.545904
    outer loop
      vertex 0.031826 -0.0525527 0.0768356
      vertex 0.0283464 -0.0495276 0.073566
      vertex 0.0272856 -0.0496002 0.074054
    endloop
  endfacet
  facet normal 0.195385 0.814755 0.545893
    outer loop
      vertex 0.0283464 -0.0495276 0.073566
      vertex 0.031826 -0.0525527 0.0768356
      vertex 0.0301971 -0.0495276 0.0729036
    endloop
  endfacet
  facet normal 0.298493 0.463285 0.834428
    outer loop
      vertex 0.0348253 -0.0623708 0.0840769
      vertex 0.0259056 -0.0590062 0.0853996
      vertex 0.0264168 -0.0623708 0.0870848
    endloop
  endfacet
  facet normal 0.298529 -0.463591 0.834244
    outer loop
      vertex 0.0348253 -0.0726304 0.0840769
      vertex 0.0259056 -0.075994 0.0853996
      vertex 0.0341511 -0.075994 0.082449
    endloop
  endfacet
  facet normal 0.465813 -0.623385 0.62802
    outer loop
      vertex 0.0495806 -0.075994 0.0742025
      vertex 0.0481243 -0.0792775 0.0720234
      vertex 0.0549517 -0.0792775 0.0669594
    endloop
  endfacet
  facet normal 0.857727 -0 0.514106
    outer loop
      vertex 0.0764027 -0.0692162 0.0510502
      vertex 0.0810385 -0.0657849 0.0433159
      vertex 0.0764027 -0.0657849 0.0510502
    endloop
  endfacet
  facet normal 0.857727 0 0.514106
    outer loop
      vertex 0.0810385 -0.0657849 0.0433159
      vertex 0.0764027 -0.0692162 0.0510502
      vertex 0.0810385 -0.0692162 0.0433159
    endloop
  endfacet
  facet normal 0.957646 -0.250496 0.142009
    outer loop
      vertex 0.0914459 -0.0692162 0.0090065
      vertex 0.0901232 -0.0692162 0.0179262
      vertex 0.0905657 -0.0726304 0.00891972
    endloop
  endfacet
  facet normal 0.885105 0.463361 -0.0434301
    outer loop
      vertex 0.0910034 -0.0623708 0
      vertex 0.0888128 -0.0590062 -0.0087471
      vertex 0.089242 -0.0590062 0
    endloop
  endfacet
  facet normal 0.611576 0.736403 0.289284
    outer loop
      vertex 0.0800276 -0.0557227 0.0331488
      vertex 0.0733461 -0.0525527 0.0392046
      vertex 0.0763931 -0.0557227 0.0408325
    endloop
  endfacet
  facet normal 0.760121 0.463327 0.455571
    outer loop
      vertex 0.0787048 -0.0590062 0.0420685
      vertex 0.0742025 -0.0590062 0.0495806
      vertex 0.0802584 -0.0623708 0.0428982
    endloop
  endfacet
  facet normal 0.711832 0.463229 0.527934
    outer loop
      vertex 0.0742025 -0.0590062 0.0495806
      vertex 0.0703468 -0.0623708 0.0577316
      vertex 0.0756664 -0.0623708 0.050559
    endloop
  endfacet
  facet normal 0.875152 -0.250547 0.413926
    outer loop
      vertex 0.0848942 -0.0692162 0.0351639
      vertex 0.0810385 -0.0692162 0.0433159
      vertex 0.0840769 -0.0726304 0.0348253
    endloop
  endfacet
  facet normal 0.580178 0.736506 0.347783
    outer loop
      vertex 0.0733461 -0.0525527 0.0392046
      vertex 0.06915 -0.0525527 0.0462046
      vertex 0.0720234 -0.0557227 0.0481243
    endloop
  endfacet
  facet normal 0.447269 0.869005 0.211613
    outer loop
      vertex 0.0695581 -0.0494534 0.0369661
      vertex 0.0694677 -0.0494471 0.0371313
      vertex 0.0695925 -0.0495276 0.0371981
    endloop
  endfacet
  facet normal 0.366429 0.869121 -0.332202
    outer loop
      vertex 0.0609989 -0.0495276 -0.0500603
      vertex 0.0605534 -0.0495276 -0.0505517
      vertex 0.0608753 -0.0494873 -0.0500912
    endloop
  endfacet
  facet normal 0.365998 0.869455 -0.331805
    outer loop
      vertex 0.0557976 -0.0495276 -0.0557976
      vertex 0.0557743 -0.0495089 -0.0557743
      vertex 0.0584118 -0.0495276 -0.052914
    endloop
  endfacet
  facet normal 0.711776 0.463308 -0.52794
    outer loop
      vertex 0.0703468 -0.0623708 -0.0577316
      vertex 0.068985 -0.0590062 -0.0566149
      vertex 0.0742025 -0.0590062 -0.0495806
    endloop
  endfacet
  facet normal 0.576706 0.250617 -0.777561
    outer loop
      vertex 0.0582933 -0.0657849 -0.0710306
      vertex 0.0510502 -0.0657849 -0.0764027
      vertex 0.0577316 -0.0623708 -0.0703468
    endloop
  endfacet
  facet normal 0.227888 0.736466 -0.636934
    outer loop
      vertex 0.0251446 -0.0557227 -0.0828915
      vertex 0.0241413 -0.0525527 -0.0795851
      vertex 0.031826 -0.0525527 -0.0768356
    endloop
  endfacet
  facet normal 0.0284868 0.814795 -0.579049
    outer loop
      vertex 0.00815105 -0.0525527 -0.0827665
      vertex 0.00706961 -0.0495276 -0.078563
      vertex 0.0077343 -0.0495276 -0.0785303
    endloop
  endfacet
  facet normal 0.0285053 0.814802 -0.579038
    outer loop
      vertex 0.00815105 -0.0525527 -0.0827665
      vertex 0.00399664 -0.0495276 -0.0787142
      vertex 0.00656363 -0.0495457 -0.0786133
    endloop
  endfacet
  facet normal 0.0284072 0.814787 -0.579064
    outer loop
      vertex 0.00815105 -0.0525527 -0.0827665
      vertex 0.00656363 -0.0495457 -0.0786133
      vertex 0.00687663 -0.0495478 -0.0786009
    endloop
  endfacet
  facet normal 0.0284843 0.814793 -0.579052
    outer loop
      vertex 0.00399664 -0.0495276 -0.0787142
      vertex 0.00815105 -0.0525527 -0.0827665
      vertex 0 -0.0495276 -0.0789108
    endloop
  endfacet
  facet normal 0.0284358 0.81479 -0.579058
    outer loop
      vertex 0.00706961 -0.0495276 -0.078563
      vertex 0.00815105 -0.0525527 -0.0827665
      vertex 0.00687663 -0.0495478 -0.0786009
    endloop
  endfacet
  facet normal 0.6692 0.73642 -0.0992795
    outer loop
      vertex 0.0849571 -0.0557227 -0.0168991
      vertex 0.0815687 -0.0525527 -0.0162249
      vertex 0.0827665 -0.0525527 -0.00815105
    endloop
  endfacet
  facet normal 0.669222 0.736402 0.0992673
    outer loop
      vertex 0.0862045 -0.0557227 0.00848961
      vertex 0.0827665 -0.0525527 0.00815105
      vertex 0.0849571 -0.0557227 0.0168991
    endloop
  endfacet
  facet normal 0.424419 0.869017 -0.254317
    outer loop
      vertex 0.0695925 -0.0495276 -0.0371981
      vertex 0.0693896 -0.0494566 -0.0372941
      vertex 0.0694677 -0.0494471 -0.0371313
    endloop
  endfacet
  facet normal 0.579376 0.623389 -0.525081
    outer loop
      vertex 0.068985 -0.0590062 -0.0566149
      vertex 0.0612507 -0.0557227 -0.0612507
      vertex 0.0669594 -0.0557227 -0.0549517
    endloop
  endfacet
  facet normal 0.524141 0.814758 -0.247882
    outer loop
      vertex 0.0733461 -0.0525527 -0.0392046
      vertex 0.0720624 -0.0495276 -0.0319758
      vertex 0.0729036 -0.0495276 -0.0301971
    endloop
  endfacet
  facet normal 0.52417 0.814749 -0.247852
    outer loop
      vertex 0.0733461 -0.0525527 -0.0392046
      vertex 0.0706214 -0.0495276 -0.0350227
      vertex 0.0713962 -0.0496045 -0.0336369
    endloop
  endfacet
  facet normal 0.524101 0.814781 -0.247892
    outer loop
      vertex 0.0733461 -0.0525527 -0.0392046
      vertex 0.0713962 -0.0496045 -0.0336369
      vertex 0.0715488 -0.0496196 -0.0333639
    endloop
  endfacet
  facet normal 0.524123 0.814766 -0.247895
    outer loop
      vertex 0.0706214 -0.0495276 -0.0350227
      vertex 0.0733461 -0.0525527 -0.0392046
      vertex 0.0695925 -0.0495276 -0.0371981
    endloop
  endfacet
  facet normal 0.52407 0.814795 -0.24791
    outer loop
      vertex 0.0720624 -0.0495276 -0.0319758
      vertex 0.0733461 -0.0525527 -0.0392046
      vertex 0.0715488 -0.0496196 -0.0333639
    endloop
  endfacet
  facet normal 0.573596 -0.814711 -0.0850521
    outer loop
      vertex 0.0785303 -0.0854726 -0.0077343
      vertex 0.0773945 -0.0854726 -0.0153942
      vertex 0.0827665 -0.0824466 -0.00815105
    endloop
  endfacet
  facet normal 0.669097 -0.736516 -0.0992642
    outer loop
      vertex 0.0827665 -0.0824466 -0.00815105
      vertex 0.0815687 -0.0824466 -0.0162249
      vertex 0.0849571 -0.0792775 -0.0168991
    endloop
  endfacet
  facet normal 0.885051 -0.463463 0.0434304
    outer loop
      vertex 0.0905657 -0.0726304 0.00891972
      vertex 0.0888128 -0.075994 0.0087471
      vertex 0.0910034 -0.0726304 0
    endloop
  endfacet
  facet normal 0.834374 -0.463393 -0.298474
    outer loop
      vertex 0.0853996 -0.075994 -0.0259056
      vertex 0.0840769 -0.0726304 -0.0348253
      vertex 0.0870848 -0.0726304 -0.0264168
    endloop
  endfacet
  facet normal 0.656605 -0.463402 -0.595088
    outer loop
      vertex 0.068985 -0.075994 -0.0566149
      vertex 0.0643492 -0.0726304 -0.0643492
      vertex 0.0703468 -0.0726304 -0.0577316
    endloop
  endfacet
  facet normal 0.595088 -0.463402 -0.656605
    outer loop
      vertex 0.0643492 -0.0726304 -0.0643492
      vertex 0.0566149 -0.075994 -0.068985
      vertex 0.0577316 -0.0726304 -0.0703468
    endloop
  endfacet
  facet normal 0.454207 -0.736567 -0.501163
    outer loop
      vertex 0.0588074 -0.0824466 -0.0588074
      vertex 0.0527601 -0.0824466 -0.0642881
      vertex 0.0612507 -0.0792775 -0.0612507
    endloop
  endfacet
  facet normal 0.416073 -0.907233 -0.0617309
    outer loop
      vertex 0.0735388 -0.088325 -0.0072422
      vertex 0.0668573 -0.0909772 -0.013298
      vertex 0.0724745 -0.088325 -0.0144157
    endloop
  endfacet
  facet normal 0.326089 -0.250545 -0.911533
    outer loop
      vertex 0.0348253 -0.0726304 -0.0840769
      vertex 0.0266733 -0.0692162 -0.0879316
      vertex 0.0351639 -0.0692162 -0.0848942
    endloop
  endfacet
  facet normal 0.857727 0 -0.514106
    outer loop
      vertex 0.0810385 -0.0692162 -0.0433159
      vertex 0.0764027 -0.0657849 -0.0510502
      vertex 0.0810385 -0.0657849 -0.0433159
    endloop
  endfacet
  facet normal 0.857727 0 -0.514106
    outer loop
      vertex 0.0764027 -0.0657849 -0.0510502
      vertex 0.0810385 -0.0692162 -0.0433159
      vertex 0.0764027 -0.0692162 -0.0510502
    endloop
  endfacet
  facet normal 0.911532 0.250552 -0.326088
    outer loop
      vertex 0.0848942 -0.0657849 -0.0351639
      vertex 0.0840769 -0.0623708 -0.0348253
      vertex 0.0879316 -0.0657849 -0.0266733
    endloop
  endfacet
  facet normal -0.628022 0.62338 -0.465818
    outer loop
      vertex -0.068985 -0.0590062 -0.0566149
      vertex -0.0742025 -0.0590062 -0.0495806
      vertex -0.0669594 -0.0557227 -0.0549517
    endloop
  endfacet
  facet normal -0.454277 0.736472 -0.50124
    outer loop
      vertex -0.0527601 -0.0525527 -0.0642881
      vertex -0.0612507 -0.0557227 -0.0612507
      vertex -0.0588074 -0.0525527 -0.0588074
    endloop
  endfacet
  facet normal -0.465818 0.62338 -0.628022
    outer loop
      vertex -0.0495806 -0.0590062 -0.0742025
      vertex -0.0566149 -0.0590062 -0.068985
      vertex -0.0549517 -0.0557227 -0.0669594
    endloop
  endfacet
  facet normal -0.49378 0.869247 -0.0242897
    outer loop
      vertex -0.0787142 -0.0495276 -0.00399664
      vertex -0.0789108 -0.0495276 0
      vertex -0.0788746 -0.0495084 -4.87982e-05
    endloop
  endfacet
  facet normal -0.494238 0.868987 -0.0243145
    outer loop
      vertex -0.0785425 -0.0495192 -0.0071861
      vertex -0.0785303 -0.0495276 -0.0077343
      vertex -0.078563 -0.0495276 -0.00706961
    endloop
  endfacet
  facet normal -0.494185 0.869017 -0.0243137
    outer loop
      vertex -0.0785303 -0.0495276 -0.0077343
      vertex -0.0785425 -0.0495192 -0.0071861
      vertex -0.078447 -0.04948 -0.00772609
    endloop
  endfacet
  facet normal -0.579038 0.814802 -0.0285053
    outer loop
      vertex -0.0827665 -0.0525527 -0.00815105
      vertex -0.0787142 -0.0495276 -0.00399664
      vertex -0.0786133 -0.0495457 -0.00656363
    endloop
  endfacet
  facet normal -0.579064 0.814787 -0.0284072
    outer loop
      vertex -0.0827665 -0.0525527 -0.00815105
      vertex -0.0786133 -0.0495457 -0.00656363
      vertex -0.0786009 -0.0495478 -0.00687663
    endloop
  endfacet
  facet normal -0.579049 0.814795 -0.0284868
    outer loop
      vertex -0.0827665 -0.0525527 -0.00815105
      vertex -0.078563 -0.0495276 -0.00706961
      vertex -0.0785303 -0.0495276 -0.0077343
    endloop
  endfacet
  facet normal -0.579052 0.814793 -0.0284843
    outer loop
      vertex -0.0787142 -0.0495276 -0.00399664
      vertex -0.0827665 -0.0525527 -0.00815105
      vertex -0.0789108 -0.0495276 0
    endloop
  endfacet
  facet normal -0.579058 0.81479 -0.0284358
    outer loop
      vertex -0.078563 -0.0495276 -0.00706961
      vertex -0.0827665 -0.0525527 -0.00815105
      vertex -0.0786009 -0.0495478 -0.00687663
    endloop
  endfacet
  facet normal -0.493258 0.869558 -0.0237801
    outer loop
      vertex -0.0788746 -0.0495084 -4.87982e-05
      vertex -0.0789108 -0.0495276 0
      vertex -0.0788766 -0.0495082 0
    endloop
  endfacet
  facet normal -0.885108 0.463355 -0.0434332
    outer loop
      vertex -0.0905657 -0.0623708 -0.00891972
      vertex -0.0910034 -0.0623708 0
      vertex -0.0888128 -0.0590062 -0.0087471
    endloop
  endfacet
  facet normal -0.966916 0.250643 -0.0474476
    outer loop
      vertex -0.0905657 -0.0623708 -0.00891972
      vertex -0.0918884 -0.0657849 0
      vertex -0.0910034 -0.0623708 0
    endloop
  endfacet
  facet normal -0.957608 0.250615 -0.14205
    outer loop
      vertex -0.0901232 -0.0657849 -0.0179262
      vertex -0.0905657 -0.0623708 -0.00891972
      vertex -0.0892553 -0.0623708 -0.0177536
    endloop
  endfacet
  facet normal -0.876581 0.463355 -0.13003
    outer loop
      vertex -0.0892553 -0.0623708 -0.0177536
      vertex -0.0905657 -0.0623708 -0.00891972
      vertex -0.0888128 -0.0590062 -0.0087471
    endloop
  endfacet
  facet normal -0.911532 0.250552 -0.326088
    outer loop
      vertex -0.0848942 -0.0657849 -0.0351639
      vertex -0.0879316 -0.0657849 -0.0266733
      vertex -0.0840769 -0.0623708 -0.0348253
    endloop
  endfacet
  facet normal -0.96695 0.2505 -0.0475074
    outer loop
      vertex -0.0914459 -0.0657849 -0.0090065
      vertex -0.0918884 -0.0657849 0
      vertex -0.0905657 -0.0623708 -0.00891972
    endloop
  endfacet
  facet normal -0.573643 -0.814672 -0.0851032
    outer loop
      vertex -0.0773945 -0.0854726 -0.0153942
      vertex -0.0827665 -0.0824466 -0.00815105
      vertex -0.0815687 -0.0824466 -0.0162249
    endloop
  endfacet
  facet normal -0.62802 -0.623385 0.465813
    outer loop
      vertex -0.0669594 -0.0792775 0.0549517
      vertex -0.0742025 -0.075994 0.0495806
      vertex -0.0720234 -0.0792775 0.0481243
    endloop
  endfacet
  facet normal -0.494156 -0.869034 -0.0242704
    outer loop
      vertex -0.0738945 -0.088325 0
      vertex -0.0789108 -0.0854726 0
      vertex -0.0735388 -0.088325 -0.0072422
    endloop
  endfacet
  facet normal -0.706784 -0.623448 -0.334319
    outer loop
      vertex -0.0763931 -0.0792775 -0.0408325
      vertex -0.0800276 -0.0792775 -0.0331488
      vertex -0.0787048 -0.075994 -0.0420685
    endloop
  endfacet
  facet normal -0.34498 -0.934622 -0.0864336
    outer loop
      vertex -0.059123 -0.0934033 -0.0179338
      vertex -0.0668573 -0.0909772 -0.013298
      vertex -0.0652313 -0.0909772 -0.0197878
    endloop
  endfacet
  facet normal -0.255616 -0.954563 -0.153201
    outer loop
      vertex -0.0483322 -0.0955796 -0.0258341
      vertex -0.0513706 -0.0934033 -0.0343246
      vertex -0.0455675 -0.0955796 -0.030447
    endloop
  endfacet
  facet normal -0.334844 -0.934625 -0.119814
    outer loop
      vertex -0.059123 -0.0934033 -0.0179338
      vertex -0.0629778 -0.0909772 -0.0260859
      vertex -0.0570803 -0.0934033 -0.0236425
    endloop
  endfacet
  facet normal -0.297665 -0.954558 0.0146232
    outer loop
      vertex -0.0614853 -0.0934033 0.00605583
      vertex -0.0617828 -0.0934033 0
      vertex -0.0548038 -0.0955796 0
    endloop
  endfacet
  facet normal -0.706784 -0.623448 0.334319
    outer loop
      vertex -0.0787048 -0.075994 0.0420685
      vertex -0.0800276 -0.0792775 0.0331488
      vertex -0.0763931 -0.0792775 0.0408325
    endloop
  endfacet
  facet normal -0.280606 -0.954557 0.100404
    outer loop
      vertex -0.0506325 -0.0955796 0.0209723
      vertex -0.059123 -0.0934033 0.0179338
      vertex -0.0524445 -0.0955796 0.0159082
    endloop
  endfacet
  facet normal 0.211556 -0.868996 0.447315
    outer loop
      vertex 0.0301971 -0.0854726 0.0729036
      vertex 0.0282784 -0.088325 0.0682697
      vertex 0.0371981 -0.0854726 0.0695925
    endloop
  endfacet
  facet normal -0.152052 -0.934626 0.321488
    outer loop
      vertex -0.0260859 -0.0909772 0.0629778
      vertex -0.0321331 -0.0909772 0.0601177
      vertex -0.0236425 -0.0934033 0.0570803
    endloop
  endfacet
  facet normal -0.180167 -0.979937 0.0852305
    outer loop
      vertex -0.0417118 -0.097486 0.022295
      vertex -0.0436964 -0.097486 0.0180998
      vertex -0.0363407 -0.0991034 0.0150528
    endloop
  endfacet
  facet normal -0.427563 0 0.903985
    outer loop
      vertex -0.0433159 -0.0657849 0.0810385
      vertex -0.0351639 -0.0692162 0.0848942
      vertex -0.0351639 -0.0657849 0.0848942
    endloop
  endfacet
  facet normal -0.427563 0 0.903985
    outer loop
      vertex -0.0351639 -0.0692162 0.0848942
      vertex -0.0433159 -0.0657849 0.0810385
      vertex -0.0433159 -0.0692162 0.0810385
    endloop
  endfacet
  facet normal -0.670658 0.623453 0.4019
    outer loop
      vertex -0.0763931 -0.0557227 0.0408325
      vertex -0.0787048 -0.0590062 0.0420685
      vertex -0.0720234 -0.0557227 0.0481243
    endloop
  endfacet
  facet normal -0.0383422 -0.623386 0.780974
    outer loop
      vertex 0 -0.0792775 0.0866213
      vertex -0.0087471 -0.075994 0.0888128
      vertex -0.00848961 -0.0792775 0.0862045
    endloop
  endfacet
  facet normal -0.465818 -0.62338 0.628022
    outer loop
      vertex -0.0495806 -0.075994 0.0742025
      vertex -0.0566149 -0.075994 0.068985
      vertex -0.0549517 -0.0792775 0.0669594
    endloop
  endfacet
  facet normal -0.197942 -0.969163 0.146772
    outer loop
      vertex -0.0423641 -0.0955796 0.0347672
      vertex -0.0455675 -0.0955796 0.030447
      vertex -0.0393257 -0.097486 0.0262766
    endloop
  endfacet
  facet normal -0.0992673 0.736402 0.669222
    outer loop
      vertex -0.00815105 -0.0525527 0.0827665
      vertex -0.0168991 -0.0557227 0.0849571
      vertex -0.00848961 -0.0557227 0.0862045
    endloop
  endfacet
  facet normal -0.0851032 -0.814672 0.573643
    outer loop
      vertex -0.00815105 -0.0824466 0.0827665
      vertex -0.0162249 -0.0824466 0.0815687
      vertex -0.0153942 -0.0854726 0.0773945
    endloop
  endfacet
  facet normal -0.326074 -0.250577 0.91153
    outer loop
      vertex -0.0266733 -0.0692162 0.0879316
      vertex -0.0348253 -0.0726304 0.0840769
      vertex -0.0264168 -0.0726304 0.0870848
    endloop
  endfacet
  facet normal -0.0850521 -0.814711 0.573596
    outer loop
      vertex -0.00815105 -0.0824466 0.0827665
      vertex -0.0153942 -0.0854726 0.0773945
      vertex -0.0077343 -0.0854726 0.0785303
    endloop
  endfacet
  facet normal 0.326089 -0.250545 0.911533
    outer loop
      vertex 0.0351639 -0.0692162 0.0848942
      vertex 0.0266733 -0.0692162 0.0879316
      vertex 0.0348253 -0.0726304 0.0840769
    endloop
  endfacet
  facet normal 0.243039 0 0.970016
    outer loop
      vertex 0.0179262 -0.0657849 0.0901232
      vertex 0.0266733 -0.0692162 0.0879316
      vertex 0.0266733 -0.0657849 0.0879316
    endloop
  endfacet
  facet normal 0.243039 0 0.970016
    outer loop
      vertex 0.0266733 -0.0692162 0.0879316
      vertex 0.0179262 -0.0657849 0.0901232
      vertex 0.0179262 -0.0692162 0.0901232
    endloop
  endfacet
  facet normal 0.119814 -0.934625 0.334844
    outer loop
      vertex 0.0260859 -0.0909772 0.0629778
      vertex 0.0179338 -0.0934033 0.059123
      vertex 0.0236425 -0.0934033 0.0570803
    endloop
  endfacet
  facet normal 0.177538 -0.954556 0.23938
    outer loop
      vertex 0.0391941 -0.0934033 0.0477591
      vertex 0.0343246 -0.0934033 0.0513706
      vertex 0.0347672 -0.0955796 0.0423641
    endloop
  endfacet
  facet normal -0.146686 0 0.989183
    outer loop
      vertex -0.0179262 -0.0657849 0.0901232
      vertex -0.0090065 -0.0692162 0.0914459
      vertex -0.0090065 -0.0657849 0.0914459
    endloop
  endfacet
  facet normal -0.146686 0 0.989183
    outer loop
      vertex -0.0090065 -0.0692162 0.0914459
      vertex -0.0179262 -0.0657849 0.0901232
      vertex -0.0179262 -0.0692162 0.0901232
    endloop
  endfacet
  facet normal 0.0284843 0.814793 0.579052
    outer loop
      vertex 0.00815105 -0.0525527 0.0827665
      vertex 0.00399664 -0.0495276 0.0787142
      vertex 0 -0.0495276 0.0789108
    endloop
  endfacet
  facet normal 0.0285053 0.814802 0.579038
    outer loop
      vertex 0.00815105 -0.0525527 0.0827665
      vertex 0.00656363 -0.0495457 0.0786133
      vertex 0.00399664 -0.0495276 0.0787142
    endloop
  endfacet
  facet normal 0.0284072 0.814787 0.579064
    outer loop
      vertex 0.00815105 -0.0525527 0.0827665
      vertex 0.00687663 -0.0495478 0.0786009
      vertex 0.00656363 -0.0495457 0.0786133
    endloop
  endfacet
  facet normal 0.0284358 0.81479 0.579058
    outer loop
      vertex 0.00815105 -0.0525527 0.0827665
      vertex 0.00706961 -0.0495276 0.078563
      vertex 0.00687663 -0.0495478 0.0786009
    endloop
  endfacet
  facet normal 0.0284868 0.814795 0.579049
    outer loop
      vertex 0.00706961 -0.0495276 0.078563
      vertex 0.00815105 -0.0525527 0.0827665
      vertex 0.0077343 -0.0495276 0.0785303
    endloop
  endfacet
  facet normal -0.0284843 0.814793 0.579052
    outer loop
      vertex -0.00399664 -0.0495276 0.0787142
      vertex -0.00815105 -0.0525527 0.0827665
      vertex 0 -0.0495276 0.0789108
    endloop
  endfacet
  facet normal -0.0285053 0.814802 0.579038
    outer loop
      vertex -0.00656363 -0.0495457 0.0786133
      vertex -0.00815105 -0.0525527 0.0827665
      vertex -0.00399664 -0.0495276 0.0787142
    endloop
  endfacet
  facet normal -0.0284072 0.814787 0.579064
    outer loop
      vertex -0.00687663 -0.0495478 0.0786009
      vertex -0.00815105 -0.0525527 0.0827665
      vertex -0.00656363 -0.0495457 0.0786133
    endloop
  endfacet
  facet normal -0.0284358 0.81479 0.579058
    outer loop
      vertex -0.00706961 -0.0495276 0.078563
      vertex -0.00815105 -0.0525527 0.0827665
      vertex -0.00687663 -0.0495478 0.0786009
    endloop
  endfacet
  facet normal -0.0284868 0.814795 0.579049
    outer loop
      vertex -0.00815105 -0.0525527 0.0827665
      vertex -0.00706961 -0.0495276 0.078563
      vertex -0.0077343 -0.0495276 0.0785303
    endloop
  endfacet
  facet normal 0.049072 0 0.998795
    outer loop
      vertex 0 -0.0657849 0.0918884
      vertex 0.0090065 -0.0692162 0.0914459
      vertex 0.0090065 -0.0657849 0.0914459
    endloop
  endfacet
  facet normal 0.049072 0 0.998795
    outer loop
      vertex 0.0090065 -0.0692162 0.0914459
      vertex 0 -0.0657849 0.0918884
      vertex 0 -0.0692162 0.0918884
    endloop
  endfacet
  facet normal -0.670684 0.623382 0.401968
    outer loop
      vertex -0.0720234 -0.0557227 0.0481243
      vertex -0.0787048 -0.0590062 0.0420685
      vertex -0.0742025 -0.0590062 0.0495806
    endloop
  endfacet
  facet normal -0.45564 0.463226 0.760141
    outer loop
      vertex -0.0495806 -0.0590062 0.0742025
      vertex -0.050559 -0.0623708 0.0756664
      vertex -0.0428982 -0.0623708 0.0802584
    endloop
  endfacet
  facet normal -0.740949 0 0.671561
    outer loop
      vertex -0.0710306 -0.0692162 0.0582933
      vertex -0.0649748 -0.0657849 0.0649748
      vertex -0.0710306 -0.0657849 0.0582933
    endloop
  endfacet
  facet normal -0.740949 0 0.671561
    outer loop
      vertex -0.0649748 -0.0657849 0.0649748
      vertex -0.0710306 -0.0692162 0.0582933
      vertex -0.0649748 -0.0692162 0.0649748
    endloop
  endfacet
  facet normal -0.465758 0.814706 0.345431
    outer loop
      vertex -0.0629915 -0.0495276 0.0473736
      vertex -0.0642881 -0.0525527 0.0527601
      vertex -0.0609989 -0.0495276 0.0500603
    endloop
  endfacet
  facet normal -0.465787 0.814696 0.345419
    outer loop
      vertex -0.064456 -0.0495765 0.0455141
      vertex -0.0642881 -0.0525527 0.0527601
      vertex -0.0629915 -0.0495276 0.0473736
    endloop
  endfacet
  facet normal -0.465688 0.814745 0.345436
    outer loop
      vertex -0.0646496 -0.0495829 0.0452682
      vertex -0.0642881 -0.0525527 0.0527601
      vertex -0.064456 -0.0495765 0.0455141
    endloop
  endfacet
  facet normal -0.465906 0.814634 0.345403
    outer loop
      vertex -0.0648037 -0.0495549 0.0449943
      vertex -0.0642881 -0.0525527 0.0527601
      vertex -0.0646496 -0.0495829 0.0452682
    endloop
  endfacet
  facet normal -0.465986 0.8145 0.34561
    outer loop
      vertex -0.0656118 -0.0495276 0.0438404
      vertex -0.0648037 -0.0495549 0.0449943
      vertex -0.0649526 -0.0495276 0.0447292
    endloop
  endfacet
  facet normal -0.465718 0.814731 0.345428
    outer loop
      vertex -0.0648037 -0.0495549 0.0449943
      vertex -0.0656118 -0.0495276 0.0438404
      vertex -0.0642881 -0.0525527 0.0527601
    endloop
  endfacet
  facet normal -0.47948 0.869288 0.120157
    outer loop
      vertex -0.0772769 -0.0494595 0.0153708
      vertex -0.0773945 -0.0495276 0.0153942
      vertex -0.0772439 -0.0494634 0.0155307
    endloop
  endfacet
  facet normal -0.801086 0.46334 0.378916
    outer loop
      vertex -0.0787048 -0.0590062 0.0420685
      vertex -0.0840769 -0.0623708 0.0348253
      vertex -0.0802584 -0.0623708 0.0428982
    endloop
  endfacet
  facet normal -0.834428 0.463285 0.298493
    outer loop
      vertex -0.0853996 -0.0590062 0.0259056
      vertex -0.0870848 -0.0623708 0.0264168
      vertex -0.0840769 -0.0623708 0.0348253
    endloop
  endfacet
  facet normal -0.911528 0.250584 0.326073
    outer loop
      vertex -0.0870848 -0.0623708 0.0264168
      vertex -0.0879316 -0.0657849 0.0266733
      vertex -0.0840769 -0.0623708 0.0348253
    endloop
  endfacet
  facet normal -0.465753 0.814712 0.345427
    outer loop
      vertex -0.0656118 -0.0495276 0.0438404
      vertex -0.06915 -0.0525527 0.0462046
      vertex -0.0642881 -0.0525527 0.0527601
    endloop
  endfacet
  facet normal -0.669222 0.736402 0.0992673
    outer loop
      vertex -0.0827665 -0.0525527 0.00815105
      vertex -0.0862045 -0.0557227 0.00848961
      vertex -0.0849571 -0.0557227 0.0168991
    endloop
  endfacet
  facet normal -0.885105 0.463361 0.0434301
    outer loop
      vertex -0.089242 -0.0590062 0
      vertex -0.0910034 -0.0623708 0
      vertex -0.0888128 -0.0590062 0.0087471
    endloop
  endfacet
  facet normal -0.87653 0.463442 0.130065
    outer loop
      vertex -0.0888128 -0.0590062 0.0087471
      vertex -0.0892553 -0.0623708 0.0177536
      vertex -0.0875273 -0.0590062 0.0174103
    endloop
  endfacet
  facet normal -0.6692 0.73642 -0.0992795
    outer loop
      vertex -0.0815687 -0.0525527 -0.0162249
      vertex -0.0849571 -0.0557227 -0.0168991
      vertex -0.0827665 -0.0525527 -0.00815105
    endloop
  endfacet
  facet normal 0.527906 -0.463416 0.71173
    outer loop
      vertex 0.0577316 -0.0726304 0.0703468
      vertex 0.0495806 -0.075994 0.0742025
      vertex 0.0566149 -0.075994 0.068985
    endloop
  endfacet
  facet normal 0.501163 -0.736567 0.454207
    outer loop
      vertex 0.0612507 -0.0792775 0.0612507
      vertex 0.0588074 -0.0824466 0.0588074
      vertex 0.0642881 -0.0824466 0.0527601
    endloop
  endfacet
  facet normal 0.152063 -0.934633 0.321461
    outer loop
      vertex 0.0321331 -0.0909772 0.0601177
      vertex 0.0236425 -0.0934033 0.0570803
      vertex 0.0291243 -0.0934033 0.0544872
    endloop
  endfacet
  facet normal 0.501175 -0.736559 0.454208
    outer loop
      vertex 0.0669594 -0.0792775 0.0549517
      vertex 0.0612507 -0.0792775 0.0612507
      vertex 0.0642881 -0.0824466 0.0527601
    endloop
  endfacet
  facet normal 0.366566 -0.869035 0.332277
    outer loop
      vertex 0.0609989 -0.0854726 0.0500603
      vertex 0.0522509 -0.088325 0.0522509
      vertex 0.0571213 -0.088325 0.0468779
    endloop
  endfacet
  facet normal 0.250564 -0.907252 0.337803
    outer loop
      vertex 0.0410538 -0.088325 0.0614414
      vertex 0.0378714 -0.0909772 0.0566788
      vertex 0.0432444 -0.0909772 0.0526934
    endloop
  endfacet
  facet normal -0.0146232 -0.954558 0.297665
    outer loop
      vertex 0 -0.0934033 0.0617828
      vertex -0.00605583 -0.0934033 0.0614853
      vertex 0 -0.0955796 0.0548038
    endloop
  endfacet
  facet normal -0.140967 -0.81463 0.562589
    outer loop
      vertex -0.0162249 -0.0824466 0.0815687
      vertex -0.0241413 -0.0824466 0.0795851
      vertex -0.0229063 -0.0854726 0.0755129
    endloop
  endfacet
  facet normal 0.238789 -0.934629 0.26353
    outer loop
      vertex 0.0432444 -0.0909772 0.0526934
      vertex 0.0391941 -0.0934033 0.0477591
      vertex 0.0482016 -0.0909772 0.0482016
    endloop
  endfacet
  facet normal 0.0726085 -0.869037 0.489389
    outer loop
      vertex 0.0153942 -0.0854726 0.0773945
      vertex 0.0072422 -0.088325 0.0735388
      vertex 0.0144157 -0.088325 0.0724745
    endloop
  endfacet
  facet normal 0.0242704 -0.869034 0.494156
    outer loop
      vertex 0 -0.0854726 0.0789108
      vertex 0 -0.088325 0.0738945
      vertex 0.0072422 -0.088325 0.0735388
    endloop
  endfacet
  facet normal 0.0617309 -0.907233 0.416073
    outer loop
      vertex 0.0144157 -0.088325 0.0724745
      vertex 0.0072422 -0.088325 0.0735388
      vertex 0.013298 -0.0909772 0.0668573
    endloop
  endfacet
  facet normal -0.416059 -0.907241 -0.0617119
    outer loop
      vertex -0.0678387 -0.0909772 -0.00668144
      vertex -0.0735388 -0.088325 -0.0072422
      vertex -0.0668573 -0.0909772 -0.013298
    endloop
  endfacet
  facet normal 0.0490241 -0.993404 -0.103656
    outer loop
      vertex 0.0146103 -0.100416 -0.0273333
      vertex 0.0105371 -0.101412 -0.0197144
      vertex 0.0118599 -0.100416 -0.0286341
    endloop
  endfacet
  facet normal -0.232002 -0.969167 -0.0830133
    outer loop
      vertex -0.0452604 -0.097486 -0.0137291
      vertex -0.0524445 -0.0955796 -0.0159082
      vertex -0.0506325 -0.0955796 -0.0209723
    endloop
  endfacet
  facet normal 0.12668 -0.969163 -0.211366
    outer loop
      vertex 0.0262766 -0.097486 -0.0393257
      vertex 0.0258341 -0.0955796 -0.0483322
      vertex 0.030447 -0.0955796 -0.0455675
    endloop
  endfacet
  facet normal -0.0331701 -0.736497 -0.675627
    outer loop
      vertex -0.00815105 -0.0824466 -0.0827665
      vertex -0.00848961 -0.0792775 -0.0862045
      vertex 0 -0.0792775 -0.0866213
    endloop
  endfacet
  facet normal 0.0361364 -0.969159 -0.243773
    outer loop
      vertex 0.0106916 -0.0955796 -0.053751
      vertex 0.00463581 -0.097486 -0.0470695
      vertex 0.00537109 -0.0955796 -0.0545397
    endloop
  endfacet
  facet normal -0.0174487 -0.934635 -0.35518
    outer loop
      vertex -0.00605583 -0.0934033 -0.0614853
      vertex -0.00668144 -0.0909772 -0.0678387
      vertex 0 -0.0934033 -0.0617828
    endloop
  endfacet
  facet normal -0.119814 -0.934625 -0.334844
    outer loop
      vertex -0.0236425 -0.0934033 -0.0570803
      vertex -0.0260859 -0.0909772 -0.0629778
      vertex -0.0179338 -0.0934033 -0.059123
    endloop
  endfacet
  facet normal 0.332325 -0.869014 -0.366571
    outer loop
      vertex 0.0522509 -0.088325 -0.0522509
      vertex 0.0500603 -0.0854726 -0.0609989
      vertex 0.0557976 -0.0854726 -0.0557976
    endloop
  endfacet
  facet normal 0.166732 -0.868999 -0.465876
    outer loop
      vertex 0.0282784 -0.088325 -0.0682697
      vertex 0.0229063 -0.0854726 -0.0755129
      vertex 0.0301971 -0.0854726 -0.0729036
    endloop
  endfacet
  facet normal 0.0484389 -0.979941 -0.193314
    outer loop
      vertex 0.0114183 -0.0991034 -0.0376406
      vertex 0.00767326 -0.0991034 -0.038579
      vertex 0.0092268 -0.097486 -0.0463886
    endloop
  endfacet
  facet normal 0.11453 -0.993404 0.00564834
    outer loop
      vertex 0.0308437 -0.100416 0.00303745
      vertex 0.0222464 -0.101412 0.00219059
      vertex 0.0309935 -0.100416 0
    endloop
  endfacet
  facet normal 0.29479 -0.954562 -0.0436989
    outer loop
      vertex 0.0545397 -0.0955796 -0.00537109
      vertex 0.053751 -0.0955796 -0.0106916
      vertex 0.0614853 -0.0934033 -0.00605583
    endloop
  endfacet
  facet normal 0.170925 -0.97994 -0.102476
    outer loop
      vertex 0.0346899 -0.0991034 -0.0185423
      vertex 0.0327053 -0.0991034 -0.0218525
      vertex 0.0393257 -0.097486 -0.0262766
    endloop
  endfacet
  facet normal 0.180167 -0.979937 0.0852305
    outer loop
      vertex 0.0417118 -0.097486 0.022295
      vertex 0.0363407 -0.0991034 0.0150528
      vertex 0.0436964 -0.097486 0.0180998
    endloop
  endfacet
  facet normal 0.34498 -0.934622 -0.0864336
    outer loop
      vertex 0.0668573 -0.0909772 -0.013298
      vertex 0.059123 -0.0934033 -0.0179338
      vertex 0.0652313 -0.0909772 -0.0197878
    endloop
  endfacet
  facet normal 0.23938 -0.954556 -0.177538
    outer loop
      vertex 0.0513706 -0.0934033 -0.0343246
      vertex 0.0423641 -0.0955796 -0.0347672
      vertex 0.0477591 -0.0934033 -0.0391941
    endloop
  endfacet
  facet normal 0.216202 -0.907252 -0.360764
    outer loop
      vertex 0.0378714 -0.0909772 -0.0566788
      vertex 0.0321331 -0.0909772 -0.0601177
      vertex 0.0410538 -0.088325 -0.0614414
    endloop
  endfacet
  facet normal 0.0377645 -0.987817 -0.150969
    outer loop
      vertex 0.00899696 -0.100416 -0.0296593
      vertex 0.0060463 -0.100416 -0.0303974
      vertex 0.00767326 -0.0991034 -0.038579
    endloop
  endfacet
  facet normal 0.269384 -0.954561 -0.127456
    outer loop
      vertex 0.0506325 -0.0955796 -0.0209723
      vertex 0.0483322 -0.0955796 -0.0258341
      vertex 0.0544872 -0.0934033 -0.0291243
    endloop
  endfacet
  facet normal 0.285628 -0.934634 -0.211838
    outer loop
      vertex 0.0513706 -0.0934033 -0.0343246
      vertex 0.0477591 -0.0934033 -0.0391941
      vertex 0.0566788 -0.0909772 -0.0378714
    endloop
  endfacet
  facet normal 0.197942 -0.969163 -0.146772
    outer loop
      vertex 0.0455675 -0.0955796 -0.030447
      vertex 0.0393257 -0.097486 -0.0262766
      vertex 0.0423641 -0.0955796 -0.0347672
    endloop
  endfacet
  facet normal 0.165494 -0.969166 -0.182561
    outer loop
      vertex 0.0334435 -0.097486 -0.0334435
      vertex 0.0300045 -0.097486 -0.036561
      vertex 0.0347672 -0.0955796 -0.0423641
    endloop
  endfacet
  facet normal 0.220769 -0.954566 -0.200162
    outer loop
      vertex 0.0423641 -0.0955796 -0.0347672
      vertex 0.0387516 -0.0955796 -0.0387516
      vertex 0.0436869 -0.0934033 -0.0436869
    endloop
  endfacet
  facet normal 0.0524643 -0.987817 0.14651
    outer loop
      vertex 0.0150528 -0.0991034 0.0363407
      vertex 0.00899696 -0.100416 0.0296593
      vertex 0.0118599 -0.100416 0.0286341
    endloop
  endfacet
  facet normal 0.0926942 -0.987814 0.125026
    outer loop
      vertex 0.0218525 -0.0991034 0.0327053
      vertex 0.0172186 -0.100416 0.0257702
      vertex 0.0249538 -0.0991034 0.030406
    endloop
  endfacet
  facet normal 0.465852 -0.86902 0.166689
    outer loop
      vertex 0.0755129 -0.0854726 0.0229063
      vertex 0.0682697 -0.088325 0.0282784
      vertex 0.070713 -0.088325 0.02145
    endloop
  endfacet
  facet normal 0.360774 -0.907248 0.216199
    outer loop
      vertex 0.0614414 -0.088325 0.0410538
      vertex 0.0601177 -0.0909772 0.0321331
      vertex 0.0651693 -0.088325 0.034833
    endloop
  endfacet
  facet normal 0.525081 -0.623389 0.579376
    outer loop
      vertex 0.0566149 -0.075994 0.068985
      vertex 0.0549517 -0.0792775 0.0669594
      vertex 0.0612507 -0.0792775 0.0612507
    endloop
  endfacet
  facet normal 0.424411 -0.869016 0.254334
    outer loop
      vertex 0.0695925 -0.0854726 0.0371981
      vertex 0.0614414 -0.088325 0.0410538
      vertex 0.0651693 -0.088325 0.034833
    endloop
  endfacet
  facet normal -0.147679 -0.979938 0.133841
    outer loop
      vertex -0.0278139 -0.0991034 0.0278139
      vertex -0.036561 -0.097486 0.0300045
      vertex -0.030406 -0.0991034 0.0249538
    endloop
  endfacet
  facet normal 0.0490241 -0.993404 0.103656
    outer loop
      vertex 0.0118599 -0.100416 0.0286341
      vertex 0.0105371 -0.101412 0.0197144
      vertex 0.0146103 -0.100416 0.0273333
    endloop
  endfacet
  facet normal 0.0183064 -0.997152 0.0731687
    outer loop
      vertex 0.0043602 -0.101412 0.021924
      vertex 0.00263309 -0.102081 0.0132389
      vertex 0.00391769 -0.102081 0.0129175
    endloop
  endfacet
  facet normal 0.211366 -0.969165 0.126668
    outer loop
      vertex 0.0483322 -0.0955796 0.0258341
      vertex 0.0393257 -0.097486 0.0262766
      vertex 0.0417118 -0.097486 0.022295
    endloop
  endfacet
  facet normal -0.0228332 -0.987817 0.153936
    outer loop
      vertex -0.00385475 -0.0991034 0.0391455
      vertex -0.0060463 -0.100416 0.0303974
      vertex -0.00303745 -0.100416 0.0308437
    endloop
  endfacet
  facet normal 0.153198 -0.954561 0.255623
    outer loop
      vertex 0.0291243 -0.0934033 0.0544872
      vertex 0.0258341 -0.0955796 0.0483322
      vertex 0.0343246 -0.0934033 0.0513706
    endloop
  endfacet
  facet normal -0.656605 -0.463402 -0.595088
    outer loop
      vertex -0.068985 -0.075994 -0.0566149
      vertex -0.0703468 -0.0726304 -0.0577316
      vertex -0.0643492 -0.0726304 -0.0643492
    endloop
  endfacet
  facet normal -0.543233 -0.736598 -0.40289
    outer loop
      vertex -0.06915 -0.0824466 -0.0462046
      vertex -0.0720234 -0.0792775 -0.0481243
      vertex -0.0642881 -0.0824466 -0.0527601
    endloop
  endfacet
  facet normal -0.211865 -0.934628 -0.28563
    outer loop
      vertex -0.0391941 -0.0934033 -0.0477591
      vertex -0.0432444 -0.0909772 -0.0526934
      vertex -0.0378714 -0.0909772 -0.0566788
    endloop
  endfacet
  facet normal -0.311674 -0.90725 -0.282413
    outer loop
      vertex -0.0526934 -0.0909772 -0.0432444
      vertex -0.0571213 -0.088325 -0.0468779
      vertex -0.0482016 -0.0909772 -0.0482016
    endloop
  endfacet
  facet normal -0.0724047 -0.954557 -0.289098
    outer loop
      vertex -0.0159082 -0.0955796 -0.0524445
      vertex -0.0179338 -0.0934033 -0.059123
      vertex -0.0106916 -0.0955796 -0.053751
    endloop
  endfacet
  facet normal -0.182803 -0.934632 -0.305034
    outer loop
      vertex -0.0291243 -0.0934033 -0.0544872
      vertex -0.0378714 -0.0909772 -0.0566788
      vertex -0.0321331 -0.0909772 -0.0601177
    endloop
  endfacet
  facet normal -0.0206332 -0.907243 -0.420101
    outer loop
      vertex -0.00668144 -0.0909772 -0.0678387
      vertex -0.0072422 -0.088325 -0.0735388
      vertex 0 -0.088325 -0.0738945
    endloop
  endfacet
  facet normal -0.0521921 -0.934641 -0.35174
    outer loop
      vertex -0.0120525 -0.0934033 -0.0605955
      vertex -0.013298 -0.0909772 -0.0668573
      vertex -0.00605583 -0.0934033 -0.0614853
    endloop
  endfacet
  facet normal -0.497712 -0.250673 -0.830329
    outer loop
      vertex -0.050559 -0.0726304 -0.0756664
      vertex -0.0510502 -0.0692162 -0.0764027
      vertex -0.0428982 -0.0726304 -0.0802584
    endloop
  endfacet
  facet normal -0.465813 0.623385 -0.62802
    outer loop
      vertex -0.0495806 -0.0590062 -0.0742025
      vertex -0.0549517 -0.0557227 -0.0669594
      vertex -0.0481243 -0.0557227 -0.0720234
    endloop
  endfacet
  facet normal 0.336832 0 -0.941565
    outer loop
      vertex 0.0266733 -0.0692162 -0.0879316
      vertex 0.0351639 -0.0657849 -0.0848942
      vertex 0.0351639 -0.0692162 -0.0848942
    endloop
  endfacet
  facet normal 0.336832 0 -0.941565
    outer loop
      vertex 0.0351639 -0.0657849 -0.0848942
      vertex 0.0266733 -0.0692162 -0.0879316
      vertex 0.0266733 -0.0657849 -0.0879316
    endloop
  endfacet
  facet normal 0.130057 -0.46355 -0.876474
    outer loop
      vertex 0.0174103 -0.075994 -0.0875273
      vertex 0.0087471 -0.075994 -0.0888128
      vertex 0.0177536 -0.0726304 -0.0892553
    endloop
  endfacet
  facet normal 0.402952 0.736503 -0.543317
    outer loop
      vertex 0.0481243 -0.0557227 -0.0720234
      vertex 0.0462046 -0.0525527 -0.06915
      vertex 0.0527601 -0.0525527 -0.0642881
    endloop
  endfacet
  facet normal 0.760141 0.463226 -0.45564
    outer loop
      vertex 0.0756664 -0.0623708 -0.050559
      vertex 0.0742025 -0.0590062 -0.0495806
      vertex 0.0802584 -0.0623708 -0.0428982
    endloop
  endfacet
  facet normal 0.190006 -0.623394 -0.75847
    outer loop
      vertex 0.0251446 -0.0792775 -0.0828915
      vertex 0.0168991 -0.0792775 -0.0849571
      vertex 0.0259056 -0.075994 -0.0853996
    endloop
  endfacet
  facet normal 0.166689 -0.86902 -0.465852
    outer loop
      vertex 0.0282784 -0.088325 -0.0682697
      vertex 0.02145 -0.088325 -0.070713
      vertex 0.0229063 -0.0854726 -0.0755129
    endloop
  endfacet
  facet normal 0.0474477 -0.250636 -0.966918
    outer loop
      vertex 0.00891972 -0.0726304 -0.0905657
      vertex 0 -0.0726304 -0.0910034
      vertex 0 -0.0692162 -0.0918884
    endloop
  endfacet
  facet normal 0.0434304 -0.463463 -0.885051
    outer loop
      vertex 0.0087471 -0.075994 -0.0888128
      vertex 0 -0.0726304 -0.0910034
      vertex 0.00891972 -0.0726304 -0.0905657
    endloop
  endfacet
  facet normal 0.773445 0.623395 0.114727
    outer loop
      vertex 0.0862045 -0.0557227 0.00848961
      vertex 0.0849571 -0.0557227 0.0168991
      vertex 0.0888128 -0.0590062 0.0087471
    endloop
  endfacet
  facet normal 0.545893 0.814755 0.195385
    outer loop
      vertex 0.0768356 -0.0525527 0.031826
      vertex 0.073566 -0.0495276 0.0283464
      vertex 0.0729036 -0.0495276 0.0301971
    endloop
  endfacet
  facet normal 0.545904 0.814751 0.195372
    outer loop
      vertex 0.0768356 -0.0525527 0.031826
      vertex 0.074054 -0.0496002 0.0272856
      vertex 0.073566 -0.0495276 0.0283464
    endloop
  endfacet
  facet normal 0.546053 0.814683 0.195236
    outer loop
      vertex 0.0768356 -0.0525527 0.031826
      vertex 0.0741847 -0.0496196 0.027001
      vertex 0.074054 -0.0496002 0.0272856
    endloop
  endfacet
  facet normal 0.545859 0.814775 0.195399
    outer loop
      vertex 0.0768356 -0.0525527 0.031826
      vertex 0.0747012 -0.0495276 0.0251745
      vertex 0.0741847 -0.0496196 0.027001
    endloop
  endfacet
  facet normal 0.545921 0.814741 0.195364
    outer loop
      vertex 0.0747012 -0.0495276 0.0251745
      vertex 0.0768356 -0.0525527 0.031826
      vertex 0.0755129 -0.0495276 0.0229063
    endloop
  endfacet
  facet normal 0.675731 0.736402 -0.0331752
    outer loop
      vertex 0.0862045 -0.0557227 -0.00848961
      vertex 0.0827665 -0.0525527 -0.00815105
      vertex 0.0866213 -0.0557227 0
    endloop
  endfacet
  facet normal 0.24788 0.814755 0.524146
    outer loop
      vertex 0.0392046 -0.0525527 0.0733461
      vertex 0.0301971 -0.0495276 0.0729036
      vertex 0.031826 -0.0525527 0.0768356
    endloop
  endfacet
  facet normal 0.579376 0.623389 0.525081
    outer loop
      vertex 0.0669594 -0.0557227 0.0549517
      vertex 0.0612507 -0.0557227 0.0612507
      vertex 0.068985 -0.0590062 0.0566149
    endloop
  endfacet
  facet normal 0.424429 0.869004 0.254347
    outer loop
      vertex 0.0693896 -0.0494566 0.0372941
      vertex 0.0688047 -0.0495276 0.0385127
      vertex 0.0695925 -0.0495276 0.0371981
    endloop
  endfacet
  facet normal 0.424533 0.868929 0.25443
    outer loop
      vertex 0.0670845 -0.0495276 0.0413831
      vertex 0.0655114 -0.0494589 0.0437733
      vertex 0.0656118 -0.0495276 0.0438404
    endloop
  endfacet
  facet normal 0.347783 0.736506 0.580178
    outer loop
      vertex 0.0462046 -0.0525527 0.06915
      vertex 0.0392046 -0.0525527 0.0733461
      vertex 0.0481243 -0.0557227 0.0720234
    endloop
  endfacet
  facet normal 0.670684 0.623382 0.401968
    outer loop
      vertex 0.0787048 -0.0590062 0.0420685
      vertex 0.0720234 -0.0557227 0.0481243
      vertex 0.0742025 -0.0590062 0.0495806
    endloop
  endfacet
  facet normal 0.215376 0.463284 0.85964
    outer loop
      vertex 0.0259056 -0.0590062 0.0853996
      vertex 0.0177536 -0.0623708 0.0892553
      vertex 0.0264168 -0.0623708 0.0870848
    endloop
  endfacet
  facet normal 0.454278 0.736463 0.501252
    outer loop
      vertex 0.0612507 -0.0557227 0.0612507
      vertex 0.0527601 -0.0525527 0.0642881
      vertex 0.0549517 -0.0557227 0.0669594
    endloop
  endfacet
  facet normal 0.211544 0.869003 0.447306
    outer loop
      vertex 0.0319758 -0.0495276 0.0720624
      vertex 0.0301403 -0.0494431 0.0727663
      vertex 0.0301971 -0.0495276 0.0729036
    endloop
  endfacet
  facet normal 0.211587 0.868966 0.447358
    outer loop
      vertex 0.0369661 -0.0494534 0.0695581
      vertex 0.0350227 -0.0495276 0.0706214
      vertex 0.0371981 -0.0495276 0.0695925
    endloop
  endfacet
  facet normal -0.038322 0.623351 0.781002
    outer loop
      vertex 0 -0.0557227 0.0866213
      vertex -0.0087471 -0.0590062 0.0888128
      vertex 0 -0.0590062 0.089242
    endloop
  endfacet
  facet normal 0.0475074 0.2505 0.96695
    outer loop
      vertex 0.00891972 -0.0623708 0.0905657
      vertex 0 -0.0657849 0.0918884
      vertex 0.0090065 -0.0657849 0.0914459
    endloop
  endfacet
  facet normal 0.142009 0.250503 0.957644
    outer loop
      vertex 0.0179262 -0.0657849 0.0901232
      vertex 0.00891972 -0.0623708 0.0905657
      vertex 0.0090065 -0.0657849 0.0914459
    endloop
  endfacet
  facet normal 0.595717 0 0.803194
    outer loop
      vertex 0.0510502 -0.0657849 0.0764027
      vertex 0.0582933 -0.0692162 0.0710306
      vertex 0.0582933 -0.0657849 0.0710306
    endloop
  endfacet
  facet normal 0.595717 0 0.803194
    outer loop
      vertex 0.0582933 -0.0692162 0.0710306
      vertex 0.0510502 -0.0657849 0.0764027
      vertex 0.0510502 -0.0692162 0.0764027
    endloop
  endfacet
  facet normal 0.164395 -0.73656 0.65609
    outer loop
      vertex 0.0251446 -0.0792775 0.0828915
      vertex 0.0162249 -0.0824466 0.0815687
      vertex 0.0241413 -0.0824466 0.0795851
    endloop
  endfacet
  facet normal 0.576684 0.250662 0.777563
    outer loop
      vertex 0.0577316 -0.0623708 0.0703468
      vertex 0.050559 -0.0623708 0.0756664
      vertex 0.0510502 -0.0657849 0.0764027
    endloop
  endfacet
  facet normal 0.289209 0.736465 0.611537
    outer loop
      vertex 0.0392046 -0.0525527 0.0733461
      vertex 0.031826 -0.0525527 0.0768356
      vertex 0.0331488 -0.0557227 0.0800276
    endloop
  endfacet
  facet normal 0.038322 0.623351 0.781002
    outer loop
      vertex 0 -0.0557227 0.0866213
      vertex 0 -0.0590062 0.089242
      vertex 0.0087471 -0.0590062 0.0888128
    endloop
  endfacet
  facet normal 0.14205 0.250615 0.957608
    outer loop
      vertex 0.0177536 -0.0623708 0.0892553
      vertex 0.00891972 -0.0623708 0.0905657
      vertex 0.0179262 -0.0657849 0.0901232
    endloop
  endfacet
  facet normal 0.493258 0.869558 0.0237801
    outer loop
      vertex 0.0788766 -0.0495082 0
      vertex 0.0788746 -0.0495084 4.87982e-05
      vertex 0.0789108 -0.0495276 0
    endloop
  endfacet
  facet normal 0.780974 -0.623386 -0.0383422
    outer loop
      vertex 0.0866213 -0.0792775 0
      vertex 0.0862045 -0.0792775 -0.00848961
      vertex 0.0888128 -0.075994 -0.0087471
    endloop
  endfacet
  facet normal 0.736201 -0.623396 0.263412
    outer loop
      vertex 0.0853996 -0.075994 0.0259056
      vertex 0.0800276 -0.0792775 0.0331488
      vertex 0.0828915 -0.0792775 0.0251446
    endloop
  endfacet
  facet normal 0.876525 -0.463463 0.130022
    outer loop
      vertex 0.0892553 -0.0726304 0.0177536
      vertex 0.0888128 -0.075994 0.0087471
      vertex 0.0905657 -0.0726304 0.00891972
    endloop
  endfacet
  facet normal 0.885048 -0.463469 -0.0434273
    outer loop
      vertex 0.089242 -0.075994 0
      vertex 0.0888128 -0.075994 -0.0087471
      vertex 0.0910034 -0.0726304 0
    endloop
  endfacet
  facet normal 0.834298 0.463483 0.298548
    outer loop
      vertex 0.0853996 -0.0590062 0.0259056
      vertex 0.082449 -0.0590062 0.0341511
      vertex 0.0840769 -0.0623708 0.0348253
    endloop
  endfacet
  facet normal 0.760092 -0.463334 0.455611
    outer loop
      vertex 0.0756664 -0.0726304 0.050559
      vertex 0.0742025 -0.075994 0.0495806
      vertex 0.0802584 -0.0726304 0.0428982
    endloop
  endfacet
  facet normal 0.706892 -0.623338 0.334295
    outer loop
      vertex 0.082449 -0.075994 0.0341511
      vertex 0.0787048 -0.075994 0.0420685
      vertex 0.0800276 -0.0792775 0.0331488
    endloop
  endfacet
  facet normal 0.91153 -0.250577 0.326074
    outer loop
      vertex 0.0879316 -0.0692162 0.0266733
      vertex 0.0840769 -0.0726304 0.0348253
      vertex 0.0870848 -0.0726304 0.0264168
    endloop
  endfacet
  facet normal 0.47948 0.869288 0.120157
    outer loop
      vertex 0.0772769 -0.0494595 0.0153708
      vertex 0.0772439 -0.0494634 0.0155307
      vertex 0.0773945 -0.0495276 0.0153942
    endloop
  endfacet
  facet normal 0.39668 0.869371 0.294685
    outer loop
      vertex 0.0610061 -0.0494816 0.0499149
      vertex 0.0609341 -0.04948 0.0500071
      vertex 0.0609989 -0.0495276 0.0500603
    endloop
  endfacet
  facet normal 0.50124 0.736472 0.454277
    outer loop
      vertex 0.0642881 -0.0525527 0.0527601
      vertex 0.0588074 -0.0525527 0.0588074
      vertex 0.0612507 -0.0557227 0.0612507
    endloop
  endfacet
  facet normal 0.580325 0.736397 0.347767
    outer loop
      vertex 0.0733461 -0.0525527 0.0392046
      vertex 0.0720234 -0.0557227 0.0481243
      vertex 0.0763931 -0.0557227 0.0408325
    endloop
  endfacet
  facet normal 0.62802 0.623385 0.465813
    outer loop
      vertex 0.0720234 -0.0557227 0.0481243
      vertex 0.0669594 -0.0557227 0.0549517
      vertex 0.0742025 -0.0590062 0.0495806
    endloop
  endfacet
  facet normal 0.263412 0.623396 -0.736201
    outer loop
      vertex 0.0259056 -0.0590062 -0.0853996
      vertex 0.0251446 -0.0557227 -0.0828915
      vertex 0.0331488 -0.0557227 -0.0800276
    endloop
  endfacet
  facet normal 0.114775 0.623329 -0.773491
    outer loop
      vertex 0.0174103 -0.0590062 -0.0875273
      vertex 0.0087471 -0.0590062 -0.0888128
      vertex 0.0168991 -0.0557227 -0.0849571
    endloop
  endfacet
  facet normal 0.378916 0.46334 -0.801086
    outer loop
      vertex 0.0428982 -0.0623708 -0.0802584
      vertex 0.0348253 -0.0623708 -0.0840769
      vertex 0.0420685 -0.0590062 -0.0787048
    endloop
  endfacet
  facet normal 0.401968 0.623382 -0.670684
    outer loop
      vertex 0.0495806 -0.0590062 -0.0742025
      vertex 0.0420685 -0.0590062 -0.0787048
      vertex 0.0481243 -0.0557227 -0.0720234
    endloop
  endfacet
  facet normal -0.164397 0.736421 -0.656245
    outer loop
      vertex -0.0168991 -0.0557227 -0.0849571
      vertex -0.0251446 -0.0557227 -0.0828915
      vertex -0.0162249 -0.0525527 -0.0815687
    endloop
  endfacet
  facet normal 0.25443 0.868929 -0.424533
    outer loop
      vertex 0.0438404 -0.0495276 -0.0656118
      vertex 0.0413831 -0.0495276 -0.0670845
      vertex 0.0437733 -0.0494589 -0.0655114
    endloop
  endfacet
  facet normal 0.254347 0.869004 -0.424429
    outer loop
      vertex 0.0385127 -0.0495276 -0.0688047
      vertex 0.0371981 -0.0495276 -0.0695925
      vertex 0.0372941 -0.0494566 -0.0693896
    endloop
  endfacet
  facet normal 0.0992795 0.73642 -0.6692
    outer loop
      vertex 0.0168991 -0.0557227 -0.0849571
      vertex 0.00815105 -0.0525527 -0.0827665
      vertex 0.0162249 -0.0525527 -0.0815687
    endloop
  endfacet
  facet normal 0.562428 0.814756 -0.140881
    outer loop
      vertex 0.0815687 -0.0525527 -0.0162249
      vertex 0.0767013 -0.0495276 -0.0181616
      vertex 0.0773945 -0.0495276 -0.0153942
    endloop
  endfacet
  facet normal 0.562423 0.814764 -0.140856
    outer loop
      vertex 0.0815687 -0.0525527 -0.0162249
      vertex 0.0763101 -0.0495968 -0.0201239
      vertex 0.0767013 -0.0495276 -0.0181616
    endloop
  endfacet
  facet normal 0.562546 0.814632 -0.141122
    outer loop
      vertex 0.0815687 -0.0525527 -0.0162249
      vertex 0.0762488 -0.0496076 -0.0204306
      vertex 0.0763101 -0.0495968 -0.0201239
    endloop
  endfacet
  facet normal 0.56243 0.814753 -0.140889
    outer loop
      vertex 0.0815687 -0.0525527 -0.0162249
      vertex 0.0761406 -0.0495838 -0.0207249
      vertex 0.0762488 -0.0496076 -0.0204306
    endloop
  endfacet
  facet normal 0.562352 0.814832 -0.140744
    outer loop
      vertex 0.0815687 -0.0525527 -0.0162249
      vertex 0.0758856 -0.0495276 -0.0214184
      vertex 0.0761406 -0.0495838 -0.0207249
    endloop
  endfacet
  facet normal 0.562435 0.81475 -0.140883
    outer loop
      vertex 0.0758856 -0.0495276 -0.0214184
      vertex 0.0815687 -0.0525527 -0.0162249
      vertex 0.0755129 -0.0495276 -0.0229063
    endloop
  endfacet
  facet normal 0.545976 0.814709 -0.195344
    outer loop
      vertex 0.0768356 -0.0525527 -0.031826
      vertex 0.0755129 -0.0495276 -0.0229063
      vertex 0.0795851 -0.0525527 -0.0241413
    endloop
  endfacet
  facet normal 0.524146 0.814755 -0.24788
    outer loop
      vertex 0.0733461 -0.0525527 -0.0392046
      vertex 0.0729036 -0.0495276 -0.0301971
      vertex 0.0768356 -0.0525527 -0.031826
    endloop
  endfacet
  facet normal 0.334319 0.623448 -0.706784
    outer loop
      vertex 0.0420685 -0.0590062 -0.0787048
      vertex 0.0331488 -0.0557227 -0.0800276
      vertex 0.0408325 -0.0557227 -0.0763931
    endloop
  endfacet
  facet normal 0.289284 0.736403 -0.611576
    outer loop
      vertex 0.0408325 -0.0557227 -0.0763931
      vertex 0.0331488 -0.0557227 -0.0800276
      vertex 0.0392046 -0.0525527 -0.0733461
    endloop
  endfacet
  facet normal 0.424533 0.868929 -0.25443
    outer loop
      vertex 0.0656118 -0.0495276 -0.0438404
      vertex 0.0655114 -0.0494589 -0.0437733
      vertex 0.0670845 -0.0495276 -0.0413831
    endloop
  endfacet
  facet normal 0.424429 0.869004 -0.254347
    outer loop
      vertex 0.0695925 -0.0495276 -0.0371981
      vertex 0.0688047 -0.0495276 -0.0385127
      vertex 0.0693896 -0.0494566 -0.0372941
    endloop
  endfacet
  facet normal 0.429778 0.814541 -0.389634
    outer loop
      vertex 0.0609989 -0.0495276 -0.0500603
      vertex 0.0604425 -0.0495483 -0.0507173
      vertex 0.0605534 -0.0495276 -0.0505517
    endloop
  endfacet
  facet normal 0.429537 0.814781 -0.389396
    outer loop
      vertex 0.0588074 -0.0525527 -0.0588074
      vertex 0.0584118 -0.0495276 -0.052914
      vertex 0.06023 -0.0495463 -0.0509475
    endloop
  endfacet
  facet normal 0.4295 0.8148 -0.389397
    outer loop
      vertex 0.0588074 -0.0525527 -0.0588074
      vertex 0.06023 -0.0495463 -0.0509475
      vertex 0.0604425 -0.0495483 -0.0507173
    endloop
  endfacet
  facet normal 0.429528 0.814785 -0.389399
    outer loop
      vertex 0.0584118 -0.0495276 -0.052914
      vertex 0.0588074 -0.0525527 -0.0588074
      vertex 0.0557976 -0.0495276 -0.0557976
    endloop
  endfacet
  facet normal 0.429488 0.814806 -0.389397
    outer loop
      vertex 0.0588074 -0.0525527 -0.0588074
      vertex 0.0604425 -0.0495483 -0.0507173
      vertex 0.0609989 -0.0495276 -0.0500603
    endloop
  endfacet
  facet normal 0.454278 0.736463 -0.501252
    outer loop
      vertex 0.0549517 -0.0557227 -0.0669594
      vertex 0.0527601 -0.0525527 -0.0642881
      vertex 0.0612507 -0.0557227 -0.0612507
    endloop
  endfacet
  facet normal 0.465818 -0.62338 -0.628022
    outer loop
      vertex 0.0549517 -0.0792775 -0.0669594
      vertex 0.0495806 -0.075994 -0.0742025
      vertex 0.0566149 -0.075994 -0.068985
    endloop
  endfacet
  facet normal 0.479928 -0.869037 -0.120181
    outer loop
      vertex 0.0724745 -0.088325 -0.0144157
      vertex 0.070713 -0.088325 -0.02145
      vertex 0.0773945 -0.0854726 -0.0153942
    endloop
  endfacet
  facet normal 0.501175 -0.736559 -0.454208
    outer loop
      vertex 0.0642881 -0.0824466 -0.0527601
      vertex 0.0612507 -0.0792775 -0.0612507
      vertex 0.0669594 -0.0792775 -0.0549517
    endloop
  endfacet
  facet normal 0.885048 -0.463469 0.0434273
    outer loop
      vertex 0.0910034 -0.0726304 0
      vertex 0.0888128 -0.075994 0.0087471
      vertex 0.089242 -0.075994 0
    endloop
  endfacet
  facet normal 0.408026 -0.907235 0.102176
    outer loop
      vertex 0.070713 -0.088325 0.02145
      vertex 0.0668573 -0.0909772 0.013298
      vertex 0.0724745 -0.088325 0.0144157
    endloop
  endfacet
  facet normal 0.903985 0 -0.427563
    outer loop
      vertex 0.0848942 -0.0692162 -0.0351639
      vertex 0.0810385 -0.0657849 -0.0433159
      vertex 0.0848942 -0.0657849 -0.0351639
    endloop
  endfacet
  facet normal 0.903985 0 -0.427563
    outer loop
      vertex 0.0810385 -0.0657849 -0.0433159
      vertex 0.0848942 -0.0692162 -0.0351639
      vertex 0.0810385 -0.0692162 -0.0433159
    endloop
  endfacet
  facet normal 0.378798 -0.463589 -0.800997
    outer loop
      vertex 0.0420685 -0.075994 -0.0787048
      vertex 0.0341511 -0.075994 -0.082449
      vertex 0.0348253 -0.0726304 -0.0840769
    endloop
  endfacet
  facet normal 0.215274 -0.463541 -0.859527
    outer loop
      vertex 0.0259056 -0.075994 -0.0853996
      vertex 0.0174103 -0.075994 -0.0875273
      vertex 0.0177536 -0.0726304 -0.0892553
    endloop
  endfacet
  facet normal 0.740949 0 -0.671561
    outer loop
      vertex 0.0710306 -0.0692162 -0.0582933
      vertex 0.0649748 -0.0657849 -0.0649748
      vertex 0.0710306 -0.0657849 -0.0582933
    endloop
  endfacet
  facet normal 0.740949 0 -0.671561
    outer loop
      vertex 0.0649748 -0.0657849 -0.0649748
      vertex 0.0710306 -0.0692162 -0.0582933
      vertex 0.0649748 -0.0692162 -0.0649748
    endloop
  endfacet
  facet normal 0.595717 0 -0.803194
    outer loop
      vertex 0.0510502 -0.0692162 -0.0764027
      vertex 0.0582933 -0.0657849 -0.0710306
      vertex 0.0582933 -0.0692162 -0.0710306
    endloop
  endfacet
  facet normal 0.595717 0 -0.803194
    outer loop
      vertex 0.0582933 -0.0657849 -0.0710306
      vertex 0.0510502 -0.0692162 -0.0764027
      vertex 0.0510502 -0.0657849 -0.0764027
    endloop
  endfacet
  facet normal 0.579376 -0.623389 -0.525081
    outer loop
      vertex 0.0669594 -0.0792775 -0.0549517
      vertex 0.0612507 -0.0792775 -0.0612507
      vertex 0.068985 -0.075994 -0.0566149
    endloop
  endfacet
  facet normal 0.408026 -0.907235 -0.102176
    outer loop
      vertex 0.0724745 -0.088325 -0.0144157
      vertex 0.0668573 -0.0909772 -0.013298
      vertex 0.070713 -0.088325 -0.02145
    endloop
  endfacet
  facet normal 0.611443 -0.73656 -0.289165
    outer loop
      vertex 0.0768356 -0.0824466 -0.031826
      vertex 0.0733461 -0.0824466 -0.0392046
      vertex 0.0800276 -0.0792775 -0.0331488
    endloop
  endfacet
  facet normal 0.760072 -0.463435 -0.455541
    outer loop
      vertex 0.0787048 -0.075994 -0.0420685
      vertex 0.0742025 -0.075994 -0.0495806
      vertex 0.0802584 -0.0726304 -0.0428982
    endloop
  endfacet
  facet normal 0.211366 -0.969163 -0.12668
    outer loop
      vertex 0.0483322 -0.0955796 -0.0258341
      vertex 0.0393257 -0.097486 -0.0262766
      vertex 0.0455675 -0.0955796 -0.030447
    endloop
  endfacet
  facet normal 0.305026 -0.934634 -0.182806
    outer loop
      vertex 0.0544872 -0.0934033 -0.0291243
      vertex 0.0513706 -0.0934033 -0.0343246
      vertex 0.0566788 -0.0909772 -0.0378714
    endloop
  endfacet
  facet normal 0.830327 0.25068 -0.497711
    outer loop
      vertex 0.0764027 -0.0657849 -0.0510502
      vertex 0.0756664 -0.0623708 -0.050559
      vertex 0.0802584 -0.0623708 -0.0428982
    endloop
  endfacet
  facet normal 0.773445 0.623395 -0.114727
    outer loop
      vertex 0.0888128 -0.0590062 -0.0087471
      vertex 0.0849571 -0.0557227 -0.0168991
      vertex 0.0862045 -0.0557227 -0.00848961
    endloop
  endfacet
  facet normal 0.57353 0.814754 0.0850864
    outer loop
      vertex 0.0827665 -0.0525527 0.00815105
      vertex 0.0773945 -0.0495276 0.0153942
      vertex 0.0815687 -0.0525527 0.0162249
    endloop
  endfacet
  facet normal 0.736201 0.623396 -0.263412
    outer loop
      vertex 0.0853996 -0.0590062 -0.0259056
      vertex 0.0800276 -0.0557227 -0.0331488
      vertex 0.0828915 -0.0557227 -0.0251446
    endloop
  endfacet
  facet normal 0.758532 0.623328 -0.189979
    outer loop
      vertex 0.0853996 -0.0590062 -0.0259056
      vertex 0.0849571 -0.0557227 -0.0168991
      vertex 0.0875273 -0.0590062 -0.0174103
    endloop
  endfacet
  facet normal 0.859582 0.463433 0.215288
    outer loop
      vertex 0.0875273 -0.0590062 0.0174103
      vertex 0.0853996 -0.0590062 0.0259056
      vertex 0.0892553 -0.0623708 0.0177536
    endloop
  endfacet
  facet normal -0.670658 0.623453 -0.4019
    outer loop
      vertex -0.0720234 -0.0557227 -0.0481243
      vertex -0.0787048 -0.0590062 -0.0420685
      vertex -0.0763931 -0.0557227 -0.0408325
    endloop
  endfacet
  facet normal -0.830329 -0.250673 -0.497712
    outer loop
      vertex -0.0756664 -0.0726304 -0.050559
      vertex -0.0802584 -0.0726304 -0.0428982
      vertex -0.0764027 -0.0692162 -0.0510502
    endloop
  endfacet
  facet normal -0.857727 0 -0.514106
    outer loop
      vertex -0.0764027 -0.0692162 -0.0510502
      vertex -0.0810385 -0.0657849 -0.0433159
      vertex -0.0764027 -0.0657849 -0.0510502
    endloop
  endfacet
  facet normal -0.857727 -0 -0.514106
    outer loop
      vertex -0.0810385 -0.0657849 -0.0433159
      vertex -0.0764027 -0.0692162 -0.0510502
      vertex -0.0810385 -0.0692162 -0.0433159
    endloop
  endfacet
  facet normal -0.875151 0.250554 -0.413925
    outer loop
      vertex -0.0810385 -0.0657849 -0.0433159
      vertex -0.0848942 -0.0657849 -0.0351639
      vertex -0.0840769 -0.0623708 -0.0348253
    endloop
  endfacet
  facet normal -0.93906 0.250614 -0.235283
    outer loop
      vertex -0.0879316 -0.0657849 -0.0266733
      vertex -0.0901232 -0.0657849 -0.0179262
      vertex -0.0892553 -0.0623708 -0.0177536
    endloop
  endfacet
  facet normal -0.736201 0.623396 -0.263412
    outer loop
      vertex -0.0800276 -0.0557227 -0.0331488
      vertex -0.0853996 -0.0590062 -0.0259056
      vertex -0.0828915 -0.0557227 -0.0251446
    endloop
  endfacet
  facet normal -0.75847 0.623394 -0.190006
    outer loop
      vertex -0.0828915 -0.0557227 -0.0251446
      vertex -0.0853996 -0.0590062 -0.0259056
      vertex -0.0849571 -0.0557227 -0.0168991
    endloop
  endfacet
  facet normal -0.67567 0.736459 -0.0331243
    outer loop
      vertex -0.0827665 -0.0525527 -0.00815105
      vertex -0.0866213 -0.0557227 0
      vertex -0.0831661 -0.0525527 0
    endloop
  endfacet
  facet normal -0.669222 0.736402 -0.0992673
    outer loop
      vertex -0.0849571 -0.0557227 -0.0168991
      vertex -0.0862045 -0.0557227 -0.00848961
      vertex -0.0827665 -0.0525527 -0.00815105
    endloop
  endfacet
  facet normal -0.87653 0.463442 -0.130065
    outer loop
      vertex -0.0875273 -0.0590062 -0.0174103
      vertex -0.0892553 -0.0623708 -0.0177536
      vertex -0.0888128 -0.0590062 -0.0087471
    endloop
  endfacet
  facet normal -0.773491 0.623329 -0.114775
    outer loop
      vertex -0.0875273 -0.0590062 -0.0174103
      vertex -0.0888128 -0.0590062 -0.0087471
      vertex -0.0849571 -0.0557227 -0.0168991
    endloop
  endfacet
  facet normal -0.85964 0.463284 -0.215376
    outer loop
      vertex -0.0870848 -0.0623708 -0.0264168
      vertex -0.0892553 -0.0623708 -0.0177536
      vertex -0.0853996 -0.0590062 -0.0259056
    endloop
  endfacet
  facet normal -0.803194 0 -0.595717
    outer loop
      vertex -0.0710306 -0.0692162 -0.0582933
      vertex -0.0764027 -0.0657849 -0.0510502
      vertex -0.0710306 -0.0657849 -0.0582933
    endloop
  endfacet
  facet normal -0.803194 -0 -0.595717
    outer loop
      vertex -0.0764027 -0.0657849 -0.0510502
      vertex -0.0710306 -0.0692162 -0.0582933
      vertex -0.0764027 -0.0692162 -0.0510502
    endloop
  endfacet
  facet normal -0.760072 -0.463435 -0.455541
    outer loop
      vertex -0.0787048 -0.075994 -0.0420685
      vertex -0.0802584 -0.0726304 -0.0428982
      vertex -0.0742025 -0.075994 -0.0495806
    endloop
  endfacet
  facet normal -0.95761 -0.250609 -0.14205
    outer loop
      vertex -0.0892553 -0.0726304 -0.0177536
      vertex -0.0905657 -0.0726304 -0.00891972
      vertex -0.0901232 -0.0692162 -0.0179262
    endloop
  endfacet
  facet normal -0.351761 -0.934635 -0.0521748
    outer loop
      vertex -0.0614853 -0.0934033 -0.00605583
      vertex -0.0678387 -0.0909772 -0.00668144
      vertex -0.0668573 -0.0909772 -0.013298
    endloop
  endfacet
  facet normal -0.736201 -0.623396 -0.263412
    outer loop
      vertex -0.0828915 -0.0792775 -0.0251446
      vertex -0.0853996 -0.075994 -0.0259056
      vertex -0.0800276 -0.0792775 -0.0331488
    endloop
  endfacet
  facet normal -0.970016 0 -0.243039
    outer loop
      vertex -0.0879316 -0.0692162 -0.0266733
      vertex -0.0901232 -0.0657849 -0.0179262
      vertex -0.0879316 -0.0657849 -0.0266733
    endloop
  endfacet
  facet normal -0.970016 -0 -0.243039
    outer loop
      vertex -0.0901232 -0.0657849 -0.0179262
      vertex -0.0879316 -0.0692162 -0.0266733
      vertex -0.0901232 -0.0692162 -0.0179262
    endloop
  endfacet
  facet normal -0.966952 -0.250493 -0.0475075
    outer loop
      vertex -0.0905657 -0.0726304 -0.00891972
      vertex -0.0918884 -0.0692162 0
      vertex -0.0914459 -0.0692162 -0.0090065
    endloop
  endfacet
  facet normal -0.562589 -0.81463 -0.140967
    outer loop
      vertex -0.0755129 -0.0854726 -0.0229063
      vertex -0.0815687 -0.0824466 -0.0162249
      vertex -0.0795851 -0.0824466 -0.0241413
    endloop
  endfacet
  facet normal -0.885048 -0.463469 0.0434273
    outer loop
      vertex -0.0888128 -0.075994 0.0087471
      vertex -0.0910034 -0.0726304 0
      vertex -0.089242 -0.075994 0
    endloop
  endfacet
  facet normal -0.670658 -0.623453 0.4019
    outer loop
      vertex -0.0720234 -0.0792775 0.0481243
      vertex -0.0787048 -0.075994 0.0420685
      vertex -0.0763931 -0.0792775 0.0408325
    endloop
  endfacet
  facet normal -0.736227 -0.623347 0.263454
    outer loop
      vertex -0.082449 -0.075994 0.0341511
      vertex -0.0853996 -0.075994 0.0259056
      vertex -0.0800276 -0.0792775 0.0331488
    endloop
  endfacet
  facet normal -0.546006 -0.814673 0.19541
    outer loop
      vertex -0.0729036 -0.0854726 0.0301971
      vertex -0.0768356 -0.0824466 0.031826
      vertex -0.0755129 -0.0854726 0.0229063
    endloop
  endfacet
  facet normal -0.239041 -0.969162 -0.059868
    outer loop
      vertex -0.0463886 -0.097486 -0.0092268
      vertex -0.053751 -0.0955796 -0.0106916
      vertex -0.0524445 -0.0955796 -0.0159082
    endloop
  endfacet
  facet normal -0.497417 -0.814686 -0.2981
    outer loop
      vertex -0.0695925 -0.0854726 -0.0371981
      vertex -0.0733461 -0.0824466 -0.0392046
      vertex -0.0656118 -0.0854726 -0.0438404
    endloop
  endfacet
  facet normal -0.345495 -0.81463 -0.465845
    outer loop
      vertex -0.0438404 -0.0854726 -0.0656118
      vertex -0.0527601 -0.0824466 -0.0642881
      vertex -0.0462046 -0.0824466 -0.06915
    endloop
  endfacet
  facet normal -0.454207 -0.736567 -0.501163
    outer loop
      vertex -0.0588074 -0.0824466 -0.0588074
      vertex -0.0612507 -0.0792775 -0.0612507
      vertex -0.0527601 -0.0824466 -0.0642881
    endloop
  endfacet
  facet normal -0.22274 -0.969167 -0.10537
    outer loop
      vertex -0.0436964 -0.097486 -0.0180998
      vertex -0.0506325 -0.0955796 -0.0209723
      vertex -0.0417118 -0.097486 -0.022295
    endloop
  endfacet
  facet normal -0.238789 -0.934629 -0.26353
    outer loop
      vertex -0.0391941 -0.0934033 -0.0477591
      vertex -0.0482016 -0.0909772 -0.0482016
      vertex -0.0432444 -0.0909772 -0.0526934
    endloop
  endfacet
  facet normal -0.305034 -0.934632 -0.182803
    outer loop
      vertex -0.0544872 -0.0934033 -0.0291243
      vertex -0.0601177 -0.0909772 -0.0321331
      vertex -0.0566788 -0.0909772 -0.0378714
    endloop
  endfacet
  facet normal -0.670658 -0.623453 -0.4019
    outer loop
      vertex -0.0763931 -0.0792775 -0.0408325
      vertex -0.0787048 -0.075994 -0.0420685
      vertex -0.0720234 -0.0792775 -0.0481243
    endloop
  endfacet
  facet normal -0.669119 -0.736498 0.0992521
    outer loop
      vertex -0.0849571 -0.0792775 0.0168991
      vertex -0.0862045 -0.0792775 0.00848961
      vertex -0.0827665 -0.0824466 0.00815105
    endloop
  endfacet
  facet normal -0.675566 -0.736555 0.0331192
    outer loop
      vertex -0.0827665 -0.0824466 0.00815105
      vertex -0.0866213 -0.0792775 0
      vertex -0.0831661 -0.0824466 0
    endloop
  endfacet
  facet normal -0.489389 -0.869037 -0.0726085
    outer loop
      vertex -0.0735388 -0.088325 -0.0072422
      vertex -0.0773945 -0.0854726 -0.0153942
      vertex -0.0724745 -0.088325 -0.0144157
    endloop
  endfacet
  facet normal -0.416073 -0.907233 -0.0617309
    outer loop
      vertex -0.0668573 -0.0909772 -0.013298
      vertex -0.0735388 -0.088325 -0.0072422
      vertex -0.0724745 -0.088325 -0.0144157
    endloop
  endfacet
  facet normal -0.26353 -0.934629 0.238789
    outer loop
      vertex -0.0482016 -0.0909772 0.0482016
      vertex -0.0526934 -0.0909772 0.0432444
      vertex -0.0477591 -0.0934033 0.0391941
    endloop
  endfacet
  facet normal -0.494156 -0.869034 0.0242704
    outer loop
      vertex -0.0735388 -0.088325 0.0072422
      vertex -0.0789108 -0.0854726 0
      vertex -0.0738945 -0.088325 0
    endloop
  endfacet
  facet normal -0.211865 -0.934628 0.28563
    outer loop
      vertex -0.0378714 -0.0909772 0.0566788
      vertex -0.0432444 -0.0909772 0.0526934
      vertex -0.0391941 -0.0934033 0.0477591
    endloop
  endfacet
  facet normal -0.280606 -0.954557 0.100407
    outer loop
      vertex -0.0570803 -0.0934033 0.0236425
      vertex -0.059123 -0.0934033 0.0179338
      vertex -0.0506325 -0.0955796 0.0209723
    endloop
  endfacet
  facet normal -0.115317 -0.987815 0.104512
    outer loop
      vertex -0.0278139 -0.0991034 0.0278139
      vertex -0.030406 -0.0991034 0.0249538
      vertex -0.0239582 -0.100416 0.0196619
    endloop
  endfacet
  facet normal -0.297655 -0.954561 -0.0146359
    outer loop
      vertex -0.0548038 -0.0955796 0
      vertex -0.0614853 -0.0934033 -0.00605583
      vertex -0.0545397 -0.0955796 -0.00537109
    endloop
  endfacet
  facet normal -0.334295 -0.623338 0.706892
    outer loop
      vertex -0.0341511 -0.075994 0.082449
      vertex -0.0420685 -0.075994 0.0787048
      vertex -0.0331488 -0.0792775 0.0800276
    endloop
  endfacet
  facet normal -0.465813 -0.623385 0.62802
    outer loop
      vertex -0.0495806 -0.075994 0.0742025
      vertex -0.0549517 -0.0792775 0.0669594
      vertex -0.0481243 -0.0792775 0.0720234
    endloop
  endfacet
  facet normal -0.401968 -0.623382 0.670684
    outer loop
      vertex -0.0420685 -0.075994 0.0787048
      vertex -0.0495806 -0.075994 0.0742025
      vertex -0.0481243 -0.0792775 0.0720234
    endloop
  endfacet
  facet normal -0.211556 -0.868996 0.447315
    outer loop
      vertex -0.0301971 -0.0854726 0.0729036
      vertex -0.0371981 -0.0854726 0.0695925
      vertex -0.0282784 -0.088325 0.0682697
    endloop
  endfacet
  facet normal -0.235277 -0.250586 0.939069
    outer loop
      vertex -0.0177536 -0.0726304 0.0892553
      vertex -0.0266733 -0.0692162 0.0879316
      vertex -0.0264168 -0.0726304 0.0870848
    endloop
  endfacet
  facet normal -0.413925 0.250554 0.875151
    outer loop
      vertex -0.0348253 -0.0623708 0.0840769
      vertex -0.0433159 -0.0657849 0.0810385
      vertex -0.0351639 -0.0657849 0.0848942
    endloop
  endfacet
  facet normal -0.527934 0.463229 0.711832
    outer loop
      vertex -0.0495806 -0.0590062 0.0742025
      vertex -0.0577316 -0.0623708 0.0703468
      vertex -0.050559 -0.0623708 0.0756664
    endloop
  endfacet
  facet normal -0.5279 -0.463337 0.711786
    outer loop
      vertex -0.050559 -0.0726304 0.0756664
      vertex -0.0577316 -0.0726304 0.0703468
      vertex -0.0495806 -0.075994 0.0742025
    endloop
  endfacet
  facet normal -0.576685 -0.250656 0.777564
    outer loop
      vertex -0.0510502 -0.0692162 0.0764027
      vertex -0.0577316 -0.0726304 0.0703468
      vertex -0.050559 -0.0726304 0.0756664
    endloop
  endfacet
  facet normal -0.40289 -0.736598 0.543233
    outer loop
      vertex -0.0481243 -0.0792775 0.0720234
      vertex -0.0527601 -0.0824466 0.0642881
      vertex -0.0462046 -0.0824466 0.06915
    endloop
  endfacet
  facet normal -0.247934 -0.814684 0.524232
    outer loop
      vertex -0.0301971 -0.0854726 0.0729036
      vertex -0.0392046 -0.0824466 0.0733461
      vertex -0.0371981 -0.0854726 0.0695925
    endloop
  endfacet
  facet normal -0.525143 -0.623327 0.579387
    outer loop
      vertex -0.0566149 -0.075994 0.068985
      vertex -0.0631037 -0.075994 0.0631037
      vertex -0.0612507 -0.0792775 0.0612507
    endloop
  endfacet
  facet normal -0.525081 -0.623389 0.579376
    outer loop
      vertex -0.0566149 -0.075994 0.068985
      vertex -0.0612507 -0.0792775 0.0612507
      vertex -0.0549517 -0.0792775 0.0669594
    endloop
  endfacet
  facet normal 0.0725739 -0.86901 0.489442
    outer loop
      vertex 0.0077343 -0.0854726 0.0785303
      vertex 0.0072422 -0.088325 0.0735388
      vertex 0.0153942 -0.0854726 0.0773945
    endloop
  endfacet
  facet normal 0.0850521 -0.814711 0.573596
    outer loop
      vertex 0.00815105 -0.0824466 0.0827665
      vertex 0.0077343 -0.0854726 0.0785303
      vertex 0.0153942 -0.0854726 0.0773945
    endloop
  endfacet
  facet normal 0.0434304 -0.463463 0.885051
    outer loop
      vertex 0.00891972 -0.0726304 0.0905657
      vertex 0 -0.0726304 0.0910034
      vertex 0.0087471 -0.075994 0.0888128
    endloop
  endfacet
  facet normal 0.0863635 -0.934642 0.344944
    outer loop
      vertex 0.013298 -0.0909772 0.0668573
      vertex 0.0120525 -0.0934033 0.0605955
      vertex 0.0179338 -0.0934033 0.059123
    endloop
  endfacet
  facet normal -0.347713 -0.736493 0.580236
    outer loop
      vertex -0.0408325 -0.0792775 0.0763931
      vertex -0.0481243 -0.0792775 0.0720234
      vertex -0.0392046 -0.0824466 0.0733461
    endloop
  endfacet
  facet normal 0.401968 -0.623382 0.670684
    outer loop
      vertex 0.0495806 -0.075994 0.0742025
      vertex 0.0420685 -0.075994 0.0787048
      vertex 0.0481243 -0.0792775 0.0720234
    endloop
  endfacet
  facet normal 0.336832 0 0.941565
    outer loop
      vertex 0.0266733 -0.0657849 0.0879316
      vertex 0.0351639 -0.0692162 0.0848942
      vertex 0.0351639 -0.0657849 0.0848942
    endloop
  endfacet
  facet normal 0.336832 0 0.941565
    outer loop
      vertex 0.0351639 -0.0692162 0.0848942
      vertex 0.0266733 -0.0657849 0.0879316
      vertex 0.0266733 -0.0692162 0.0879316
    endloop
  endfacet
  facet normal 0.0434332 0.463355 0.885108
    outer loop
      vertex 0.0087471 -0.0590062 0.0888128
      vertex 0 -0.0623708 0.0910034
      vertex 0.00891972 -0.0623708 0.0905657
    endloop
  endfacet
  facet normal 0.235283 0.250614 0.93906
    outer loop
      vertex 0.0266733 -0.0657849 0.0879316
      vertex 0.0177536 -0.0623708 0.0892553
      vertex 0.0179262 -0.0657849 0.0901232
    endloop
  endfacet
  facet normal 0.298194 -0.81463 0.497451
    outer loop
      vertex 0.0462046 -0.0824466 0.06915
      vertex 0.0392046 -0.0824466 0.0733461
      vertex 0.0438404 -0.0854726 0.0656118
    endloop
  endfacet
  facet normal 0.334295 -0.623338 0.706892
    outer loop
      vertex 0.0341511 -0.075994 0.082449
      vertex 0.0331488 -0.0792775 0.0800276
      vertex 0.0420685 -0.075994 0.0787048
    endloop
  endfacet
  facet normal -0.334319 0.623448 0.706784
    outer loop
      vertex -0.0408325 -0.0557227 0.0763931
      vertex -0.0420685 -0.0590062 0.0787048
      vertex -0.0331488 -0.0557227 0.0800276
    endloop
  endfacet
  facet normal -0.114727 0.623395 0.773445
    outer loop
      vertex -0.00848961 -0.0557227 0.0862045
      vertex -0.0168991 -0.0557227 0.0849571
      vertex -0.0087471 -0.0590062 0.0888128
    endloop
  endfacet
  facet normal 0.038322 -0.623351 0.781002
    outer loop
      vertex 0 -0.075994 0.089242
      vertex 0 -0.0792775 0.0866213
      vertex 0.0087471 -0.075994 0.0888128
    endloop
  endfacet
  facet normal -0.038322 -0.623351 0.781002
    outer loop
      vertex 0 -0.075994 0.089242
      vertex -0.0087471 -0.075994 0.0888128
      vertex 0 -0.0792775 0.0866213
    endloop
  endfacet
  facet normal -0.0331243 0.736459 0.67567
    outer loop
      vertex 0 -0.0525527 0.0831661
      vertex -0.00815105 -0.0525527 0.0827665
      vertex 0 -0.0557227 0.0866213
    endloop
  endfacet
  facet normal -0.120157 0.869288 0.47948
    outer loop
      vertex -0.0153708 -0.0494595 0.0772769
      vertex -0.0155307 -0.0494634 0.0772439
      vertex -0.0153942 -0.0495276 0.0773945
    endloop
  endfacet
  facet normal 0.14205 -0.250609 0.95761
    outer loop
      vertex 0.0179262 -0.0692162 0.0901232
      vertex 0.00891972 -0.0726304 0.0905657
      vertex 0.0177536 -0.0726304 0.0892553
    endloop
  endfacet
  facet normal -0.576706 0.250617 0.777561
    outer loop
      vertex -0.0577316 -0.0623708 0.0703468
      vertex -0.0582933 -0.0657849 0.0710306
      vertex -0.0510502 -0.0657849 0.0764027
    endloop
  endfacet
  facet normal -0.413938 0.250605 0.87513
    outer loop
      vertex -0.0428982 -0.0623708 0.0802584
      vertex -0.0433159 -0.0657849 0.0810385
      vertex -0.0348253 -0.0623708 0.0840769
    endloop
  endfacet
  facet normal -0.711832 0.463229 0.527934
    outer loop
      vertex -0.0742025 -0.0590062 0.0495806
      vertex -0.0756664 -0.0623708 0.050559
      vertex -0.0703468 -0.0623708 0.0577316
    endloop
  endfacet
  facet normal -0.830327 0.25068 0.497711
    outer loop
      vertex -0.0756664 -0.0623708 0.050559
      vertex -0.0802584 -0.0623708 0.0428982
      vertex -0.0764027 -0.0657849 0.0510502
    endloop
  endfacet
  facet normal -0.525143 0.623327 0.579387
    outer loop
      vertex -0.0612507 -0.0557227 0.0612507
      vertex -0.0631037 -0.0590062 0.0631037
      vertex -0.0566149 -0.0590062 0.068985
    endloop
  endfacet
  facet normal -0.62802 0.623385 0.465813
    outer loop
      vertex -0.0720234 -0.0557227 0.0481243
      vertex -0.0742025 -0.0590062 0.0495806
      vertex -0.0669594 -0.0557227 0.0549517
    endloop
  endfacet
  facet normal -0.402997 0.736469 0.54333
    outer loop
      vertex -0.0527601 -0.0525527 0.0642881
      vertex -0.0549517 -0.0557227 0.0669594
      vertex -0.0481243 -0.0557227 0.0720234
    endloop
  endfacet
  facet normal -0.347783 0.736506 0.580178
    outer loop
      vertex -0.0462046 -0.0525527 0.06915
      vertex -0.0481243 -0.0557227 0.0720234
      vertex -0.0392046 -0.0525527 0.0733461
    endloop
  endfacet
  facet normal -0.465849 0.869013 0.166736
    outer loop
      vertex -0.0727663 -0.0494431 0.0301403
      vertex -0.073566 -0.0495276 0.0283464
      vertex -0.0729036 -0.0495276 0.0301971
    endloop
  endfacet
  facet normal -0.465604 0.869166 0.166622
    outer loop
      vertex -0.0753241 -0.0494533 0.0230463
      vertex -0.0755129 -0.0495276 0.0229063
      vertex -0.0747012 -0.0495276 0.0251745
    endloop
  endfacet
  facet normal -0.447358 0.868966 0.211587
    outer loop
      vertex -0.0695581 -0.0494534 0.0369661
      vertex -0.0706214 -0.0495276 0.0350227
      vertex -0.0695925 -0.0495276 0.0371981
    endloop
  endfacet
  facet normal -0.447306 0.869003 0.211544
    outer loop
      vertex -0.0727663 -0.0494431 0.0301403
      vertex -0.0729036 -0.0495276 0.0301971
      vertex -0.0720624 -0.0495276 0.0319758
    endloop
  endfacet
  facet normal -0.562352 0.814832 0.140744
    outer loop
      vertex -0.0815687 -0.0525527 0.0162249
      vertex -0.0758856 -0.0495276 0.0214184
      vertex -0.0761406 -0.0495838 0.0207249
    endloop
  endfacet
  facet normal -0.56243 0.814753 0.140889
    outer loop
      vertex -0.0815687 -0.0525527 0.0162249
      vertex -0.0761406 -0.0495838 0.0207249
      vertex -0.0762488 -0.0496076 0.0204306
    endloop
  endfacet
  facet normal -0.562435 0.81475 0.140883
    outer loop
      vertex -0.0758856 -0.0495276 0.0214184
      vertex -0.0815687 -0.0525527 0.0162249
      vertex -0.0755129 -0.0495276 0.0229063
    endloop
  endfacet
  facet normal -0.562546 0.814632 0.141122
    outer loop
      vertex -0.0763101 -0.0495968 0.0201239
      vertex -0.0815687 -0.0525527 0.0162249
      vertex -0.0762488 -0.0496076 0.0204306
    endloop
  endfacet
  facet normal -0.562423 0.814764 0.140856
    outer loop
      vertex -0.0767013 -0.0495276 0.0181616
      vertex -0.0815687 -0.0525527 0.0162249
      vertex -0.0763101 -0.0495968 0.0201239
    endloop
  endfacet
  facet normal -0.562428 0.814756 0.140881
    outer loop
      vertex -0.0815687 -0.0525527 0.0162249
      vertex -0.0767013 -0.0495276 0.0181616
      vertex -0.0773945 -0.0495276 0.0153942
    endloop
  endfacet
  facet normal -0.57353 0.814754 0.0850864
    outer loop
      vertex -0.0773945 -0.0495276 0.0153942
      vertex -0.0827665 -0.0525527 0.00815105
      vertex -0.0815687 -0.0525527 0.0162249
    endloop
  endfacet
  facet normal -0.758532 0.623328 0.189979
    outer loop
      vertex -0.0849571 -0.0557227 0.0168991
      vertex -0.0875273 -0.0590062 0.0174103
      vertex -0.0853996 -0.0590062 0.0259056
    endloop
  endfacet
  facet normal -0.580325 0.736397 0.347767
    outer loop
      vertex -0.0733461 -0.0525527 0.0392046
      vertex -0.0763931 -0.0557227 0.0408325
      vertex -0.0720234 -0.0557227 0.0481243
    endloop
  endfacet
  facet normal -0.957608 0.250615 0.14205
    outer loop
      vertex -0.0892553 -0.0623708 0.0177536
      vertex -0.0905657 -0.0623708 0.00891972
      vertex -0.0901232 -0.0657849 0.0179262
    endloop
  endfacet
  facet normal -0.876581 0.463355 0.13003
    outer loop
      vertex -0.0888128 -0.0590062 0.0087471
      vertex -0.0905657 -0.0623708 0.00891972
      vertex -0.0892553 -0.0623708 0.0177536
    endloop
  endfacet
  facet normal -0.67567 0.736459 0.0331243
    outer loop
      vertex -0.0831661 -0.0525527 0
      vertex -0.0866213 -0.0557227 0
      vertex -0.0827665 -0.0525527 0.00815105
    endloop
  endfacet
  facet normal -0.780974 0.623386 0.0383422
    outer loop
      vertex -0.0866213 -0.0557227 0
      vertex -0.0888128 -0.0590062 0.0087471
      vertex -0.0862045 -0.0557227 0.00848961
    endloop
  endfacet
  facet normal -0.859582 0.463433 0.215288
    outer loop
      vertex -0.0875273 -0.0590062 0.0174103
      vertex -0.0892553 -0.0623708 0.0177536
      vertex -0.0853996 -0.0590062 0.0259056
    endloop
  endfacet
  facet normal -0.85964 0.463284 0.215376
    outer loop
      vertex -0.0853996 -0.0590062 0.0259056
      vertex -0.0892553 -0.0623708 0.0177536
      vertex -0.0870848 -0.0623708 0.0264168
    endloop
  endfacet
  facet normal -0.562428 0.814756 -0.140881
    outer loop
      vertex -0.0767013 -0.0495276 -0.0181616
      vertex -0.0815687 -0.0525527 -0.0162249
      vertex -0.0773945 -0.0495276 -0.0153942
    endloop
  endfacet
  facet normal -0.562423 0.814764 -0.140856
    outer loop
      vertex -0.0763101 -0.0495968 -0.0201239
      vertex -0.0815687 -0.0525527 -0.0162249
      vertex -0.0767013 -0.0495276 -0.0181616
    endloop
  endfacet
  facet normal -0.562546 0.814632 -0.141122
    outer loop
      vertex -0.0762488 -0.0496076 -0.0204306
      vertex -0.0815687 -0.0525527 -0.0162249
      vertex -0.0763101 -0.0495968 -0.0201239
    endloop
  endfacet
  facet normal -0.56243 0.814753 -0.140889
    outer loop
      vertex -0.0761406 -0.0495838 -0.0207249
      vertex -0.0815687 -0.0525527 -0.0162249
      vertex -0.0762488 -0.0496076 -0.0204306
    endloop
  endfacet
  facet normal -0.562352 0.814832 -0.140744
    outer loop
      vertex -0.0758856 -0.0495276 -0.0214184
      vertex -0.0815687 -0.0525527 -0.0162249
      vertex -0.0761406 -0.0495838 -0.0207249
    endloop
  endfacet
  facet normal -0.562435 0.81475 -0.140883
    outer loop
      vertex -0.0815687 -0.0525527 -0.0162249
      vertex -0.0758856 -0.0495276 -0.0214184
      vertex -0.0755129 -0.0495276 -0.0229063
    endloop
  endfacet
  facet normal -0.706784 0.623448 -0.334319
    outer loop
      vertex -0.0787048 -0.0590062 -0.0420685
      vertex -0.0800276 -0.0557227 -0.0331488
      vertex -0.0763931 -0.0557227 -0.0408325
    endloop
  endfacet
  facet normal -0.573482 0.814792 -0.0850426
    outer loop
      vertex -0.0780442 -0.0495276 -0.0110123
      vertex -0.0827665 -0.0525527 -0.00815105
      vertex -0.0785303 -0.0495276 -0.0077343
    endloop
  endfacet
  facet normal -0.573482 0.814792 -0.0850429
    outer loop
      vertex -0.0777251 -0.049584 -0.0137045
      vertex -0.0827665 -0.0525527 -0.00815105
      vertex -0.0780442 -0.0495276 -0.0110123
    endloop
  endfacet
  facet normal -0.573467 0.814807 -0.085005
    outer loop
      vertex -0.0773945 -0.0495276 -0.0153942
      vertex -0.0777251 -0.049584 -0.0137045
      vertex -0.0775553 -0.0495276 -0.0143094
    endloop
  endfacet
  facet normal -0.573452 0.814817 -0.0850018
    outer loop
      vertex -0.0777251 -0.049584 -0.0137045
      vertex -0.0773945 -0.0495276 -0.0153942
      vertex -0.0827665 -0.0525527 -0.00815105
    endloop
  endfacet
  facet normal -0.579177 0.814707 -0.0283938
    outer loop
      vertex -0.0827665 -0.0525527 -0.00815105
      vertex -0.0831661 -0.0525527 0
      vertex -0.0789108 -0.0495276 0
    endloop
  endfacet
  facet normal 0.465818 -0.62338 0.628022
    outer loop
      vertex 0.0566149 -0.075994 0.068985
      vertex 0.0495806 -0.075994 0.0742025
      vertex 0.0549517 -0.0792775 0.0669594
    endloop
  endfacet
  facet normal 0.454207 -0.736567 0.501163
    outer loop
      vertex 0.0612507 -0.0792775 0.0612507
      vertex 0.0527601 -0.0824466 0.0642881
      vertex 0.0588074 -0.0824466 0.0588074
    endloop
  endfacet
  facet normal 0.347713 -0.736493 0.580236
    outer loop
      vertex 0.0408325 -0.0792775 0.0763931
      vertex 0.0392046 -0.0824466 0.0733461
      vertex 0.0481243 -0.0792775 0.0720234
    endloop
  endfacet
  facet normal 0.402935 -0.736564 0.543246
    outer loop
      vertex 0.0549517 -0.0792775 0.0669594
      vertex 0.0481243 -0.0792775 0.0720234
      vertex 0.0527601 -0.0824466 0.0642881
    endloop
  endfacet
  facet normal 0.366571 -0.869014 0.332325
    outer loop
      vertex 0.0557976 -0.0854726 0.0557976
      vertex 0.0522509 -0.088325 0.0522509
      vertex 0.0609989 -0.0854726 0.0500603
    endloop
  endfacet
  facet normal 0.42975 -0.814627 0.389484
    outer loop
      vertex 0.0642881 -0.0824466 0.0527601
      vertex 0.0588074 -0.0824466 0.0588074
      vertex 0.0609989 -0.0854726 0.0500603
    endloop
  endfacet
  facet normal 0.282413 -0.90725 0.311674
    outer loop
      vertex 0.0468779 -0.088325 0.0571213
      vertex 0.0432444 -0.0909772 0.0526934
      vertex 0.0482016 -0.0909772 0.0482016
    endloop
  endfacet
  facet normal 0.397365 -0.869036 0.294751
    outer loop
      vertex 0.0609989 -0.0854726 0.0500603
      vertex 0.0571213 -0.088325 0.0468779
      vertex 0.0614414 -0.088325 0.0410538
    endloop
  endfacet
  facet normal 0.220824 -0.954555 0.200152
    outer loop
      vertex 0.0436869 -0.0934033 0.0436869
      vertex 0.0423641 -0.0955796 0.0347672
      vertex 0.0477591 -0.0934033 0.0391941
    endloop
  endfacet
  facet normal 0.31168 -0.907213 0.282525
    outer loop
      vertex 0.0522509 -0.088325 0.0522509
      vertex 0.0482016 -0.0909772 0.0482016
      vertex 0.0571213 -0.088325 0.0468779
    endloop
  endfacet
  facet normal 0.166732 -0.868999 0.465876
    outer loop
      vertex 0.0301971 -0.0854726 0.0729036
      vertex 0.0229063 -0.0854726 0.0755129
      vertex 0.0282784 -0.088325 0.0682697
    endloop
  endfacet
  facet normal 0.152052 -0.934626 0.321488
    outer loop
      vertex 0.0260859 -0.0909772 0.0629778
      vertex 0.0236425 -0.0934033 0.0570803
      vertex 0.0321331 -0.0909772 0.0601177
    endloop
  endfacet
  facet normal -0.0725739 -0.86901 0.489442
    outer loop
      vertex -0.0077343 -0.0854726 0.0785303
      vertex -0.0153942 -0.0854726 0.0773945
      vertex -0.0072422 -0.088325 0.0735388
    endloop
  endfacet
  facet normal -0.0521748 -0.934635 0.351761
    outer loop
      vertex -0.00668144 -0.0909772 0.0678387
      vertex -0.013298 -0.0909772 0.0668573
      vertex -0.00605583 -0.0934033 0.0614853
    endloop
  endfacet
  facet normal -0.187656 -0.979937 -0.0671504
    outer loop
      vertex -0.0363407 -0.0991034 -0.0150528
      vertex -0.0452604 -0.097486 -0.0137291
      vertex -0.0436964 -0.097486 -0.0180998
    endloop
  endfacet
  facet normal -0.16009 -0.979941 -0.11869
    outer loop
      vertex -0.0327053 -0.0991034 -0.0218525
      vertex -0.0393257 -0.097486 -0.0262766
      vertex -0.030406 -0.0991034 -0.0249538
    endloop
  endfacet
  facet normal -0.150969 -0.987817 -0.0377645
    outer loop
      vertex -0.0303974 -0.100416 -0.0060463
      vertex -0.038579 -0.0991034 -0.00767326
      vertex -0.0296593 -0.100416 -0.00899696
    endloop
  endfacet
  facet normal -0.220769 -0.954566 0.200162
    outer loop
      vertex -0.0387516 -0.0955796 0.0387516
      vertex -0.0436869 -0.0934033 0.0436869
      vertex -0.0423641 -0.0955796 0.0347672
    endloop
  endfacet
  facet normal -0.197132 -0.979941 -0.0292458
    outer loop
      vertex -0.0391455 -0.0991034 -0.00385475
      vertex -0.0463886 -0.097486 -0.0092268
      vertex -0.038579 -0.0991034 -0.00767326
    endloop
  endfacet
  facet normal -0.125026 -0.987814 -0.0926942
    outer loop
      vertex -0.0257702 -0.100416 -0.0172186
      vertex -0.0327053 -0.0991034 -0.0218525
      vertex -0.030406 -0.0991034 -0.0249538
    endloop
  endfacet
  facet normal -0.0506666 -0.997151 -0.0558832
    outer loop
      vertex -0.00954533 -0.102081 -0.00954533
      vertex -0.0158062 -0.101412 -0.0158062
      vertex -0.0141811 -0.101412 -0.0172796
    endloop
  endfacet
  facet normal -0.10537 -0.969167 -0.22274
    outer loop
      vertex -0.0180998 -0.097486 -0.0436964
      vertex -0.022295 -0.097486 -0.0417118
      vertex -0.0209723 -0.0955796 -0.0506325
    endloop
  endfacet
  facet normal -0.12668 -0.969163 -0.211366
    outer loop
      vertex -0.0262766 -0.097486 -0.0393257
      vertex -0.030447 -0.0955796 -0.0455675
      vertex -0.0258341 -0.0955796 -0.0483322
    endloop
  endfacet
  facet normal -0.182806 -0.934634 -0.305026
    outer loop
      vertex -0.0343246 -0.0934033 -0.0513706
      vertex -0.0378714 -0.0909772 -0.0566788
      vertex -0.0291243 -0.0934033 -0.0544872
    endloop
  endfacet
  facet normal -0.0228332 -0.987817 -0.153936
    outer loop
      vertex -0.00303745 -0.100416 -0.0308437
      vertex -0.0060463 -0.100416 -0.0303974
      vertex -0.00385475 -0.0991034 -0.0391455
    endloop
  endfacet
  facet normal 0.0146359 -0.954561 -0.297655
    outer loop
      vertex 0.00537109 -0.0955796 -0.0545397
      vertex 0 -0.0955796 -0.0548038
      vertex 0.00605583 -0.0934033 -0.0614853
    endloop
  endfacet
  facet normal -0.0120512 -0.969167 -0.24611
    outer loop
      vertex 0 -0.097486 -0.0472965
      vertex -0.00463581 -0.097486 -0.0470695
      vertex 0 -0.0955796 -0.0548038
    endloop
  endfacet
  facet normal 0.153201 -0.954563 -0.255616
    outer loop
      vertex 0.030447 -0.0955796 -0.0455675
      vertex 0.0258341 -0.0955796 -0.0483322
      vertex 0.0343246 -0.0934033 -0.0513706
    endloop
  endfacet
  facet normal -0.0243128 -0.869009 -0.494199
    outer loop
      vertex -0.0072422 -0.088325 -0.0735388
      vertex -0.0077343 -0.0854726 -0.0785303
      vertex 0 -0.0854726 -0.0789108
    endloop
  endfacet
  facet normal -0.0284927 -0.814714 -0.579163
    outer loop
      vertex -0.0077343 -0.0854726 -0.0785303
      vertex -0.00815105 -0.0824466 -0.0827665
      vertex 0 -0.0854726 -0.0789108
    endloop
  endfacet
  facet normal 0.2981 -0.814686 -0.497417
    outer loop
      vertex 0.0438404 -0.0854726 -0.0656118
      vertex 0.0371981 -0.0854726 -0.0695925
      vertex 0.0392046 -0.0824466 -0.0733461
    endloop
  endfacet
  facet normal 0.179842 -0.907249 -0.380206
    outer loop
      vertex 0.0321331 -0.0909772 -0.0601177
      vertex 0.0282784 -0.088325 -0.0682697
      vertex 0.034833 -0.088325 -0.0651693
    endloop
  endfacet
  facet normal -0.00564834 -0.993404 -0.11453
    outer loop
      vertex -0.00219059 -0.101412 -0.0222464
      vertex -0.00303745 -0.100416 -0.0308437
      vertex 0 -0.100416 -0.0309935
    endloop
  endfacet
  facet normal -0.0683015 -0.993405 -0.0920978
    outer loop
      vertex -0.0141811 -0.101412 -0.0172796
      vertex -0.0196619 -0.100416 -0.0239582
      vertex -0.0172186 -0.100416 -0.0257702
    endloop
  endfacet
  facet normal 0.102454 -0.979937 -0.170961
    outer loop
      vertex 0.0262766 -0.097486 -0.0393257
      vertex 0.0185423 -0.0991034 -0.0346899
      vertex 0.022295 -0.097486 -0.0417118
    endloop
  endfacet
  facet normal 0.0192255 -0.9993 -0.0320971
    outer loop
      vertex 0.00749969 -0.102081 -0.0112238
      vertex 0.00212765 -0.102417 -0.00398064
      vertex 0.00636292 -0.102081 -0.0119047
    endloop
  endfacet
  facet normal 0.14651 -0.987817 -0.0524643
    outer loop
      vertex 0.0296593 -0.100416 -0.00899696
      vertex 0.0286341 -0.100416 -0.0118599
      vertex 0.0363407 -0.0991034 -0.0150528
    endloop
  endfacet
  facet normal 0.133492 -0.987816 0.0799992
    outer loop
      vertex 0.0346899 -0.0991034 0.0185423
      vertex 0.0257702 -0.100416 0.0172186
      vertex 0.0273333 -0.100416 0.0146103
    endloop
  endfacet
  facet normal 0.35518 -0.934635 -0.0174487
    outer loop
      vertex 0.0617828 -0.0934033 0
      vertex 0.0614853 -0.0934033 -0.00605583
      vertex 0.0678387 -0.0909772 -0.00668144
    endloop
  endfacet
  facet normal 0.305026 -0.934634 0.182806
    outer loop
      vertex 0.0566788 -0.0909772 0.0378714
      vertex 0.0513706 -0.0934033 0.0343246
      vertex 0.0544872 -0.0934033 0.0291243
    endloop
  endfacet
  facet normal 0.147679 -0.979938 0.133841
    outer loop
      vertex 0.036561 -0.097486 0.0300045
      vertex 0.0278139 -0.0991034 0.0278139
      vertex 0.030406 -0.0991034 0.0249538
    endloop
  endfacet
  facet normal 0.14068 -0.987816 0.0665522
    outer loop
      vertex 0.0346899 -0.0991034 0.0185423
      vertex 0.0273333 -0.100416 0.0146103
      vertex 0.0363407 -0.0991034 0.0150528
    endloop
  endfacet
  facet normal 0.773445 -0.623395 0.114727
    outer loop
      vertex 0.0888128 -0.075994 0.0087471
      vertex 0.0849571 -0.0792775 0.0168991
      vertex 0.0862045 -0.0792775 0.00848961
    endloop
  endfacet
  facet normal 0.675566 -0.736555 -0.0331192
    outer loop
      vertex 0.0831661 -0.0824466 0
      vertex 0.0827665 -0.0824466 -0.00815105
      vertex 0.0866213 -0.0792775 0
    endloop
  endfacet
  facet normal 0.395992 -0.907257 -0.141689
    outer loop
      vertex 0.0652313 -0.0909772 -0.0197878
      vertex 0.0629778 -0.0909772 -0.0260859
      vertex 0.070713 -0.088325 -0.02145
    endloop
  endfacet
  facet normal 0.416059 -0.907241 -0.0617119
    outer loop
      vertex 0.0678387 -0.0909772 -0.00668144
      vertex 0.0668573 -0.0909772 -0.013298
      vertex 0.0735388 -0.088325 -0.0072422
    endloop
  endfacet
  facet normal 0.187651 -0.97994 -0.0671146
    outer loop
      vertex 0.0376406 -0.0991034 -0.0114183
      vertex 0.0363407 -0.0991034 -0.0150528
      vertex 0.0452604 -0.097486 -0.0137291
    endloop
  endfacet
  facet normal 0.289098 -0.954557 -0.0724047
    outer loop
      vertex 0.053751 -0.0955796 -0.0106916
      vertex 0.0524445 -0.0955796 -0.0159082
      vertex 0.059123 -0.0934033 -0.0179338
    endloop
  endfacet
  facet normal 0.187656 -0.979937 -0.0671504
    outer loop
      vertex 0.0452604 -0.097486 -0.0137291
      vertex 0.0363407 -0.0991034 -0.0150528
      vertex 0.0436964 -0.097486 -0.0180998
    endloop
  endfacet
  facet normal 0.22274 -0.969167 -0.10537
    outer loop
      vertex 0.0436964 -0.097486 -0.0180998
      vertex 0.0417118 -0.097486 -0.022295
      vertex 0.0506325 -0.0955796 -0.0209723
    endloop
  endfacet
  facet normal 0.200152 -0.954555 -0.220824
    outer loop
      vertex 0.0436869 -0.0934033 -0.0436869
      vertex 0.0347672 -0.0955796 -0.0423641
      vertex 0.0391941 -0.0934033 -0.0477591
    endloop
  endfacet
  facet normal 0.220824 -0.954555 -0.200152
    outer loop
      vertex 0.0477591 -0.0934033 -0.0391941
      vertex 0.0423641 -0.0955796 -0.0347672
      vertex 0.0436869 -0.0934033 -0.0436869
    endloop
  endfacet
  facet normal 0.211865 -0.934628 -0.28563
    outer loop
      vertex 0.0391941 -0.0934033 -0.0477591
      vertex 0.0378714 -0.0909772 -0.0566788
      vertex 0.0432444 -0.0909772 -0.0526934
    endloop
  endfacet
  facet normal 0.127441 -0.954556 -0.269411
    outer loop
      vertex 0.0291243 -0.0934033 -0.0544872
      vertex 0.0209723 -0.0955796 -0.0506325
      vertex 0.0236425 -0.0934033 -0.0570803
    endloop
  endfacet
  facet normal 0.0617119 -0.907241 -0.416059
    outer loop
      vertex 0.013298 -0.0909772 -0.0668573
      vertex 0.00668144 -0.0909772 -0.0678387
      vertex 0.0072422 -0.088325 -0.0735388
    endloop
  endfacet
  facet normal 0.152052 -0.934626 -0.321488
    outer loop
      vertex 0.0321331 -0.0909772 -0.0601177
      vertex 0.0236425 -0.0934033 -0.0570803
      vertex 0.0260859 -0.0909772 -0.0629778
    endloop
  endfacet
  facet normal 0.147672 -0.979935 0.133866
    outer loop
      vertex 0.0334435 -0.097486 0.0334435
      vertex 0.0278139 -0.0991034 0.0278139
      vertex 0.036561 -0.097486 0.0300045
    endloop
  endfacet
  facet normal 0.102476 -0.97994 0.170925
    outer loop
      vertex 0.0262766 -0.097486 0.0393257
      vertex 0.0185423 -0.0991034 0.0346899
      vertex 0.0218525 -0.0991034 0.0327053
    endloop
  endfacet
  facet normal 0.125006 -0.987815 0.0927067
    outer loop
      vertex 0.030406 -0.0991034 0.0249538
      vertex 0.0239582 -0.100416 0.0196619
      vertex 0.0257702 -0.100416 0.0172186
    endloop
  endfacet
  facet normal 0.0800311 -0.987814 0.133487
    outer loop
      vertex 0.0185423 -0.0991034 0.0346899
      vertex 0.0172186 -0.100416 0.0257702
      vertex 0.0218525 -0.0991034 0.0327053
    endloop
  endfacet
  facet normal 0.222742 -0.969164 0.105387
    outer loop
      vertex 0.0483322 -0.0955796 0.0258341
      vertex 0.0417118 -0.097486 0.022295
      vertex 0.0506325 -0.0955796 0.0209723
    endloop
  endfacet
  facet normal 0.153936 -0.987817 -0.0228332
    outer loop
      vertex 0.0308437 -0.100416 -0.00303745
      vertex 0.0303974 -0.100416 -0.0060463
      vertex 0.0391455 -0.0991034 -0.00385475
    endloop
  endfacet
  facet normal 0.636842 -0.736554 0.227862
    outer loop
      vertex 0.0800276 -0.0792775 0.0331488
      vertex 0.0768356 -0.0824466 0.031826
      vertex 0.0828915 -0.0792775 0.0251446
    endloop
  endfacet
  facet normal 0.497417 -0.814686 0.2981
    outer loop
      vertex 0.0733461 -0.0824466 0.0392046
      vertex 0.0656118 -0.0854726 0.0438404
      vertex 0.0695925 -0.0854726 0.0371981
    endloop
  endfacet
  facet normal 0.0223062 -0.9993 0.0300397
    outer loop
      vertex 0.00749969 -0.102081 0.0112238
      vertex 0.00286293 -0.102417 0.00348949
      vertex 0.00856304 -0.102081 0.0104342
    endloop
  endfacet
  facet normal 0.00547125 -0.9993 -0.0370113
    outer loop
      vertex 0.000880241 -0.102417 -0.00442696
      vertex 0.000441551 -0.102417 -0.00449181
      vertex 0.00132275 -0.102081 -0.0134335
    endloop
  endfacet
  facet normal -0.0054964 -0.9993 -0.0370101
    outer loop
      vertex -0.000880241 -0.102417 -0.00442696
      vertex -0.00263309 -0.102081 -0.0132389
      vertex -0.00132275 -0.102081 -0.0134335
    endloop
  endfacet
  facet normal -0.0160195 -0.9993 -0.0338107
    outer loop
      vertex -0.00212765 -0.102417 -0.00398064
      vertex -0.00636292 -0.102081 -0.0119047
      vertex -0.0017271 -0.102417 -0.00417042
    endloop
  endfacet
  facet normal 0.025409 -0.997151 -0.0710181
    outer loop
      vertex 0.0051651 -0.102081 -0.0124712
      vertex 0.00391769 -0.102081 -0.0129175
      vertex 0.0064888 -0.101412 -0.0213909
    endloop
  endfacet
  facet normal 0.0589416 -0.993404 0.0983541
    outer loop
      vertex 0.0146103 -0.100416 0.0273333
      vertex 0.0105371 -0.101412 0.0197144
      vertex 0.0172186 -0.100416 0.0257702
    endloop
  endfacet
  facet normal 0.0322468 -0.997152 0.0681832
    outer loop
      vertex 0.0105371 -0.101412 0.0197144
      vertex 0.0051651 -0.102081 0.0124712
      vertex 0.00636292 -0.102081 0.0119047
    endloop
  endfacet
  facet normal 0.00761387 -0.987814 0.155453
    outer loop
      vertex 0 -0.0991034 0.0393343
      vertex 0 -0.100416 0.0309935
      vertex 0.00385475 -0.0991034 0.0391455
    endloop
  endfacet
  facet normal 0.00766542 -0.987817 0.155429
    outer loop
      vertex 0.00385475 -0.0991034 0.0391455
      vertex 0 -0.100416 0.0309935
      vertex 0.00303745 -0.100416 0.0308437
    endloop
  endfacet
  facet normal -0.182561 -0.969166 0.165494
    outer loop
      vertex -0.0334435 -0.097486 0.0334435
      vertex -0.0423641 -0.0955796 0.0347672
      vertex -0.036561 -0.097486 0.0300045
    endloop
  endfacet
  facet normal -0.100404 -0.954557 0.280606
    outer loop
      vertex -0.0179338 -0.0934033 0.059123
      vertex -0.0209723 -0.0955796 0.0506325
      vertex -0.0159082 -0.0955796 0.0524445
    endloop
  endfacet
  facet normal 0.0168248 -0.993404 0.113429
    outer loop
      vertex 0.00303745 -0.100416 0.0308437
      vertex 0.00219059 -0.101412 0.0222464
      vertex 0.0060463 -0.100416 0.0303974
    endloop
  endfacet
  facet normal -0.00974959 -0.979939 0.199058
    outer loop
      vertex 0 -0.0991034 0.0393343
      vertex -0.00463581 -0.097486 0.0470695
      vertex -0.00385475 -0.0991034 0.0391455
    endloop
  endfacet
  facet normal -0.216199 -0.907248 -0.360774
    outer loop
      vertex -0.0321331 -0.0909772 -0.0601177
      vertex -0.0410538 -0.088325 -0.0614414
      vertex -0.034833 -0.088325 -0.0651693
    endloop
  endfacet
  facet normal -0.254351 -0.869009 -0.424416
    outer loop
      vertex -0.0410538 -0.088325 -0.0614414
      vertex -0.0438404 -0.0854726 -0.0656118
      vertex -0.0371981 -0.0854726 -0.0695925
    endloop
  endfacet
  facet normal -0.211838 -0.934634 -0.285628
    outer loop
      vertex -0.0343246 -0.0934033 -0.0513706
      vertex -0.0391941 -0.0934033 -0.0477591
      vertex -0.0378714 -0.0909772 -0.0566788
    endloop
  endfacet
  facet normal 0.0242704 -0.869034 -0.494156
    outer loop
      vertex 0.0072422 -0.088325 -0.0735388
      vertex 0 -0.088325 -0.0738945
      vertex 0 -0.0854726 -0.0789108
    endloop
  endfacet
  facet normal -0.337804 -0.90725 -0.25057
    outer loop
      vertex -0.0526934 -0.0909772 -0.0432444
      vertex -0.0614414 -0.088325 -0.0410538
      vertex -0.0571213 -0.088325 -0.0468779
    endloop
  endfacet
  facet normal -0.28563 -0.934628 -0.211865
    outer loop
      vertex -0.0477591 -0.0934033 -0.0391941
      vertex -0.0566788 -0.0909772 -0.0378714
      vertex -0.0526934 -0.0909772 -0.0432444
    endloop
  endfacet
  facet normal -0.0864336 -0.934622 -0.34498
    outer loop
      vertex -0.0179338 -0.0934033 -0.059123
      vertex -0.0197878 -0.0909772 -0.0652313
      vertex -0.013298 -0.0909772 -0.0668573
    endloop
  endfacet
  facet normal -0.195383 -0.814627 -0.546084
    outer loop
      vertex -0.0229063 -0.0854726 -0.0755129
      vertex -0.031826 -0.0824466 -0.0768356
      vertex -0.0241413 -0.0824466 -0.0795851
    endloop
  endfacet
  facet normal -0.0434273 -0.463469 -0.885048
    outer loop
      vertex 0 -0.075994 -0.089242
      vertex -0.0087471 -0.075994 -0.0888128
      vertex 0 -0.0726304 -0.0910034
    endloop
  endfacet
  facet normal -0.164395 -0.73656 -0.65609
    outer loop
      vertex -0.0241413 -0.0824466 -0.0795851
      vertex -0.0251446 -0.0792775 -0.0828915
      vertex -0.0162249 -0.0824466 -0.0815687
    endloop
  endfacet
  facet normal -0.142009 0.250503 -0.957644
    outer loop
      vertex -0.0090065 -0.0657849 -0.0914459
      vertex -0.0179262 -0.0657849 -0.0901232
      vertex -0.00891972 -0.0623708 -0.0905657
    endloop
  endfacet
  facet normal -0.0475074 0.2505 -0.96695
    outer loop
      vertex 0 -0.0657849 -0.0918884
      vertex -0.0090065 -0.0657849 -0.0914459
      vertex -0.00891972 -0.0623708 -0.0905657
    endloop
  endfacet
  facet normal -0.0331243 0.736459 -0.67567
    outer loop
      vertex 0 -0.0557227 -0.0866213
      vertex -0.00815105 -0.0525527 -0.0827665
      vertex 0 -0.0525527 -0.0831661
    endloop
  endfacet
  facet normal 0.0331752 0.736402 -0.675731
    outer loop
      vertex 0.00848961 -0.0557227 -0.0862045
      vertex 0 -0.0557227 -0.0866213
      vertex 0.00815105 -0.0525527 -0.0827665
    endloop
  endfacet
  facet normal 0.0992673 0.736402 -0.669222
    outer loop
      vertex 0.00848961 -0.0557227 -0.0862045
      vertex 0.00815105 -0.0525527 -0.0827665
      vertex 0.0168991 -0.0557227 -0.0849571
    endloop
  endfacet
  facet normal 0.326088 0.250552 -0.911532
    outer loop
      vertex 0.0351639 -0.0657849 -0.0848942
      vertex 0.0266733 -0.0657849 -0.0879316
      vertex 0.0348253 -0.0623708 -0.0840769
    endloop
  endfacet
  facet normal 0.049072 0 -0.998795
    outer loop
      vertex 0 -0.0692162 -0.0918884
      vertex 0.0090065 -0.0657849 -0.0914459
      vertex 0.0090065 -0.0692162 -0.0914459
    endloop
  endfacet
  facet normal 0.049072 0 -0.998795
    outer loop
      vertex 0.0090065 -0.0657849 -0.0914459
      vertex 0 -0.0692162 -0.0918884
      vertex 0 -0.0657849 -0.0918884
    endloop
  endfacet
  facet normal -0.263412 0.623396 -0.736201
    outer loop
      vertex -0.0259056 -0.0590062 -0.0853996
      vertex -0.0331488 -0.0557227 -0.0800276
      vertex -0.0251446 -0.0557227 -0.0828915
    endloop
  endfacet
  facet normal -0.114775 0.623329 -0.773491
    outer loop
      vertex -0.0087471 -0.0590062 -0.0888128
      vertex -0.0174103 -0.0590062 -0.0875273
      vertex -0.0168991 -0.0557227 -0.0849571
    endloop
  endfacet
  facet normal -0.525143 0.623327 -0.579387
    outer loop
      vertex -0.0566149 -0.0590062 -0.068985
      vertex -0.0631037 -0.0590062 -0.0631037
      vertex -0.0612507 -0.0557227 -0.0612507
    endloop
  endfacet
  facet normal -0.71173 -0.463416 -0.527906
    outer loop
      vertex -0.068985 -0.075994 -0.0566149
      vertex -0.0742025 -0.075994 -0.0495806
      vertex -0.0703468 -0.0726304 -0.0577316
    endloop
  endfacet
  facet normal -0.366364 0.869374 -0.331613
    outer loop
      vertex -0.0608753 -0.0494873 -0.0500912
      vertex -0.0609989 -0.0495276 -0.0500603
      vertex -0.0609341 -0.04948 -0.0500071
    endloop
  endfacet
  facet normal 0.235277 -0.250586 -0.939069
    outer loop
      vertex 0.0264168 -0.0726304 -0.0870848
      vertex 0.0177536 -0.0726304 -0.0892553
      vertex 0.0266733 -0.0692162 -0.0879316
    endloop
  endfacet
  facet normal 0.130022 -0.463463 -0.876525
    outer loop
      vertex 0.0177536 -0.0726304 -0.0892553
      vertex 0.0087471 -0.075994 -0.0888128
      vertex 0.00891972 -0.0726304 -0.0905657
    endloop
  endfacet
  facet normal 0.830354 -0.250615 -0.497699
    outer loop
      vertex 0.0802584 -0.0726304 -0.0428982
      vertex 0.0764027 -0.0692162 -0.0510502
      vertex 0.0810385 -0.0692162 -0.0433159
    endloop
  endfacet
  facet normal 0.711786 -0.463337 -0.5279
    outer loop
      vertex 0.0742025 -0.075994 -0.0495806
      vertex 0.0703468 -0.0726304 -0.0577316
      vertex 0.0756664 -0.0726304 -0.050559
    endloop
  endfacet
  facet normal 0.717317 -0.250621 -0.650112
    outer loop
      vertex 0.0703468 -0.0726304 -0.0577316
      vertex 0.0643492 -0.0726304 -0.0643492
      vertex 0.0710306 -0.0692162 -0.0582933
    endloop
  endfacet
  facet normal 0.650137 0.250571 -0.717311
    outer loop
      vertex 0.0649748 -0.0657849 -0.0649748
      vertex 0.0582933 -0.0657849 -0.0710306
      vertex 0.0643492 -0.0623708 -0.0643492
    endloop
  endfacet
  facet normal 0.289165 -0.73656 -0.611443
    outer loop
      vertex 0.0392046 -0.0824466 -0.0733461
      vertex 0.031826 -0.0824466 -0.0768356
      vertex 0.0331488 -0.0792775 -0.0800276
    endloop
  endfacet
  facet normal 0.0992642 -0.736516 -0.669097
    outer loop
      vertex 0.0162249 -0.0824466 -0.0815687
      vertex 0.00815105 -0.0824466 -0.0827665
      vertex 0.0168991 -0.0792775 -0.0849571
    endloop
  endfacet
  facet normal 0.141689 -0.907257 -0.395992
    outer loop
      vertex 0.0260859 -0.0909772 -0.0629778
      vertex 0.0197878 -0.0909772 -0.0652313
      vertex 0.02145 -0.088325 -0.070713
    endloop
  endfacet
  facet normal 0.0284927 -0.814714 -0.579163
    outer loop
      vertex 0.0077343 -0.0854726 -0.0785303
      vertex 0 -0.0854726 -0.0789108
      vertex 0.00815105 -0.0824466 -0.0827665
    endloop
  endfacet
  facet normal 0.038322 -0.623351 -0.781002
    outer loop
      vertex 0.0087471 -0.075994 -0.0888128
      vertex 0 -0.0792775 -0.0866213
      vertex 0 -0.075994 -0.089242
    endloop
  endfacet
  facet normal -0.14205 -0.250609 -0.95761
    outer loop
      vertex -0.0177536 -0.0726304 -0.0892553
      vertex -0.0179262 -0.0692162 -0.0901232
      vertex -0.00891972 -0.0726304 -0.0905657
    endloop
  endfacet
  facet normal -0.243039 0 -0.970016
    outer loop
      vertex -0.0266733 -0.0692162 -0.0879316
      vertex -0.0179262 -0.0657849 -0.0901232
      vertex -0.0179262 -0.0692162 -0.0901232
    endloop
  endfacet
  facet normal -0.243039 0 -0.970016
    outer loop
      vertex -0.0179262 -0.0657849 -0.0901232
      vertex -0.0266733 -0.0692162 -0.0879316
      vertex -0.0266733 -0.0657849 -0.0879316
    endloop
  endfacet
  facet normal -0.038322 -0.623351 -0.781002
    outer loop
      vertex 0 -0.0792775 -0.0866213
      vertex -0.0087471 -0.075994 -0.0888128
      vertex 0 -0.075994 -0.089242
    endloop
  endfacet
  facet normal -0.130057 -0.46355 -0.876474
    outer loop
      vertex -0.0174103 -0.075994 -0.0875273
      vertex -0.0177536 -0.0726304 -0.0892553
      vertex -0.0087471 -0.075994 -0.0888128
    endloop
  endfacet
  facet normal -0.0475075 -0.250493 -0.966952
    outer loop
      vertex -0.00891972 -0.0726304 -0.0905657
      vertex -0.0090065 -0.0692162 -0.0914459
      vertex 0 -0.0692162 -0.0918884
    endloop
  endfacet
  facet normal 0.254347 0.869004 0.424429
    outer loop
      vertex 0.0372941 -0.0494566 0.0693896
      vertex 0.0371981 -0.0495276 0.0695925
      vertex 0.0385127 -0.0495276 0.0688047
    endloop
  endfacet
  facet normal 0.25443 0.868929 0.424533
    outer loop
      vertex 0.0437733 -0.0494589 0.0655114
      vertex 0.0413831 -0.0495276 0.0670845
      vertex 0.0438404 -0.0495276 0.0656118
    endloop
  endfacet
  facet normal 0.294634 0.86912 0.397267
    outer loop
      vertex 0.0499149 -0.0494816 0.0610061
      vertex 0.0473736 -0.0495276 0.0629915
      vertex 0.0500603 -0.0495276 0.0609989
    endloop
  endfacet
  facet normal 0.294837 0.868931 0.39753
    outer loop
      vertex 0.0447292 -0.0495276 0.0649526
      vertex 0.0437733 -0.0494589 0.0655114
      vertex 0.0438404 -0.0495276 0.0656118
    endloop
  endfacet
  facet normal 0.389407 0.814709 0.429665
    outer loop
      vertex 0.0588074 -0.0525527 0.0588074
      vertex 0.0500603 -0.0495276 0.0609989
      vertex 0.0527601 -0.0525527 0.0642881
    endloop
  endfacet
  facet normal 0.454277 0.736472 0.50124
    outer loop
      vertex 0.0588074 -0.0525527 0.0588074
      vertex 0.0527601 -0.0525527 0.0642881
      vertex 0.0612507 -0.0557227 0.0612507
    endloop
  endfacet
  facet normal 0.579387 0.623327 0.525143
    outer loop
      vertex 0.068985 -0.0590062 0.0566149
      vertex 0.0612507 -0.0557227 0.0612507
      vertex 0.0631037 -0.0590062 0.0631037
    endloop
  endfacet
  facet normal 0.717316 0.250628 0.650111
    outer loop
      vertex 0.0703468 -0.0623708 0.0577316
      vertex 0.0643492 -0.0623708 0.0643492
      vertex 0.0710306 -0.0657849 0.0582933
    endloop
  endfacet
  facet normal 0.501252 0.736463 0.454278
    outer loop
      vertex 0.0642881 -0.0525527 0.0527601
      vertex 0.0612507 -0.0557227 0.0612507
      vertex 0.0669594 -0.0557227 0.0549517
    endloop
  endfacet
  facet normal 0.543317 0.736503 0.402952
    outer loop
      vertex 0.06915 -0.0525527 0.0462046
      vertex 0.0642881 -0.0525527 0.0527601
      vertex 0.0720234 -0.0557227 0.0481243
    endloop
  endfacet
  facet normal 0.164421 0.736464 0.656191
    outer loop
      vertex 0.0241413 -0.0525527 0.0795851
      vertex 0.0162249 -0.0525527 0.0815687
      vertex 0.0251446 -0.0557227 0.0828915
    endloop
  endfacet
  facet normal 0.189979 0.623328 0.758532
    outer loop
      vertex 0.0259056 -0.0590062 0.0853996
      vertex 0.0168991 -0.0557227 0.0849571
      vertex 0.0174103 -0.0590062 0.0875273
    endloop
  endfacet
  facet normal 0.235276 0.250593 0.939068
    outer loop
      vertex 0.0264168 -0.0623708 0.0870848
      vertex 0.0177536 -0.0623708 0.0892553
      vertex 0.0266733 -0.0657849 0.0879316
    endloop
  endfacet
  facet normal 0.0992795 0.73642 0.6692
    outer loop
      vertex 0.0162249 -0.0525527 0.0815687
      vertex 0.00815105 -0.0525527 0.0827665
      vertex 0.0168991 -0.0557227 0.0849571
    endloop
  endfacet
  facet normal -0.0283938 0.814707 0.579177
    outer loop
      vertex 0 -0.0495276 0.0789108
      vertex -0.00815105 -0.0525527 0.0827665
      vertex 0 -0.0525527 0.0831661
    endloop
  endfacet
  facet normal 0.247882 0.814758 0.524141
    outer loop
      vertex 0.0392046 -0.0525527 0.0733461
      vertex 0.0319758 -0.0495276 0.0720624
      vertex 0.0301971 -0.0495276 0.0729036
    endloop
  endfacet
  facet normal 0.24791 0.814795 0.52407
    outer loop
      vertex 0.0392046 -0.0525527 0.0733461
      vertex 0.0333639 -0.0496196 0.0715488
      vertex 0.0319758 -0.0495276 0.0720624
    endloop
  endfacet
  facet normal 0.247892 0.814781 0.524101
    outer loop
      vertex 0.0392046 -0.0525527 0.0733461
      vertex 0.0336369 -0.0496045 0.0713962
      vertex 0.0333639 -0.0496196 0.0715488
    endloop
  endfacet
  facet normal 0.247852 0.814749 0.52417
    outer loop
      vertex 0.0392046 -0.0525527 0.0733461
      vertex 0.0350227 -0.0495276 0.0706214
      vertex 0.0336369 -0.0496045 0.0713962
    endloop
  endfacet
  facet normal 0.247895 0.814766 0.524123
    outer loop
      vertex 0.0350227 -0.0495276 0.0706214
      vertex 0.0392046 -0.0525527 0.0733461
      vertex 0.0371981 -0.0495276 0.0695925
    endloop
  endfacet
  facet normal 0.298031 0.814768 0.497324
    outer loop
      vertex 0.0392046 -0.0525527 0.0733461
      vertex 0.0385127 -0.0495276 0.0688047
      vertex 0.0371981 -0.0495276 0.0695925
    endloop
  endfacet
  facet normal 0.298058 0.814763 0.497316
    outer loop
      vertex 0.0392046 -0.0525527 0.0733461
      vertex 0.0394686 -0.0496075 0.0683627
      vertex 0.0385127 -0.0495276 0.0688047
    endloop
  endfacet
  facet normal 0.298028 0.814771 0.49732
    outer loop
      vertex 0.0392046 -0.0525527 0.0733461
      vertex 0.0413831 -0.0495276 0.0670845
      vertex 0.0394686 -0.0496075 0.0683627
    endloop
  endfacet
  facet normal 0.298054 0.81476 0.497323
    outer loop
      vertex 0.0413831 -0.0495276 0.0670845
      vertex 0.0392046 -0.0525527 0.0733461
      vertex 0.0438404 -0.0495276 0.0656118
    endloop
  endfacet
  facet normal -0.345427 0.814712 0.465753
    outer loop
      vertex -0.0438404 -0.0495276 0.0656118
      vertex -0.0527601 -0.0525527 0.0642881
      vertex -0.0462046 -0.0525527 0.06915
    endloop
  endfacet
  facet normal -0.0237801 0.869558 0.493258
    outer loop
      vertex 0 -0.0495082 0.0788766
      vertex -4.87982e-05 -0.0495084 0.0788746
      vertex 0 -0.0495276 0.0789108
    endloop
  endfacet
  facet normal 0.803194 -0 0.595717
    outer loop
      vertex 0.0710306 -0.0692162 0.0582933
      vertex 0.0764027 -0.0657849 0.0510502
      vertex 0.0710306 -0.0657849 0.0582933
    endloop
  endfacet
  facet normal 0.803194 0 0.595717
    outer loop
      vertex 0.0764027 -0.0657849 0.0510502
      vertex 0.0710306 -0.0692162 0.0582933
      vertex 0.0764027 -0.0692162 0.0510502
    endloop
  endfacet
  facet normal 0.130022 -0.463463 0.876525
    outer loop
      vertex 0.00891972 -0.0726304 0.0905657
      vertex 0.0087471 -0.075994 0.0888128
      vertex 0.0177536 -0.0726304 0.0892553
    endloop
  endfacet
  facet normal 0.576685 -0.250656 0.777564
    outer loop
      vertex 0.0510502 -0.0692162 0.0764027
      vertex 0.050559 -0.0726304 0.0756664
      vertex 0.0577316 -0.0726304 0.0703468
    endloop
  endfacet
  facet normal 0.263454 0.623347 0.736227
    outer loop
      vertex 0.0331488 -0.0557227 0.0800276
      vertex 0.0259056 -0.0590062 0.0853996
      vertex 0.0341511 -0.0590062 0.082449
    endloop
  endfacet
  facet normal 0.326073 0.250584 0.911528
    outer loop
      vertex 0.0348253 -0.0623708 0.0840769
      vertex 0.0264168 -0.0623708 0.0870848
      vertex 0.0266733 -0.0657849 0.0879316
    endloop
  endfacet
  facet normal 0.413938 0.250605 0.87513
    outer loop
      vertex 0.0428982 -0.0623708 0.0802584
      vertex 0.0348253 -0.0623708 0.0840769
      vertex 0.0433159 -0.0657849 0.0810385
    endloop
  endfacet
  facet normal 0.334319 0.623448 0.706784
    outer loop
      vertex 0.0408325 -0.0557227 0.0763931
      vertex 0.0331488 -0.0557227 0.0800276
      vertex 0.0420685 -0.0590062 0.0787048
    endloop
  endfacet
  facet normal 0.49378 0.869247 -0.0242897
    outer loop
      vertex 0.0789108 -0.0495276 0
      vertex 0.0787142 -0.0495276 -0.00399664
      vertex 0.0788746 -0.0495084 -4.87982e-05
    endloop
  endfacet
  facet normal 0.494185 0.869017 -0.0243137
    outer loop
      vertex 0.0785425 -0.0495192 -0.0071861
      vertex 0.0785303 -0.0495276 -0.0077343
      vertex 0.078447 -0.04948 -0.00772609
    endloop
  endfacet
  facet normal 0.494238 0.868987 -0.0243145
    outer loop
      vertex 0.0785303 -0.0495276 -0.0077343
      vertex 0.0785425 -0.0495192 -0.0071861
      vertex 0.078563 -0.0495276 -0.00706961
    endloop
  endfacet
  facet normal 0.562478 0.814711 0.140939
    outer loop
      vertex 0.0815687 -0.0525527 0.0162249
      vertex 0.0755129 -0.0495276 0.0229063
      vertex 0.0795851 -0.0525527 0.0241413
    endloop
  endfacet
  facet normal 0.736227 0.623347 0.263454
    outer loop
      vertex 0.0853996 -0.0590062 0.0259056
      vertex 0.0800276 -0.0557227 0.0331488
      vertex 0.082449 -0.0590062 0.0341511
    endloop
  endfacet
  facet normal 0.911533 -0.250545 0.326089
    outer loop
      vertex 0.0848942 -0.0692162 0.0351639
      vertex 0.0840769 -0.0726304 0.0348253
      vertex 0.0879316 -0.0692162 0.0266733
    endloop
  endfacet
  facet normal 0.876581 0.463355 0.13003
    outer loop
      vertex 0.0905657 -0.0623708 0.00891972
      vertex 0.0888128 -0.0590062 0.0087471
      vertex 0.0892553 -0.0623708 0.0177536
    endloop
  endfacet
  facet normal 0.87653 0.463442 0.130065
    outer loop
      vertex 0.0888128 -0.0590062 0.0087471
      vertex 0.0875273 -0.0590062 0.0174103
      vertex 0.0892553 -0.0623708 0.0177536
    endloop
  endfacet
  facet normal 0.781002 -0.623351 -0.038322
    outer loop
      vertex 0.089242 -0.075994 0
      vertex 0.0866213 -0.0792775 0
      vertex 0.0888128 -0.075994 -0.0087471
    endloop
  endfacet
  facet normal 0.781002 -0.623351 0.038322
    outer loop
      vertex 0.0888128 -0.075994 0.0087471
      vertex 0.0866213 -0.0792775 0
      vertex 0.089242 -0.075994 0
    endloop
  endfacet
  facet normal 0.885051 -0.463463 -0.0434304
    outer loop
      vertex 0.0910034 -0.0726304 0
      vertex 0.0888128 -0.075994 -0.0087471
      vertex 0.0905657 -0.0726304 -0.00891972
    endloop
  endfacet
  facet normal 0.989183 -0 0.146686
    outer loop
      vertex 0.0901232 -0.0692162 0.0179262
      vertex 0.0914459 -0.0657849 0.0090065
      vertex 0.0901232 -0.0657849 0.0179262
    endloop
  endfacet
  facet normal 0.989183 0 0.146686
    outer loop
      vertex 0.0914459 -0.0657849 0.0090065
      vertex 0.0901232 -0.0692162 0.0179262
      vertex 0.0914459 -0.0692162 0.0090065
    endloop
  endfacet
  facet normal 0.65609 -0.73656 0.164395
    outer loop
      vertex 0.0828915 -0.0792775 0.0251446
      vertex 0.0795851 -0.0824466 0.0241413
      vertex 0.0815687 -0.0824466 0.0162249
    endloop
  endfacet
  facet normal 0.573596 -0.814711 0.0850521
    outer loop
      vertex 0.0827665 -0.0824466 0.00815105
      vertex 0.0773945 -0.0854726 0.0153942
      vertex 0.0785303 -0.0854726 0.0077343
    endloop
  endfacet
  facet normal 0.998795 0 -0.049072
    outer loop
      vertex 0.0918884 -0.0692162 0
      vertex 0.0914459 -0.0657849 -0.0090065
      vertex 0.0918884 -0.0657849 0
    endloop
  endfacet
  facet normal 0.998795 0 -0.049072
    outer loop
      vertex 0.0914459 -0.0657849 -0.0090065
      vertex 0.0918884 -0.0692162 0
      vertex 0.0914459 -0.0692162 -0.0090065
    endloop
  endfacet
  facet normal 0.834374 -0.463393 0.298474
    outer loop
      vertex 0.0870848 -0.0726304 0.0264168
      vertex 0.0840769 -0.0726304 0.0348253
      vertex 0.0853996 -0.075994 0.0259056
    endloop
  endfacet
  facet normal 0.777563 0.250662 0.576684
    outer loop
      vertex 0.0756664 -0.0623708 0.050559
      vertex 0.0703468 -0.0623708 0.0577316
      vertex 0.0764027 -0.0657849 0.0510502
    endloop
  endfacet
  facet normal 0.859585 -0.463392 0.215363
    outer loop
      vertex 0.0870848 -0.0726304 0.0264168
      vertex 0.0853996 -0.075994 0.0259056
      vertex 0.0892553 -0.0726304 0.0177536
    endloop
  endfacet
  facet normal 0.758532 -0.623328 0.189979
    outer loop
      vertex 0.0853996 -0.075994 0.0259056
      vertex 0.0849571 -0.0792775 0.0168991
      vertex 0.0875273 -0.075994 0.0174103
    endloop
  endfacet
  facet normal 0.911532 0.250552 0.326088
    outer loop
      vertex 0.0879316 -0.0657849 0.0266733
      vertex 0.0840769 -0.0623708 0.0348253
      vertex 0.0848942 -0.0657849 0.0351639
    endloop
  endfacet
  facet normal 0.579376 -0.623389 0.525081
    outer loop
      vertex 0.068985 -0.075994 0.0566149
      vertex 0.0612507 -0.0792775 0.0612507
      vertex 0.0669594 -0.0792775 0.0549517
    endloop
  endfacet
  facet normal 0.740949 -0 0.671561
    outer loop
      vertex 0.0649748 -0.0692162 0.0649748
      vertex 0.0710306 -0.0657849 0.0582933
      vertex 0.0649748 -0.0657849 0.0649748
    endloop
  endfacet
  facet normal 0.740949 0 0.671561
    outer loop
      vertex 0.0710306 -0.0657849 0.0582933
      vertex 0.0649748 -0.0692162 0.0649748
      vertex 0.0710306 -0.0692162 0.0582933
    endloop
  endfacet
  facet normal 0.941565 -0 0.336832
    outer loop
      vertex 0.0848942 -0.0692162 0.0351639
      vertex 0.0879316 -0.0657849 0.0266733
      vertex 0.0848942 -0.0657849 0.0351639
    endloop
  endfacet
  facet normal 0.941565 0 0.336832
    outer loop
      vertex 0.0879316 -0.0657849 0.0266733
      vertex 0.0848942 -0.0692162 0.0351639
      vertex 0.0879316 -0.0692162 0.0266733
    endloop
  endfacet
  facet normal 0.736227 -0.623347 0.263454
    outer loop
      vertex 0.082449 -0.075994 0.0341511
      vertex 0.0800276 -0.0792775 0.0331488
      vertex 0.0853996 -0.075994 0.0259056
    endloop
  endfacet
  facet normal 0.801035 -0.463448 0.378891
    outer loop
      vertex 0.0802584 -0.0726304 0.0428982
      vertex 0.0787048 -0.075994 0.0420685
      vertex 0.0840769 -0.0726304 0.0348253
    endloop
  endfacet
  facet normal 0.397267 0.86912 0.294634
    outer loop
      vertex 0.0610061 -0.0494816 0.0499149
      vertex 0.0609989 -0.0495276 0.0500603
      vertex 0.0629915 -0.0495276 0.0473736
    endloop
  endfacet
  facet normal 0.39753 0.868931 0.294837
    outer loop
      vertex 0.0655114 -0.0494589 0.0437733
      vertex 0.0649526 -0.0495276 0.0447292
      vertex 0.0656118 -0.0495276 0.0438404
    endloop
  endfacet
  facet normal 0.545976 0.814709 0.195344
    outer loop
      vertex 0.0795851 -0.0525527 0.0241413
      vertex 0.0755129 -0.0495276 0.0229063
      vertex 0.0768356 -0.0525527 0.031826
    endloop
  endfacet
  facet normal 0.497698 0.250621 -0.830353
    outer loop
      vertex 0.0433159 -0.0657849 -0.0810385
      vertex 0.0428982 -0.0623708 -0.0802584
      vertex 0.0510502 -0.0657849 -0.0764027
    endloop
  endfacet
  facet normal 0.189979 0.623328 -0.758532
    outer loop
      vertex 0.0174103 -0.0590062 -0.0875273
      vertex 0.0168991 -0.0557227 -0.0849571
      vertex 0.0259056 -0.0590062 -0.0853996
    endloop
  endfacet
  facet normal 0.525081 0.623389 -0.579376
    outer loop
      vertex 0.0566149 -0.0590062 -0.068985
      vertex 0.0549517 -0.0557227 -0.0669594
      vertex 0.0612507 -0.0557227 -0.0612507
    endloop
  endfacet
  facet normal 0.427563 0 -0.903985
    outer loop
      vertex 0.0351639 -0.0692162 -0.0848942
      vertex 0.0433159 -0.0657849 -0.0810385
      vertex 0.0433159 -0.0692162 -0.0810385
    endloop
  endfacet
  facet normal 0.427563 0 -0.903985
    outer loop
      vertex 0.0433159 -0.0657849 -0.0810385
      vertex 0.0351639 -0.0692162 -0.0848942
      vertex 0.0351639 -0.0657849 -0.0848942
    endloop
  endfacet
  facet normal 0.576684 0.250662 -0.777563
    outer loop
      vertex 0.0510502 -0.0657849 -0.0764027
      vertex 0.050559 -0.0623708 -0.0756664
      vertex 0.0577316 -0.0623708 -0.0703468
    endloop
  endfacet
  facet normal 0.120157 0.869288 -0.47948
    outer loop
      vertex 0.0153942 -0.0495276 -0.0773945
      vertex 0.0153708 -0.0494595 -0.0772769
      vertex 0.0155307 -0.0494634 -0.0772439
    endloop
  endfacet
  facet normal 0.195385 0.814755 -0.545893
    outer loop
      vertex 0.031826 -0.0525527 -0.0768356
      vertex 0.0283464 -0.0495276 -0.073566
      vertex 0.0301971 -0.0495276 -0.0729036
    endloop
  endfacet
  facet normal 0.195372 0.814751 -0.545904
    outer loop
      vertex 0.0283464 -0.0495276 -0.073566
      vertex 0.031826 -0.0525527 -0.0768356
      vertex 0.0272856 -0.0496002 -0.074054
    endloop
  endfacet
  facet normal 0.195399 0.814775 -0.545859
    outer loop
      vertex 0.031826 -0.0525527 -0.0768356
      vertex 0.0251745 -0.0495276 -0.0747012
      vertex 0.027001 -0.0496196 -0.0741847
    endloop
  endfacet
  facet normal 0.195364 0.814741 -0.545921
    outer loop
      vertex 0.0251745 -0.0495276 -0.0747012
      vertex 0.031826 -0.0525527 -0.0768356
      vertex 0.0229063 -0.0495276 -0.0755129
    endloop
  endfacet
  facet normal 0.195236 0.814683 -0.546053
    outer loop
      vertex 0.0272856 -0.0496002 -0.074054
      vertex 0.031826 -0.0525527 -0.0768356
      vertex 0.027001 -0.0496196 -0.0741847
    endloop
  endfacet
  facet normal 0.164421 0.736464 -0.656191
    outer loop
      vertex 0.0251446 -0.0557227 -0.0828915
      vertex 0.0162249 -0.0525527 -0.0815687
      vertex 0.0241413 -0.0525527 -0.0795851
    endloop
  endfacet
  facet normal 0.0283938 0.814707 -0.579177
    outer loop
      vertex 0.00815105 -0.0525527 -0.0827665
      vertex 0 -0.0525527 -0.0831661
      vertex 0 -0.0495276 -0.0789108
    endloop
  endfacet
  facet normal 0.0331243 0.736459 -0.67567
    outer loop
      vertex 0.00815105 -0.0525527 -0.0827665
      vertex 0 -0.0557227 -0.0866213
      vertex 0 -0.0525527 -0.0831661
    endloop
  endfacet
  facet normal 0.57353 0.814754 -0.0850864
    outer loop
      vertex 0.0815687 -0.0525527 -0.0162249
      vertex 0.0773945 -0.0495276 -0.0153942
      vertex 0.0827665 -0.0525527 -0.00815105
    endloop
  endfacet
  facet normal 0.47948 0.869288 -0.120157
    outer loop
      vertex 0.0773945 -0.0495276 -0.0153942
      vertex 0.0772439 -0.0494634 -0.0155307
      vertex 0.0772769 -0.0494595 -0.0153708
    endloop
  endfacet
  facet normal 0.859582 0.463433 -0.215288
    outer loop
      vertex 0.0892553 -0.0623708 -0.0177536
      vertex 0.0853996 -0.0590062 -0.0259056
      vertex 0.0875273 -0.0590062 -0.0174103
    endloop
  endfacet
  facet normal 0.611576 0.736403 -0.289284
    outer loop
      vertex 0.0763931 -0.0557227 -0.0408325
      vertex 0.0733461 -0.0525527 -0.0392046
      vertex 0.0800276 -0.0557227 -0.0331488
    endloop
  endfacet
  facet normal 0.447306 0.869003 -0.211544
    outer loop
      vertex 0.0729036 -0.0495276 -0.0301971
      vertex 0.0720624 -0.0495276 -0.0319758
      vertex 0.0727663 -0.0494431 -0.0301403
    endloop
  endfacet
  facet normal 0.447358 0.868966 -0.211587
    outer loop
      vertex 0.0695925 -0.0495276 -0.0371981
      vertex 0.0695581 -0.0494534 -0.0369661
      vertex 0.0706214 -0.0495276 -0.0350227
    endloop
  endfacet
  facet normal 0.543317 0.736503 -0.402952
    outer loop
      vertex 0.0720234 -0.0557227 -0.0481243
      vertex 0.0642881 -0.0525527 -0.0527601
      vertex 0.06915 -0.0525527 -0.0462046
    endloop
  endfacet
  facet normal 0.345427 0.814712 -0.465753
    outer loop
      vertex 0.0462046 -0.0525527 -0.06915
      vertex 0.0438404 -0.0495276 -0.0656118
      vertex 0.0527601 -0.0525527 -0.0642881
    endloop
  endfacet
  facet normal 0.402997 0.736469 -0.54333
    outer loop
      vertex 0.0549517 -0.0557227 -0.0669594
      vertex 0.0481243 -0.0557227 -0.0720234
      vertex 0.0527601 -0.0525527 -0.0642881
    endloop
  endfacet
  facet normal 0.465813 0.623385 -0.62802
    outer loop
      vertex 0.0495806 -0.0590062 -0.0742025
      vertex 0.0481243 -0.0557227 -0.0720234
      vertex 0.0549517 -0.0557227 -0.0669594
    endloop
  endfacet
  facet normal 0.331613 0.869374 -0.366364
    outer loop
      vertex 0.0500603 -0.0495276 -0.0609989
      vertex 0.0500071 -0.04948 -0.0609341
      vertex 0.0500912 -0.0494873 -0.0608753
    endloop
  endfacet
  facet normal 0.345431 0.814706 -0.465758
    outer loop
      vertex 0.0527601 -0.0525527 -0.0642881
      vertex 0.0473736 -0.0495276 -0.0629915
      vertex 0.0500603 -0.0495276 -0.0609989
    endloop
  endfacet
  facet normal 0.345419 0.814696 -0.465787
    outer loop
      vertex 0.0527601 -0.0525527 -0.0642881
      vertex 0.0455141 -0.0495765 -0.064456
      vertex 0.0473736 -0.0495276 -0.0629915
    endloop
  endfacet
  facet normal 0.345436 0.814745 -0.465688
    outer loop
      vertex 0.0527601 -0.0525527 -0.0642881
      vertex 0.0452682 -0.0495829 -0.0646496
      vertex 0.0455141 -0.0495765 -0.064456
    endloop
  endfacet
  facet normal 0.345403 0.814634 -0.465906
    outer loop
      vertex 0.0527601 -0.0525527 -0.0642881
      vertex 0.0449943 -0.0495549 -0.0648037
      vertex 0.0452682 -0.0495829 -0.0646496
    endloop
  endfacet
  facet normal 0.345428 0.814731 -0.465718
    outer loop
      vertex 0.0438404 -0.0495276 -0.0656118
      vertex 0.0449943 -0.0495549 -0.0648037
      vertex 0.0527601 -0.0525527 -0.0642881
    endloop
  endfacet
  facet normal 0.34561 0.8145 -0.465986
    outer loop
      vertex 0.0449943 -0.0495549 -0.0648037
      vertex 0.0438404 -0.0495276 -0.0656118
      vertex 0.0447292 -0.0495276 -0.0649526
    endloop
  endfacet
  facet normal 0.389407 0.814709 -0.429665
    outer loop
      vertex 0.0527601 -0.0525527 -0.0642881
      vertex 0.0500603 -0.0495276 -0.0609989
      vertex 0.0588074 -0.0525527 -0.0588074
    endloop
  endfacet
  facet normal 0.706784 0.623448 -0.334319
    outer loop
      vertex 0.0787048 -0.0590062 -0.0420685
      vertex 0.0763931 -0.0557227 -0.0408325
      vertex 0.0800276 -0.0557227 -0.0331488
    endloop
  endfacet
  facet normal 0.801086 0.46334 -0.378916
    outer loop
      vertex 0.0802584 -0.0623708 -0.0428982
      vertex 0.0787048 -0.0590062 -0.0420685
      vertex 0.0840769 -0.0623708 -0.0348253
    endloop
  endfacet
  facet normal 0.50124 0.736472 -0.454277
    outer loop
      vertex 0.0612507 -0.0557227 -0.0612507
      vertex 0.0588074 -0.0525527 -0.0588074
      vertex 0.0642881 -0.0525527 -0.0527601
    endloop
  endfacet
  facet normal 0.497324 0.814768 -0.298031
    outer loop
      vertex 0.0733461 -0.0525527 -0.0392046
      vertex 0.0688047 -0.0495276 -0.0385127
      vertex 0.0695925 -0.0495276 -0.0371981
    endloop
  endfacet
  facet normal 0.497316 0.814763 -0.298058
    outer loop
      vertex 0.0733461 -0.0525527 -0.0392046
      vertex 0.0683627 -0.0496075 -0.0394686
      vertex 0.0688047 -0.0495276 -0.0385127
    endloop
  endfacet
  facet normal 0.49732 0.814771 -0.298028
    outer loop
      vertex 0.0733461 -0.0525527 -0.0392046
      vertex 0.0670845 -0.0495276 -0.0413831
      vertex 0.0683627 -0.0496075 -0.0394686
    endloop
  endfacet
  facet normal 0.497323 0.81476 -0.298054
    outer loop
      vertex 0.0670845 -0.0495276 -0.0413831
      vertex 0.0733461 -0.0525527 -0.0392046
      vertex 0.0656118 -0.0495276 -0.0438404
    endloop
  endfacet
  facet normal 0.711832 0.463229 -0.527934
    outer loop
      vertex 0.0756664 -0.0623708 -0.050559
      vertex 0.0703468 -0.0623708 -0.0577316
      vertex 0.0742025 -0.0590062 -0.0495806
    endloop
  endfacet
  facet normal 0.777563 0.250662 -0.576684
    outer loop
      vertex 0.0764027 -0.0657849 -0.0510502
      vertex 0.0703468 -0.0623708 -0.0577316
      vertex 0.0756664 -0.0623708 -0.050559
    endloop
  endfacet
  facet normal 0.717311 0.250571 -0.650137
    outer loop
      vertex 0.0649748 -0.0657849 -0.0649748
      vertex 0.0643492 -0.0623708 -0.0643492
      vertex 0.0710306 -0.0657849 -0.0582933
    endloop
  endfacet
  facet normal 0.628022 0.62338 -0.465818
    outer loop
      vertex 0.068985 -0.0590062 -0.0566149
      vertex 0.0669594 -0.0557227 -0.0549517
      vertex 0.0742025 -0.0590062 -0.0495806
    endloop
  endfacet
  facet normal 0.859527 -0.463541 -0.215274
    outer loop
      vertex 0.0875273 -0.075994 -0.0174103
      vertex 0.0853996 -0.075994 -0.0259056
      vertex 0.0892553 -0.0726304 -0.0177536
    endloop
  endfacet
  facet normal 0.670658 -0.623453 -0.4019
    outer loop
      vertex 0.0763931 -0.0792775 -0.0408325
      vertex 0.0720234 -0.0792775 -0.0481243
      vertex 0.0787048 -0.075994 -0.0420685
    endloop
  endfacet
  facet normal 0.758532 -0.623328 -0.189979
    outer loop
      vertex 0.0875273 -0.075994 -0.0174103
      vertex 0.0849571 -0.0792775 -0.0168991
      vertex 0.0853996 -0.075994 -0.0259056
    endloop
  endfacet
  facet normal 0.497451 -0.81463 -0.298194
    outer loop
      vertex 0.0733461 -0.0824466 -0.0392046
      vertex 0.0656118 -0.0854726 -0.0438404
      vertex 0.06915 -0.0824466 -0.0462046
    endloop
  endfacet
  facet normal 0.75847 -0.623394 -0.190006
    outer loop
      vertex 0.0849571 -0.0792775 -0.0168991
      vertex 0.0828915 -0.0792775 -0.0251446
      vertex 0.0853996 -0.075994 -0.0259056
    endloop
  endfacet
  facet normal 0.656144 -0.736517 -0.164372
    outer loop
      vertex 0.0849571 -0.0792775 -0.0168991
      vertex 0.0815687 -0.0824466 -0.0162249
      vertex 0.0828915 -0.0792775 -0.0251446
    endloop
  endfacet
  facet normal 0.970016 0 -0.243039
    outer loop
      vertex 0.0901232 -0.0692162 -0.0179262
      vertex 0.0879316 -0.0657849 -0.0266733
      vertex 0.0901232 -0.0657849 -0.0179262
    endloop
  endfacet
  facet normal 0.970016 0 -0.243039
    outer loop
      vertex 0.0879316 -0.0657849 -0.0266733
      vertex 0.0901232 -0.0692162 -0.0179262
      vertex 0.0879316 -0.0692162 -0.0266733
    endloop
  endfacet
  facet normal 0.830329 -0.250673 -0.497712
    outer loop
      vertex 0.0802584 -0.0726304 -0.0428982
      vertex 0.0756664 -0.0726304 -0.050559
      vertex 0.0764027 -0.0692162 -0.0510502
    endloop
  endfacet
  facet normal 0.875152 -0.250547 -0.413926
    outer loop
      vertex 0.0840769 -0.0726304 -0.0348253
      vertex 0.0810385 -0.0692162 -0.0433159
      vertex 0.0848942 -0.0692162 -0.0351639
    endloop
  endfacet
  facet normal 0.389476 -0.814703 -0.429612
    outer loop
      vertex 0.0557976 -0.0854726 -0.0557976
      vertex 0.0500603 -0.0854726 -0.0609989
      vertex 0.0588074 -0.0824466 -0.0588074
    endloop
  endfacet
  facet normal 0.527906 -0.463416 -0.71173
    outer loop
      vertex 0.0566149 -0.075994 -0.068985
      vertex 0.0495806 -0.075994 -0.0742025
      vertex 0.0577316 -0.0726304 -0.0703468
    endloop
  endfacet
  facet normal 0.227853 -0.736562 -0.636836
    outer loop
      vertex 0.031826 -0.0824466 -0.0768356
      vertex 0.0241413 -0.0824466 -0.0795851
      vertex 0.0251446 -0.0792775 -0.0828915
    endloop
  endfacet
  facet normal 0.347713 -0.736493 -0.580236
    outer loop
      vertex 0.0481243 -0.0792775 -0.0720234
      vertex 0.0392046 -0.0824466 -0.0733461
      vertex 0.0408325 -0.0792775 -0.0763931
    endloop
  endfacet
  facet normal 0.397426 -0.86901 -0.294745
    outer loop
      vertex 0.0614414 -0.088325 -0.0410538
      vertex 0.0609989 -0.0854726 -0.0500603
      vertex 0.0656118 -0.0854726 -0.0438404
    endloop
  endfacet
  facet normal 0.380206 -0.907249 -0.179842
    outer loop
      vertex 0.0682697 -0.088325 -0.0282784
      vertex 0.0601177 -0.0909772 -0.0321331
      vertex 0.0651693 -0.088325 -0.034833
    endloop
  endfacet
  facet normal 0.424411 -0.869016 -0.254334
    outer loop
      vertex 0.0651693 -0.088325 -0.034833
      vertex 0.0614414 -0.088325 -0.0410538
      vertex 0.0695925 -0.0854726 -0.0371981
    endloop
  endfacet
  facet normal 0.360774 -0.907248 -0.216199
    outer loop
      vertex 0.0651693 -0.088325 -0.034833
      vertex 0.0601177 -0.0909772 -0.0321331
      vertex 0.0614414 -0.088325 -0.0410538
    endloop
  endfacet
  facet normal 0.87513 0.250605 -0.413938
    outer loop
      vertex 0.0810385 -0.0657849 -0.0433159
      vertex 0.0802584 -0.0623708 -0.0428982
      vertex 0.0840769 -0.0623708 -0.0348253
    endloop
  endfacet
  facet normal 0.611537 0.736465 -0.289209
    outer loop
      vertex 0.0800276 -0.0557227 -0.0331488
      vertex 0.0733461 -0.0525527 -0.0392046
      vertex 0.0768356 -0.0525527 -0.031826
    endloop
  endfacet
  facet normal 0.875151 0.250554 -0.413925
    outer loop
      vertex 0.0848942 -0.0657849 -0.0351639
      vertex 0.0810385 -0.0657849 -0.0433159
      vertex 0.0840769 -0.0623708 -0.0348253
    endloop
  endfacet
  facet normal 0.885108 0.463355 0.0434332
    outer loop
      vertex 0.0910034 -0.0623708 0
      vertex 0.0888128 -0.0590062 0.0087471
      vertex 0.0905657 -0.0623708 0.00891972
    endloop
  endfacet
  facet normal 0.96695 0.2505 -0.0475074
    outer loop
      vertex 0.0914459 -0.0657849 -0.0090065
      vertex 0.0905657 -0.0623708 -0.00891972
      vertex 0.0918884 -0.0657849 0
    endloop
  endfacet
  facet normal -0.63694 0.736458 -0.227897
    outer loop
      vertex -0.0800276 -0.0557227 -0.0331488
      vertex -0.0828915 -0.0557227 -0.0251446
      vertex -0.0768356 -0.0525527 -0.031826
    endloop
  endfacet
  facet normal -0.424419 0.869017 -0.254317
    outer loop
      vertex -0.0693896 -0.0494566 -0.0372941
      vertex -0.0695925 -0.0495276 -0.0371981
      vertex -0.0694677 -0.0494471 -0.0371313
    endloop
  endfacet
  facet normal -0.579177 0.814707 0.0283938
    outer loop
      vertex -0.0789108 -0.0495276 0
      vertex -0.0831661 -0.0525527 0
      vertex -0.0827665 -0.0525527 0.00815105
    endloop
  endfacet
  facet normal -0.211613 0.869005 -0.447269
    outer loop
      vertex -0.0369661 -0.0494534 -0.0695581
      vertex -0.0371981 -0.0495276 -0.0695925
      vertex -0.0371313 -0.0494471 -0.0694677
    endloop
  endfacet
  facet normal -0.834428 0.463285 -0.298493
    outer loop
      vertex -0.0840769 -0.0623708 -0.0348253
      vertex -0.0870848 -0.0623708 -0.0264168
      vertex -0.0853996 -0.0590062 -0.0259056
    endloop
  endfacet
  facet normal -0.636934 0.736466 -0.227888
    outer loop
      vertex -0.0768356 -0.0525527 -0.031826
      vertex -0.0828915 -0.0557227 -0.0251446
      vertex -0.0795851 -0.0525527 -0.0241413
    endloop
  endfacet
  facet normal -0.941565 0 -0.336832
    outer loop
      vertex -0.0848942 -0.0692162 -0.0351639
      vertex -0.0879316 -0.0657849 -0.0266733
      vertex -0.0848942 -0.0657849 -0.0351639
    endloop
  endfacet
  facet normal -0.941565 -0 -0.336832
    outer loop
      vertex -0.0879316 -0.0657849 -0.0266733
      vertex -0.0848942 -0.0692162 -0.0351639
      vertex -0.0879316 -0.0692162 -0.0266733
    endloop
  endfacet
  facet normal -0.875152 -0.250547 -0.413926
    outer loop
      vertex -0.0840769 -0.0726304 -0.0348253
      vertex -0.0848942 -0.0692162 -0.0351639
      vertex -0.0810385 -0.0692162 -0.0433159
    endloop
  endfacet
  facet normal -0.656191 0.736464 -0.164421
    outer loop
      vertex -0.0795851 -0.0525527 -0.0241413
      vertex -0.0828915 -0.0557227 -0.0251446
      vertex -0.0815687 -0.0525527 -0.0162249
    endloop
  endfacet
  facet normal -0.497324 0.814768 -0.298031
    outer loop
      vertex -0.0688047 -0.0495276 -0.0385127
      vertex -0.0733461 -0.0525527 -0.0392046
      vertex -0.0695925 -0.0495276 -0.0371981
    endloop
  endfacet
  facet normal -0.497316 0.814763 -0.298058
    outer loop
      vertex -0.0683627 -0.0496075 -0.0394686
      vertex -0.0733461 -0.0525527 -0.0392046
      vertex -0.0688047 -0.0495276 -0.0385127
    endloop
  endfacet
  facet normal -0.49732 0.814771 -0.298028
    outer loop
      vertex -0.0670845 -0.0495276 -0.0413831
      vertex -0.0733461 -0.0525527 -0.0392046
      vertex -0.0683627 -0.0496075 -0.0394686
    endloop
  endfacet
  facet normal -0.497323 0.81476 -0.298054
    outer loop
      vertex -0.0733461 -0.0525527 -0.0392046
      vertex -0.0670845 -0.0495276 -0.0413831
      vertex -0.0656118 -0.0495276 -0.0438404
    endloop
  endfacet
  facet normal -0.885105 0.463361 -0.0434301
    outer loop
      vertex -0.0888128 -0.0590062 -0.0087471
      vertex -0.0910034 -0.0623708 0
      vertex -0.089242 -0.0590062 0
    endloop
  endfacet
  facet normal -0.675731 0.736402 0.0331752
    outer loop
      vertex -0.0827665 -0.0525527 0.00815105
      vertex -0.0866213 -0.0557227 0
      vertex -0.0862045 -0.0557227 0.00848961
    endloop
  endfacet
  facet normal -0.801049 0.463481 -0.378822
    outer loop
      vertex -0.0787048 -0.0590062 -0.0420685
      vertex -0.0840769 -0.0623708 -0.0348253
      vertex -0.082449 -0.0590062 -0.0341511
    endloop
  endfacet
  facet normal -0.760141 0.463226 -0.45564
    outer loop
      vertex -0.0756664 -0.0623708 -0.050559
      vertex -0.0802584 -0.0623708 -0.0428982
      vertex -0.0742025 -0.0590062 -0.0495806
    endloop
  endfacet
  facet normal -0.957646 -0.250496 -0.142009
    outer loop
      vertex -0.0905657 -0.0726304 -0.00891972
      vertex -0.0914459 -0.0692162 -0.0090065
      vertex -0.0901232 -0.0692162 -0.0179262
    endloop
  endfacet
  facet normal -0.939069 -0.250586 -0.235277
    outer loop
      vertex -0.0870848 -0.0726304 -0.0264168
      vertex -0.0892553 -0.0726304 -0.0177536
      vertex -0.0879316 -0.0692162 -0.0266733
    endloop
  endfacet
  facet normal -0.939062 -0.250607 -0.235284
    outer loop
      vertex -0.0892553 -0.0726304 -0.0177536
      vertex -0.0901232 -0.0692162 -0.0179262
      vertex -0.0879316 -0.0692162 -0.0266733
    endloop
  endfacet
  facet normal -0.939068 0.250593 -0.235276
    outer loop
      vertex -0.0879316 -0.0657849 -0.0266733
      vertex -0.0892553 -0.0623708 -0.0177536
      vertex -0.0870848 -0.0623708 -0.0264168
    endloop
  endfacet
  facet normal -0.911528 0.250584 -0.326073
    outer loop
      vertex -0.0840769 -0.0623708 -0.0348253
      vertex -0.0879316 -0.0657849 -0.0266733
      vertex -0.0870848 -0.0623708 -0.0264168
    endloop
  endfacet
  facet normal -0.903985 0 -0.427563
    outer loop
      vertex -0.0810385 -0.0692162 -0.0433159
      vertex -0.0848942 -0.0657849 -0.0351639
      vertex -0.0810385 -0.0657849 -0.0433159
    endloop
  endfacet
  facet normal -0.903985 -0 -0.427563
    outer loop
      vertex -0.0848942 -0.0657849 -0.0351639
      vertex -0.0810385 -0.0692162 -0.0433159
      vertex -0.0848942 -0.0692162 -0.0351639
    endloop
  endfacet
  facet normal -0.91153 -0.250577 -0.326074
    outer loop
      vertex -0.0870848 -0.0726304 -0.0264168
      vertex -0.0879316 -0.0692162 -0.0266733
      vertex -0.0840769 -0.0726304 -0.0348253
    endloop
  endfacet
  facet normal -0.876525 -0.463463 0.130022
    outer loop
      vertex -0.0892553 -0.0726304 0.0177536
      vertex -0.0905657 -0.0726304 0.00891972
      vertex -0.0888128 -0.075994 0.0087471
    endloop
  endfacet
  facet normal -0.780974 -0.623386 -0.0383422
    outer loop
      vertex -0.0866213 -0.0792775 0
      vertex -0.0888128 -0.075994 -0.0087471
      vertex -0.0862045 -0.0792775 -0.00848961
    endloop
  endfacet
  facet normal -0.939068 0.250593 0.235276
    outer loop
      vertex -0.0870848 -0.0623708 0.0264168
      vertex -0.0892553 -0.0623708 0.0177536
      vertex -0.0879316 -0.0657849 0.0266733
    endloop
  endfacet
  facet normal -0.93906 0.250614 0.235283
    outer loop
      vertex -0.0892553 -0.0623708 0.0177536
      vertex -0.0901232 -0.0657849 0.0179262
      vertex -0.0879316 -0.0657849 0.0266733
    endloop
  endfacet
  facet normal -0.543233 -0.736598 0.40289
    outer loop
      vertex -0.0642881 -0.0824466 0.0527601
      vertex -0.0720234 -0.0792775 0.0481243
      vertex -0.06915 -0.0824466 0.0462046
    endloop
  endfacet
  facet normal -0.781002 -0.623351 0.038322
    outer loop
      vertex -0.0888128 -0.075994 0.0087471
      vertex -0.089242 -0.075994 0
      vertex -0.0866213 -0.0792775 0
    endloop
  endfacet
  facet normal -0.628022 -0.62338 0.465818
    outer loop
      vertex -0.068985 -0.075994 0.0566149
      vertex -0.0742025 -0.075994 0.0495806
      vertex -0.0669594 -0.0792775 0.0549517
    endloop
  endfacet
  facet normal -0.773445 -0.623395 -0.114727
    outer loop
      vertex -0.0862045 -0.0792775 -0.00848961
      vertex -0.0888128 -0.075994 -0.0087471
      vertex -0.0849571 -0.0792775 -0.0168991
    endloop
  endfacet
  facet normal -0.911533 -0.250545 -0.326089
    outer loop
      vertex -0.0840769 -0.0726304 -0.0348253
      vertex -0.0879316 -0.0692162 -0.0266733
      vertex -0.0848942 -0.0692162 -0.0351639
    endloop
  endfacet
  facet normal -0.34773 -0.736601 -0.580088
    outer loop
      vertex -0.0462046 -0.0824466 -0.06915
      vertex -0.0481243 -0.0792775 -0.0720234
      vertex -0.0392046 -0.0824466 -0.0733461
    endloop
  endfacet
  facet normal -0.424416 -0.869009 -0.254351
    outer loop
      vertex -0.0614414 -0.088325 -0.0410538
      vertex -0.0695925 -0.0854726 -0.0371981
      vertex -0.0656118 -0.0854726 -0.0438404
    endloop
  endfacet
  facet normal -0.19541 -0.814673 -0.546006
    outer loop
      vertex -0.0301971 -0.0854726 -0.0729036
      vertex -0.031826 -0.0824466 -0.0768356
      vertex -0.0229063 -0.0854726 -0.0755129
    endloop
  endfacet
  facet normal -0.298194 -0.81463 -0.497451
    outer loop
      vertex -0.0438404 -0.0854726 -0.0656118
      vertex -0.0462046 -0.0824466 -0.06915
      vertex -0.0392046 -0.0824466 -0.0733461
    endloop
  endfacet
  facet normal -0.282413 -0.90725 -0.311674
    outer loop
      vertex -0.0432444 -0.0909772 -0.0526934
      vertex -0.0482016 -0.0909772 -0.0482016
      vertex -0.0468779 -0.088325 -0.0571213
    endloop
  endfacet
  facet normal -0.31168 -0.907213 -0.282525
    outer loop
      vertex -0.0482016 -0.0909772 -0.0482016
      vertex -0.0571213 -0.088325 -0.0468779
      vertex -0.0522509 -0.088325 -0.0522509
    endloop
  endfacet
  facet normal -0.182557 -0.969163 -0.165517
    outer loop
      vertex -0.0334435 -0.097486 -0.0334435
      vertex -0.0423641 -0.0955796 -0.0347672
      vertex -0.0387516 -0.0955796 -0.0387516
    endloop
  endfacet
  facet normal -0.285628 -0.934634 -0.211838
    outer loop
      vertex -0.0513706 -0.0934033 -0.0343246
      vertex -0.0566788 -0.0909772 -0.0378714
      vertex -0.0477591 -0.0934033 -0.0391941
    endloop
  endfacet
  facet normal -0.102476 -0.97994 -0.170925
    outer loop
      vertex -0.0218525 -0.0991034 -0.0327053
      vertex -0.0262766 -0.097486 -0.0393257
      vertex -0.0185423 -0.0991034 -0.0346899
    endloop
  endfacet
  facet normal -0.177538 -0.954556 -0.23938
    outer loop
      vertex -0.0347672 -0.0955796 -0.0423641
      vertex -0.0391941 -0.0934033 -0.0477591
      vertex -0.0343246 -0.0934033 -0.0513706
    endloop
  endfacet
  facet normal -0.424411 -0.869016 -0.254334
    outer loop
      vertex -0.0651693 -0.088325 -0.034833
      vertex -0.0695925 -0.0854726 -0.0371981
      vertex -0.0614414 -0.088325 -0.0410538
    endloop
  endfacet
  facet normal -0.360774 -0.907248 -0.216199
    outer loop
      vertex -0.0601177 -0.0909772 -0.0321331
      vertex -0.0651693 -0.088325 -0.034833
      vertex -0.0614414 -0.088325 -0.0410538
    endloop
  endfacet
  facet normal -0.35174 -0.934641 0.0521921
    outer loop
      vertex -0.0605955 -0.0934033 0.0120525
      vertex -0.0668573 -0.0909772 0.013298
      vertex -0.0614853 -0.0934033 0.00605583
    endloop
  endfacet
  facet normal -0.416073 -0.907233 0.0617309
    outer loop
      vertex -0.0724745 -0.088325 0.0144157
      vertex -0.0735388 -0.088325 0.0072422
      vertex -0.0668573 -0.0909772 0.013298
    endloop
  endfacet
  facet normal -0.355192 -0.934631 -0.0174368
    outer loop
      vertex -0.0617828 -0.0934033 0
      vertex -0.0681667 -0.0909772 0
      vertex -0.0678387 -0.0909772 -0.00668144
    endloop
  endfacet
  facet normal -0.573596 -0.814711 -0.0850521
    outer loop
      vertex -0.0785303 -0.0854726 -0.0077343
      vertex -0.0827665 -0.0824466 -0.00815105
      vertex -0.0773945 -0.0854726 -0.0153942
    endloop
  endfacet
  facet normal -0.543246 -0.736564 0.402935
    outer loop
      vertex -0.0669594 -0.0792775 0.0549517
      vertex -0.0720234 -0.0792775 0.0481243
      vertex -0.0642881 -0.0824466 0.0527601
    endloop
  endfacet
  facet normal -0.366571 -0.869014 0.332325
    outer loop
      vertex -0.0557976 -0.0854726 0.0557976
      vertex -0.0609989 -0.0854726 0.0500603
      vertex -0.0522509 -0.088325 0.0522509
    endloop
  endfacet
  facet normal -0.447277 -0.869013 0.211567
    outer loop
      vertex -0.0651693 -0.088325 0.034833
      vertex -0.0695925 -0.0854726 0.0371981
      vertex -0.0682697 -0.088325 0.0282784
    endloop
  endfacet
  facet normal -0.494199 -0.869009 0.0243128
    outer loop
      vertex -0.0785303 -0.0854726 0.0077343
      vertex -0.0789108 -0.0854726 0
      vertex -0.0735388 -0.088325 0.0072422
    endloop
  endfacet
  facet normal -0.220824 -0.954555 0.200152
    outer loop
      vertex -0.0436869 -0.0934033 0.0436869
      vertex -0.0477591 -0.0934033 0.0391941
      vertex -0.0423641 -0.0955796 0.0347672
    endloop
  endfacet
  facet normal -0.355192 -0.934631 0.0174368
    outer loop
      vertex -0.0678387 -0.0909772 0.00668144
      vertex -0.0681667 -0.0909772 0
      vertex -0.0617828 -0.0934033 0
    endloop
  endfacet
  facet normal -0.200162 -0.954566 0.220769
    outer loop
      vertex -0.0347672 -0.0955796 0.0423641
      vertex -0.0436869 -0.0934033 0.0436869
      vertex -0.0387516 -0.0955796 0.0387516
    endloop
  endfacet
  facet normal -0.182803 -0.934632 0.305034
    outer loop
      vertex -0.0321331 -0.0909772 0.0601177
      vertex -0.0378714 -0.0909772 0.0566788
      vertex -0.0291243 -0.0934033 0.0544872
    endloop
  endfacet
  facet normal -0.0665348 -0.987817 0.140681
    outer loop
      vertex -0.0118599 -0.100416 0.0286341
      vertex -0.0150528 -0.0991034 0.0363407
      vertex -0.0146103 -0.100416 0.0273333
    endloop
  endfacet
  facet normal -0.211838 -0.934634 0.285628
    outer loop
      vertex -0.0378714 -0.0909772 0.0566788
      vertex -0.0391941 -0.0934033 0.0477591
      vertex -0.0343246 -0.0934033 0.0513706
    endloop
  endfacet
  facet normal -0.222742 -0.969164 0.105387
    outer loop
      vertex -0.0483322 -0.0955796 0.0258341
      vertex -0.0506325 -0.0955796 0.0209723
      vertex -0.0417118 -0.097486 0.022295
    endloop
  endfacet
  facet normal -0.334844 -0.934625 0.119814
    outer loop
      vertex -0.0570803 -0.0934033 0.0236425
      vertex -0.0629778 -0.0909772 0.0260859
      vertex -0.059123 -0.0934033 0.0179338
    endloop
  endfacet
  facet normal -0.155429 -0.987817 0.00766542
    outer loop
      vertex -0.0308437 -0.100416 0.00303745
      vertex -0.0391455 -0.0991034 0.00385475
      vertex -0.0309935 -0.100416 0
    endloop
  endfacet
  facet normal -0.243759 -0.969162 0.0361525
    outer loop
      vertex -0.0463886 -0.097486 0.0092268
      vertex -0.053751 -0.0955796 0.0106916
      vertex -0.0470695 -0.097486 0.00463581
    endloop
  endfacet
  facet normal -0.141689 -0.907257 0.395992
    outer loop
      vertex -0.02145 -0.088325 0.070713
      vertex -0.0260859 -0.0909772 0.0629778
      vertex -0.0197878 -0.0909772 0.0652313
    endloop
  endfacet
  facet normal -0.247929 -0.814674 0.52425
    outer loop
      vertex -0.031826 -0.0824466 0.0768356
      vertex -0.0392046 -0.0824466 0.0733461
      vertex -0.0301971 -0.0854726 0.0729036
    endloop
  endfacet
  facet normal -0.378891 -0.463448 0.801035
    outer loop
      vertex -0.0348253 -0.0726304 0.0840769
      vertex -0.0428982 -0.0726304 0.0802584
      vertex -0.0420685 -0.075994 0.0787048
    endloop
  endfacet
  facet normal 0.0434301 0.463361 0.885105
    outer loop
      vertex 0 -0.0590062 0.089242
      vertex 0 -0.0623708 0.0910034
      vertex 0.0087471 -0.0590062 0.0888128
    endloop
  endfacet
  facet normal -0.413926 -0.250547 0.875152
    outer loop
      vertex -0.0351639 -0.0692162 0.0848942
      vertex -0.0433159 -0.0692162 0.0810385
      vertex -0.0348253 -0.0726304 0.0840769
    endloop
  endfacet
  facet normal -0.455541 -0.463435 0.760072
    outer loop
      vertex -0.0428982 -0.0726304 0.0802584
      vertex -0.0495806 -0.075994 0.0742025
      vertex -0.0420685 -0.075994 0.0787048
    endloop
  endfacet
  facet normal -0.235283 0.250614 0.93906
    outer loop
      vertex -0.0177536 -0.0623708 0.0892553
      vertex -0.0266733 -0.0657849 0.0879316
      vertex -0.0179262 -0.0657849 0.0901232
    endloop
  endfacet
  facet normal -0.326089 -0.250545 0.911533
    outer loop
      vertex -0.0266733 -0.0692162 0.0879316
      vertex -0.0351639 -0.0692162 0.0848942
      vertex -0.0348253 -0.0726304 0.0840769
    endloop
  endfacet
  facet normal -0.289209 0.736465 0.611537
    outer loop
      vertex -0.031826 -0.0525527 0.0768356
      vertex -0.0392046 -0.0525527 0.0733461
      vertex -0.0331488 -0.0557227 0.0800276
    endloop
  endfacet
  facet normal -0.595126 0.463294 0.656646
    outer loop
      vertex -0.0566149 -0.0590062 0.068985
      vertex -0.0643492 -0.0623708 0.0643492
      vertex -0.0577316 -0.0623708 0.0703468
    endloop
  endfacet
  facet normal -0.345494 -0.814625 0.465854
    outer loop
      vertex -0.0438404 -0.0854726 0.0656118
      vertex -0.0527601 -0.0824466 0.0642881
      vertex -0.0500603 -0.0854726 0.0609989
    endloop
  endfacet
  facet normal -0.294745 -0.86901 0.397426
    outer loop
      vertex -0.0438404 -0.0854726 0.0656118
      vertex -0.0500603 -0.0854726 0.0609989
      vertex -0.0410538 -0.088325 0.0614414
    endloop
  endfacet
  facet normal -0.402935 -0.736564 0.543246
    outer loop
      vertex -0.0481243 -0.0792775 0.0720234
      vertex -0.0549517 -0.0792775 0.0669594
      vertex -0.0527601 -0.0824466 0.0642881
    endloop
  endfacet
  facet normal -0.189979 -0.623328 0.758532
    outer loop
      vertex -0.0174103 -0.075994 0.0875273
      vertex -0.0259056 -0.075994 0.0853996
      vertex -0.0168991 -0.0792775 0.0849571
    endloop
  endfacet
  facet normal 0.227853 -0.736562 0.636836
    outer loop
      vertex 0.0251446 -0.0792775 0.0828915
      vertex 0.0241413 -0.0824466 0.0795851
      vertex 0.031826 -0.0824466 0.0768356
    endloop
  endfacet
  facet normal 0.0331701 -0.736497 0.675627
    outer loop
      vertex 0.00848961 -0.0792775 0.0862045
      vertex 0 -0.0792775 0.0866213
      vertex 0.00815105 -0.0824466 0.0827665
    endloop
  endfacet
  facet normal 0.247929 -0.814674 0.52425
    outer loop
      vertex 0.031826 -0.0824466 0.0768356
      vertex 0.0301971 -0.0854726 0.0729036
      vertex 0.0392046 -0.0824466 0.0733461
    endloop
  endfacet
  facet normal 0.140967 -0.81463 0.562589
    outer loop
      vertex 0.0241413 -0.0824466 0.0795851
      vertex 0.0162249 -0.0824466 0.0815687
      vertex 0.0229063 -0.0854726 0.0755129
    endloop
  endfacet
  facet normal 0.263412 -0.623396 0.736201
    outer loop
      vertex 0.0259056 -0.075994 0.0853996
      vertex 0.0251446 -0.0792775 0.0828915
      vertex 0.0331488 -0.0792775 0.0800276
    endloop
  endfacet
  facet normal 0.195383 -0.814627 0.546084
    outer loop
      vertex 0.0241413 -0.0824466 0.0795851
      vertex 0.0229063 -0.0854726 0.0755129
      vertex 0.031826 -0.0824466 0.0768356
    endloop
  endfacet
  facet normal -0.0283994 -0.814626 0.579291
    outer loop
      vertex 0 -0.0824466 0.0831661
      vertex -0.00815105 -0.0824466 0.0827665
      vertex 0 -0.0854726 0.0789108
    endloop
  endfacet
  facet normal -0.190006 -0.623394 0.75847
    outer loop
      vertex -0.0168991 -0.0792775 0.0849571
      vertex -0.0259056 -0.075994 0.0853996
      vertex -0.0251446 -0.0792775 0.0828915
    endloop
  endfacet
  facet normal 0.0331192 -0.736555 0.675566
    outer loop
      vertex 0 -0.0792775 0.0866213
      vertex 0 -0.0824466 0.0831661
      vertex 0.00815105 -0.0824466 0.0827665
    endloop
  endfacet
  facet normal -0.195383 -0.814627 0.546084
    outer loop
      vertex -0.0241413 -0.0824466 0.0795851
      vertex -0.031826 -0.0824466 0.0768356
      vertex -0.0229063 -0.0854726 0.0755129
    endloop
  endfacet
  facet normal -0.298474 -0.463393 0.834374
    outer loop
      vertex -0.0264168 -0.0726304 0.0870848
      vertex -0.0348253 -0.0726304 0.0840769
      vertex -0.0259056 -0.075994 0.0853996
    endloop
  endfacet
  facet normal -0.215274 -0.463541 0.859527
    outer loop
      vertex -0.0177536 -0.0726304 0.0892553
      vertex -0.0259056 -0.075994 0.0853996
      vertex -0.0174103 -0.075994 0.0875273
    endloop
  endfacet
  facet normal -0.263454 -0.623347 0.736227
    outer loop
      vertex -0.0259056 -0.075994 0.0853996
      vertex -0.0341511 -0.075994 0.082449
      vertex -0.0331488 -0.0792775 0.0800276
    endloop
  endfacet
  facet normal -0.4019 -0.623453 0.670658
    outer loop
      vertex -0.0420685 -0.075994 0.0787048
      vertex -0.0481243 -0.0792775 0.0720234
      vertex -0.0408325 -0.0792775 0.0763931
    endloop
  endfacet
  facet normal 0.497699 -0.250615 0.830354
    outer loop
      vertex 0.0433159 -0.0692162 0.0810385
      vertex 0.0428982 -0.0726304 0.0802584
      vertex 0.0510502 -0.0692162 0.0764027
    endloop
  endfacet
  facet normal 0.455541 -0.463435 0.760072
    outer loop
      vertex 0.0428982 -0.0726304 0.0802584
      vertex 0.0420685 -0.075994 0.0787048
      vertex 0.0495806 -0.075994 0.0742025
    endloop
  endfacet
  facet normal 0.389484 -0.814627 0.42975
    outer loop
      vertex 0.0527601 -0.0824466 0.0642881
      vertex 0.0500603 -0.0854726 0.0609989
      vertex 0.0588074 -0.0824466 0.0588074
    endloop
  endfacet
  facet normal 0.247934 -0.814684 0.524232
    outer loop
      vertex 0.0392046 -0.0824466 0.0733461
      vertex 0.0301971 -0.0854726 0.0729036
      vertex 0.0371981 -0.0854726 0.0695925
    endloop
  endfacet
  facet normal -0.389407 0.814709 0.429665
    outer loop
      vertex -0.0500603 -0.0495276 0.0609989
      vertex -0.0588074 -0.0525527 0.0588074
      vertex -0.0527601 -0.0525527 0.0642881
    endloop
  endfacet
  facet normal -0.543317 0.736503 0.402952
    outer loop
      vertex -0.06915 -0.0525527 0.0462046
      vertex -0.0720234 -0.0557227 0.0481243
      vertex -0.0642881 -0.0525527 0.0527601
    endloop
  endfacet
  facet normal -0.4019 0.623453 0.670658
    outer loop
      vertex -0.0408325 -0.0557227 0.0763931
      vertex -0.0481243 -0.0557227 0.0720234
      vertex -0.0420685 -0.0590062 0.0787048
    endloop
  endfacet
  facet normal -0.298548 0.463483 0.834298
    outer loop
      vertex -0.0341511 -0.0590062 0.082449
      vertex -0.0348253 -0.0623708 0.0840769
      vertex -0.0259056 -0.0590062 0.0853996
    endloop
  endfacet
  facet normal -0.130065 0.463442 0.87653
    outer loop
      vertex -0.0174103 -0.0590062 0.0875273
      vertex -0.0177536 -0.0623708 0.0892553
      vertex -0.0087471 -0.0590062 0.0888128
    endloop
  endfacet
  facet normal -0.114775 0.623329 0.773491
    outer loop
      vertex -0.0168991 -0.0557227 0.0849571
      vertex -0.0174103 -0.0590062 0.0875273
      vertex -0.0087471 -0.0590062 0.0888128
    endloop
  endfacet
  facet normal -0.235276 0.250593 0.939068
    outer loop
      vertex -0.0264168 -0.0623708 0.0870848
      vertex -0.0266733 -0.0657849 0.0879316
      vertex -0.0177536 -0.0623708 0.0892553
    endloop
  endfacet
  facet normal -0.0474477 -0.250636 0.966918
    outer loop
      vertex 0 -0.0692162 0.0918884
      vertex -0.00891972 -0.0726304 0.0905657
      vertex 0 -0.0726304 0.0910034
    endloop
  endfacet
  facet normal -0.0724731 0.869311 0.488923
    outer loop
      vertex -0.0152259 -0.0494688 0.0773149
      vertex -0.0153942 -0.0495276 0.0773945
      vertex -0.0143094 -0.0495276 0.0775553
    endloop
  endfacet
  facet normal -0.0725781 0.869018 0.489428
    outer loop
      vertex -0.00772609 -0.04948 0.078447
      vertex -0.0110123 -0.0495276 0.0780442
      vertex -0.0077343 -0.0495276 0.0785303
    endloop
  endfacet
  facet normal 0.0237801 0.869558 0.493258
    outer loop
      vertex 0 -0.0495082 0.0788766
      vertex 0 -0.0495276 0.0789108
      vertex 4.87982e-05 -0.0495084 0.0788746
    endloop
  endfacet
  facet normal -0.120093 0.869321 0.479436
    outer loop
      vertex -0.0155307 -0.0494634 0.0772439
      vertex -0.0181616 -0.0495276 0.0767013
      vertex -0.0153942 -0.0495276 0.0773945
    endloop
  endfacet
  facet normal -0.120108 0.869284 0.479498
    outer loop
      vertex -0.0228651 -0.049447 0.0753771
      vertex -0.0229063 -0.0495276 0.0755129
      vertex -0.0214184 -0.0495276 0.0758856
    endloop
  endfacet
  facet normal -0.347767 0.736397 0.580325
    outer loop
      vertex -0.0392046 -0.0525527 0.0733461
      vertex -0.0481243 -0.0557227 0.0720234
      vertex -0.0408325 -0.0557227 0.0763931
    endloop
  endfacet
  facet normal 0.190006 -0.623394 0.75847
    outer loop
      vertex 0.0259056 -0.075994 0.0853996
      vertex 0.0168991 -0.0792775 0.0849571
      vertex 0.0251446 -0.0792775 0.0828915
    endloop
  endfacet
  facet normal 0.215363 -0.463392 0.859585
    outer loop
      vertex 0.0264168 -0.0726304 0.0870848
      vertex 0.0177536 -0.0726304 0.0892553
      vertex 0.0259056 -0.075994 0.0853996
    endloop
  endfacet
  facet normal -0.760121 0.463327 0.455571
    outer loop
      vertex -0.0787048 -0.0590062 0.0420685
      vertex -0.0802584 -0.0623708 0.0428982
      vertex -0.0742025 -0.0590062 0.0495806
    endloop
  endfacet
  facet normal -0.52794 0.463308 0.711776
    outer loop
      vertex -0.0566149 -0.0590062 0.068985
      vertex -0.0577316 -0.0623708 0.0703468
      vertex -0.0495806 -0.0590062 0.0742025
    endloop
  endfacet
  facet normal -0.650111 0.250628 0.717316
    outer loop
      vertex -0.0577316 -0.0623708 0.0703468
      vertex -0.0643492 -0.0623708 0.0643492
      vertex -0.0582933 -0.0657849 0.0710306
    endloop
  endfacet
  facet normal -0.579376 0.623389 0.525081
    outer loop
      vertex -0.0669594 -0.0557227 0.0549517
      vertex -0.068985 -0.0590062 0.0566149
      vertex -0.0612507 -0.0557227 0.0612507
    endloop
  endfacet
  facet normal -0.87513 0.250605 0.413938
    outer loop
      vertex -0.0802584 -0.0623708 0.0428982
      vertex -0.0840769 -0.0623708 0.0348253
      vertex -0.0810385 -0.0657849 0.0433159
    endloop
  endfacet
  facet normal -0.760141 0.463226 0.45564
    outer loop
      vertex -0.0742025 -0.0590062 0.0495806
      vertex -0.0802584 -0.0623708 0.0428982
      vertex -0.0756664 -0.0623708 0.050559
    endloop
  endfacet
  facet normal -0.524123 0.814766 0.247895
    outer loop
      vertex -0.0706214 -0.0495276 0.0350227
      vertex -0.0733461 -0.0525527 0.0392046
      vertex -0.0695925 -0.0495276 0.0371981
    endloop
  endfacet
  facet normal -0.52417 0.814749 0.247852
    outer loop
      vertex -0.0713962 -0.0496045 0.0336369
      vertex -0.0733461 -0.0525527 0.0392046
      vertex -0.0706214 -0.0495276 0.0350227
    endloop
  endfacet
  facet normal -0.524101 0.814781 0.247892
    outer loop
      vertex -0.0715488 -0.0496196 0.0333639
      vertex -0.0733461 -0.0525527 0.0392046
      vertex -0.0713962 -0.0496045 0.0336369
    endloop
  endfacet
  facet normal -0.52407 0.814795 0.24791
    outer loop
      vertex -0.0720624 -0.0495276 0.0319758
      vertex -0.0733461 -0.0525527 0.0392046
      vertex -0.0715488 -0.0496196 0.0333639
    endloop
  endfacet
  facet normal -0.524141 0.814758 0.247882
    outer loop
      vertex -0.0733461 -0.0525527 0.0392046
      vertex -0.0720624 -0.0495276 0.0319758
      vertex -0.0729036 -0.0495276 0.0301971
    endloop
  endfacet
  facet normal -0.424419 0.869017 0.254317
    outer loop
      vertex -0.0694677 -0.0494471 0.0371313
      vertex -0.0695925 -0.0495276 0.0371981
      vertex -0.0693896 -0.0494566 0.0372941
    endloop
  endfacet
  facet normal -0.611576 0.736403 0.289284
    outer loop
      vertex -0.0733461 -0.0525527 0.0392046
      vertex -0.0800276 -0.0557227 0.0331488
      vertex -0.0763931 -0.0557227 0.0408325
    endloop
  endfacet
  facet normal -0.736227 0.623347 0.263454
    outer loop
      vertex -0.0800276 -0.0557227 0.0331488
      vertex -0.0853996 -0.0590062 0.0259056
      vertex -0.082449 -0.0590062 0.0341511
    endloop
  endfacet
  facet normal -0.579387 0.623327 0.525143
    outer loop
      vertex -0.0612507 -0.0557227 0.0612507
      vertex -0.068985 -0.0590062 0.0566149
      vertex -0.0631037 -0.0590062 0.0631037
    endloop
  endfacet
  facet normal -0.525081 0.623389 0.579376
    outer loop
      vertex -0.0549517 -0.0557227 0.0669594
      vertex -0.0612507 -0.0557227 0.0612507
      vertex -0.0566149 -0.0590062 0.068985
    endloop
  endfacet
  facet normal -0.366429 0.869121 0.332202
    outer loop
      vertex -0.0608753 -0.0494873 0.0500912
      vertex -0.0609989 -0.0495276 0.0500603
      vertex -0.0605534 -0.0495276 0.0505517
    endloop
  endfacet
  facet normal -0.365998 0.869455 0.331805
    outer loop
      vertex -0.0557743 -0.0495089 0.0557743
      vertex -0.0584118 -0.0495276 0.052914
      vertex -0.0557976 -0.0495276 0.0557976
    endloop
  endfacet
  facet normal -0.656191 0.736464 0.164421
    outer loop
      vertex -0.0815687 -0.0525527 0.0162249
      vertex -0.0828915 -0.0557227 0.0251446
      vertex -0.0795851 -0.0525527 0.0241413
    endloop
  endfacet
  facet normal -0.636934 0.736466 0.227888
    outer loop
      vertex -0.0795851 -0.0525527 0.0241413
      vertex -0.0828915 -0.0557227 0.0251446
      vertex -0.0768356 -0.0525527 0.031826
    endloop
  endfacet
  facet normal -0.966916 0.250643 0.0474476
    outer loop
      vertex -0.0910034 -0.0623708 0
      vertex -0.0918884 -0.0657849 0
      vertex -0.0905657 -0.0623708 0.00891972
    endloop
  endfacet
  facet normal -0.96695 0.2505 0.0475074
    outer loop
      vertex -0.0905657 -0.0623708 0.00891972
      vertex -0.0918884 -0.0657849 0
      vertex -0.0914459 -0.0657849 0.0090065
    endloop
  endfacet
  facet normal -0.675731 0.736402 -0.0331752
    outer loop
      vertex -0.0862045 -0.0557227 -0.00848961
      vertex -0.0866213 -0.0557227 0
      vertex -0.0827665 -0.0525527 -0.00815105
    endloop
  endfacet
  facet normal -0.780974 0.623386 -0.0383422
    outer loop
      vertex -0.0862045 -0.0557227 -0.00848961
      vertex -0.0888128 -0.0590062 -0.0087471
      vertex -0.0866213 -0.0557227 0
    endloop
  endfacet
  facet normal -0.801049 0.463481 0.378822
    outer loop
      vertex -0.082449 -0.0590062 0.0341511
      vertex -0.0840769 -0.0623708 0.0348253
      vertex -0.0787048 -0.0590062 0.0420685
    endloop
  endfacet
  facet normal -0.736201 0.623396 0.263412
    outer loop
      vertex -0.0828915 -0.0557227 0.0251446
      vertex -0.0853996 -0.0590062 0.0259056
      vertex -0.0800276 -0.0557227 0.0331488
    endloop
  endfacet
  facet normal 0.447277 -0.869013 0.211567
    outer loop
      vertex 0.0695925 -0.0854726 0.0371981
      vertex 0.0651693 -0.088325 0.034833
      vertex 0.0682697 -0.088325 0.0282784
    endloop
  endfacet
  facet normal 0.580236 -0.736493 0.347713
    outer loop
      vertex 0.0763931 -0.0792775 0.0408325
      vertex 0.0720234 -0.0792775 0.0481243
      vertex 0.0733461 -0.0824466 0.0392046
    endloop
  endfacet
  facet normal 0.263454 -0.623347 0.736227
    outer loop
      vertex 0.0341511 -0.075994 0.082449
      vertex 0.0259056 -0.075994 0.0853996
      vertex 0.0331488 -0.0792775 0.0800276
    endloop
  endfacet
  facet normal 0.345495 -0.81463 0.465845
    outer loop
      vertex 0.0462046 -0.0824466 0.06915
      vertex 0.0438404 -0.0854726 0.0656118
      vertex 0.0527601 -0.0824466 0.0642881
    endloop
  endfacet
  facet normal 0.389476 -0.814703 0.429612
    outer loop
      vertex 0.0588074 -0.0824466 0.0588074
      vertex 0.0500603 -0.0854726 0.0609989
      vertex 0.0557976 -0.0854726 0.0557976
    endloop
  endfacet
  facet normal 0.332325 -0.869014 0.366571
    outer loop
      vertex 0.0557976 -0.0854726 0.0557976
      vertex 0.0500603 -0.0854726 0.0609989
      vertex 0.0522509 -0.088325 0.0522509
    endloop
  endfacet
  facet normal 0.25057 -0.90725 0.337804
    outer loop
      vertex 0.0468779 -0.088325 0.0571213
      vertex 0.0410538 -0.088325 0.0614414
      vertex 0.0432444 -0.0909772 0.0526934
    endloop
  endfacet
  facet normal 0.255616 -0.954563 0.153201
    outer loop
      vertex 0.0513706 -0.0934033 0.0343246
      vertex 0.0455675 -0.0955796 0.030447
      vertex 0.0483322 -0.0955796 0.0258341
    endloop
  endfacet
  facet normal 0.10537 -0.969167 0.22274
    outer loop
      vertex 0.0209723 -0.0955796 0.0506325
      vertex 0.0180998 -0.097486 0.0436964
      vertex 0.022295 -0.097486 0.0417118
    endloop
  endfacet
  facet normal 0.294751 -0.869036 0.397365
    outer loop
      vertex 0.0500603 -0.0854726 0.0609989
      vertex 0.0410538 -0.088325 0.0614414
      vertex 0.0468779 -0.088325 0.0571213
    endloop
  endfacet
  facet normal 0.0671146 -0.97994 0.187651
    outer loop
      vertex 0.0137291 -0.097486 0.0452604
      vertex 0.0114183 -0.0991034 0.0376406
      vertex 0.0150528 -0.0991034 0.0363407
    endloop
  endfacet
  facet normal 0.211865 -0.934628 0.28563
    outer loop
      vertex 0.0432444 -0.0909772 0.0526934
      vertex 0.0378714 -0.0909772 0.0566788
      vertex 0.0391941 -0.0934033 0.0477591
    endloop
  endfacet
  facet normal 0.177499 -0.954563 0.23938
    outer loop
      vertex 0.0343246 -0.0934033 0.0513706
      vertex 0.030447 -0.0955796 0.0455675
      vertex 0.0347672 -0.0955796 0.0423641
    endloop
  endfacet
  facet normal 0.211838 -0.934634 0.285628
    outer loop
      vertex 0.0378714 -0.0909772 0.0566788
      vertex 0.0343246 -0.0934033 0.0513706
      vertex 0.0391941 -0.0934033 0.0477591
    endloop
  endfacet
  facet normal 0.29479 -0.954562 0.0436989
    outer loop
      vertex 0.0614853 -0.0934033 0.00605583
      vertex 0.053751 -0.0955796 0.0106916
      vertex 0.0545397 -0.0955796 0.00537109
    endloop
  endfacet
  facet normal 0.360764 -0.907252 0.216202
    outer loop
      vertex 0.0614414 -0.088325 0.0410538
      vertex 0.0566788 -0.0909772 0.0378714
      vertex 0.0601177 -0.0909772 0.0321331
    endloop
  endfacet
  facet normal 0.0724047 -0.954557 0.289098
    outer loop
      vertex 0.0179338 -0.0934033 0.059123
      vertex 0.0106916 -0.0955796 0.053751
      vertex 0.0159082 -0.0955796 0.0524445
    endloop
  endfacet
  facet normal 0.0723869 -0.954552 0.28912
    outer loop
      vertex 0.0120525 -0.0934033 0.0605955
      vertex 0.0106916 -0.0955796 0.053751
      vertex 0.0179338 -0.0934033 0.059123
    endloop
  endfacet
  facet normal 0.182803 -0.934632 0.305034
    outer loop
      vertex 0.0321331 -0.0909772 0.0601177
      vertex 0.0291243 -0.0934033 0.0544872
      vertex 0.0378714 -0.0909772 0.0566788
    endloop
  endfacet
  facet normal 0.141692 -0.907255 0.395994
    outer loop
      vertex 0.0282784 -0.088325 0.0682697
      vertex 0.02145 -0.088325 0.070713
      vertex 0.0260859 -0.0909772 0.0629778
    endloop
  endfacet
  facet normal -0.231997 -0.969167 -0.0830172
    outer loop
      vertex -0.0452604 -0.097486 -0.0137291
      vertex -0.0506325 -0.0955796 -0.0209723
      vertex -0.0436964 -0.097486 -0.0180998
    endloop
  endfacet
  facet normal -0.222742 -0.969164 -0.105387
    outer loop
      vertex -0.0417118 -0.097486 -0.022295
      vertex -0.0506325 -0.0955796 -0.0209723
      vertex -0.0483322 -0.0955796 -0.0258341
    endloop
  endfacet
  facet normal -0.29479 -0.954562 -0.0436989
    outer loop
      vertex -0.0545397 -0.0955796 -0.00537109
      vertex -0.0614853 -0.0934033 -0.00605583
      vertex -0.053751 -0.0955796 -0.0106916
    endloop
  endfacet
  facet normal -0.280606 -0.954557 -0.100404
    outer loop
      vertex -0.0524445 -0.0955796 -0.0159082
      vertex -0.059123 -0.0934033 -0.0179338
      vertex -0.0506325 -0.0955796 -0.0209723
    endloop
  endfacet
  facet normal -0.246139 -0.969159 -0.0121028
    outer loop
      vertex -0.0470695 -0.097486 -0.00463581
      vertex -0.0548038 -0.0955796 0
      vertex -0.0545397 -0.0955796 -0.00537109
    endloop
  endfacet
  facet normal -0.243773 -0.969159 -0.0361364
    outer loop
      vertex -0.0470695 -0.097486 -0.00463581
      vertex -0.0545397 -0.0955796 -0.00537109
      vertex -0.053751 -0.0955796 -0.0106916
    endloop
  endfacet
  facet normal -0.133487 -0.987814 -0.0800311
    outer loop
      vertex -0.0257702 -0.100416 -0.0172186
      vertex -0.0346899 -0.0991034 -0.0185423
      vertex -0.0327053 -0.0991034 -0.0218525
    endloop
  endfacet
  facet normal -0.133492 -0.987816 -0.0799992
    outer loop
      vertex -0.0273333 -0.100416 -0.0146103
      vertex -0.0346899 -0.0991034 -0.0185423
      vertex -0.0257702 -0.100416 -0.0172186
    endloop
  endfacet
  facet normal -0.0222522 -0.9993 0.030072
    outer loop
      vertex -0.00250721 -0.102417 0.00375271
      vertex -0.00749969 -0.102081 0.0112238
      vertex -0.00286293 -0.102417 0.00348949
    endloop
  endfacet
  facet normal -0.153937 -0.987817 -0.0228375
    outer loop
      vertex -0.0303974 -0.100416 -0.0060463
      vertex -0.0391455 -0.0991034 -0.00385475
      vertex -0.038579 -0.0991034 -0.00767326
    endloop
  endfacet
  facet normal -0.0558832 -0.997151 -0.0506666
    outer loop
      vertex -0.00954533 -0.102081 -0.00954533
      vertex -0.0172796 -0.101412 -0.0141811
      vertex -0.0158062 -0.101412 -0.0158062
    endloop
  endfacet
  facet normal -0.0852305 -0.979937 -0.180167
    outer loop
      vertex -0.0150528 -0.0991034 -0.0363407
      vertex -0.022295 -0.097486 -0.0417118
      vertex -0.0180998 -0.097486 -0.0436964
    endloop
  endfacet
  facet normal -0.0849435 -0.993405 -0.0770141
    outer loop
      vertex -0.0172796 -0.101412 -0.0141811
      vertex -0.0219154 -0.100416 -0.0219154
      vertex -0.0158062 -0.101412 -0.0158062
    endloop
  endfacet
  facet normal -0.00370361 -0.997152 -0.0753305
    outer loop
      vertex -0.00132275 -0.102081 -0.0134335
      vertex -0.00219059 -0.101412 -0.0222464
      vertex 0 -0.101412 -0.0223541
    endloop
  endfacet
  facet normal 0.0617309 -0.907233 -0.416073
    outer loop
      vertex 0.013298 -0.0909772 -0.0668573
      vertex 0.0072422 -0.088325 -0.0735388
      vertex 0.0144157 -0.088325 -0.0724745
    endloop
  endfacet
  facet normal -0.0671504 -0.979937 -0.187656
    outer loop
      vertex -0.0150528 -0.0991034 -0.0363407
      vertex -0.0180998 -0.097486 -0.0436964
      vertex -0.0137291 -0.097486 -0.0452604
    endloop
  endfacet
  facet normal 0.0863635 -0.934642 -0.344944
    outer loop
      vertex 0.0179338 -0.0934033 -0.059123
      vertex 0.0120525 -0.0934033 -0.0605955
      vertex 0.013298 -0.0909772 -0.0668573
    endloop
  endfacet
  facet normal -0.102176 -0.907235 -0.408026
    outer loop
      vertex -0.013298 -0.0909772 -0.0668573
      vertex -0.02145 -0.088325 -0.070713
      vertex -0.0144157 -0.088325 -0.0724745
    endloop
  endfacet
  facet normal 0.146781 -0.969166 -0.197919
    outer loop
      vertex 0.0300045 -0.097486 -0.036561
      vertex 0.0262766 -0.097486 -0.0393257
      vertex 0.0347672 -0.0955796 -0.0423641
    endloop
  endfacet
  facet normal 0.00766542 -0.987817 -0.155429
    outer loop
      vertex 0.00303745 -0.100416 -0.0308437
      vertex 0 -0.100416 -0.0309935
      vertex 0.00385475 -0.0991034 -0.0391455
    endloop
  endfacet
  facet normal 0.0243128 -0.869009 -0.494199
    outer loop
      vertex 0.0072422 -0.088325 -0.0735388
      vertex 0 -0.0854726 -0.0789108
      vertex 0.0077343 -0.0854726 -0.0785303
    endloop
  endfacet
  facet normal 0.0726085 -0.869037 -0.489389
    outer loop
      vertex 0.0144157 -0.088325 -0.0724745
      vertex 0.0072422 -0.088325 -0.0735388
      vertex 0.0153942 -0.0854726 -0.0773945
    endloop
  endfacet
  facet normal 0.14205 -0.250609 -0.95761
    outer loop
      vertex 0.0177536 -0.0726304 -0.0892553
      vertex 0.00891972 -0.0726304 -0.0905657
      vertex 0.0179262 -0.0692162 -0.0901232
    endloop
  endfacet
  facet normal 0.0434273 -0.463469 -0.885048
    outer loop
      vertex 0.0087471 -0.075994 -0.0888128
      vertex 0 -0.075994 -0.089242
      vertex 0 -0.0726304 -0.0910034
    endloop
  endfacet
  facet normal -0.0863635 -0.934642 -0.344944
    outer loop
      vertex -0.0120525 -0.0934033 -0.0605955
      vertex -0.0179338 -0.0934033 -0.059123
      vertex -0.013298 -0.0909772 -0.0668573
    endloop
  endfacet
  facet normal -0.0725739 -0.86901 -0.489442
    outer loop
      vertex -0.0072422 -0.088325 -0.0735388
      vertex -0.0153942 -0.0854726 -0.0773945
      vertex -0.0077343 -0.0854726 -0.0785303
    endloop
  endfacet
  facet normal 0.195383 -0.814627 -0.546084
    outer loop
      vertex 0.031826 -0.0824466 -0.0768356
      vertex 0.0229063 -0.0854726 -0.0755129
      vertex 0.0241413 -0.0824466 -0.0795851
    endloop
  endfacet
  facet normal 0.211556 -0.868996 -0.447315
    outer loop
      vertex 0.0371981 -0.0854726 -0.0695925
      vertex 0.0282784 -0.088325 -0.0682697
      vertex 0.0301971 -0.0854726 -0.0729036
    endloop
  endfacet
  facet normal 0.189979 -0.623328 -0.758532
    outer loop
      vertex 0.0259056 -0.075994 -0.0853996
      vertex 0.0168991 -0.0792775 -0.0849571
      vertex 0.0174103 -0.075994 -0.0875273
    endloop
  endfacet
  facet normal 0.334295 -0.623338 -0.706892
    outer loop
      vertex 0.0420685 -0.075994 -0.0787048
      vertex 0.0331488 -0.0792775 -0.0800276
      vertex 0.0341511 -0.075994 -0.082449
    endloop
  endfacet
  facet normal 0.429612 -0.814703 -0.389476
    outer loop
      vertex 0.0609989 -0.0854726 -0.0500603
      vertex 0.0557976 -0.0854726 -0.0557976
      vertex 0.0588074 -0.0824466 -0.0588074
    endloop
  endfacet
  facet normal 0.366571 -0.869014 -0.332325
    outer loop
      vertex 0.0609989 -0.0854726 -0.0500603
      vertex 0.0522509 -0.088325 -0.0522509
      vertex 0.0557976 -0.0854726 -0.0557976
    endloop
  endfacet
  facet normal -0.0183064 -0.997152 -0.0731687
    outer loop
      vertex -0.00391769 -0.102081 -0.0129175
      vertex -0.0043602 -0.101412 -0.021924
      vertex -0.00263309 -0.102081 -0.0132389
    endloop
  endfacet
  facet normal -0.0449624 -0.997152 0.0605506
    outer loop
      vertex -0.00749969 -0.102081 0.0112238
      vertex -0.0141811 -0.101412 0.0172796
      vertex -0.00856304 -0.102081 0.0104342
    endloop
  endfacet
  facet normal 0.211366 -0.969165 -0.126668
    outer loop
      vertex 0.0417118 -0.097486 -0.022295
      vertex 0.0393257 -0.097486 -0.0262766
      vertex 0.0483322 -0.0955796 -0.0258341
    endloop
  endfacet
  facet normal 0.0378308 -0.987813 -0.150978
    outer loop
      vertex 0.00899696 -0.100416 -0.0296593
      vertex 0.00767326 -0.0991034 -0.038579
      vertex 0.0114183 -0.0991034 -0.0376406
    endloop
  endfacet
  facet normal 0.146553 -0.987813 -0.0524157
    outer loop
      vertex 0.0376406 -0.0991034 -0.0114183
      vertex 0.0296593 -0.100416 -0.00899696
      vertex 0.0363407 -0.0991034 -0.0150528
    endloop
  endfacet
  facet normal 0.153937 -0.987817 -0.0228375
    outer loop
      vertex 0.0391455 -0.0991034 -0.00385475
      vertex 0.0303974 -0.100416 -0.0060463
      vertex 0.038579 -0.0991034 -0.00767326
    endloop
  endfacet
  facet normal 0.269384 -0.954561 0.127456
    outer loop
      vertex 0.0544872 -0.0934033 0.0291243
      vertex 0.0483322 -0.0955796 0.0258341
      vertex 0.0506325 -0.0955796 0.0209723
    endloop
  endfacet
  facet normal 0.255623 -0.954561 0.153198
    outer loop
      vertex 0.0513706 -0.0934033 0.0343246
      vertex 0.0483322 -0.0955796 0.0258341
      vertex 0.0544872 -0.0934033 0.0291243
    endloop
  endfacet
  facet normal 0.211366 -0.969163 0.12668
    outer loop
      vertex 0.0455675 -0.0955796 0.030447
      vertex 0.0393257 -0.097486 0.0262766
      vertex 0.0483322 -0.0955796 0.0258341
    endloop
  endfacet
  facet normal 0.160084 -0.979938 0.118722
    outer loop
      vertex 0.036561 -0.097486 0.0300045
      vertex 0.030406 -0.0991034 0.0249538
      vertex 0.0393257 -0.097486 0.0262766
    endloop
  endfacet
  facet normal 0.562589 -0.81463 0.140967
    outer loop
      vertex 0.0795851 -0.0824466 0.0241413
      vertex 0.0755129 -0.0854726 0.0229063
      vertex 0.0815687 -0.0824466 0.0162249
    endloop
  endfacet
  facet normal 0.562541 -0.814674 0.140903
    outer loop
      vertex 0.0815687 -0.0824466 0.0162249
      vertex 0.0755129 -0.0854726 0.0229063
      vertex 0.0773945 -0.0854726 0.0153942
    endloop
  endfacet
  facet normal 0.494156 -0.869034 0.0242704
    outer loop
      vertex 0.0789108 -0.0854726 0
      vertex 0.0735388 -0.088325 0.0072422
      vertex 0.0738945 -0.088325 0
    endloop
  endfacet
  facet normal 0.24611 -0.969167 -0.0120512
    outer loop
      vertex 0.0472965 -0.097486 0
      vertex 0.0470695 -0.097486 -0.00463581
      vertex 0.0548038 -0.0955796 0
    endloop
  endfacet
  facet normal 0.231997 -0.969167 -0.0830172
    outer loop
      vertex 0.0452604 -0.097486 -0.0137291
      vertex 0.0436964 -0.097486 -0.0180998
      vertex 0.0506325 -0.0955796 -0.0209723
    endloop
  endfacet
  facet normal 0.232002 -0.969167 -0.0830133
    outer loop
      vertex 0.0524445 -0.0955796 -0.0159082
      vertex 0.0452604 -0.097486 -0.0137291
      vertex 0.0506325 -0.0955796 -0.0209723
    endloop
  endfacet
  facet normal 0.420092 -0.907247 -0.0206228
    outer loop
      vertex 0.0681667 -0.0909772 0
      vertex 0.0678387 -0.0909772 -0.00668144
      vertex 0.0738945 -0.088325 0
    endloop
  endfacet
  facet normal 0.321488 -0.934626 -0.152052
    outer loop
      vertex 0.0629778 -0.0909772 -0.0260859
      vertex 0.0570803 -0.0934033 -0.0236425
      vertex 0.0601177 -0.0909772 -0.0321331
    endloop
  endfacet
  facet normal 0.360764 -0.907252 -0.216202
    outer loop
      vertex 0.0601177 -0.0909772 -0.0321331
      vertex 0.0566788 -0.0909772 -0.0378714
      vertex 0.0614414 -0.088325 -0.0410538
    endloop
  endfacet
  facet normal 0.337804 -0.90725 -0.25057
    outer loop
      vertex 0.0614414 -0.088325 -0.0410538
      vertex 0.0526934 -0.0909772 -0.0432444
      vertex 0.0571213 -0.088325 -0.0468779
    endloop
  endfacet
  facet normal 0.23938 -0.954563 -0.177499
    outer loop
      vertex 0.0455675 -0.0955796 -0.030447
      vertex 0.0423641 -0.0955796 -0.0347672
      vertex 0.0513706 -0.0934033 -0.0343246
    endloop
  endfacet
  facet normal 0.255616 -0.954563 -0.153201
    outer loop
      vertex 0.0483322 -0.0955796 -0.0258341
      vertex 0.0455675 -0.0955796 -0.030447
      vertex 0.0513706 -0.0934033 -0.0343246
    endloop
  endfacet
  facet normal 0.0983335 -0.993405 -0.0589604
    outer loop
      vertex 0.0197144 -0.101412 -0.0105371
      vertex 0.0185862 -0.101412 -0.0124187
      vertex 0.0257702 -0.100416 -0.0172186
    endloop
  endfacet
  facet normal 0.160084 -0.979938 -0.118722
    outer loop
      vertex 0.0393257 -0.097486 -0.0262766
      vertex 0.030406 -0.0991034 -0.0249538
      vertex 0.036561 -0.097486 -0.0300045
    endloop
  endfacet
  facet normal 0.177499 -0.954563 -0.23938
    outer loop
      vertex 0.0347672 -0.0955796 -0.0423641
      vertex 0.030447 -0.0955796 -0.0455675
      vertex 0.0343246 -0.0934033 -0.0513706
    endloop
  endfacet
  facet normal 0.26353 -0.934629 -0.238789
    outer loop
      vertex 0.0526934 -0.0909772 -0.0432444
      vertex 0.0477591 -0.0934033 -0.0391941
      vertex 0.0482016 -0.0909772 -0.0482016
    endloop
  endfacet
  facet normal 0.0864336 -0.934622 -0.34498
    outer loop
      vertex 0.0179338 -0.0934033 -0.059123
      vertex 0.013298 -0.0909772 -0.0668573
      vertex 0.0197878 -0.0909772 -0.0652313
    endloop
  endfacet
  facet normal 0.182806 -0.934634 -0.305026
    outer loop
      vertex 0.0343246 -0.0934033 -0.0513706
      vertex 0.0291243 -0.0934033 -0.0544872
      vertex 0.0378714 -0.0909772 -0.0566788
    endloop
  endfacet
  facet normal 0.177538 -0.954556 -0.23938
    outer loop
      vertex 0.0347672 -0.0955796 -0.0423641
      vertex 0.0343246 -0.0934033 -0.0513706
      vertex 0.0391941 -0.0934033 -0.0477591
    endloop
  endfacet
  facet normal 0.282525 -0.907213 -0.31168
    outer loop
      vertex 0.0482016 -0.0909772 -0.0482016
      vertex 0.0468779 -0.088325 -0.0571213
      vertex 0.0522509 -0.088325 -0.0522509
    endloop
  endfacet
  facet normal 0.152063 -0.934633 -0.321461
    outer loop
      vertex 0.0291243 -0.0934033 -0.0544872
      vertex 0.0236425 -0.0934033 -0.0570803
      vertex 0.0321331 -0.0909772 -0.0601177
    endloop
  endfacet
  facet normal 0.250564 -0.907252 -0.337803
    outer loop
      vertex 0.0432444 -0.0909772 -0.0526934
      vertex 0.0378714 -0.0909772 -0.0566788
      vertex 0.0410538 -0.088325 -0.0614414
    endloop
  endfacet
  facet normal 0.182803 -0.934632 -0.305034
    outer loop
      vertex 0.0378714 -0.0909772 -0.0566788
      vertex 0.0291243 -0.0934033 -0.0544872
      vertex 0.0321331 -0.0909772 -0.0601177
    endloop
  endfacet
  facet normal 0.0852305 -0.979937 -0.180167
    outer loop
      vertex 0.022295 -0.097486 -0.0417118
      vertex 0.0150528 -0.0991034 -0.0363407
      vertex 0.0180998 -0.097486 -0.0436964
    endloop
  endfacet
  facet normal 0.1153 -0.987817 0.10452
    outer loop
      vertex 0.0278139 -0.0991034 0.0278139
      vertex 0.0219154 -0.100416 0.0219154
      vertex 0.0239582 -0.100416 0.0196619
    endloop
  endfacet
  facet normal 0.11869 -0.979941 0.16009
    outer loop
      vertex 0.0262766 -0.097486 0.0393257
      vertex 0.0218525 -0.0991034 0.0327053
      vertex 0.0249538 -0.0991034 0.030406
    endloop
  endfacet
  facet normal 0.0849519 -0.993405 0.077009
    outer loop
      vertex 0.0219154 -0.100416 0.0219154
      vertex 0.0172796 -0.101412 0.0141811
      vertex 0.0239582 -0.100416 0.0196619
    endloop
  endfacet
  facet normal 0.0251048 -0.9993 0.0277434
    outer loop
      vertex 0.00856304 -0.102081 0.0104342
      vertex 0.00319195 -0.102417 0.00319195
      vertex 0.00954533 -0.102081 0.00954533
    endloop
  endfacet
  facet normal 0.107946 -0.993405 0.0386549
    outer loop
      vertex 0.0286341 -0.100416 0.0118599
      vertex 0.0206518 -0.101412 0.00855446
      vertex 0.0296593 -0.100416 0.00899696
    endloop
  endfacet
  facet normal 0.114525 -0.993404 -0.00563062
    outer loop
      vertex 0.0223541 -0.101412 0
      vertex 0.0222464 -0.101412 -0.00219059
      vertex 0.0309935 -0.100416 0
    endloop
  endfacet
  facet normal 0.465876 -0.868999 0.166732
    outer loop
      vertex 0.0729036 -0.0854726 0.0301971
      vertex 0.0682697 -0.088325 0.0282784
      vertex 0.0755129 -0.0854726 0.0229063
    endloop
  endfacet
  facet normal 0.380206 -0.907249 0.179842
    outer loop
      vertex 0.0651693 -0.088325 0.034833
      vertex 0.0601177 -0.0909772 0.0321331
      vertex 0.0682697 -0.088325 0.0282784
    endloop
  endfacet
  facet normal 0.580088 -0.736601 0.34773
    outer loop
      vertex 0.0720234 -0.0792775 0.0481243
      vertex 0.06915 -0.0824466 0.0462046
      vertex 0.0733461 -0.0824466 0.0392046
    endloop
  endfacet
  facet normal 0.447315 -0.868996 0.211556
    outer loop
      vertex 0.0695925 -0.0854726 0.0371981
      vertex 0.0682697 -0.088325 0.0282784
      vertex 0.0729036 -0.0854726 0.0301971
    endloop
  endfacet
  facet normal -0.0110795 -0.997152 -0.0746042
    outer loop
      vertex -0.00132275 -0.102081 -0.0134335
      vertex -0.00263309 -0.102081 -0.0132389
      vertex -0.00219059 -0.101412 -0.0222464
    endloop
  endfacet
  facet normal -0.00909362 -0.9993 0.0362925
    outer loop
      vertex -0.000880241 -0.102417 0.00442696
      vertex -0.00391769 -0.102081 0.0129175
      vertex -0.00131035 -0.102417 0.00431919
    endloop
  endfacet
  facet normal -0.22274 -0.969167 0.10537
    outer loop
      vertex -0.0417118 -0.097486 0.022295
      vertex -0.0506325 -0.0955796 0.0209723
      vertex -0.0436964 -0.097486 0.0180998
    endloop
  endfacet
  facet normal -0.0168248 -0.993404 -0.113429
    outer loop
      vertex -0.00219059 -0.101412 -0.0222464
      vertex -0.0060463 -0.100416 -0.0303974
      vertex -0.00303745 -0.100416 -0.0308437
    endloop
  endfacet
  facet normal 0.0338242 -0.9993 0.0159969
    outer loop
      vertex 0.0119047 -0.102081 0.00636292
      vertex 0.00417042 -0.102417 0.0017271
      vertex 0.0124712 -0.102081 0.0051651
    endloop
  endfacet
  facet normal 0.114525 -0.993404 0.00563062
    outer loop
      vertex 0.0309935 -0.100416 0
      vertex 0.0222464 -0.101412 0.00219059
      vertex 0.0223541 -0.101412 0
    endloop
  endfacet
  facet normal 0.0126044 -0.9993 0.0352293
    outer loop
      vertex 0.00391769 -0.102081 0.0129175
      vertex 0.0017271 -0.102417 0.00417042
      vertex 0.0051651 -0.102081 0.0124712
    endloop
  endfacet
  facet normal 0.00563062 -0.993404 0.114525
    outer loop
      vertex 0 -0.100416 0.0309935
      vertex 0 -0.101412 0.0223541
      vertex 0.00219059 -0.101412 0.0222464
    endloop
  endfacet
  facet normal 0.0377645 -0.987817 0.150969
    outer loop
      vertex 0.00767326 -0.0991034 0.038579
      vertex 0.0060463 -0.100416 0.0303974
      vertex 0.00899696 -0.100416 0.0296593
    endloop
  endfacet
  facet normal 0.0665522 -0.987816 0.14068
    outer loop
      vertex 0.0150528 -0.0991034 0.0363407
      vertex 0.0146103 -0.100416 0.0273333
      vertex 0.0185423 -0.0991034 0.0346899
    endloop
  endfacet
  facet normal 0.0361525 -0.969162 0.243759
    outer loop
      vertex 0.0106916 -0.0955796 0.053751
      vertex 0.00463581 -0.097486 0.0470695
      vertex 0.0092268 -0.097486 0.0463886
    endloop
  endfacet
  facet normal 0.0521748 -0.934635 0.351761
    outer loop
      vertex 0.00668144 -0.0909772 0.0678387
      vertex 0.00605583 -0.0934033 0.0614853
      vertex 0.013298 -0.0909772 0.0668573
    endloop
  endfacet
  facet normal 0.0521921 -0.934641 0.35174
    outer loop
      vertex 0.013298 -0.0909772 0.0668573
      vertex 0.00605583 -0.0934033 0.0614853
      vertex 0.0120525 -0.0934033 0.0605955
    endloop
  endfacet
  facet normal -0.102476 -0.97994 0.170925
    outer loop
      vertex -0.0185423 -0.0991034 0.0346899
      vertex -0.0262766 -0.097486 0.0393257
      vertex -0.0218525 -0.0991034 0.0327053
    endloop
  endfacet
  facet normal -0.0387892 -0.997151 0.0646922
    outer loop
      vertex -0.0105371 -0.101412 0.0197144
      vertex -0.0124187 -0.101412 0.0185862
      vertex -0.00749969 -0.102081 0.0112238
    endloop
  endfacet
  facet normal -0.0090813 -0.9993 0.036297
    outer loop
      vertex -0.00263309 -0.102081 0.0132389
      vertex -0.00391769 -0.102081 0.0129175
      vertex -0.000880241 -0.102417 0.00442696
    endloop
  endfacet
  facet normal -0.0192255 -0.9993 0.0320971
    outer loop
      vertex -0.00636292 -0.102081 0.0119047
      vertex -0.00749969 -0.102081 0.0112238
      vertex -0.00212765 -0.102417 0.00398064
    endloop
  endfacet
  facet normal -0.141692 -0.907255 -0.395994
    outer loop
      vertex -0.0260859 -0.0909772 -0.0629778
      vertex -0.0282784 -0.088325 -0.0682697
      vertex -0.02145 -0.088325 -0.070713
    endloop
  endfacet
  facet normal -0.141689 -0.907257 -0.395992
    outer loop
      vertex -0.0197878 -0.0909772 -0.0652313
      vertex -0.0260859 -0.0909772 -0.0629778
      vertex -0.02145 -0.088325 -0.070713
    endloop
  endfacet
  facet normal -0.250564 -0.907252 -0.337803
    outer loop
      vertex -0.0378714 -0.0909772 -0.0566788
      vertex -0.0432444 -0.0909772 -0.0526934
      vertex -0.0410538 -0.088325 -0.0614414
    endloop
  endfacet
  facet normal -0.216202 -0.907252 -0.360764
    outer loop
      vertex -0.0378714 -0.0909772 -0.0566788
      vertex -0.0410538 -0.088325 -0.0614414
      vertex -0.0321331 -0.0909772 -0.0601177
    endloop
  endfacet
  facet normal -0.360764 -0.907252 -0.216202
    outer loop
      vertex -0.0601177 -0.0909772 -0.0321331
      vertex -0.0614414 -0.088325 -0.0410538
      vertex -0.0566788 -0.0909772 -0.0378714
    endloop
  endfacet
  facet normal -0.337803 -0.907252 -0.250564
    outer loop
      vertex -0.0566788 -0.0909772 -0.0378714
      vertex -0.0614414 -0.088325 -0.0410538
      vertex -0.0526934 -0.0909772 -0.0432444
    endloop
  endfacet
  facet normal -0.120216 -0.869019 -0.479952
    outer loop
      vertex -0.02145 -0.088325 -0.070713
      vertex -0.0229063 -0.0854726 -0.0755129
      vertex -0.0153942 -0.0854726 -0.0773945
    endloop
  endfacet
  facet normal -0.166689 -0.86902 -0.465852
    outer loop
      vertex -0.02145 -0.088325 -0.070713
      vertex -0.0282784 -0.088325 -0.0682697
      vertex -0.0229063 -0.0854726 -0.0755129
    endloop
  endfacet
  facet normal -0.247929 -0.814674 -0.52425
    outer loop
      vertex -0.0301971 -0.0854726 -0.0729036
      vertex -0.0392046 -0.0824466 -0.0733461
      vertex -0.031826 -0.0824466 -0.0768356
    endloop
  endfacet
  facet normal -0.263412 -0.623396 -0.736201
    outer loop
      vertex -0.0251446 -0.0792775 -0.0828915
      vertex -0.0331488 -0.0792775 -0.0800276
      vertex -0.0259056 -0.075994 -0.0853996
    endloop
  endfacet
  facet normal -0.717312 -0.250565 -0.650139
    outer loop
      vertex -0.0643492 -0.0726304 -0.0643492
      vertex -0.0710306 -0.0692162 -0.0582933
      vertex -0.0649748 -0.0692162 -0.0649748
    endloop
  endfacet
  facet normal -0.190006 0.623394 -0.75847
    outer loop
      vertex -0.0168991 -0.0557227 -0.0849571
      vertex -0.0259056 -0.0590062 -0.0853996
      vertex -0.0251446 -0.0557227 -0.0828915
    endloop
  endfacet
  facet normal -0.378891 -0.463448 -0.801035
    outer loop
      vertex -0.0420685 -0.075994 -0.0787048
      vertex -0.0428982 -0.0726304 -0.0802584
      vertex -0.0348253 -0.0726304 -0.0840769
    endloop
  endfacet
  facet normal -0.190006 -0.623394 -0.75847
    outer loop
      vertex -0.0251446 -0.0792775 -0.0828915
      vertex -0.0259056 -0.075994 -0.0853996
      vertex -0.0168991 -0.0792775 -0.0849571
    endloop
  endfacet
  facet normal -0.130065 0.463442 -0.87653
    outer loop
      vertex -0.0087471 -0.0590062 -0.0888128
      vertex -0.0177536 -0.0623708 -0.0892553
      vertex -0.0174103 -0.0590062 -0.0875273
    endloop
  endfacet
  facet normal -0.215288 0.463433 -0.859582
    outer loop
      vertex -0.0177536 -0.0623708 -0.0892553
      vertex -0.0259056 -0.0590062 -0.0853996
      vertex -0.0174103 -0.0590062 -0.0875273
    endloop
  endfacet
  facet normal -0.227897 0.736458 -0.63694
    outer loop
      vertex -0.0251446 -0.0557227 -0.0828915
      vertex -0.0331488 -0.0557227 -0.0800276
      vertex -0.031826 -0.0525527 -0.0768356
    endloop
  endfacet
  facet normal -0.0850864 0.814754 -0.57353
    outer loop
      vertex -0.00815105 -0.0525527 -0.0827665
      vertex -0.0162249 -0.0525527 -0.0815687
      vertex -0.0153942 -0.0495276 -0.0773945
    endloop
  endfacet
  facet normal -0.038322 0.623351 -0.781002
    outer loop
      vertex 0 -0.0590062 -0.089242
      vertex -0.0087471 -0.0590062 -0.0888128
      vertex 0 -0.0557227 -0.0866213
    endloop
  endfacet
  facet normal 0.0383422 0.623386 -0.780974
    outer loop
      vertex 0.0087471 -0.0590062 -0.0888128
      vertex 0 -0.0557227 -0.0866213
      vertex 0.00848961 -0.0557227 -0.0862045
    endloop
  endfacet
  facet normal 0.14205 0.250615 -0.957608
    outer loop
      vertex 0.0179262 -0.0657849 -0.0901232
      vertex 0.00891972 -0.0623708 -0.0905657
      vertex 0.0177536 -0.0623708 -0.0892553
    endloop
  endfacet
  facet normal 0.142009 0.250503 -0.957644
    outer loop
      vertex 0.0090065 -0.0657849 -0.0914459
      vertex 0.00891972 -0.0623708 -0.0905657
      vertex 0.0179262 -0.0657849 -0.0901232
    endloop
  endfacet
  facet normal 0.142009 -0.250496 -0.957646
    outer loop
      vertex 0.0179262 -0.0692162 -0.0901232
      vertex 0.00891972 -0.0726304 -0.0905657
      vertex 0.0090065 -0.0692162 -0.0914459
    endloop
  endfacet
  facet normal 0.0475075 -0.250493 -0.966952
    outer loop
      vertex 0.00891972 -0.0726304 -0.0905657
      vertex 0 -0.0692162 -0.0918884
      vertex 0.0090065 -0.0692162 -0.0914459
    endloop
  endfacet
  facet normal -0.777561 0.250617 -0.576706
    outer loop
      vertex -0.0710306 -0.0657849 -0.0582933
      vertex -0.0764027 -0.0657849 -0.0510502
      vertex -0.0703468 -0.0623708 -0.0577316
    endloop
  endfacet
  facet normal -0.777563 -0.25061 -0.576707
    outer loop
      vertex -0.0703468 -0.0726304 -0.0577316
      vertex -0.0764027 -0.0692162 -0.0510502
      vertex -0.0710306 -0.0692162 -0.0582933
    endloop
  endfacet
  facet normal -0.50124 0.736472 -0.454277
    outer loop
      vertex -0.0612507 -0.0557227 -0.0612507
      vertex -0.0642881 -0.0525527 -0.0527601
      vertex -0.0588074 -0.0525527 -0.0588074
    endloop
  endfacet
  facet normal -0.501252 0.736463 -0.454278
    outer loop
      vertex -0.0612507 -0.0557227 -0.0612507
      vertex -0.0669594 -0.0557227 -0.0549517
      vertex -0.0642881 -0.0525527 -0.0527601
    endloop
  endfacet
  facet normal 0.497712 -0.250673 -0.830329
    outer loop
      vertex 0.050559 -0.0726304 -0.0756664
      vertex 0.0428982 -0.0726304 -0.0802584
      vertex 0.0510502 -0.0692162 -0.0764027
    endloop
  endfacet
  facet normal 0.378891 -0.463448 -0.801035
    outer loop
      vertex 0.0420685 -0.075994 -0.0787048
      vertex 0.0348253 -0.0726304 -0.0840769
      vertex 0.0428982 -0.0726304 -0.0802584
    endloop
  endfacet
  facet normal 0.650139 -0.250565 -0.717312
    outer loop
      vertex 0.0643492 -0.0726304 -0.0643492
      vertex 0.0582933 -0.0692162 -0.0710306
      vertex 0.0649748 -0.0692162 -0.0649748
    endloop
  endfacet
  facet normal 0.0992521 -0.736498 -0.669119
    outer loop
      vertex 0.0168991 -0.0792775 -0.0849571
      vertex 0.00815105 -0.0824466 -0.0827665
      vertex 0.00848961 -0.0792775 -0.0862045
    endloop
  endfacet
  facet normal -0.0383422 -0.623386 -0.780974
    outer loop
      vertex -0.00848961 -0.0792775 -0.0862045
      vertex -0.0087471 -0.075994 -0.0888128
      vertex 0 -0.0792775 -0.0866213
    endloop
  endfacet
  facet normal 0.298529 -0.463591 -0.834244
    outer loop
      vertex 0.0341511 -0.075994 -0.082449
      vertex 0.0259056 -0.075994 -0.0853996
      vertex 0.0348253 -0.0726304 -0.0840769
    endloop
  endfacet
  facet normal 0.263454 -0.623347 -0.736227
    outer loop
      vertex 0.0331488 -0.0792775 -0.0800276
      vertex 0.0259056 -0.075994 -0.0853996
      vertex 0.0341511 -0.075994 -0.082449
    endloop
  endfacet
  facet normal 0.140903 -0.814674 -0.562541
    outer loop
      vertex 0.0229063 -0.0854726 -0.0755129
      vertex 0.0153942 -0.0854726 -0.0773945
      vertex 0.0162249 -0.0824466 -0.0815687
    endloop
  endfacet
  facet normal 0.0851032 -0.814672 -0.573643
    outer loop
      vertex 0.0153942 -0.0854726 -0.0773945
      vertex 0.00815105 -0.0824466 -0.0827665
      vertex 0.0162249 -0.0824466 -0.0815687
    endloop
  endfacet
  facet normal 0.102214 -0.907259 -0.407963
    outer loop
      vertex 0.0197878 -0.0909772 -0.0652313
      vertex 0.013298 -0.0909772 -0.0668573
      vertex 0.02145 -0.088325 -0.070713
    endloop
  endfacet
  facet normal 0.0521921 -0.934641 -0.35174
    outer loop
      vertex 0.0120525 -0.0934033 -0.0605955
      vertex 0.00605583 -0.0934033 -0.0614853
      vertex 0.013298 -0.0909772 -0.0668573
    endloop
  endfacet
  facet normal 0.114775 -0.623329 -0.773491
    outer loop
      vertex 0.0168991 -0.0792775 -0.0849571
      vertex 0.0087471 -0.075994 -0.0888128
      vertex 0.0174103 -0.075994 -0.0875273
    endloop
  endfacet
  facet normal 0.114727 -0.623395 -0.773445
    outer loop
      vertex 0.0168991 -0.0792775 -0.0849571
      vertex 0.00848961 -0.0792775 -0.0862045
      vertex 0.0087471 -0.075994 -0.0888128
    endloop
  endfacet
  facet normal -0.0992521 -0.736498 -0.669119
    outer loop
      vertex -0.00815105 -0.0824466 -0.0827665
      vertex -0.0168991 -0.0792775 -0.0849571
      vertex -0.00848961 -0.0792775 -0.0862045
    endloop
  endfacet
  facet normal -0.140967 -0.81463 -0.562589
    outer loop
      vertex -0.0229063 -0.0854726 -0.0755129
      vertex -0.0241413 -0.0824466 -0.0795851
      vertex -0.0162249 -0.0824466 -0.0815687
    endloop
  endfacet
  facet normal -0.0434304 -0.463463 -0.885051
    outer loop
      vertex -0.0087471 -0.075994 -0.0888128
      vertex -0.00891972 -0.0726304 -0.0905657
      vertex 0 -0.0726304 -0.0910034
    endloop
  endfacet
  facet normal -0.0474477 -0.250636 -0.966918
    outer loop
      vertex 0 -0.0726304 -0.0910034
      vertex -0.00891972 -0.0726304 -0.0905657
      vertex 0 -0.0692162 -0.0918884
    endloop
  endfacet
  facet normal 0.0383422 -0.623386 -0.780974
    outer loop
      vertex 0.00848961 -0.0792775 -0.0862045
      vertex 0 -0.0792775 -0.0866213
      vertex 0.0087471 -0.075994 -0.0888128
    endloop
  endfacet
  facet normal -0.114727 -0.623395 -0.773445
    outer loop
      vertex -0.00848961 -0.0792775 -0.0862045
      vertex -0.0168991 -0.0792775 -0.0849571
      vertex -0.0087471 -0.075994 -0.0888128
    endloop
  endfacet
  facet normal -0.146686 0 -0.989183
    outer loop
      vertex -0.0179262 -0.0692162 -0.0901232
      vertex -0.0090065 -0.0657849 -0.0914459
      vertex -0.0090065 -0.0692162 -0.0914459
    endloop
  endfacet
  facet normal -0.146686 0 -0.989183
    outer loop
      vertex -0.0090065 -0.0657849 -0.0914459
      vertex -0.0179262 -0.0692162 -0.0901232
      vertex -0.0179262 -0.0657849 -0.0901232
    endloop
  endfacet
  facet normal -0.049072 0 -0.998795
    outer loop
      vertex -0.0090065 -0.0692162 -0.0914459
      vertex 0 -0.0657849 -0.0918884
      vertex 0 -0.0692162 -0.0918884
    endloop
  endfacet
  facet normal -0.049072 0 -0.998795
    outer loop
      vertex 0 -0.0657849 -0.0918884
      vertex -0.0090065 -0.0692162 -0.0914459
      vertex -0.0090065 -0.0657849 -0.0914459
    endloop
  endfacet
  facet normal 0.332202 0.869121 0.366429
    outer loop
      vertex 0.0500912 -0.0494873 0.0608753
      vertex 0.0500603 -0.0495276 0.0609989
      vertex 0.0505517 -0.0495276 0.0605534
    endloop
  endfacet
  facet normal 0.331805 0.869455 0.365998
    outer loop
      vertex 0.0557743 -0.0495089 0.0557743
      vertex 0.052914 -0.0495276 0.0584118
      vertex 0.0557976 -0.0495276 0.0557976
    endloop
  endfacet
  facet normal 0.294685 0.869371 0.39668
    outer loop
      vertex 0.0500071 -0.04948 0.0609341
      vertex 0.0499149 -0.0494816 0.0610061
      vertex 0.0500603 -0.0495276 0.0609989
    endloop
  endfacet
  facet normal 0.366429 0.869121 0.332202
    outer loop
      vertex 0.0608753 -0.0494873 0.0500912
      vertex 0.0605534 -0.0495276 0.0505517
      vertex 0.0609989 -0.0495276 0.0500603
    endloop
  endfacet
  facet normal 0.365998 0.869455 0.331805
    outer loop
      vertex 0.0584118 -0.0495276 0.052914
      vertex 0.0557743 -0.0495089 0.0557743
      vertex 0.0557976 -0.0495276 0.0557976
    endloop
  endfacet
  facet normal 0.402952 0.736503 0.543317
    outer loop
      vertex 0.0527601 -0.0525527 0.0642881
      vertex 0.0462046 -0.0525527 0.06915
      vertex 0.0481243 -0.0557227 0.0720234
    endloop
  endfacet
  facet normal 0.345427 0.814712 0.465753
    outer loop
      vertex 0.0527601 -0.0525527 0.0642881
      vertex 0.0438404 -0.0495276 0.0656118
      vertex 0.0462046 -0.0525527 0.06915
    endloop
  endfacet
  facet normal 0.455571 0.463327 0.760121
    outer loop
      vertex 0.0495806 -0.0590062 0.0742025
      vertex 0.0420685 -0.0590062 0.0787048
      vertex 0.0428982 -0.0623708 0.0802584
    endloop
  endfacet
  facet normal 0.52794 0.463308 0.711776
    outer loop
      vertex 0.0566149 -0.0590062 0.068985
      vertex 0.0495806 -0.0590062 0.0742025
      vertex 0.0577316 -0.0623708 0.0703468
    endloop
  endfacet
  facet normal 0.54333 0.736469 0.402997
    outer loop
      vertex 0.0720234 -0.0557227 0.0481243
      vertex 0.0642881 -0.0525527 0.0527601
      vertex 0.0669594 -0.0557227 0.0549517
    endloop
  endfacet
  facet normal 0.389634 0.814541 0.429778
    outer loop
      vertex 0.0500603 -0.0495276 0.0609989
      vertex 0.0507173 -0.0495483 0.0604425
      vertex 0.0505517 -0.0495276 0.0605534
    endloop
  endfacet
  facet normal 0.389397 0.814806 0.429488
    outer loop
      vertex 0.0588074 -0.0525527 0.0588074
      vertex 0.0507173 -0.0495483 0.0604425
      vertex 0.0500603 -0.0495276 0.0609989
    endloop
  endfacet
  facet normal 0.389397 0.8148 0.4295
    outer loop
      vertex 0.0588074 -0.0525527 0.0588074
      vertex 0.0509475 -0.0495463 0.06023
      vertex 0.0507173 -0.0495483 0.0604425
    endloop
  endfacet
  facet normal 0.389396 0.814781 0.429537
    outer loop
      vertex 0.0588074 -0.0525527 0.0588074
      vertex 0.052914 -0.0495276 0.0584118
      vertex 0.0509475 -0.0495463 0.06023
    endloop
  endfacet
  facet normal 0.389399 0.814785 0.429528
    outer loop
      vertex 0.052914 -0.0495276 0.0584118
      vertex 0.0588074 -0.0525527 0.0588074
      vertex 0.0557976 -0.0495276 0.0557976
    endloop
  endfacet
  facet normal 0.45564 0.463226 0.760141
    outer loop
      vertex 0.0495806 -0.0590062 0.0742025
      vertex 0.0428982 -0.0623708 0.0802584
      vertex 0.050559 -0.0623708 0.0756664
    endloop
  endfacet
  facet normal 0.717311 0.250571 0.650137
    outer loop
      vertex 0.0710306 -0.0657849 0.0582933
      vertex 0.0643492 -0.0623708 0.0643492
      vertex 0.0649748 -0.0657849 0.0649748
    endloop
  endfacet
  facet normal 0.595126 0.463294 0.656646
    outer loop
      vertex 0.0643492 -0.0623708 0.0643492
      vertex 0.0566149 -0.0590062 0.068985
      vertex 0.0577316 -0.0623708 0.0703468
    endloop
  endfacet
  facet normal 0.465753 0.814712 0.345427
    outer loop
      vertex 0.0656118 -0.0495276 0.0438404
      vertex 0.0642881 -0.0525527 0.0527601
      vertex 0.06915 -0.0525527 0.0462046
    endloop
  endfacet
  facet normal 0.429528 0.814785 0.389399
    outer loop
      vertex 0.0588074 -0.0525527 0.0588074
      vertex 0.0584118 -0.0495276 0.052914
      vertex 0.0557976 -0.0495276 0.0557976
    endloop
  endfacet
  facet normal 0.429537 0.814781 0.389396
    outer loop
      vertex 0.0588074 -0.0525527 0.0588074
      vertex 0.06023 -0.0495463 0.0509475
      vertex 0.0584118 -0.0495276 0.052914
    endloop
  endfacet
  facet normal 0.4295 0.8148 0.389397
    outer loop
      vertex 0.0588074 -0.0525527 0.0588074
      vertex 0.0604425 -0.0495483 0.0507173
      vertex 0.06023 -0.0495463 0.0509475
    endloop
  endfacet
  facet normal 0.429488 0.814806 0.389397
    outer loop
      vertex 0.0609989 -0.0495276 0.0500603
      vertex 0.0604425 -0.0495483 0.0507173
      vertex 0.0588074 -0.0525527 0.0588074
    endloop
  endfacet
  facet normal 0.429778 0.814541 0.389634
    outer loop
      vertex 0.0604425 -0.0495483 0.0507173
      vertex 0.0609989 -0.0495276 0.0500603
      vertex 0.0605534 -0.0495276 0.0505517
    endloop
  endfacet
  facet normal 0.195344 0.814709 0.545976
    outer loop
      vertex 0.031826 -0.0525527 0.0768356
      vertex 0.0229063 -0.0495276 0.0755129
      vertex 0.0241413 -0.0525527 0.0795851
    endloop
  endfacet
  facet normal 0.140939 0.814711 0.562478
    outer loop
      vertex 0.0229063 -0.0495276 0.0755129
      vertex 0.0162249 -0.0525527 0.0815687
      vertex 0.0241413 -0.0525527 0.0795851
    endloop
  endfacet
  facet normal 0.0992673 0.736402 0.669222
    outer loop
      vertex 0.0168991 -0.0557227 0.0849571
      vertex 0.00815105 -0.0525527 0.0827665
      vertex 0.00848961 -0.0557227 0.0862045
    endloop
  endfacet
  facet normal 0.120093 0.869321 0.479436
    outer loop
      vertex 0.0155307 -0.0494634 0.0772439
      vertex 0.0153942 -0.0495276 0.0773945
      vertex 0.0181616 -0.0495276 0.0767013
    endloop
  endfacet
  facet normal 0.120108 0.869284 0.479498
    outer loop
      vertex 0.0228651 -0.049447 0.0753771
      vertex 0.0214184 -0.0495276 0.0758856
      vertex 0.0229063 -0.0495276 0.0755129
    endloop
  endfacet
  facet normal 0.13003 0.463355 0.876581
    outer loop
      vertex 0.0177536 -0.0623708 0.0892553
      vertex 0.0087471 -0.0590062 0.0888128
      vertex 0.00891972 -0.0623708 0.0905657
    endloop
  endfacet
  facet normal 0.164397 0.736421 0.656245
    outer loop
      vertex 0.0251446 -0.0557227 0.0828915
      vertex 0.0162249 -0.0525527 0.0815687
      vertex 0.0168991 -0.0557227 0.0849571
    endloop
  endfacet
  facet normal 0.120157 0.869288 0.47948
    outer loop
      vertex 0.0155307 -0.0494634 0.0772439
      vertex 0.0153708 -0.0494595 0.0772769
      vertex 0.0153942 -0.0495276 0.0773945
    endloop
  endfacet
  facet normal 0.0243145 0.868987 0.494238
    outer loop
      vertex 0.0077343 -0.0495276 0.0785303
      vertex 0.0071861 -0.0495192 0.0785425
      vertex 0.00706961 -0.0495276 0.078563
    endloop
  endfacet
  facet normal 0.0243137 0.869017 0.494185
    outer loop
      vertex 0.0071861 -0.0495192 0.0785425
      vertex 0.0077343 -0.0495276 0.0785303
      vertex 0.00772609 -0.04948 0.078447
    endloop
  endfacet
  facet normal 0.0242897 0.869247 0.49378
    outer loop
      vertex 4.87982e-05 -0.0495084 0.0788746
      vertex 0 -0.0495276 0.0789108
      vertex 0.00399664 -0.0495276 0.0787142
    endloop
  endfacet
  facet normal -0.166736 0.869013 0.465849
    outer loop
      vertex -0.0301403 -0.0494431 0.0727663
      vertex -0.0301971 -0.0495276 0.0729036
      vertex -0.0283464 -0.0495276 0.073566
    endloop
  endfacet
  facet normal -0.166622 0.869166 0.465604
    outer loop
      vertex -0.0230463 -0.0494533 0.0753241
      vertex -0.0251745 -0.0495276 0.0747012
      vertex -0.0229063 -0.0495276 0.0755129
    endloop
  endfacet
  facet normal 0.454208 -0.736559 0.501175
    outer loop
      vertex 0.0549517 -0.0792775 0.0669594
      vertex 0.0527601 -0.0824466 0.0642881
      vertex 0.0612507 -0.0792775 0.0612507
    endloop
  endfacet
  facet normal 0.777564 -0.250656 0.576685
    outer loop
      vertex 0.0764027 -0.0692162 0.0510502
      vertex 0.0703468 -0.0726304 0.0577316
      vertex 0.0756664 -0.0726304 0.050559
    endloop
  endfacet
  facet normal 0.427563 0 0.903985
    outer loop
      vertex 0.0351639 -0.0657849 0.0848942
      vertex 0.0433159 -0.0692162 0.0810385
      vertex 0.0433159 -0.0657849 0.0810385
    endloop
  endfacet
  facet normal 0.427563 0 0.903985
    outer loop
      vertex 0.0433159 -0.0692162 0.0810385
      vertex 0.0351639 -0.0657849 0.0848942
      vertex 0.0351639 -0.0692162 0.0848942
    endloop
  endfacet
  facet normal 0.347767 0.736397 0.580325
    outer loop
      vertex 0.0481243 -0.0557227 0.0720234
      vertex 0.0392046 -0.0525527 0.0733461
      vertex 0.0408325 -0.0557227 0.0763931
    endloop
  endfacet
  facet normal 0.289284 0.736403 0.611576
    outer loop
      vertex 0.0392046 -0.0525527 0.0733461
      vertex 0.0331488 -0.0557227 0.0800276
      vertex 0.0408325 -0.0557227 0.0763931
    endloop
  endfacet
  facet normal 0.130065 0.463442 0.87653
    outer loop
      vertex 0.0174103 -0.0590062 0.0875273
      vertex 0.0087471 -0.0590062 0.0888128
      vertex 0.0177536 -0.0623708 0.0892553
    endloop
  endfacet
  facet normal 0.215288 0.463433 0.859582
    outer loop
      vertex 0.0259056 -0.0590062 0.0853996
      vertex 0.0174103 -0.0590062 0.0875273
      vertex 0.0177536 -0.0623708 0.0892553
    endloop
  endfacet
  facet normal 0.378916 0.46334 0.801086
    outer loop
      vertex 0.0420685 -0.0590062 0.0787048
      vertex 0.0348253 -0.0623708 0.0840769
      vertex 0.0428982 -0.0623708 0.0802584
    endloop
  endfacet
  facet normal 0.334295 0.623338 0.706892
    outer loop
      vertex 0.0420685 -0.0590062 0.0787048
      vertex 0.0331488 -0.0557227 0.0800276
      vertex 0.0341511 -0.0590062 0.082449
    endloop
  endfacet
  facet normal 0.527934 0.463229 0.711832
    outer loop
      vertex 0.0577316 -0.0623708 0.0703468
      vertex 0.0495806 -0.0590062 0.0742025
      vertex 0.050559 -0.0623708 0.0756664
    endloop
  endfacet
  facet normal 0.4019 0.623453 0.670658
    outer loop
      vertex 0.0481243 -0.0557227 0.0720234
      vertex 0.0408325 -0.0557227 0.0763931
      vertex 0.0420685 -0.0590062 0.0787048
    endloop
  endfacet
  facet normal 0.656245 0.736421 0.164397
    outer loop
      vertex 0.0849571 -0.0557227 0.0168991
      vertex 0.0815687 -0.0525527 0.0162249
      vertex 0.0828915 -0.0557227 0.0251446
    endloop
  endfacet
  facet normal 0.6692 0.73642 0.0992795
    outer loop
      vertex 0.0827665 -0.0525527 0.00815105
      vertex 0.0815687 -0.0525527 0.0162249
      vertex 0.0849571 -0.0557227 0.0168991
    endloop
  endfacet
  facet normal 0.780974 0.623386 0.0383422
    outer loop
      vertex 0.0866213 -0.0557227 0
      vertex 0.0862045 -0.0557227 0.00848961
      vertex 0.0888128 -0.0590062 0.0087471
    endloop
  endfacet
  facet normal 0.781002 0.623351 0.038322
    outer loop
      vertex 0.089242 -0.0590062 0
      vertex 0.0866213 -0.0557227 0
      vertex 0.0888128 -0.0590062 0.0087471
    endloop
  endfacet
  facet normal 0.579052 0.814793 -0.0284843
    outer loop
      vertex 0.0827665 -0.0525527 -0.00815105
      vertex 0.0787142 -0.0495276 -0.00399664
      vertex 0.0789108 -0.0495276 0
    endloop
  endfacet
  facet normal 0.579038 0.814802 -0.0285053
    outer loop
      vertex 0.0787142 -0.0495276 -0.00399664
      vertex 0.0827665 -0.0525527 -0.00815105
      vertex 0.0786133 -0.0495457 -0.00656363
    endloop
  endfacet
  facet normal 0.579058 0.81479 -0.0284358
    outer loop
      vertex 0.0827665 -0.0525527 -0.00815105
      vertex 0.078563 -0.0495276 -0.00706961
      vertex 0.0786009 -0.0495478 -0.00687663
    endloop
  endfacet
  facet normal 0.579049 0.814795 -0.0284868
    outer loop
      vertex 0.078563 -0.0495276 -0.00706961
      vertex 0.0827665 -0.0525527 -0.00815105
      vertex 0.0785303 -0.0495276 -0.0077343
    endloop
  endfacet
  facet normal 0.579064 0.814787 -0.0284072
    outer loop
      vertex 0.0786133 -0.0495457 -0.00656363
      vertex 0.0827665 -0.0525527 -0.00815105
      vertex 0.0786009 -0.0495478 -0.00687663
    endloop
  endfacet
  facet normal 0.573467 0.814807 0.085005
    outer loop
      vertex 0.0773945 -0.0495276 0.0153942
      vertex 0.0777251 -0.049584 0.0137045
      vertex 0.0775553 -0.0495276 0.0143094
    endloop
  endfacet
  facet normal 0.573452 0.814817 0.0850018
    outer loop
      vertex 0.0827665 -0.0525527 0.00815105
      vertex 0.0777251 -0.049584 0.0137045
      vertex 0.0773945 -0.0495276 0.0153942
    endloop
  endfacet
  facet normal 0.573482 0.814792 0.0850429
    outer loop
      vertex 0.0827665 -0.0525527 0.00815105
      vertex 0.0780442 -0.0495276 0.0110123
      vertex 0.0777251 -0.049584 0.0137045
    endloop
  endfacet
  facet normal 0.573482 0.814792 0.0850426
    outer loop
      vertex 0.0780442 -0.0495276 0.0110123
      vertex 0.0827665 -0.0525527 0.00815105
      vertex 0.0785303 -0.0495276 0.0077343
    endloop
  endfacet
  facet normal 0.801086 0.46334 0.378916
    outer loop
      vertex 0.0840769 -0.0623708 0.0348253
      vertex 0.0787048 -0.0590062 0.0420685
      vertex 0.0802584 -0.0623708 0.0428982
    endloop
  endfacet
  facet normal 0.85964 0.463284 0.215376
    outer loop
      vertex 0.0892553 -0.0623708 0.0177536
      vertex 0.0853996 -0.0590062 0.0259056
      vertex 0.0870848 -0.0623708 0.0264168
    endloop
  endfacet
  facet normal 0.75847 0.623394 0.190006
    outer loop
      vertex 0.0849571 -0.0557227 0.0168991
      vertex 0.0828915 -0.0557227 0.0251446
      vertex 0.0853996 -0.0590062 0.0259056
    endloop
  endfacet
  facet normal 0.736201 0.623396 0.263412
    outer loop
      vertex 0.0828915 -0.0557227 0.0251446
      vertex 0.0800276 -0.0557227 0.0331488
      vertex 0.0853996 -0.0590062 0.0259056
    endloop
  endfacet
  facet normal 0.773491 -0.623329 -0.114775
    outer loop
      vertex 0.0888128 -0.075994 -0.0087471
      vertex 0.0849571 -0.0792775 -0.0168991
      vertex 0.0875273 -0.075994 -0.0174103
    endloop
  endfacet
  facet normal 0.675627 -0.736497 -0.0331701
    outer loop
      vertex 0.0866213 -0.0792775 0
      vertex 0.0827665 -0.0824466 -0.00815105
      vertex 0.0862045 -0.0792775 -0.00848961
    endloop
  endfacet
  facet normal 0.479952 -0.869019 0.120216
    outer loop
      vertex 0.0755129 -0.0854726 0.0229063
      vertex 0.070713 -0.088325 0.02145
      vertex 0.0773945 -0.0854726 0.0153942
    endloop
  endfacet
  facet normal 0.416059 -0.907241 0.0617119
    outer loop
      vertex 0.0735388 -0.088325 0.0072422
      vertex 0.0668573 -0.0909772 0.013298
      vertex 0.0678387 -0.0909772 0.00668144
    endloop
  endfacet
  facet normal 0.546006 -0.814673 0.19541
    outer loop
      vertex 0.0768356 -0.0824466 0.031826
      vertex 0.0729036 -0.0854726 0.0301971
      vertex 0.0755129 -0.0854726 0.0229063
    endloop
  endfacet
  facet normal 0.52425 -0.814674 0.247929
    outer loop
      vertex 0.0733461 -0.0824466 0.0392046
      vertex 0.0729036 -0.0854726 0.0301971
      vertex 0.0768356 -0.0824466 0.031826
    endloop
  endfacet
  facet normal 0.96695 0.2505 0.0475074
    outer loop
      vertex 0.0918884 -0.0657849 0
      vertex 0.0905657 -0.0623708 0.00891972
      vertex 0.0914459 -0.0657849 0.0090065
    endloop
  endfacet
  facet normal 0.93906 0.250614 0.235283
    outer loop
      vertex 0.0892553 -0.0623708 0.0177536
      vertex 0.0879316 -0.0657849 0.0266733
      vertex 0.0901232 -0.0657849 0.0179262
    endloop
  endfacet
  facet normal 0.957646 -0.250496 -0.142009
    outer loop
      vertex 0.0905657 -0.0726304 -0.00891972
      vertex 0.0901232 -0.0692162 -0.0179262
      vertex 0.0914459 -0.0692162 -0.0090065
    endloop
  endfacet
  facet normal 0.989183 0 -0.146686
    outer loop
      vertex 0.0914459 -0.0692162 -0.0090065
      vertex 0.0901232 -0.0657849 -0.0179262
      vertex 0.0914459 -0.0657849 -0.0090065
    endloop
  endfacet
  facet normal 0.989183 0 -0.146686
    outer loop
      vertex 0.0901232 -0.0657849 -0.0179262
      vertex 0.0914459 -0.0692162 -0.0090065
      vertex 0.0901232 -0.0692162 -0.0179262
    endloop
  endfacet
  facet normal 0.970016 -0 0.243039
    outer loop
      vertex 0.0879316 -0.0692162 0.0266733
      vertex 0.0901232 -0.0657849 0.0179262
      vertex 0.0879316 -0.0657849 0.0266733
    endloop
  endfacet
  facet normal 0.970016 0 0.243039
    outer loop
      vertex 0.0901232 -0.0657849 0.0179262
      vertex 0.0879316 -0.0692162 0.0266733
      vertex 0.0901232 -0.0692162 0.0179262
    endloop
  endfacet
  facet normal 0.957608 0.250615 0.14205
    outer loop
      vertex 0.0905657 -0.0623708 0.00891972
      vertex 0.0892553 -0.0623708 0.0177536
      vertex 0.0901232 -0.0657849 0.0179262
    endloop
  endfacet
  facet normal 0.859527 -0.463541 0.215274
    outer loop
      vertex 0.0892553 -0.0726304 0.0177536
      vertex 0.0853996 -0.075994 0.0259056
      vertex 0.0875273 -0.075994 0.0174103
    endloop
  endfacet
  facet normal 0.876474 -0.46355 0.130057
    outer loop
      vertex 0.0892553 -0.0726304 0.0177536
      vertex 0.0875273 -0.075994 0.0174103
      vertex 0.0888128 -0.075994 0.0087471
    endloop
  endfacet
  facet normal 0.711776 0.463308 0.52794
    outer loop
      vertex 0.0742025 -0.0590062 0.0495806
      vertex 0.068985 -0.0590062 0.0566149
      vertex 0.0703468 -0.0623708 0.0577316
    endloop
  endfacet
  facet normal 0.830353 0.250621 0.497698
    outer loop
      vertex 0.0802584 -0.0623708 0.0428982
      vertex 0.0764027 -0.0657849 0.0510502
      vertex 0.0810385 -0.0657849 0.0433159
    endloop
  endfacet
  facet normal 0.830329 -0.250673 0.497712
    outer loop
      vertex 0.0764027 -0.0692162 0.0510502
      vertex 0.0756664 -0.0726304 0.050559
      vertex 0.0802584 -0.0726304 0.0428982
    endloop
  endfacet
  facet normal 0.579387 -0.623327 0.525143
    outer loop
      vertex 0.0631037 -0.075994 0.0631037
      vertex 0.0612507 -0.0792775 0.0612507
      vertex 0.068985 -0.075994 0.0566149
    endloop
  endfacet
  facet normal 0.671561 0 0.740949
    outer loop
      vertex 0.0582933 -0.0657849 0.0710306
      vertex 0.0649748 -0.0692162 0.0649748
      vertex 0.0649748 -0.0657849 0.0649748
    endloop
  endfacet
  facet normal 0.671561 0 0.740949
    outer loop
      vertex 0.0649748 -0.0692162 0.0649748
      vertex 0.0582933 -0.0657849 0.0710306
      vertex 0.0582933 -0.0692162 0.0710306
    endloop
  endfacet
  facet normal 0.717317 -0.250621 0.650112
    outer loop
      vertex 0.0710306 -0.0692162 0.0582933
      vertex 0.0643492 -0.0726304 0.0643492
      vertex 0.0703468 -0.0726304 0.0577316
    endloop
  endfacet
  facet normal 0.911528 0.250584 0.326073
    outer loop
      vertex 0.0870848 -0.0623708 0.0264168
      vertex 0.0840769 -0.0623708 0.0348253
      vertex 0.0879316 -0.0657849 0.0266733
    endloop
  endfacet
  facet normal 0.834428 0.463285 0.298493
    outer loop
      vertex 0.0853996 -0.0590062 0.0259056
      vertex 0.0840769 -0.0623708 0.0348253
      vertex 0.0870848 -0.0623708 0.0264168
    endloop
  endfacet
  facet normal 0.834244 -0.463591 0.298529
    outer loop
      vertex 0.0840769 -0.0726304 0.0348253
      vertex 0.082449 -0.075994 0.0341511
      vertex 0.0853996 -0.075994 0.0259056
    endloop
  endfacet
  facet normal 0.800997 -0.463589 0.378798
    outer loop
      vertex 0.0840769 -0.0726304 0.0348253
      vertex 0.0787048 -0.075994 0.0420685
      vertex 0.082449 -0.075994 0.0341511
    endloop
  endfacet
  facet normal 0.465849 0.869013 0.166736
    outer loop
      vertex 0.073566 -0.0495276 0.0283464
      vertex 0.0727663 -0.0494431 0.0301403
      vertex 0.0729036 -0.0495276 0.0301971
    endloop
  endfacet
  facet normal 0.465604 0.869166 0.166622
    outer loop
      vertex 0.0753241 -0.0494533 0.0230463
      vertex 0.0747012 -0.0495276 0.0251745
      vertex 0.0755129 -0.0495276 0.0229063
    endloop
  endfacet
  facet normal 0.447306 0.869003 0.211544
    outer loop
      vertex 0.0727663 -0.0494431 0.0301403
      vertex 0.0720624 -0.0495276 0.0319758
      vertex 0.0729036 -0.0495276 0.0301971
    endloop
  endfacet
  facet normal 0.447358 0.868966 0.211587
    outer loop
      vertex 0.0706214 -0.0495276 0.0350227
      vertex 0.0695581 -0.0494534 0.0369661
      vertex 0.0695925 -0.0495276 0.0371981
    endloop
  endfacet
  facet normal 0.497353 0.814712 0.298135
    outer loop
      vertex 0.0733461 -0.0525527 0.0392046
      vertex 0.0656118 -0.0495276 0.0438404
      vertex 0.06915 -0.0525527 0.0462046
    endloop
  endfacet
  facet normal 0.497323 0.81476 0.298054
    outer loop
      vertex 0.0733461 -0.0525527 0.0392046
      vertex 0.0670845 -0.0495276 0.0413831
      vertex 0.0656118 -0.0495276 0.0438404
    endloop
  endfacet
  facet normal 0.49732 0.814771 0.298028
    outer loop
      vertex 0.0670845 -0.0495276 0.0413831
      vertex 0.0733461 -0.0525527 0.0392046
      vertex 0.0683627 -0.0496075 0.0394686
    endloop
  endfacet
  facet normal 0.497316 0.814763 0.298058
    outer loop
      vertex 0.0733461 -0.0525527 0.0392046
      vertex 0.0688047 -0.0495276 0.0385127
      vertex 0.0683627 -0.0496075 0.0394686
    endloop
  endfacet
  facet normal 0.497324 0.814768 0.298031
    outer loop
      vertex 0.0688047 -0.0495276 0.0385127
      vertex 0.0733461 -0.0525527 0.0392046
      vertex 0.0695925 -0.0495276 0.0371981
    endloop
  endfacet
  facet normal 0.0237801 0.869558 -0.493258
    outer loop
      vertex 4.87982e-05 -0.0495084 -0.0788746
      vertex 0 -0.0495276 -0.0789108
      vertex 0 -0.0495082 -0.0788766
    endloop
  endfacet
  facet normal 0.455571 0.463327 -0.760121
    outer loop
      vertex 0.0428982 -0.0623708 -0.0802584
      vertex 0.0420685 -0.0590062 -0.0787048
      vertex 0.0495806 -0.0590062 -0.0742025
    endloop
  endfacet
  facet normal 0.595126 0.463294 -0.656646
    outer loop
      vertex 0.0577316 -0.0623708 -0.0703468
      vertex 0.0566149 -0.0590062 -0.068985
      vertex 0.0643492 -0.0623708 -0.0643492
    endloop
  endfacet
  facet normal 0.650111 0.250628 -0.717316
    outer loop
      vertex 0.0582933 -0.0657849 -0.0710306
      vertex 0.0577316 -0.0623708 -0.0703468
      vertex 0.0643492 -0.0623708 -0.0643492
    endloop
  endfacet
  facet normal 0.455541 -0.463435 -0.760072
    outer loop
      vertex 0.0495806 -0.075994 -0.0742025
      vertex 0.0420685 -0.075994 -0.0787048
      vertex 0.0428982 -0.0726304 -0.0802584
    endloop
  endfacet
  facet normal 0.413926 -0.250547 -0.875152
    outer loop
      vertex 0.0433159 -0.0692162 -0.0810385
      vertex 0.0348253 -0.0726304 -0.0840769
      vertex 0.0351639 -0.0692162 -0.0848942
    endloop
  endfacet
  facet normal 0.235276 0.250593 -0.939068
    outer loop
      vertex 0.0266733 -0.0657849 -0.0879316
      vertex 0.0177536 -0.0623708 -0.0892553
      vertex 0.0264168 -0.0623708 -0.0870848
    endloop
  endfacet
  facet normal 0.298548 0.463483 -0.834298
    outer loop
      vertex 0.0348253 -0.0623708 -0.0840769
      vertex 0.0259056 -0.0590062 -0.0853996
      vertex 0.0341511 -0.0590062 -0.082449
    endloop
  endfacet
  facet normal 0.0850864 0.814754 -0.57353
    outer loop
      vertex 0.0162249 -0.0525527 -0.0815687
      vertex 0.00815105 -0.0525527 -0.0827665
      vertex 0.0153942 -0.0495276 -0.0773945
    endloop
  endfacet
  facet normal 0.289209 0.736465 -0.611537
    outer loop
      vertex 0.0331488 -0.0557227 -0.0800276
      vertex 0.031826 -0.0525527 -0.0768356
      vertex 0.0392046 -0.0525527 -0.0733461
    endloop
  endfacet
  facet normal 0.085005 0.814807 -0.573467
    outer loop
      vertex 0.0153942 -0.0495276 -0.0773945
      vertex 0.0137045 -0.049584 -0.0777251
      vertex 0.0143094 -0.0495276 -0.0775553
    endloop
  endfacet
  facet normal 0.0850429 0.814792 -0.573482
    outer loop
      vertex 0.00815105 -0.0525527 -0.0827665
      vertex 0.0110123 -0.0495276 -0.0780442
      vertex 0.0137045 -0.049584 -0.0777251
    endloop
  endfacet
  facet normal 0.0850426 0.814792 -0.573482
    outer loop
      vertex 0.0110123 -0.0495276 -0.0780442
      vertex 0.00815105 -0.0525527 -0.0827665
      vertex 0.0077343 -0.0495276 -0.0785303
    endloop
  endfacet
  facet normal 0.0850018 0.814817 -0.573452
    outer loop
      vertex 0.00815105 -0.0525527 -0.0827665
      vertex 0.0137045 -0.049584 -0.0777251
      vertex 0.0153942 -0.0495276 -0.0773945
    endloop
  endfacet
  facet normal 0.0725781 0.869018 -0.489428
    outer loop
      vertex 0.0077343 -0.0495276 -0.0785303
      vertex 0.00772609 -0.04948 -0.078447
      vertex 0.0110123 -0.0495276 -0.0780442
    endloop
  endfacet
  facet normal 0.0724731 0.869311 -0.488923
    outer loop
      vertex 0.0153942 -0.0495276 -0.0773945
      vertex 0.0143094 -0.0495276 -0.0775553
      vertex 0.0152259 -0.0494688 -0.0773149
    endloop
  endfacet
  facet normal 0.227897 0.736458 -0.63694
    outer loop
      vertex 0.0331488 -0.0557227 -0.0800276
      vertex 0.0251446 -0.0557227 -0.0828915
      vertex 0.031826 -0.0525527 -0.0768356
    endloop
  endfacet
  facet normal 0.120093 0.869321 -0.479436
    outer loop
      vertex 0.0181616 -0.0495276 -0.0767013
      vertex 0.0153942 -0.0495276 -0.0773945
      vertex 0.0155307 -0.0494634 -0.0772439
    endloop
  endfacet
  facet normal 0.120108 0.869284 -0.479498
    outer loop
      vertex 0.0229063 -0.0495276 -0.0755129
      vertex 0.0214184 -0.0495276 -0.0758856
      vertex 0.0228651 -0.049447 -0.0753771
    endloop
  endfacet
  facet normal 0.190006 0.623394 -0.75847
    outer loop
      vertex 0.0259056 -0.0590062 -0.0853996
      vertex 0.0168991 -0.0557227 -0.0849571
      vertex 0.0251446 -0.0557227 -0.0828915
    endloop
  endfacet
  facet normal 0.164397 0.736421 -0.656245
    outer loop
      vertex 0.0168991 -0.0557227 -0.0849571
      vertex 0.0162249 -0.0525527 -0.0815687
      vertex 0.0251446 -0.0557227 -0.0828915
    endloop
  endfacet
  facet normal -0.0331752 0.736402 -0.675731
    outer loop
      vertex 0 -0.0557227 -0.0866213
      vertex -0.00848961 -0.0557227 -0.0862045
      vertex -0.00815105 -0.0525527 -0.0827665
    endloop
  endfacet
  facet normal -0.085005 0.814807 -0.573467
    outer loop
      vertex -0.0137045 -0.049584 -0.0777251
      vertex -0.0153942 -0.0495276 -0.0773945
      vertex -0.0143094 -0.0495276 -0.0775553
    endloop
  endfacet
  facet normal -0.0850426 0.814792 -0.573482
    outer loop
      vertex -0.00815105 -0.0525527 -0.0827665
      vertex -0.0110123 -0.0495276 -0.0780442
      vertex -0.0077343 -0.0495276 -0.0785303
    endloop
  endfacet
  facet normal -0.0850018 0.814817 -0.573452
    outer loop
      vertex -0.0137045 -0.049584 -0.0777251
      vertex -0.00815105 -0.0525527 -0.0827665
      vertex -0.0153942 -0.0495276 -0.0773945
    endloop
  endfacet
  facet normal -0.0850429 0.814792 -0.573482
    outer loop
      vertex -0.0110123 -0.0495276 -0.0780442
      vertex -0.00815105 -0.0525527 -0.0827665
      vertex -0.0137045 -0.049584 -0.0777251
    endloop
  endfacet
  facet normal 0.49378 0.869247 0.0242897
    outer loop
      vertex 0.0788746 -0.0495084 4.87982e-05
      vertex 0.0787142 -0.0495276 0.00399664
      vertex 0.0789108 -0.0495276 0
    endloop
  endfacet
  facet normal 0.494185 0.869017 0.0243137
    outer loop
      vertex 0.0785303 -0.0495276 0.0077343
      vertex 0.0785425 -0.0495192 0.0071861
      vertex 0.078447 -0.04948 0.00772609
    endloop
  endfacet
  facet normal 0.494238 0.868987 0.0243145
    outer loop
      vertex 0.0785425 -0.0495192 0.0071861
      vertex 0.0785303 -0.0495276 0.0077343
      vertex 0.078563 -0.0495276 0.00706961
    endloop
  endfacet
  facet normal 0.479498 0.869284 -0.120108
    outer loop
      vertex 0.0755129 -0.0495276 -0.0229063
      vertex 0.0753771 -0.049447 -0.0228651
      vertex 0.0758856 -0.0495276 -0.0214184
    endloop
  endfacet
  facet normal 0.479436 0.869321 -0.120093
    outer loop
      vertex 0.0773945 -0.0495276 -0.0153942
      vertex 0.0767013 -0.0495276 -0.0181616
      vertex 0.0772439 -0.0494634 -0.0155307
    endloop
  endfacet
  facet normal 0.736227 0.623347 -0.263454
    outer loop
      vertex 0.082449 -0.0590062 -0.0341511
      vertex 0.0800276 -0.0557227 -0.0331488
      vertex 0.0853996 -0.0590062 -0.0259056
    endloop
  endfacet
  facet normal 0.706892 0.623338 -0.334295
    outer loop
      vertex 0.082449 -0.0590062 -0.0341511
      vertex 0.0787048 -0.0590062 -0.0420685
      vertex 0.0800276 -0.0557227 -0.0331488
    endloop
  endfacet
  facet normal 0.447269 0.869005 -0.211613
    outer loop
      vertex 0.0695925 -0.0495276 -0.0371981
      vertex 0.0694677 -0.0494471 -0.0371313
      vertex 0.0695581 -0.0494534 -0.0369661
    endloop
  endfacet
  facet normal 0.211613 0.869005 -0.447269
    outer loop
      vertex 0.0371981 -0.0495276 -0.0695925
      vertex 0.0369661 -0.0494534 -0.0695581
      vertex 0.0371313 -0.0494471 -0.0694677
    endloop
  endfacet
  facet normal 0.332202 0.869121 -0.366429
    outer loop
      vertex 0.0505517 -0.0495276 -0.0605534
      vertex 0.0500603 -0.0495276 -0.0609989
      vertex 0.0500912 -0.0494873 -0.0608753
    endloop
  endfacet
  facet normal 0.331805 0.869455 -0.365998
    outer loop
      vertex 0.0557976 -0.0495276 -0.0557976
      vertex 0.052914 -0.0495276 -0.0584118
      vertex 0.0557743 -0.0495089 -0.0557743
    endloop
  endfacet
  facet normal 0.389399 0.814785 -0.429528
    outer loop
      vertex 0.0588074 -0.0525527 -0.0588074
      vertex 0.052914 -0.0495276 -0.0584118
      vertex 0.0557976 -0.0495276 -0.0557976
    endloop
  endfacet
  facet normal 0.389396 0.814781 -0.429537
    outer loop
      vertex 0.0588074 -0.0525527 -0.0588074
      vertex 0.0509475 -0.0495463 -0.06023
      vertex 0.052914 -0.0495276 -0.0584118
    endloop
  endfacet
  facet normal 0.389397 0.8148 -0.4295
    outer loop
      vertex 0.0588074 -0.0525527 -0.0588074
      vertex 0.0507173 -0.0495483 -0.0604425
      vertex 0.0509475 -0.0495463 -0.06023
    endloop
  endfacet
  facet normal 0.389397 0.814806 -0.429488
    outer loop
      vertex 0.0500603 -0.0495276 -0.0609989
      vertex 0.0507173 -0.0495483 -0.0604425
      vertex 0.0588074 -0.0525527 -0.0588074
    endloop
  endfacet
  facet normal 0.389634 0.814541 -0.429778
    outer loop
      vertex 0.0507173 -0.0495483 -0.0604425
      vertex 0.0500603 -0.0495276 -0.0609989
      vertex 0.0505517 -0.0495276 -0.0605534
    endloop
  endfacet
  facet normal 0.347783 0.736506 -0.580178
    outer loop
      vertex 0.0481243 -0.0557227 -0.0720234
      vertex 0.0392046 -0.0525527 -0.0733461
      vertex 0.0462046 -0.0525527 -0.06915
    endloop
  endfacet
  facet normal 0.298135 0.814712 -0.497353
    outer loop
      vertex 0.0462046 -0.0525527 -0.06915
      vertex 0.0392046 -0.0525527 -0.0733461
      vertex 0.0438404 -0.0495276 -0.0656118
    endloop
  endfacet
  facet normal 0.366364 0.869374 -0.331613
    outer loop
      vertex 0.0609989 -0.0495276 -0.0500603
      vertex 0.0608753 -0.0494873 -0.0500912
      vertex 0.0609341 -0.04948 -0.0500071
    endloop
  endfacet
  facet normal 0.39668 0.869371 -0.294685
    outer loop
      vertex 0.0609989 -0.0495276 -0.0500603
      vertex 0.0609341 -0.04948 -0.0500071
      vertex 0.0610061 -0.0494816 -0.0499149
    endloop
  endfacet
  facet normal 0.670684 0.623382 -0.401968
    outer loop
      vertex 0.0742025 -0.0590062 -0.0495806
      vertex 0.0720234 -0.0557227 -0.0481243
      vertex 0.0787048 -0.0590062 -0.0420685
    endloop
  endfacet
  facet normal 0.54333 0.736469 -0.402997
    outer loop
      vertex 0.0669594 -0.0557227 -0.0549517
      vertex 0.0642881 -0.0525527 -0.0527601
      vertex 0.0720234 -0.0557227 -0.0481243
    endloop
  endfacet
  facet normal 0.501252 0.736463 -0.454278
    outer loop
      vertex 0.0669594 -0.0557227 -0.0549517
      vertex 0.0612507 -0.0557227 -0.0612507
      vertex 0.0642881 -0.0525527 -0.0527601
    endloop
  endfacet
  facet normal 0.429665 0.814709 -0.389407
    outer loop
      vertex 0.0642881 -0.0525527 -0.0527601
      vertex 0.0588074 -0.0525527 -0.0588074
      vertex 0.0609989 -0.0495276 -0.0500603
    endloop
  endfacet
  facet normal 0.656646 0.463294 -0.595126
    outer loop
      vertex 0.0703468 -0.0623708 -0.0577316
      vertex 0.0643492 -0.0623708 -0.0643492
      vertex 0.068985 -0.0590062 -0.0566149
    endloop
  endfacet
  facet normal 0.454277 0.736472 -0.50124
    outer loop
      vertex 0.0612507 -0.0557227 -0.0612507
      vertex 0.0527601 -0.0525527 -0.0642881
      vertex 0.0588074 -0.0525527 -0.0588074
    endloop
  endfacet
  facet normal 0.803194 0 -0.595717
    outer loop
      vertex 0.0764027 -0.0692162 -0.0510502
      vertex 0.0710306 -0.0657849 -0.0582933
      vertex 0.0764027 -0.0657849 -0.0510502
    endloop
  endfacet
  facet normal 0.803194 0 -0.595717
    outer loop
      vertex 0.0710306 -0.0657849 -0.0582933
      vertex 0.0764027 -0.0692162 -0.0510502
      vertex 0.0710306 -0.0692162 -0.0582933
    endloop
  endfacet
  facet normal 0.447315 -0.868996 -0.211556
    outer loop
      vertex 0.0729036 -0.0854726 -0.0301971
      vertex 0.0682697 -0.088325 -0.0282784
      vertex 0.0695925 -0.0854726 -0.0371981
    endloop
  endfacet
  facet normal 0.562541 -0.814674 -0.140903
    outer loop
      vertex 0.0773945 -0.0854726 -0.0153942
      vertex 0.0755129 -0.0854726 -0.0229063
      vertex 0.0815687 -0.0824466 -0.0162249
    endloop
  endfacet
  facet normal 0.773445 -0.623395 -0.114727
    outer loop
      vertex 0.0862045 -0.0792775 -0.00848961
      vertex 0.0849571 -0.0792775 -0.0168991
      vertex 0.0888128 -0.075994 -0.0087471
    endloop
  endfacet
  facet normal 0.669119 -0.736498 -0.0992521
    outer loop
      vertex 0.0862045 -0.0792775 -0.00848961
      vertex 0.0827665 -0.0824466 -0.00815105
      vertex 0.0849571 -0.0792775 -0.0168991
    endloop
  endfacet
  facet normal 0.876525 -0.463463 -0.130022
    outer loop
      vertex 0.0905657 -0.0726304 -0.00891972
      vertex 0.0888128 -0.075994 -0.0087471
      vertex 0.0892553 -0.0726304 -0.0177536
    endloop
  endfacet
  facet normal 0.876474 -0.46355 -0.130057
    outer loop
      vertex 0.0888128 -0.075994 -0.0087471
      vertex 0.0875273 -0.075994 -0.0174103
      vertex 0.0892553 -0.0726304 -0.0177536
    endloop
  endfacet
  facet normal 0.957608 0.250615 -0.14205
    outer loop
      vertex 0.0901232 -0.0657849 -0.0179262
      vertex 0.0892553 -0.0623708 -0.0177536
      vertex 0.0905657 -0.0623708 -0.00891972
    endloop
  endfacet
  facet normal 0.957644 0.250503 -0.142009
    outer loop
      vertex 0.0914459 -0.0657849 -0.0090065
      vertex 0.0901232 -0.0657849 -0.0179262
      vertex 0.0905657 -0.0623708 -0.00891972
    endloop
  endfacet
  facet normal 0.834244 -0.463591 -0.298529
    outer loop
      vertex 0.0853996 -0.075994 -0.0259056
      vertex 0.082449 -0.075994 -0.0341511
      vertex 0.0840769 -0.0726304 -0.0348253
    endloop
  endfacet
  facet normal 0.611482 -0.736499 -0.28924
    outer loop
      vertex 0.0800276 -0.0792775 -0.0331488
      vertex 0.0733461 -0.0824466 -0.0392046
      vertex 0.0763931 -0.0792775 -0.0408325
    endloop
  endfacet
  facet normal 0.941565 0 -0.336832
    outer loop
      vertex 0.0879316 -0.0692162 -0.0266733
      vertex 0.0848942 -0.0657849 -0.0351639
      vertex 0.0879316 -0.0657849 -0.0266733
    endloop
  endfacet
  facet normal 0.941565 0 -0.336832
    outer loop
      vertex 0.0848942 -0.0657849 -0.0351639
      vertex 0.0879316 -0.0692162 -0.0266733
      vertex 0.0848942 -0.0692162 -0.0351639
    endloop
  endfacet
  facet normal 0.911533 -0.250545 -0.326089
    outer loop
      vertex 0.0879316 -0.0692162 -0.0266733
      vertex 0.0840769 -0.0726304 -0.0348253
      vertex 0.0848942 -0.0692162 -0.0351639
    endloop
  endfacet
  facet normal 0.628022 -0.62338 -0.465818
    outer loop
      vertex 0.0742025 -0.075994 -0.0495806
      vertex 0.0669594 -0.0792775 -0.0549517
      vertex 0.068985 -0.075994 -0.0566149
    endloop
  endfacet
  facet normal 0.345495 -0.81463 -0.465845
    outer loop
      vertex 0.0527601 -0.0824466 -0.0642881
      vertex 0.0438404 -0.0854726 -0.0656118
      vertex 0.0462046 -0.0824466 -0.06915
    endloop
  endfacet
  facet normal 0.580088 -0.736601 -0.34773
    outer loop
      vertex 0.0733461 -0.0824466 -0.0392046
      vertex 0.06915 -0.0824466 -0.0462046
      vertex 0.0720234 -0.0792775 -0.0481243
    endloop
  endfacet
  facet normal 0.736227 -0.623347 -0.263454
    outer loop
      vertex 0.0853996 -0.075994 -0.0259056
      vertex 0.0800276 -0.0792775 -0.0331488
      vertex 0.082449 -0.075994 -0.0341511
    endloop
  endfacet
  facet normal 0.311674 -0.90725 -0.282413
    outer loop
      vertex 0.0526934 -0.0909772 -0.0432444
      vertex 0.0482016 -0.0909772 -0.0482016
      vertex 0.0571213 -0.088325 -0.0468779
    endloop
  endfacet
  facet normal 0.424416 -0.869009 -0.254351
    outer loop
      vertex 0.0695925 -0.0854726 -0.0371981
      vertex 0.0614414 -0.088325 -0.0410538
      vertex 0.0656118 -0.0854726 -0.0438404
    endloop
  endfacet
  facet normal 0.801049 0.463481 -0.378822
    outer loop
      vertex 0.0840769 -0.0623708 -0.0348253
      vertex 0.0787048 -0.0590062 -0.0420685
      vertex 0.082449 -0.0590062 -0.0341511
    endloop
  endfacet
  facet normal 0.834298 0.463483 -0.298548
    outer loop
      vertex 0.0840769 -0.0623708 -0.0348253
      vertex 0.082449 -0.0590062 -0.0341511
      vertex 0.0853996 -0.0590062 -0.0259056
    endloop
  endfacet
  facet normal 0.760121 0.463327 -0.455571
    outer loop
      vertex 0.0802584 -0.0623708 -0.0428982
      vertex 0.0742025 -0.0590062 -0.0495806
      vertex 0.0787048 -0.0590062 -0.0420685
    endloop
  endfacet
  facet normal 0.62802 0.623385 -0.465813
    outer loop
      vertex 0.0742025 -0.0590062 -0.0495806
      vertex 0.0669594 -0.0557227 -0.0549517
      vertex 0.0720234 -0.0557227 -0.0481243
    endloop
  endfacet
  facet normal 0.87653 0.463442 -0.130065
    outer loop
      vertex 0.0892553 -0.0623708 -0.0177536
      vertex 0.0875273 -0.0590062 -0.0174103
      vertex 0.0888128 -0.0590062 -0.0087471
    endloop
  endfacet
  facet normal 0.773491 0.623329 -0.114775
    outer loop
      vertex 0.0875273 -0.0590062 -0.0174103
      vertex 0.0849571 -0.0557227 -0.0168991
      vertex 0.0888128 -0.0590062 -0.0087471
    endloop
  endfacet
  facet normal 0.966916 0.250643 -0.0474476
    outer loop
      vertex 0.0918884 -0.0657849 0
      vertex 0.0905657 -0.0623708 -0.00891972
      vertex 0.0910034 -0.0623708 0
    endloop
  endfacet
  facet normal 0.885108 0.463355 -0.0434332
    outer loop
      vertex 0.0905657 -0.0623708 -0.00891972
      vertex 0.0888128 -0.0590062 -0.0087471
      vertex 0.0910034 -0.0623708 0
    endloop
  endfacet
  facet normal -0.195372 0.814751 -0.545904
    outer loop
      vertex -0.031826 -0.0525527 -0.0768356
      vertex -0.0283464 -0.0495276 -0.073566
      vertex -0.0272856 -0.0496002 -0.074054
    endloop
  endfacet
  facet normal -0.195236 0.814683 -0.546053
    outer loop
      vertex -0.031826 -0.0525527 -0.0768356
      vertex -0.0272856 -0.0496002 -0.074054
      vertex -0.027001 -0.0496196 -0.0741847
    endloop
  endfacet
  facet normal -0.195364 0.814741 -0.545921
    outer loop
      vertex -0.031826 -0.0525527 -0.0768356
      vertex -0.0251745 -0.0495276 -0.0747012
      vertex -0.0229063 -0.0495276 -0.0755129
    endloop
  endfacet
  facet normal -0.195385 0.814755 -0.545893
    outer loop
      vertex -0.0283464 -0.0495276 -0.073566
      vertex -0.031826 -0.0525527 -0.0768356
      vertex -0.0301971 -0.0495276 -0.0729036
    endloop
  endfacet
  facet normal -0.195399 0.814775 -0.545859
    outer loop
      vertex -0.0251745 -0.0495276 -0.0747012
      vertex -0.031826 -0.0525527 -0.0768356
      vertex -0.027001 -0.0496196 -0.0741847
    endloop
  endfacet
  facet normal -0.488973 0.869286 -0.0724405
    outer loop
      vertex -0.0772769 -0.0494595 -0.0153708
      vertex -0.0773945 -0.0495276 -0.0153942
      vertex -0.0773149 -0.0494688 -0.0152259
    endloop
  endfacet
  facet normal -0.573467 0.814807 0.085005
    outer loop
      vertex -0.0777251 -0.049584 0.0137045
      vertex -0.0773945 -0.0495276 0.0153942
      vertex -0.0775553 -0.0495276 0.0143094
    endloop
  endfacet
  facet normal -0.573452 0.814817 0.0850018
    outer loop
      vertex -0.0777251 -0.049584 0.0137045
      vertex -0.0827665 -0.0525527 0.00815105
      vertex -0.0773945 -0.0495276 0.0153942
    endloop
  endfacet
  facet normal -0.573482 0.814792 0.0850429
    outer loop
      vertex -0.0780442 -0.0495276 0.0110123
      vertex -0.0827665 -0.0525527 0.00815105
      vertex -0.0777251 -0.049584 0.0137045
    endloop
  endfacet
  facet normal -0.573482 0.814792 0.0850426
    outer loop
      vertex -0.0827665 -0.0525527 0.00815105
      vertex -0.0780442 -0.0495276 0.0110123
      vertex -0.0785303 -0.0495276 0.0077343
    endloop
  endfacet
  facet normal -0.493258 0.869558 0.0237801
    outer loop
      vertex -0.0788766 -0.0495082 0
      vertex -0.0789108 -0.0495276 0
      vertex -0.0788746 -0.0495084 4.87982e-05
    endloop
  endfacet
  facet normal -0.465466 0.869289 -0.16637
    outer loop
      vertex -0.0753241 -0.0494533 -0.0230463
      vertex -0.0755129 -0.0495276 -0.0229063
      vertex -0.0753771 -0.049447 -0.0228651
    endloop
  endfacet
  facet normal -0.525081 0.623389 -0.579376
    outer loop
      vertex -0.0566149 -0.0590062 -0.068985
      vertex -0.0612507 -0.0557227 -0.0612507
      vertex -0.0549517 -0.0557227 -0.0669594
    endloop
  endfacet
  facet normal -0.830327 0.25068 -0.497711
    outer loop
      vertex -0.0764027 -0.0657849 -0.0510502
      vertex -0.0802584 -0.0623708 -0.0428982
      vertex -0.0756664 -0.0623708 -0.050559
    endloop
  endfacet
  facet normal -0.562478 0.814711 -0.140939
    outer loop
      vertex -0.0795851 -0.0525527 -0.0241413
      vertex -0.0815687 -0.0525527 -0.0162249
      vertex -0.0755129 -0.0495276 -0.0229063
    endloop
  endfacet
  facet normal -0.545976 0.814709 -0.195344
    outer loop
      vertex -0.0768356 -0.0525527 -0.031826
      vertex -0.0795851 -0.0525527 -0.0241413
      vertex -0.0755129 -0.0495276 -0.0229063
    endloop
  endfacet
  facet normal -0.670684 0.623382 -0.401968
    outer loop
      vertex -0.0742025 -0.0590062 -0.0495806
      vertex -0.0787048 -0.0590062 -0.0420685
      vertex -0.0720234 -0.0557227 -0.0481243
    endloop
  endfacet
  facet normal -0.711776 0.463308 -0.52794
    outer loop
      vertex -0.0703468 -0.0623708 -0.0577316
      vertex -0.0742025 -0.0590062 -0.0495806
      vertex -0.068985 -0.0590062 -0.0566149
    endloop
  endfacet
  facet normal -0.885051 -0.463463 -0.0434304
    outer loop
      vertex -0.0888128 -0.075994 -0.0087471
      vertex -0.0910034 -0.0726304 0
      vertex -0.0905657 -0.0726304 -0.00891972
    endloop
  endfacet
  facet normal -0.773491 -0.623329 0.114775
    outer loop
      vertex -0.0875273 -0.075994 0.0174103
      vertex -0.0888128 -0.075994 0.0087471
      vertex -0.0849571 -0.0792775 0.0168991
    endloop
  endfacet
  facet normal -0.830329 -0.250673 0.497712
    outer loop
      vertex -0.0764027 -0.0692162 0.0510502
      vertex -0.0802584 -0.0726304 0.0428982
      vertex -0.0756664 -0.0726304 0.050559
    endloop
  endfacet
  facet normal -0.970016 0 0.243039
    outer loop
      vertex -0.0901232 -0.0692162 0.0179262
      vertex -0.0879316 -0.0657849 0.0266733
      vertex -0.0901232 -0.0657849 0.0179262
    endloop
  endfacet
  facet normal -0.970016 0 0.243039
    outer loop
      vertex -0.0879316 -0.0657849 0.0266733
      vertex -0.0901232 -0.0692162 0.0179262
      vertex -0.0879316 -0.0692162 0.0266733
    endloop
  endfacet
  facet normal -0.736227 -0.623347 -0.263454
    outer loop
      vertex -0.0800276 -0.0792775 -0.0331488
      vertex -0.0853996 -0.075994 -0.0259056
      vertex -0.082449 -0.075994 -0.0341511
    endloop
  endfacet
  facet normal -0.876525 -0.463463 -0.130022
    outer loop
      vertex -0.0888128 -0.075994 -0.0087471
      vertex -0.0905657 -0.0726304 -0.00891972
      vertex -0.0892553 -0.0726304 -0.0177536
    endloop
  endfacet
  facet normal -0.875131 -0.250598 -0.413939
    outer loop
      vertex -0.0802584 -0.0726304 -0.0428982
      vertex -0.0840769 -0.0726304 -0.0348253
      vertex -0.0810385 -0.0692162 -0.0433159
    endloop
  endfacet
  facet normal -0.830354 -0.250615 -0.497699
    outer loop
      vertex -0.0802584 -0.0726304 -0.0428982
      vertex -0.0810385 -0.0692162 -0.0433159
      vertex -0.0764027 -0.0692162 -0.0510502
    endloop
  endfacet
  facet normal -0.562589 -0.81463 0.140967
    outer loop
      vertex -0.0795851 -0.0824466 0.0241413
      vertex -0.0815687 -0.0824466 0.0162249
      vertex -0.0755129 -0.0854726 0.0229063
    endloop
  endfacet
  facet normal -0.885051 -0.463463 0.0434304
    outer loop
      vertex -0.0905657 -0.0726304 0.00891972
      vertex -0.0910034 -0.0726304 0
      vertex -0.0888128 -0.075994 0.0087471
    endloop
  endfacet
  facet normal -0.706892 -0.623338 0.334295
    outer loop
      vertex -0.0787048 -0.075994 0.0420685
      vertex -0.082449 -0.075994 0.0341511
      vertex -0.0800276 -0.0792775 0.0331488
    endloop
  endfacet
  facet normal -0.2981 -0.814686 0.497417
    outer loop
      vertex -0.0392046 -0.0824466 0.0733461
      vertex -0.0438404 -0.0854726 0.0656118
      vertex -0.0371981 -0.0854726 0.0695925
    endloop
  endfacet
  facet normal -0.711786 -0.463337 0.5279
    outer loop
      vertex -0.0703468 -0.0726304 0.0577316
      vertex -0.0756664 -0.0726304 0.050559
      vertex -0.0742025 -0.075994 0.0495806
    endloop
  endfacet
  facet normal -0.670684 -0.623382 0.401968
    outer loop
      vertex -0.0742025 -0.075994 0.0495806
      vertex -0.0787048 -0.075994 0.0420685
      vertex -0.0720234 -0.0792775 0.0481243
    endloop
  endfacet
  facet normal -0.911532 0.250552 0.326088
    outer loop
      vertex -0.0840769 -0.0623708 0.0348253
      vertex -0.0879316 -0.0657849 0.0266733
      vertex -0.0848942 -0.0657849 0.0351639
    endloop
  endfacet
  facet normal -0.834244 -0.463591 0.298529
    outer loop
      vertex -0.0840769 -0.0726304 0.0348253
      vertex -0.0853996 -0.075994 0.0259056
      vertex -0.082449 -0.075994 0.0341511
    endloop
  endfacet
  facet normal -0.579376 -0.623389 0.525081
    outer loop
      vertex -0.0612507 -0.0792775 0.0612507
      vertex -0.068985 -0.075994 0.0566149
      vertex -0.0669594 -0.0792775 0.0549517
    endloop
  endfacet
  facet normal -0.717317 -0.250621 0.650112
    outer loop
      vertex -0.0643492 -0.0726304 0.0643492
      vertex -0.0710306 -0.0692162 0.0582933
      vertex -0.0703468 -0.0726304 0.0577316
    endloop
  endfacet
  facet normal -0.454208 -0.736559 0.501175
    outer loop
      vertex -0.0549517 -0.0792775 0.0669594
      vertex -0.0612507 -0.0792775 0.0612507
      vertex -0.0527601 -0.0824466 0.0642881
    endloop
  endfacet
  facet normal -0.454207 -0.736567 0.501163
    outer loop
      vertex -0.0527601 -0.0824466 0.0642881
      vertex -0.0612507 -0.0792775 0.0612507
      vertex -0.0588074 -0.0824466 0.0588074
    endloop
  endfacet
  facet normal -0.650139 -0.250565 0.717312
    outer loop
      vertex -0.0582933 -0.0692162 0.0710306
      vertex -0.0649748 -0.0692162 0.0649748
      vertex -0.0643492 -0.0726304 0.0643492
    endloop
  endfacet
  facet normal -0.579387 -0.623327 0.525143
    outer loop
      vertex -0.0631037 -0.075994 0.0631037
      vertex -0.068985 -0.075994 0.0566149
      vertex -0.0612507 -0.0792775 0.0612507
    endloop
  endfacet
  facet normal -0.546084 -0.814627 -0.195383
    outer loop
      vertex -0.0755129 -0.0854726 -0.0229063
      vertex -0.0795851 -0.0824466 -0.0241413
      vertex -0.0768356 -0.0824466 -0.031826
    endloop
  endfacet
  facet normal -0.706892 -0.623338 -0.334295
    outer loop
      vertex -0.0800276 -0.0792775 -0.0331488
      vertex -0.082449 -0.075994 -0.0341511
      vertex -0.0787048 -0.075994 -0.0420685
    endloop
  endfacet
  facet normal -0.579291 -0.814626 -0.0283994
    outer loop
      vertex -0.0789108 -0.0854726 0
      vertex -0.0831661 -0.0824466 0
      vertex -0.0827665 -0.0824466 -0.00815105
    endloop
  endfacet
  facet normal -0.675566 -0.736555 -0.0331192
    outer loop
      vertex -0.0831661 -0.0824466 0
      vertex -0.0866213 -0.0792775 0
      vertex -0.0827665 -0.0824466 -0.00815105
    endloop
  endfacet
  facet normal -0.773491 -0.623329 -0.114775
    outer loop
      vertex -0.0849571 -0.0792775 -0.0168991
      vertex -0.0888128 -0.075994 -0.0087471
      vertex -0.0875273 -0.075994 -0.0174103
    endloop
  endfacet
  facet normal -0.876474 -0.46355 -0.130057
    outer loop
      vertex -0.0888128 -0.075994 -0.0087471
      vertex -0.0892553 -0.0726304 -0.0177536
      vertex -0.0875273 -0.075994 -0.0174103
    endloop
  endfacet
  facet normal -0.497451 -0.81463 -0.298194
    outer loop
      vertex -0.0656118 -0.0854726 -0.0438404
      vertex -0.0733461 -0.0824466 -0.0392046
      vertex -0.06915 -0.0824466 -0.0462046
    endloop
  endfacet
  facet normal -0.611482 -0.736499 -0.28924
    outer loop
      vertex -0.0733461 -0.0824466 -0.0392046
      vertex -0.0800276 -0.0792775 -0.0331488
      vertex -0.0763931 -0.0792775 -0.0408325
    endloop
  endfacet
  facet normal -0.282525 -0.907213 -0.31168
    outer loop
      vertex -0.0482016 -0.0909772 -0.0482016
      vertex -0.0522509 -0.088325 -0.0522509
      vertex -0.0468779 -0.088325 -0.0571213
    endloop
  endfacet
  facet normal -0.501163 -0.736567 -0.454207
    outer loop
      vertex -0.0588074 -0.0824466 -0.0588074
      vertex -0.0642881 -0.0824466 -0.0527601
      vertex -0.0612507 -0.0792775 -0.0612507
    endloop
  endfacet
  facet normal -0.579376 -0.623389 -0.525081
    outer loop
      vertex -0.0669594 -0.0792775 -0.0549517
      vertex -0.068985 -0.075994 -0.0566149
      vertex -0.0612507 -0.0792775 -0.0612507
    endloop
  endfacet
  facet normal -0.62802 -0.623385 -0.465813
    outer loop
      vertex -0.0720234 -0.0792775 -0.0481243
      vertex -0.0742025 -0.075994 -0.0495806
      vertex -0.0669594 -0.0792775 -0.0549517
    endloop
  endfacet
  facet normal -0.366566 -0.869035 -0.332277
    outer loop
      vertex -0.0571213 -0.088325 -0.0468779
      vertex -0.0609989 -0.0854726 -0.0500603
      vertex -0.0522509 -0.088325 -0.0522509
    endloop
  endfacet
  facet normal -0.332277 -0.869035 -0.366566
    outer loop
      vertex -0.0468779 -0.088325 -0.0571213
      vertex -0.0522509 -0.088325 -0.0522509
      vertex -0.0500603 -0.0854726 -0.0609989
    endloop
  endfacet
  facet normal -0.177499 -0.954563 -0.23938
    outer loop
      vertex -0.030447 -0.0955796 -0.0455675
      vertex -0.0347672 -0.0955796 -0.0423641
      vertex -0.0343246 -0.0934033 -0.0513706
    endloop
  endfacet
  facet normal -0.146772 -0.969163 -0.197942
    outer loop
      vertex -0.0262766 -0.097486 -0.0393257
      vertex -0.0347672 -0.0955796 -0.0423641
      vertex -0.030447 -0.0955796 -0.0455675
    endloop
  endfacet
  facet normal -0.26353 -0.934629 -0.238789
    outer loop
      vertex -0.0477591 -0.0934033 -0.0391941
      vertex -0.0526934 -0.0909772 -0.0432444
      vertex -0.0482016 -0.0909772 -0.0482016
    endloop
  endfacet
  facet normal -0.263461 -0.934647 -0.238797
    outer loop
      vertex -0.0477591 -0.0934033 -0.0391941
      vertex -0.0482016 -0.0909772 -0.0482016
      vertex -0.0436869 -0.0934033 -0.0436869
    endloop
  endfacet
  facet normal -0.152063 -0.934633 -0.321461
    outer loop
      vertex -0.0291243 -0.0934033 -0.0544872
      vertex -0.0321331 -0.0909772 -0.0601177
      vertex -0.0236425 -0.0934033 -0.0570803
    endloop
  endfacet
  facet normal -0.100407 -0.954557 -0.280606
    outer loop
      vertex -0.0209723 -0.0955796 -0.0506325
      vertex -0.0236425 -0.0934033 -0.0570803
      vertex -0.0179338 -0.0934033 -0.059123
    endloop
  endfacet
  facet normal -0.147679 -0.979938 -0.133841
    outer loop
      vertex -0.030406 -0.0991034 -0.0249538
      vertex -0.036561 -0.097486 -0.0300045
      vertex -0.0278139 -0.0991034 -0.0278139
    endloop
  endfacet
  facet normal -0.160084 -0.979938 -0.118722
    outer loop
      vertex -0.030406 -0.0991034 -0.0249538
      vertex -0.0393257 -0.097486 -0.0262766
      vertex -0.036561 -0.097486 -0.0300045
    endloop
  endfacet
  facet normal -0.447315 -0.868996 -0.211556
    outer loop
      vertex -0.0682697 -0.088325 -0.0282784
      vertex -0.0729036 -0.0854726 -0.0301971
      vertex -0.0695925 -0.0854726 -0.0371981
    endloop
  endfacet
  facet normal -0.447277 -0.869013 -0.211567
    outer loop
      vertex -0.0682697 -0.088325 -0.0282784
      vertex -0.0695925 -0.0854726 -0.0371981
      vertex -0.0651693 -0.088325 -0.034833
    endloop
  endfacet
  facet normal -0.675627 -0.736497 -0.0331701
    outer loop
      vertex -0.0827665 -0.0824466 -0.00815105
      vertex -0.0866213 -0.0792775 0
      vertex -0.0862045 -0.0792775 -0.00848961
    endloop
  endfacet
  facet normal -0.579291 -0.814626 0.0283994
    outer loop
      vertex -0.0827665 -0.0824466 0.00815105
      vertex -0.0831661 -0.0824466 0
      vertex -0.0789108 -0.0854726 0
    endloop
  endfacet
  facet normal -0.675627 -0.736497 0.0331701
    outer loop
      vertex -0.0862045 -0.0792775 0.00848961
      vertex -0.0866213 -0.0792775 0
      vertex -0.0827665 -0.0824466 0.00815105
    endloop
  endfacet
  facet normal -0.579163 -0.814714 -0.0284927
    outer loop
      vertex -0.0789108 -0.0854726 0
      vertex -0.0827665 -0.0824466 -0.00815105
      vertex -0.0785303 -0.0854726 -0.0077343
    endloop
  endfacet
  facet normal -0.238797 -0.934647 0.263461
    outer loop
      vertex -0.0391941 -0.0934033 0.0477591
      vertex -0.0482016 -0.0909772 0.0482016
      vertex -0.0436869 -0.0934033 0.0436869
    endloop
  endfacet
  facet normal -0.424416 -0.869009 0.254351
    outer loop
      vertex -0.0656118 -0.0854726 0.0438404
      vertex -0.0695925 -0.0854726 0.0371981
      vertex -0.0614414 -0.088325 0.0410538
    endloop
  endfacet
  facet normal -0.501163 -0.736567 0.454207
    outer loop
      vertex -0.0612507 -0.0792775 0.0612507
      vertex -0.0642881 -0.0824466 0.0527601
      vertex -0.0588074 -0.0824466 0.0588074
    endloop
  endfacet
  facet normal -0.501175 -0.736559 0.454208
    outer loop
      vertex -0.0612507 -0.0792775 0.0612507
      vertex -0.0669594 -0.0792775 0.0549517
      vertex -0.0642881 -0.0824466 0.0527601
    endloop
  endfacet
  facet normal -0.669097 -0.736516 0.0992642
    outer loop
      vertex -0.0815687 -0.0824466 0.0162249
      vertex -0.0849571 -0.0792775 0.0168991
      vertex -0.0827665 -0.0824466 0.00815105
    endloop
  endfacet
  facet normal -0.573643 -0.814672 0.0851032
    outer loop
      vertex -0.0815687 -0.0824466 0.0162249
      vertex -0.0827665 -0.0824466 0.00815105
      vertex -0.0773945 -0.0854726 0.0153942
    endloop
  endfacet
  facet normal -0.344944 -0.934642 0.0863635
    outer loop
      vertex -0.059123 -0.0934033 0.0179338
      vertex -0.0668573 -0.0909772 0.013298
      vertex -0.0605955 -0.0934033 0.0120525
    endloop
  endfacet
  facet normal -0.465876 -0.868999 0.166732
    outer loop
      vertex -0.0729036 -0.0854726 0.0301971
      vertex -0.0755129 -0.0854726 0.0229063
      vertex -0.0682697 -0.088325 0.0282784
    endloop
  endfacet
  facet normal -0.216202 -0.907252 0.360764
    outer loop
      vertex -0.0321331 -0.0909772 0.0601177
      vertex -0.0410538 -0.088325 0.0614414
      vertex -0.0378714 -0.0909772 0.0566788
    endloop
  endfacet
  facet normal -0.141692 -0.907255 0.395994
    outer loop
      vertex -0.02145 -0.088325 0.070713
      vertex -0.0282784 -0.088325 0.0682697
      vertex -0.0260859 -0.0909772 0.0629778
    endloop
  endfacet
  facet normal -0.153201 -0.954563 0.255616
    outer loop
      vertex -0.0258341 -0.0955796 0.0483322
      vertex -0.0343246 -0.0934033 0.0513706
      vertex -0.030447 -0.0955796 0.0455675
    endloop
  endfacet
  facet normal -0.177499 -0.954563 0.23938
    outer loop
      vertex -0.0343246 -0.0934033 0.0513706
      vertex -0.0347672 -0.0955796 0.0423641
      vertex -0.030447 -0.0955796 0.0455675
    endloop
  endfacet
  facet normal 0.0174368 -0.934631 0.355192
    outer loop
      vertex 0 -0.0909772 0.0681667
      vertex 0 -0.0934033 0.0617828
      vertex 0.00668144 -0.0909772 0.0678387
    endloop
  endfacet
  facet normal -0.0830133 -0.969167 0.232002
    outer loop
      vertex -0.0159082 -0.0955796 0.0524445
      vertex -0.0209723 -0.0955796 0.0506325
      vertex -0.0137291 -0.097486 0.0452604
    endloop
  endfacet
  facet normal -0.193314 -0.97994 0.0484413
    outer loop
      vertex -0.0452604 -0.097486 0.0137291
      vertex -0.0463886 -0.097486 0.0092268
      vertex -0.0376406 -0.0991034 0.0114183
    endloop
  endfacet
  facet normal -0.321488 -0.934626 0.152052
    outer loop
      vertex -0.0601177 -0.0909772 0.0321331
      vertex -0.0629778 -0.0909772 0.0260859
      vertex -0.0570803 -0.0934033 0.0236425
    endloop
  endfacet
  facet normal -0.133492 -0.987816 0.0799992
    outer loop
      vertex -0.0257702 -0.100416 0.0172186
      vertex -0.0346899 -0.0991034 0.0185423
      vertex -0.0273333 -0.100416 0.0146103
    endloop
  endfacet
  facet normal -0.0849519 -0.993405 0.077009
    outer loop
      vertex -0.0219154 -0.100416 0.0219154
      vertex -0.0239582 -0.100416 0.0196619
      vertex -0.0172796 -0.101412 0.0141811
    endloop
  endfacet
  facet normal -0.19906 -0.979939 0.00974728
    outer loop
      vertex -0.0470695 -0.097486 0.00463581
      vertex -0.0472965 -0.097486 0
      vertex -0.0393343 -0.0991034 0
    endloop
  endfacet
  facet normal -0.246139 -0.969159 0.0121028
    outer loop
      vertex -0.0545397 -0.0955796 0.00537109
      vertex -0.0548038 -0.0955796 0
      vertex -0.0470695 -0.097486 0.00463581
    endloop
  endfacet
  facet normal -0.243773 -0.969159 0.0361364
    outer loop
      vertex -0.053751 -0.0955796 0.0106916
      vertex -0.0545397 -0.0955796 0.00537109
      vertex -0.0470695 -0.097486 0.00463581
    endloop
  endfacet
  facet normal -0.120216 -0.869019 0.479952
    outer loop
      vertex -0.0153942 -0.0854726 0.0773945
      vertex -0.0229063 -0.0854726 0.0755129
      vertex -0.02145 -0.088325 0.070713
    endloop
  endfacet
  facet normal -0.140903 -0.814674 0.562541
    outer loop
      vertex -0.0162249 -0.0824466 0.0815687
      vertex -0.0229063 -0.0854726 0.0755129
      vertex -0.0153942 -0.0854726 0.0773945
    endloop
  endfacet
  facet normal -0.497699 -0.250615 0.830354
    outer loop
      vertex -0.0433159 -0.0692162 0.0810385
      vertex -0.0510502 -0.0692162 0.0764027
      vertex -0.0428982 -0.0726304 0.0802584
    endloop
  endfacet
  facet normal -0.497712 -0.250673 0.830329
    outer loop
      vertex -0.0428982 -0.0726304 0.0802584
      vertex -0.0510502 -0.0692162 0.0764027
      vertex -0.050559 -0.0726304 0.0756664
    endloop
  endfacet
  facet normal -0.336832 0 0.941565
    outer loop
      vertex -0.0351639 -0.0657849 0.0848942
      vertex -0.0266733 -0.0692162 0.0879316
      vertex -0.0266733 -0.0657849 0.0879316
    endloop
  endfacet
  facet normal -0.336832 0 0.941565
    outer loop
      vertex -0.0266733 -0.0692162 0.0879316
      vertex -0.0351639 -0.0657849 0.0848942
      vertex -0.0351639 -0.0692162 0.0848942
    endloop
  endfacet
  facet normal -0.576684 0.250662 0.777563
    outer loop
      vertex -0.050559 -0.0623708 0.0756664
      vertex -0.0577316 -0.0623708 0.0703468
      vertex -0.0510502 -0.0657849 0.0764027
    endloop
  endfacet
  facet normal -0.497711 0.25068 0.830327
    outer loop
      vertex -0.050559 -0.0623708 0.0756664
      vertex -0.0510502 -0.0657849 0.0764027
      vertex -0.0428982 -0.0623708 0.0802584
    endloop
  endfacet
  facet normal -0.576707 -0.25061 0.777563
    outer loop
      vertex -0.0510502 -0.0692162 0.0764027
      vertex -0.0582933 -0.0692162 0.0710306
      vertex -0.0577316 -0.0726304 0.0703468
    endloop
  endfacet
  facet normal -0.595717 0 0.803194
    outer loop
      vertex -0.0582933 -0.0657849 0.0710306
      vertex -0.0510502 -0.0692162 0.0764027
      vertex -0.0510502 -0.0657849 0.0764027
    endloop
  endfacet
  facet normal -0.595717 0 0.803194
    outer loop
      vertex -0.0510502 -0.0692162 0.0764027
      vertex -0.0582933 -0.0657849 0.0710306
      vertex -0.0582933 -0.0692162 0.0710306
    endloop
  endfacet
  facet normal -0.671561 0 0.740949
    outer loop
      vertex -0.0649748 -0.0657849 0.0649748
      vertex -0.0582933 -0.0692162 0.0710306
      vertex -0.0582933 -0.0657849 0.0710306
    endloop
  endfacet
  facet normal -0.671561 0 0.740949
    outer loop
      vertex -0.0582933 -0.0692162 0.0710306
      vertex -0.0649748 -0.0657849 0.0649748
      vertex -0.0649748 -0.0692162 0.0649748
    endloop
  endfacet
  facet normal -0.34773 -0.736601 0.580088
    outer loop
      vertex -0.0392046 -0.0824466 0.0733461
      vertex -0.0481243 -0.0792775 0.0720234
      vertex -0.0462046 -0.0824466 0.06915
    endloop
  endfacet
  facet normal -0.254351 -0.869009 0.424416
    outer loop
      vertex -0.0371981 -0.0854726 0.0695925
      vertex -0.0438404 -0.0854726 0.0656118
      vertex -0.0410538 -0.088325 0.0614414
    endloop
  endfacet
  facet normal -0.298194 -0.81463 0.497451
    outer loop
      vertex -0.0392046 -0.0824466 0.0733461
      vertex -0.0462046 -0.0824466 0.06915
      vertex -0.0438404 -0.0854726 0.0656118
    endloop
  endfacet
  facet normal -0.345495 -0.81463 0.465845
    outer loop
      vertex -0.0462046 -0.0824466 0.06915
      vertex -0.0527601 -0.0824466 0.0642881
      vertex -0.0438404 -0.0854726 0.0656118
    endloop
  endfacet
  facet normal 0.215274 -0.463541 0.859527
    outer loop
      vertex 0.0177536 -0.0726304 0.0892553
      vertex 0.0174103 -0.075994 0.0875273
      vertex 0.0259056 -0.075994 0.0853996
    endloop
  endfacet
  facet normal 0.130057 -0.46355 0.876474
    outer loop
      vertex 0.0177536 -0.0726304 0.0892553
      vertex 0.0087471 -0.075994 0.0888128
      vertex 0.0174103 -0.075994 0.0875273
    endloop
  endfacet
  facet normal 0.17982 -0.907256 0.380198
    outer loop
      vertex 0.0282784 -0.088325 0.0682697
      vertex 0.0260859 -0.0909772 0.0629778
      vertex 0.0321331 -0.0909772 0.0601177
    endloop
  endfacet
  facet normal 0.102214 -0.907259 0.407963
    outer loop
      vertex 0.02145 -0.088325 0.070713
      vertex 0.013298 -0.0909772 0.0668573
      vertex 0.0197878 -0.0909772 0.0652313
    endloop
  endfacet
  facet normal 0.28924 -0.736499 0.611482
    outer loop
      vertex 0.0408325 -0.0792775 0.0763931
      vertex 0.0331488 -0.0792775 0.0800276
      vertex 0.0392046 -0.0824466 0.0733461
    endloop
  endfacet
  facet normal 0.289165 -0.73656 0.611443
    outer loop
      vertex 0.0331488 -0.0792775 0.0800276
      vertex 0.031826 -0.0824466 0.0768356
      vertex 0.0392046 -0.0824466 0.0733461
    endloop
  endfacet
  facet normal -0.378798 -0.463589 0.800997
    outer loop
      vertex -0.0348253 -0.0726304 0.0840769
      vertex -0.0420685 -0.075994 0.0787048
      vertex -0.0341511 -0.075994 0.082449
    endloop
  endfacet
  facet normal -0.215363 -0.463392 0.859585
    outer loop
      vertex -0.0177536 -0.0726304 0.0892553
      vertex -0.0264168 -0.0726304 0.0870848
      vertex -0.0259056 -0.075994 0.0853996
    endloop
  endfacet
  facet normal -0.0992642 -0.736516 0.669097
    outer loop
      vertex -0.00815105 -0.0824466 0.0827665
      vertex -0.0168991 -0.0792775 0.0849571
      vertex -0.0162249 -0.0824466 0.0815687
    endloop
  endfacet
  facet normal -0.164372 -0.736517 0.656144
    outer loop
      vertex -0.0168991 -0.0792775 0.0849571
      vertex -0.0251446 -0.0792775 0.0828915
      vertex -0.0162249 -0.0824466 0.0815687
    endloop
  endfacet
  facet normal -0.0243128 -0.869009 0.494199
    outer loop
      vertex 0 -0.0854726 0.0789108
      vertex -0.0077343 -0.0854726 0.0785303
      vertex -0.0072422 -0.088325 0.0735388
    endloop
  endfacet
  facet normal -0.0284927 -0.814714 0.579163
    outer loop
      vertex 0 -0.0854726 0.0789108
      vertex -0.00815105 -0.0824466 0.0827665
      vertex -0.0077343 -0.0854726 0.0785303
    endloop
  endfacet
  facet normal 0.0992521 -0.736498 0.669119
    outer loop
      vertex 0.00848961 -0.0792775 0.0862045
      vertex 0.00815105 -0.0824466 0.0827665
      vertex 0.0168991 -0.0792775 0.0849571
    endloop
  endfacet
  facet normal -0.130022 -0.463463 0.876525
    outer loop
      vertex -0.00891972 -0.0726304 0.0905657
      vertex -0.0177536 -0.0726304 0.0892553
      vertex -0.0087471 -0.075994 0.0888128
    endloop
  endfacet
  facet normal 0.146686 0 0.989183
    outer loop
      vertex 0.0090065 -0.0657849 0.0914459
      vertex 0.0179262 -0.0692162 0.0901232
      vertex 0.0179262 -0.0657849 0.0901232
    endloop
  endfacet
  facet normal 0.146686 0 0.989183
    outer loop
      vertex 0.0179262 -0.0692162 0.0901232
      vertex 0.0090065 -0.0657849 0.0914459
      vertex 0.0090065 -0.0692162 0.0914459
    endloop
  endfacet
  facet normal 0.235284 -0.250607 0.939062
    outer loop
      vertex 0.0179262 -0.0692162 0.0901232
      vertex 0.0177536 -0.0726304 0.0892553
      vertex 0.0266733 -0.0692162 0.0879316
    endloop
  endfacet
  facet normal 0.235277 -0.250586 0.939069
    outer loop
      vertex 0.0266733 -0.0692162 0.0879316
      vertex 0.0177536 -0.0726304 0.0892553
      vertex 0.0264168 -0.0726304 0.0870848
    endloop
  endfacet
  facet normal 0.334319 -0.623448 0.706784
    outer loop
      vertex 0.0420685 -0.075994 0.0787048
      vertex 0.0331488 -0.0792775 0.0800276
      vertex 0.0408325 -0.0792775 0.0763931
    endloop
  endfacet
  facet normal 0.4019 -0.623453 0.670658
    outer loop
      vertex 0.0420685 -0.075994 0.0787048
      vertex 0.0408325 -0.0792775 0.0763931
      vertex 0.0481243 -0.0792775 0.0720234
    endloop
  endfacet
  facet normal 0.254351 -0.869009 0.424416
    outer loop
      vertex 0.0438404 -0.0854726 0.0656118
      vertex 0.0371981 -0.0854726 0.0695925
      vertex 0.0410538 -0.088325 0.0614414
    endloop
  endfacet
  facet normal 0.2981 -0.814686 0.497417
    outer loop
      vertex 0.0392046 -0.0824466 0.0733461
      vertex 0.0371981 -0.0854726 0.0695925
      vertex 0.0438404 -0.0854726 0.0656118
    endloop
  endfacet
  facet normal -0.366364 0.869374 0.331613
    outer loop
      vertex -0.0609341 -0.04948 0.0500071
      vertex -0.0609989 -0.0495276 0.0500603
      vertex -0.0608753 -0.0494873 0.0500912
    endloop
  endfacet
  facet normal -0.211613 0.869005 0.447269
    outer loop
      vertex -0.0371313 -0.0494471 0.0694677
      vertex -0.0371981 -0.0495276 0.0695925
      vertex -0.0369661 -0.0494534 0.0695581
    endloop
  endfacet
  facet normal -0.401968 0.623382 0.670684
    outer loop
      vertex -0.0481243 -0.0557227 0.0720234
      vertex -0.0495806 -0.0590062 0.0742025
      vertex -0.0420685 -0.0590062 0.0787048
    endloop
  endfacet
  facet normal -0.455571 0.463327 0.760121
    outer loop
      vertex -0.0420685 -0.0590062 0.0787048
      vertex -0.0495806 -0.0590062 0.0742025
      vertex -0.0428982 -0.0623708 0.0802584
    endloop
  endfacet
  facet normal -0.164397 0.736421 0.656245
    outer loop
      vertex -0.0162249 -0.0525527 0.0815687
      vertex -0.0251446 -0.0557227 0.0828915
      vertex -0.0168991 -0.0557227 0.0849571
    endloop
  endfacet
  facet normal -0.227897 0.736458 0.63694
    outer loop
      vertex -0.031826 -0.0525527 0.0768356
      vertex -0.0331488 -0.0557227 0.0800276
      vertex -0.0251446 -0.0557227 0.0828915
    endloop
  endfacet
  facet normal -0.254317 0.869017 0.424419
    outer loop
      vertex -0.0371313 -0.0494471 0.0694677
      vertex -0.0372941 -0.0494566 0.0693896
      vertex -0.0371981 -0.0495276 0.0695925
    endloop
  endfacet
  facet normal 0.0474476 0.250643 0.966916
    outer loop
      vertex 0 -0.0623708 0.0910034
      vertex 0 -0.0657849 0.0918884
      vertex 0.00891972 -0.0623708 0.0905657
    endloop
  endfacet
  facet normal -0.298493 0.463285 0.834428
    outer loop
      vertex -0.0259056 -0.0590062 0.0853996
      vertex -0.0348253 -0.0623708 0.0840769
      vertex -0.0264168 -0.0623708 0.0870848
    endloop
  endfacet
  facet normal -0.0434332 0.463355 0.885108
    outer loop
      vertex -0.0087471 -0.0590062 0.0888128
      vertex -0.00891972 -0.0623708 0.0905657
      vertex 0 -0.0623708 0.0910034
    endloop
  endfacet
  facet normal -0.0383422 0.623386 0.780974
    outer loop
      vertex -0.00848961 -0.0557227 0.0862045
      vertex -0.0087471 -0.0590062 0.0888128
      vertex 0 -0.0557227 0.0866213
    endloop
  endfacet
  facet normal -0.0242897 0.869247 0.49378
    outer loop
      vertex -4.87982e-05 -0.0495084 0.0788746
      vertex -0.00399664 -0.0495276 0.0787142
      vertex 0 -0.0495276 0.0789108
    endloop
  endfacet
  facet normal -0.0243145 0.868987 0.494238
    outer loop
      vertex -0.0071861 -0.0495192 0.0785425
      vertex -0.0077343 -0.0495276 0.0785303
      vertex -0.00706961 -0.0495276 0.078563
    endloop
  endfacet
  facet normal -0.0243137 0.869017 0.494185
    outer loop
      vertex -0.0077343 -0.0495276 0.0785303
      vertex -0.0071861 -0.0495192 0.0785425
      vertex -0.00772609 -0.04948 0.078447
    endloop
  endfacet
  facet normal 0.114775 -0.623329 0.773491
    outer loop
      vertex 0.0174103 -0.075994 0.0875273
      vertex 0.0087471 -0.075994 0.0888128
      vertex 0.0168991 -0.0792775 0.0849571
    endloop
  endfacet
  facet normal 0.189979 -0.623328 0.758532
    outer loop
      vertex 0.0174103 -0.075994 0.0875273
      vertex 0.0168991 -0.0792775 0.0849571
      vertex 0.0259056 -0.075994 0.0853996
    endloop
  endfacet
  facet normal -0.830353 0.250621 0.497698
    outer loop
      vertex -0.0802584 -0.0623708 0.0428982
      vertex -0.0810385 -0.0657849 0.0433159
      vertex -0.0764027 -0.0657849 0.0510502
    endloop
  endfacet
  facet normal -0.454278 0.736463 0.501252
    outer loop
      vertex -0.0527601 -0.0525527 0.0642881
      vertex -0.0612507 -0.0557227 0.0612507
      vertex -0.0549517 -0.0557227 0.0669594
    endloop
  endfacet
  facet normal -0.424533 0.868929 0.25443
    outer loop
      vertex -0.0655114 -0.0494589 0.0437733
      vertex -0.0670845 -0.0495276 0.0413831
      vertex -0.0656118 -0.0495276 0.0438404
    endloop
  endfacet
  facet normal -0.424429 0.869004 0.254347
    outer loop
      vertex -0.0693896 -0.0494566 0.0372941
      vertex -0.0695925 -0.0495276 0.0371981
      vertex -0.0688047 -0.0495276 0.0385127
    endloop
  endfacet
  facet normal -0.524146 0.814755 0.24788
    outer loop
      vertex -0.0729036 -0.0495276 0.0301971
      vertex -0.0768356 -0.0525527 0.031826
      vertex -0.0733461 -0.0525527 0.0392046
    endloop
  endfacet
  facet normal -0.611537 0.736465 0.289209
    outer loop
      vertex -0.0768356 -0.0525527 0.031826
      vertex -0.0800276 -0.0557227 0.0331488
      vertex -0.0733461 -0.0525527 0.0392046
    endloop
  endfacet
  facet normal -0.501252 0.736463 0.454278
    outer loop
      vertex -0.0642881 -0.0525527 0.0527601
      vertex -0.0669594 -0.0557227 0.0549517
      vertex -0.0612507 -0.0557227 0.0612507
    endloop
  endfacet
  facet normal -0.580178 0.736506 0.347783
    outer loop
      vertex -0.06915 -0.0525527 0.0462046
      vertex -0.0733461 -0.0525527 0.0392046
      vertex -0.0720234 -0.0557227 0.0481243
    endloop
  endfacet
  facet normal -0.595126 0.463361 0.656599
    outer loop
      vertex -0.0631037 -0.0590062 0.0631037
      vertex -0.0643492 -0.0623708 0.0643492
      vertex -0.0566149 -0.0590062 0.068985
    endloop
  endfacet
  facet normal -0.711776 0.463308 0.52794
    outer loop
      vertex -0.068985 -0.0590062 0.0566149
      vertex -0.0742025 -0.0590062 0.0495806
      vertex -0.0703468 -0.0623708 0.0577316
    endloop
  endfacet
  facet normal -0.429528 0.814785 0.389399
    outer loop
      vertex -0.0584118 -0.0495276 0.052914
      vertex -0.0588074 -0.0525527 0.0588074
      vertex -0.0557976 -0.0495276 0.0557976
    endloop
  endfacet
  facet normal -0.429537 0.814781 0.389396
    outer loop
      vertex -0.06023 -0.0495463 0.0509475
      vertex -0.0588074 -0.0525527 0.0588074
      vertex -0.0584118 -0.0495276 0.052914
    endloop
  endfacet
  facet normal -0.4295 0.8148 0.389397
    outer loop
      vertex -0.0604425 -0.0495483 0.0507173
      vertex -0.0588074 -0.0525527 0.0588074
      vertex -0.06023 -0.0495463 0.0509475
    endloop
  endfacet
  facet normal -0.429778 0.814541 0.389634
    outer loop
      vertex -0.0609989 -0.0495276 0.0500603
      vertex -0.0604425 -0.0495483 0.0507173
      vertex -0.0605534 -0.0495276 0.0505517
    endloop
  endfacet
  facet normal -0.429488 0.814806 0.389397
    outer loop
      vertex -0.0604425 -0.0495483 0.0507173
      vertex -0.0609989 -0.0495276 0.0500603
      vertex -0.0588074 -0.0525527 0.0588074
    endloop
  endfacet
  facet normal -0.402952 0.736503 0.543317
    outer loop
      vertex -0.0462046 -0.0525527 0.06915
      vertex -0.0527601 -0.0525527 0.0642881
      vertex -0.0481243 -0.0557227 0.0720234
    endloop
  endfacet
  facet normal -0.289284 0.736403 0.611576
    outer loop
      vertex -0.0392046 -0.0525527 0.0733461
      vertex -0.0408325 -0.0557227 0.0763931
      vertex -0.0331488 -0.0557227 0.0800276
    endloop
  endfacet
  facet normal -0.24788 0.814755 0.524146
    outer loop
      vertex -0.0301971 -0.0495276 0.0729036
      vertex -0.0392046 -0.0525527 0.0733461
      vertex -0.031826 -0.0525527 0.0768356
    endloop
  endfacet
  facet normal -0.195364 0.814741 0.545921
    outer loop
      vertex -0.0251745 -0.0495276 0.0747012
      vertex -0.031826 -0.0525527 0.0768356
      vertex -0.0229063 -0.0495276 0.0755129
    endloop
  endfacet
  facet normal -0.195399 0.814775 0.545859
    outer loop
      vertex -0.027001 -0.0496196 0.0741847
      vertex -0.031826 -0.0525527 0.0768356
      vertex -0.0251745 -0.0495276 0.0747012
    endloop
  endfacet
  facet normal -0.195236 0.814683 0.546053
    outer loop
      vertex -0.0272856 -0.0496002 0.074054
      vertex -0.031826 -0.0525527 0.0768356
      vertex -0.027001 -0.0496196 0.0741847
    endloop
  endfacet
  facet normal -0.195372 0.814751 0.545904
    outer loop
      vertex -0.0283464 -0.0495276 0.073566
      vertex -0.031826 -0.0525527 0.0768356
      vertex -0.0272856 -0.0496002 0.074054
    endloop
  endfacet
  facet normal -0.195385 0.814755 0.545893
    outer loop
      vertex -0.031826 -0.0525527 0.0768356
      vertex -0.0283464 -0.0495276 0.073566
      vertex -0.0301971 -0.0495276 0.0729036
    endloop
  endfacet
  facet normal -0.479498 0.869284 0.120108
    outer loop
      vertex -0.0753771 -0.049447 0.0228651
      vertex -0.0758856 -0.0495276 0.0214184
      vertex -0.0755129 -0.0495276 0.0229063
    endloop
  endfacet
  facet normal -0.479436 0.869321 0.120093
    outer loop
      vertex -0.0772439 -0.0494634 0.0155307
      vertex -0.0773945 -0.0495276 0.0153942
      vertex -0.0767013 -0.0495276 0.0181616
    endloop
  endfacet
  facet normal -0.465466 0.869289 0.16637
    outer loop
      vertex -0.0753771 -0.049447 0.0228651
      vertex -0.0755129 -0.0495276 0.0229063
      vertex -0.0753241 -0.0494533 0.0230463
    endloop
  endfacet
  facet normal -0.75847 0.623394 0.190006
    outer loop
      vertex -0.0849571 -0.0557227 0.0168991
      vertex -0.0853996 -0.0590062 0.0259056
      vertex -0.0828915 -0.0557227 0.0251446
    endloop
  endfacet
  facet normal -0.656245 0.736421 0.164397
    outer loop
      vertex -0.0815687 -0.0525527 0.0162249
      vertex -0.0849571 -0.0557227 0.0168991
      vertex -0.0828915 -0.0557227 0.0251446
    endloop
  endfacet
  facet normal -0.545976 0.814709 0.195344
    outer loop
      vertex -0.0755129 -0.0495276 0.0229063
      vertex -0.0795851 -0.0525527 0.0241413
      vertex -0.0768356 -0.0525527 0.031826
    endloop
  endfacet
  facet normal -0.562478 0.814711 0.140939
    outer loop
      vertex -0.0755129 -0.0495276 0.0229063
      vertex -0.0815687 -0.0525527 0.0162249
      vertex -0.0795851 -0.0525527 0.0241413
    endloop
  endfacet
  facet normal -0.706892 0.623338 0.334295
    outer loop
      vertex -0.0800276 -0.0557227 0.0331488
      vertex -0.082449 -0.0590062 0.0341511
      vertex -0.0787048 -0.0590062 0.0420685
    endloop
  endfacet
  facet normal -0.706784 0.623448 0.334319
    outer loop
      vertex -0.0763931 -0.0557227 0.0408325
      vertex -0.0800276 -0.0557227 0.0331488
      vertex -0.0787048 -0.0590062 0.0420685
    endloop
  endfacet
  facet normal 0.345494 -0.814625 0.465854
    outer loop
      vertex 0.0527601 -0.0824466 0.0642881
      vertex 0.0438404 -0.0854726 0.0656118
      vertex 0.0500603 -0.0854726 0.0609989
    endloop
  endfacet
  facet normal 0.294745 -0.86901 0.397426
    outer loop
      vertex 0.0438404 -0.0854726 0.0656118
      vertex 0.0410538 -0.088325 0.0614414
      vertex 0.0500603 -0.0854726 0.0609989
    endloop
  endfacet
  facet normal 0.263461 -0.934647 0.238797
    outer loop
      vertex 0.0482016 -0.0909772 0.0482016
      vertex 0.0436869 -0.0934033 0.0436869
      vertex 0.0477591 -0.0934033 0.0391941
    endloop
  endfacet
  facet normal 0.269411 -0.954556 0.127441
    outer loop
      vertex 0.0544872 -0.0934033 0.0291243
      vertex 0.0506325 -0.0955796 0.0209723
      vertex 0.0570803 -0.0934033 0.0236425
    endloop
  endfacet
  facet normal 0.282525 -0.907213 0.31168
    outer loop
      vertex 0.0522509 -0.088325 0.0522509
      vertex 0.0468779 -0.088325 0.0571213
      vertex 0.0482016 -0.0909772 0.0482016
    endloop
  endfacet
  facet normal 0.332277 -0.869035 0.366566
    outer loop
      vertex 0.0500603 -0.0854726 0.0609989
      vertex 0.0468779 -0.088325 0.0571213
      vertex 0.0522509 -0.088325 0.0522509
    endloop
  endfacet
  facet normal 0.220769 -0.954566 0.200162
    outer loop
      vertex 0.0436869 -0.0934033 0.0436869
      vertex 0.0387516 -0.0955796 0.0387516
      vertex 0.0423641 -0.0955796 0.0347672
    endloop
  endfacet
  facet normal 0.238797 -0.934647 0.263461
    outer loop
      vertex 0.0482016 -0.0909772 0.0482016
      vertex 0.0391941 -0.0934033 0.0477591
      vertex 0.0436869 -0.0934033 0.0436869
    endloop
  endfacet
  facet normal 0.12668 -0.969163 0.211366
    outer loop
      vertex 0.030447 -0.0955796 0.0455675
      vertex 0.0258341 -0.0955796 0.0483322
      vertex 0.0262766 -0.097486 0.0393257
    endloop
  endfacet
  facet normal 0.197942 -0.969163 0.146772
    outer loop
      vertex 0.0423641 -0.0955796 0.0347672
      vertex 0.0393257 -0.097486 0.0262766
      vertex 0.0455675 -0.0955796 0.030447
    endloop
  endfacet
  facet normal 0.23938 -0.954563 0.177499
    outer loop
      vertex 0.0513706 -0.0934033 0.0343246
      vertex 0.0423641 -0.0955796 0.0347672
      vertex 0.0455675 -0.0955796 0.030447
    endloop
  endfacet
  facet normal 0.182561 -0.969166 0.165494
    outer loop
      vertex 0.0423641 -0.0955796 0.0347672
      vertex 0.0334435 -0.097486 0.0334435
      vertex 0.036561 -0.097486 0.0300045
    endloop
  endfacet
  facet normal 0.285628 -0.934634 0.211838
    outer loop
      vertex 0.0566788 -0.0909772 0.0378714
      vertex 0.0477591 -0.0934033 0.0391941
      vertex 0.0513706 -0.0934033 0.0343246
    endloop
  endfacet
  facet normal 0.126668 -0.969165 0.211366
    outer loop
      vertex 0.0258341 -0.0955796 0.0483322
      vertex 0.022295 -0.097486 0.0417118
      vertex 0.0262766 -0.097486 0.0393257
    endloop
  endfacet
  facet normal 0.337803 -0.907252 0.250564
    outer loop
      vertex 0.0614414 -0.088325 0.0410538
      vertex 0.0526934 -0.0909772 0.0432444
      vertex 0.0566788 -0.0909772 0.0378714
    endloop
  endfacet
  facet normal 0.23938 -0.954556 0.177538
    outer loop
      vertex 0.0477591 -0.0934033 0.0391941
      vertex 0.0423641 -0.0955796 0.0347672
      vertex 0.0513706 -0.0934033 0.0343246
    endloop
  endfacet
  facet normal 0.0254104 -0.997151 0.0710179
    outer loop
      vertex 0.0064888 -0.101412 0.0213909
      vertex 0.0051651 -0.102081 0.0124712
      vertex 0.00855446 -0.101412 0.0206518
    endloop
  endfacet
  facet normal 0.0852305 -0.979937 0.180167
    outer loop
      vertex 0.0180998 -0.097486 0.0436964
      vertex 0.0150528 -0.0991034 0.0363407
      vertex 0.022295 -0.097486 0.0417118
    endloop
  endfacet
  facet normal 0.127456 -0.954561 0.269384
    outer loop
      vertex 0.0291243 -0.0934033 0.0544872
      vertex 0.0209723 -0.0955796 0.0506325
      vertex 0.0258341 -0.0955796 0.0483322
    endloop
  endfacet
  facet normal 0.0830172 -0.969167 0.231997
    outer loop
      vertex 0.0209723 -0.0955796 0.0506325
      vertex 0.0137291 -0.097486 0.0452604
      vertex 0.0180998 -0.097486 0.0436964
    endloop
  endfacet
  facet normal 0.0174487 -0.934635 0.35518
    outer loop
      vertex 0.00668144 -0.0909772 0.0678387
      vertex 0 -0.0934033 0.0617828
      vertex 0.00605583 -0.0934033 0.0614853
    endloop
  endfacet
  facet normal 0.059868 -0.969162 0.239041
    outer loop
      vertex 0.0106916 -0.0955796 0.053751
      vertex 0.0092268 -0.097486 0.0463886
      vertex 0.0159082 -0.0955796 0.0524445
    endloop
  endfacet
  facet normal 0.216202 -0.907252 0.360764
    outer loop
      vertex 0.0410538 -0.088325 0.0614414
      vertex 0.0321331 -0.0909772 0.0601177
      vertex 0.0378714 -0.0909772 0.0566788
    endloop
  endfacet
  facet normal 0.166689 -0.86902 0.465852
    outer loop
      vertex 0.0229063 -0.0854726 0.0755129
      vertex 0.02145 -0.088325 0.070713
      vertex 0.0282784 -0.088325 0.0682697
    endloop
  endfacet
  facet normal -0.146553 -0.987813 -0.0524157
    outer loop
      vertex -0.0296593 -0.100416 -0.00899696
      vertex -0.0376406 -0.0991034 -0.0114183
      vertex -0.0363407 -0.0991034 -0.0150528
    endloop
  endfacet
  facet normal -0.187651 -0.97994 -0.0671146
    outer loop
      vertex -0.0376406 -0.0991034 -0.0114183
      vertex -0.0452604 -0.097486 -0.0137291
      vertex -0.0363407 -0.0991034 -0.0150528
    endloop
  endfacet
  facet normal -0.220824 -0.954555 -0.200152
    outer loop
      vertex -0.0423641 -0.0955796 -0.0347672
      vertex -0.0477591 -0.0934033 -0.0391941
      vertex -0.0436869 -0.0934033 -0.0436869
    endloop
  endfacet
  facet normal -0.220769 -0.954566 -0.200162
    outer loop
      vertex -0.0423641 -0.0955796 -0.0347672
      vertex -0.0436869 -0.0934033 -0.0436869
      vertex -0.0387516 -0.0955796 -0.0387516
    endloop
  endfacet
  facet normal -0.35174 -0.934641 -0.0521921
    outer loop
      vertex -0.0614853 -0.0934033 -0.00605583
      vertex -0.0668573 -0.0909772 -0.013298
      vertex -0.0605955 -0.0934033 -0.0120525
    endloop
  endfacet
  facet normal -0.289098 -0.954557 -0.0724047
    outer loop
      vertex -0.053751 -0.0955796 -0.0106916
      vertex -0.059123 -0.0934033 -0.0179338
      vertex -0.0524445 -0.0955796 -0.0159082
    endloop
  endfacet
  facet normal -0.294815 -0.954553 0.0437453
    outer loop
      vertex -0.0605955 -0.0934033 0.0120525
      vertex -0.0614853 -0.0934033 0.00605583
      vertex -0.053751 -0.0955796 0.0106916
    endloop
  endfacet
  facet normal -0.35518 -0.934635 0.0174487
    outer loop
      vertex -0.0614853 -0.0934033 0.00605583
      vertex -0.0678387 -0.0909772 0.00668144
      vertex -0.0617828 -0.0934033 0
    endloop
  endfacet
  facet normal -0.420092 -0.907247 -0.0206228
    outer loop
      vertex -0.0681667 -0.0909772 0
      vertex -0.0738945 -0.088325 0
      vertex -0.0678387 -0.0909772 -0.00668144
    endloop
  endfacet
  facet normal -0.420101 -0.907243 -0.0206332
    outer loop
      vertex -0.0678387 -0.0909772 -0.00668144
      vertex -0.0738945 -0.088325 0
      vertex -0.0735388 -0.088325 -0.0072422
    endloop
  endfacet
  facet normal -0.344944 -0.934642 -0.0863635
    outer loop
      vertex -0.0605955 -0.0934033 -0.0120525
      vertex -0.0668573 -0.0909772 -0.013298
      vertex -0.059123 -0.0934033 -0.0179338
    endloop
  endfacet
  facet normal -0.28912 -0.954552 -0.0723869
    outer loop
      vertex -0.053751 -0.0955796 -0.0106916
      vertex -0.0605955 -0.0934033 -0.0120525
      vertex -0.059123 -0.0934033 -0.0179338
    endloop
  endfacet
  facet normal -0.197138 -0.97994 0.0292379
    outer loop
      vertex -0.0463886 -0.097486 0.0092268
      vertex -0.0470695 -0.097486 0.00463581
      vertex -0.0391455 -0.0991034 0.00385475
    endloop
  endfacet
  facet normal -0.155453 -0.987814 0.00761387
    outer loop
      vertex -0.0391455 -0.0991034 0.00385475
      vertex -0.0393343 -0.0991034 0
      vertex -0.0309935 -0.100416 0
    endloop
  endfacet
  facet normal -0.193314 -0.97994 -0.0484413
    outer loop
      vertex -0.0376406 -0.0991034 -0.0114183
      vertex -0.0463886 -0.097486 -0.0092268
      vertex -0.0452604 -0.097486 -0.0137291
    endloop
  endfacet
  facet normal -0.239015 -0.969167 -0.0598931
    outer loop
      vertex -0.0463886 -0.097486 -0.0092268
      vertex -0.0524445 -0.0955796 -0.0159082
      vertex -0.0452604 -0.097486 -0.0137291
    endloop
  endfacet
  facet normal -0.193314 -0.979941 -0.0484389
    outer loop
      vertex -0.038579 -0.0991034 -0.00767326
      vertex -0.0463886 -0.097486 -0.0092268
      vertex -0.0376406 -0.0991034 -0.0114183
    endloop
  endfacet
  facet normal -0.14651 -0.987817 -0.0524643
    outer loop
      vertex -0.0296593 -0.100416 -0.00899696
      vertex -0.0363407 -0.0991034 -0.0150528
      vertex -0.0286341 -0.100416 -0.0118599
    endloop
  endfacet
  facet normal -0.0490241 -0.993404 -0.103656
    outer loop
      vertex -0.0105371 -0.101412 -0.0197144
      vertex -0.0146103 -0.100416 -0.0273333
      vertex -0.0118599 -0.100416 -0.0286341
    endloop
  endfacet
  facet normal -0.0665522 -0.987816 -0.14068
    outer loop
      vertex -0.0146103 -0.100416 -0.0273333
      vertex -0.0185423 -0.0991034 -0.0346899
      vertex -0.0150528 -0.0991034 -0.0363407
    endloop
  endfacet
  facet normal -0.0799992 -0.987816 -0.133492
    outer loop
      vertex -0.0172186 -0.100416 -0.0257702
      vertex -0.0185423 -0.0991034 -0.0346899
      vertex -0.0146103 -0.100416 -0.0273333
    endloop
  endfacet
  facet normal -0.0926942 -0.987814 -0.125026
    outer loop
      vertex -0.0172186 -0.100416 -0.0257702
      vertex -0.0249538 -0.0991034 -0.030406
      vertex -0.0218525 -0.0991034 -0.0327053
    endloop
  endfacet
  facet normal -0.059868 -0.969162 -0.239041
    outer loop
      vertex -0.0092268 -0.097486 -0.0463886
      vertex -0.0159082 -0.0955796 -0.0524445
      vertex -0.0106916 -0.0955796 -0.053751
    endloop
  endfacet
  facet normal -0.126668 -0.969165 -0.211366
    outer loop
      vertex -0.022295 -0.097486 -0.0417118
      vertex -0.0262766 -0.097486 -0.0393257
      vertex -0.0258341 -0.0955796 -0.0483322
    endloop
  endfacet
  facet normal 0.0174487 -0.934635 -0.35518
    outer loop
      vertex 0.00605583 -0.0934033 -0.0614853
      vertex 0 -0.0934033 -0.0617828
      vertex 0.00668144 -0.0909772 -0.0678387
    endloop
  endfacet
  facet normal -0.0723869 -0.954552 -0.28912
    outer loop
      vertex -0.0106916 -0.0955796 -0.053751
      vertex -0.0179338 -0.0934033 -0.059123
      vertex -0.0120525 -0.0934033 -0.0605955
    endloop
  endfacet
  facet normal 0.0174368 -0.934631 -0.355192
    outer loop
      vertex 0.00668144 -0.0909772 -0.0678387
      vertex 0 -0.0934033 -0.0617828
      vertex 0 -0.0909772 -0.0681667
    endloop
  endfacet
  facet normal -0.0174368 -0.934631 -0.355192
    outer loop
      vertex 0 -0.0934033 -0.0617828
      vertex -0.00668144 -0.0909772 -0.0678387
      vertex 0 -0.0909772 -0.0681667
    endloop
  endfacet
  facet normal 0.10537 -0.969167 -0.22274
    outer loop
      vertex 0.022295 -0.097486 -0.0417118
      vertex 0.0180998 -0.097486 -0.0436964
      vertex 0.0209723 -0.0955796 -0.0506325
    endloop
  endfacet
  facet normal 0.059868 -0.969162 -0.239041
    outer loop
      vertex 0.0159082 -0.0955796 -0.0524445
      vertex 0.0092268 -0.097486 -0.0463886
      vertex 0.0106916 -0.0955796 -0.053751
    endloop
  endfacet
  facet normal 0.0292379 -0.97994 -0.197138
    outer loop
      vertex 0.0092268 -0.097486 -0.0463886
      vertex 0.00385475 -0.0991034 -0.0391455
      vertex 0.00463581 -0.097486 -0.0470695
    endloop
  endfacet
  facet normal 0.0121028 -0.969159 -0.246139
    outer loop
      vertex 0.00463581 -0.097486 -0.0470695
      vertex 0 -0.0955796 -0.0548038
      vertex 0.00537109 -0.0955796 -0.0545397
    endloop
  endfacet
  facet normal 0.0168248 -0.993404 -0.113429
    outer loop
      vertex 0.0060463 -0.100416 -0.0303974
      vertex 0.00219059 -0.101412 -0.0222464
      vertex 0.00303745 -0.100416 -0.0308437
    endloop
  endfacet
  facet normal 0.00564834 -0.993404 -0.11453
    outer loop
      vertex 0.00219059 -0.101412 -0.0222464
      vertex 0 -0.100416 -0.0309935
      vertex 0.00303745 -0.100416 -0.0308437
    endloop
  endfacet
  facet normal -0.120181 -0.869037 -0.479928
    outer loop
      vertex -0.0144157 -0.088325 -0.0724745
      vertex -0.02145 -0.088325 -0.070713
      vertex -0.0153942 -0.0854726 -0.0773945
    endloop
  endfacet
  facet normal -0.0726085 -0.869037 -0.489389
    outer loop
      vertex -0.0144157 -0.088325 -0.0724745
      vertex -0.0153942 -0.0854726 -0.0773945
      vertex -0.0072422 -0.088325 -0.0735388
    endloop
  endfacet
  facet normal 0.140967 -0.81463 -0.562589
    outer loop
      vertex 0.0229063 -0.0854726 -0.0755129
      vertex 0.0162249 -0.0824466 -0.0815687
      vertex 0.0241413 -0.0824466 -0.0795851
    endloop
  endfacet
  facet normal 0.164372 -0.736517 -0.656144
    outer loop
      vertex 0.0251446 -0.0792775 -0.0828915
      vertex 0.0162249 -0.0824466 -0.0815687
      vertex 0.0168991 -0.0792775 -0.0849571
    endloop
  endfacet
  facet normal 0.247929 -0.814674 -0.52425
    outer loop
      vertex 0.0392046 -0.0824466 -0.0733461
      vertex 0.0301971 -0.0854726 -0.0729036
      vertex 0.031826 -0.0824466 -0.0768356
    endloop
  endfacet
  facet normal 0.19541 -0.814673 -0.546006
    outer loop
      vertex 0.0301971 -0.0854726 -0.0729036
      vertex 0.0229063 -0.0854726 -0.0755129
      vertex 0.031826 -0.0824466 -0.0768356
    endloop
  endfacet
  facet normal 0.28924 -0.736499 -0.611482
    outer loop
      vertex 0.0392046 -0.0824466 -0.0733461
      vertex 0.0331488 -0.0792775 -0.0800276
      vertex 0.0408325 -0.0792775 -0.0763931
    endloop
  endfacet
  facet normal 0.334319 -0.623448 -0.706784
    outer loop
      vertex 0.0408325 -0.0792775 -0.0763931
      vertex 0.0331488 -0.0792775 -0.0800276
      vertex 0.0420685 -0.075994 -0.0787048
    endloop
  endfacet
  facet normal 0.263412 -0.623396 -0.736201
    outer loop
      vertex 0.0331488 -0.0792775 -0.0800276
      vertex 0.0251446 -0.0792775 -0.0828915
      vertex 0.0259056 -0.075994 -0.0853996
    endloop
  endfacet
  facet normal 0.227862 -0.736554 -0.636842
    outer loop
      vertex 0.031826 -0.0824466 -0.0768356
      vertex 0.0251446 -0.0792775 -0.0828915
      vertex 0.0331488 -0.0792775 -0.0800276
    endloop
  endfacet
  facet normal 0.0524157 -0.987813 -0.146553
    outer loop
      vertex 0.0150528 -0.0991034 -0.0363407
      vertex 0.00899696 -0.100416 -0.0296593
      vertex 0.0114183 -0.0991034 -0.0376406
    endloop
  endfacet
  facet normal 0.133841 -0.979938 -0.147679
    outer loop
      vertex 0.0278139 -0.0991034 -0.0278139
      vertex 0.0249538 -0.0991034 -0.030406
      vertex 0.0300045 -0.097486 -0.036561
    endloop
  endfacet
  facet normal 0.182561 -0.969166 -0.165494
    outer loop
      vertex 0.036561 -0.097486 -0.0300045
      vertex 0.0334435 -0.097486 -0.0334435
      vertex 0.0423641 -0.0955796 -0.0347672
    endloop
  endfacet
  facet normal 0.146772 -0.969163 -0.197942
    outer loop
      vertex 0.0347672 -0.0955796 -0.0423641
      vertex 0.0262766 -0.097486 -0.0393257
      vertex 0.030447 -0.0955796 -0.0455675
    endloop
  endfacet
  facet normal 0.0387563 -0.997152 -0.064704
    outer loop
      vertex 0.00749969 -0.102081 -0.0112238
      vertex 0.00636292 -0.102081 -0.0119047
      vertex 0.0105371 -0.101412 -0.0197144
    endloop
  endfacet
  facet normal 0.1153 -0.987817 -0.10452
    outer loop
      vertex 0.0239582 -0.100416 -0.0196619
      vertex 0.0219154 -0.100416 -0.0219154
      vertex 0.0278139 -0.0991034 -0.0278139
    endloop
  endfacet
  facet normal 0.0320971 -0.9993 -0.0192255
    outer loop
      vertex 0.0119047 -0.102081 -0.00636292
      vertex 0.00398064 -0.102417 -0.00212765
      vertex 0.0112238 -0.102081 -0.00749969
    endloop
  endfacet
  facet normal 0.0681832 -0.997152 -0.0322468
    outer loop
      vertex 0.0124712 -0.102081 -0.0051651
      vertex 0.0119047 -0.102081 -0.00636292
      vertex 0.0197144 -0.101412 -0.0105371
    endloop
  endfacet
  facet normal 0.193314 -0.979941 -0.0484389
    outer loop
      vertex 0.038579 -0.0991034 -0.00767326
      vertex 0.0376406 -0.0991034 -0.0114183
      vertex 0.0463886 -0.097486 -0.0092268
    endloop
  endfacet
  facet normal 0.479928 -0.869037 0.120181
    outer loop
      vertex 0.0773945 -0.0854726 0.0153942
      vertex 0.070713 -0.088325 0.02145
      vertex 0.0724745 -0.088325 0.0144157
    endloop
  endfacet
  facet normal 0.305034 -0.934632 0.182803
    outer loop
      vertex 0.0566788 -0.0909772 0.0378714
      vertex 0.0544872 -0.0934033 0.0291243
      vertex 0.0601177 -0.0909772 0.0321331
    endloop
  endfacet
  facet normal 0.239015 -0.969167 0.0598931
    outer loop
      vertex 0.0524445 -0.0955796 0.0159082
      vertex 0.0452604 -0.097486 0.0137291
      vertex 0.0463886 -0.097486 0.0092268
    endloop
  endfacet
  facet normal 0.19906 -0.979939 -0.00974728
    outer loop
      vertex 0.0472965 -0.097486 0
      vertex 0.0393343 -0.0991034 0
      vertex 0.0470695 -0.097486 -0.00463581
    endloop
  endfacet
  facet normal 0.395992 -0.907257 0.141689
    outer loop
      vertex 0.070713 -0.088325 0.02145
      vertex 0.0629778 -0.0909772 0.0260859
      vertex 0.0652313 -0.0909772 0.0197878
    endloop
  endfacet
  facet normal 0.669119 -0.736498 0.0992521
    outer loop
      vertex 0.0849571 -0.0792775 0.0168991
      vertex 0.0827665 -0.0824466 0.00815105
      vertex 0.0862045 -0.0792775 0.00848961
    endloop
  endfacet
  facet normal 0.494199 -0.869009 -0.0243128
    outer loop
      vertex 0.0789108 -0.0854726 0
      vertex 0.0735388 -0.088325 -0.0072422
      vertex 0.0785303 -0.0854726 -0.0077343
    endloop
  endfacet
  facet normal 0.579163 -0.814714 -0.0284927
    outer loop
      vertex 0.0789108 -0.0854726 0
      vertex 0.0785303 -0.0854726 -0.0077343
      vertex 0.0827665 -0.0824466 -0.00815105
    endloop
  endfacet
  facet normal 0.280606 -0.954557 -0.100407
    outer loop
      vertex 0.059123 -0.0934033 -0.0179338
      vertex 0.0506325 -0.0955796 -0.0209723
      vertex 0.0570803 -0.0934033 -0.0236425
    endloop
  endfacet
  facet normal 0.297655 -0.954561 0.0146359
    outer loop
      vertex 0.0614853 -0.0934033 0.00605583
      vertex 0.0545397 -0.0955796 0.00537109
      vertex 0.0548038 -0.0955796 0
    endloop
  endfacet
  facet normal 0.334849 -0.934624 -0.119811
    outer loop
      vertex 0.0652313 -0.0909772 -0.0197878
      vertex 0.059123 -0.0934033 -0.0179338
      vertex 0.0629778 -0.0909772 -0.0260859
    endloop
  endfacet
  facet normal 0.334844 -0.934625 -0.119814
    outer loop
      vertex 0.059123 -0.0934033 -0.0179338
      vertex 0.0570803 -0.0934033 -0.0236425
      vertex 0.0629778 -0.0909772 -0.0260859
    endloop
  endfacet
  facet normal 0.355192 -0.934631 -0.0174368
    outer loop
      vertex 0.0681667 -0.0909772 0
      vertex 0.0617828 -0.0934033 0
      vertex 0.0678387 -0.0909772 -0.00668144
    endloop
  endfacet
  facet normal 0.351761 -0.934635 -0.0521748
    outer loop
      vertex 0.0678387 -0.0909772 -0.00668144
      vertex 0.0614853 -0.0934033 -0.00605583
      vertex 0.0668573 -0.0909772 -0.013298
    endloop
  endfacet
  facet normal 0.28563 -0.934628 -0.211865
    outer loop
      vertex 0.0566788 -0.0909772 -0.0378714
      vertex 0.0477591 -0.0934033 -0.0391941
      vertex 0.0526934 -0.0909772 -0.0432444
    endloop
  endfacet
  facet normal 0.337803 -0.907252 -0.250564
    outer loop
      vertex 0.0566788 -0.0909772 -0.0378714
      vertex 0.0526934 -0.0909772 -0.0432444
      vertex 0.0614414 -0.088325 -0.0410538
    endloop
  endfacet
  facet normal 0.14068 -0.987816 -0.0665522
    outer loop
      vertex 0.0363407 -0.0991034 -0.0150528
      vertex 0.0273333 -0.100416 -0.0146103
      vertex 0.0346899 -0.0991034 -0.0185423
    endloop
  endfacet
  facet normal 0.197919 -0.969166 -0.146781
    outer loop
      vertex 0.0393257 -0.097486 -0.0262766
      vertex 0.036561 -0.097486 -0.0300045
      vertex 0.0423641 -0.0955796 -0.0347672
    endloop
  endfacet
  facet normal 0.180167 -0.979937 -0.0852305
    outer loop
      vertex 0.0436964 -0.097486 -0.0180998
      vertex 0.0363407 -0.0991034 -0.0150528
      vertex 0.0417118 -0.097486 -0.022295
    endloop
  endfacet
  facet normal 0.170961 -0.979937 -0.102454
    outer loop
      vertex 0.0417118 -0.097486 -0.022295
      vertex 0.0346899 -0.0991034 -0.0185423
      vertex 0.0393257 -0.097486 -0.0262766
    endloop
  endfacet
  facet normal 0.150978 -0.987813 -0.0378308
    outer loop
      vertex 0.038579 -0.0991034 -0.00767326
      vertex 0.0296593 -0.100416 -0.00899696
      vertex 0.0376406 -0.0991034 -0.0114183
    endloop
  endfacet
  facet normal 0.107946 -0.993405 -0.0386549
    outer loop
      vertex 0.0296593 -0.100416 -0.00899696
      vertex 0.0206518 -0.101412 -0.00855446
      vertex 0.0286341 -0.100416 -0.0118599
    endloop
  endfacet
  facet normal 0.211838 -0.934634 -0.285628
    outer loop
      vertex 0.0391941 -0.0934033 -0.0477591
      vertex 0.0343246 -0.0934033 -0.0513706
      vertex 0.0378714 -0.0909772 -0.0566788
    endloop
  endfacet
  facet normal 0.263461 -0.934647 -0.238797
    outer loop
      vertex 0.0477591 -0.0934033 -0.0391941
      vertex 0.0436869 -0.0934033 -0.0436869
      vertex 0.0482016 -0.0909772 -0.0482016
    endloop
  endfacet
  facet normal 0.0361525 -0.969162 -0.243759
    outer loop
      vertex 0.0092268 -0.097486 -0.0463886
      vertex 0.00463581 -0.097486 -0.0470695
      vertex 0.0106916 -0.0955796 -0.053751
    endloop
  endfacet
  facet normal 0.100407 -0.954557 -0.280606
    outer loop
      vertex 0.0209723 -0.0955796 -0.0506325
      vertex 0.0179338 -0.0934033 -0.059123
      vertex 0.0236425 -0.0934033 -0.0570803
    endloop
  endfacet
  facet normal 0.247934 -0.814684 -0.524232
    outer loop
      vertex 0.0371981 -0.0854726 -0.0695925
      vertex 0.0301971 -0.0854726 -0.0729036
      vertex 0.0392046 -0.0824466 -0.0733461
    endloop
  endfacet
  facet normal 0.389484 -0.814627 -0.42975
    outer loop
      vertex 0.0588074 -0.0824466 -0.0588074
      vertex 0.0500603 -0.0854726 -0.0609989
      vertex 0.0527601 -0.0824466 -0.0642881
    endloop
  endfacet
  facet normal 0.119814 -0.934625 -0.334844
    outer loop
      vertex 0.0236425 -0.0934033 -0.0570803
      vertex 0.0179338 -0.0934033 -0.059123
      vertex 0.0260859 -0.0909772 -0.0629778
    endloop
  endfacet
  facet normal 0.216199 -0.907248 -0.360774
    outer loop
      vertex 0.0410538 -0.088325 -0.0614414
      vertex 0.0321331 -0.0909772 -0.0601177
      vertex 0.034833 -0.088325 -0.0651693
    endloop
  endfacet
  facet normal 0.104512 -0.987815 0.115317
    outer loop
      vertex 0.0249538 -0.0991034 0.030406
      vertex 0.0196619 -0.100416 0.0239582
      vertex 0.0278139 -0.0991034 0.0278139
    endloop
  endfacet
  facet normal 0.165494 -0.969166 0.182561
    outer loop
      vertex 0.0347672 -0.0955796 0.0423641
      vertex 0.0300045 -0.097486 0.036561
      vertex 0.0334435 -0.097486 0.0334435
    endloop
  endfacet
  facet normal 0.0799992 -0.987816 0.133492
    outer loop
      vertex 0.0185423 -0.0991034 0.0346899
      vertex 0.0146103 -0.100416 0.0273333
      vertex 0.0172186 -0.100416 0.0257702
    endloop
  endfacet
  facet normal 0.0671504 -0.979937 0.187656
    outer loop
      vertex 0.0180998 -0.097486 0.0436964
      vertex 0.0137291 -0.097486 0.0452604
      vertex 0.0150528 -0.0991034 0.0363407
    endloop
  endfacet
  facet normal 0.0449624 -0.997152 0.0605506
    outer loop
      vertex 0.0141811 -0.101412 0.0172796
      vertex 0.00749969 -0.102081 0.0112238
      vertex 0.00856304 -0.102081 0.0104342
    endloop
  endfacet
  facet normal 0.0927067 -0.987815 0.125006
    outer loop
      vertex 0.0249538 -0.0991034 0.030406
      vertex 0.0172186 -0.100416 0.0257702
      vertex 0.0196619 -0.100416 0.0239582
    endloop
  endfacet
  facet normal 0.115317 -0.987815 0.104512
    outer loop
      vertex 0.0278139 -0.0991034 0.0278139
      vertex 0.0239582 -0.100416 0.0196619
      vertex 0.030406 -0.0991034 0.0249538
    endloop
  endfacet
  facet normal 0.10452 -0.987817 0.1153
    outer loop
      vertex 0.0278139 -0.0991034 0.0278139
      vertex 0.0196619 -0.100416 0.0239582
      vertex 0.0219154 -0.100416 0.0219154
    endloop
  endfacet
  facet normal 0.380198 -0.907256 0.17982
    outer loop
      vertex 0.0682697 -0.088325 0.0282784
      vertex 0.0601177 -0.0909772 0.0321331
      vertex 0.0629778 -0.0909772 0.0260859
    endloop
  endfacet
  facet normal 0.334844 -0.934625 0.119814
    outer loop
      vertex 0.0629778 -0.0909772 0.0260859
      vertex 0.0570803 -0.0934033 0.0236425
      vertex 0.059123 -0.0934033 0.0179338
    endloop
  endfacet
  facet normal 0.543233 -0.736598 0.40289
    outer loop
      vertex 0.0720234 -0.0792775 0.0481243
      vertex 0.0642881 -0.0824466 0.0527601
      vertex 0.06915 -0.0824466 0.0462046
    endloop
  endfacet
  facet normal 0.465854 -0.814625 0.345494
    outer loop
      vertex 0.0642881 -0.0824466 0.0527601
      vertex 0.0609989 -0.0854726 0.0500603
      vertex 0.0656118 -0.0854726 0.0438404
    endloop
  endfacet
  facet normal 0.611482 -0.736499 0.28924
    outer loop
      vertex 0.0763931 -0.0792775 0.0408325
      vertex 0.0733461 -0.0824466 0.0392046
      vertex 0.0800276 -0.0792775 0.0331488
    endloop
  endfacet
  facet normal 0.706784 -0.623448 0.334319
    outer loop
      vertex 0.0787048 -0.075994 0.0420685
      vertex 0.0763931 -0.0792775 0.0408325
      vertex 0.0800276 -0.0792775 0.0331488
    endloop
  endfacet
  facet normal 0.465845 -0.81463 0.345495
    outer loop
      vertex 0.06915 -0.0824466 0.0462046
      vertex 0.0642881 -0.0824466 0.0527601
      vertex 0.0656118 -0.0854726 0.0438404
    endloop
  endfacet
  facet normal 0.497451 -0.81463 0.298194
    outer loop
      vertex 0.06915 -0.0824466 0.0462046
      vertex 0.0656118 -0.0854726 0.0438404
      vertex 0.0733461 -0.0824466 0.0392046
    endloop
  endfacet
  facet normal 0.0506666 -0.997151 0.0558832
    outer loop
      vertex 0.0141811 -0.101412 0.0172796
      vertex 0.00954533 -0.102081 0.00954533
      vertex 0.0158062 -0.101412 0.0158062
    endloop
  endfacet
  facet normal -0.0920978 -0.993405 0.0683015
    outer loop
      vertex -0.0239582 -0.100416 0.0196619
      vertex -0.0257702 -0.100416 0.0172186
      vertex -0.0172796 -0.101412 0.0141811
    endloop
  endfacet
  facet normal -0.0731678 -0.997151 0.0183246
    outer loop
      vertex -0.0213909 -0.101412 0.0064888
      vertex -0.021924 -0.101412 0.0043602
      vertex -0.0129175 -0.102081 0.00391769
    endloop
  endfacet
  facet normal -0.107946 -0.993405 0.0386549
    outer loop
      vertex -0.0286341 -0.100416 0.0118599
      vertex -0.0296593 -0.100416 0.00899696
      vertex -0.0206518 -0.101412 0.00855446
    endloop
  endfacet
  facet normal -0.113429 -0.993404 -0.0168248
    outer loop
      vertex -0.0222464 -0.101412 -0.00219059
      vertex -0.0308437 -0.100416 -0.00303745
      vertex -0.0303974 -0.100416 -0.0060463
    endloop
  endfacet
  facet normal -0.103658 -0.993405 0.04901
    outer loop
      vertex -0.0197144 -0.101412 0.0105371
      vertex -0.0286341 -0.100416 0.0118599
      vertex -0.0206518 -0.101412 0.00855446
    endloop
  endfacet
  facet normal -0.0449624 -0.997152 -0.0605506
    outer loop
      vertex -0.00856304 -0.102081 -0.0104342
      vertex -0.0141811 -0.101412 -0.0172796
      vertex -0.00749969 -0.102081 -0.0112238
    endloop
  endfacet
  facet normal 0.0920978 -0.993405 -0.0683015
    outer loop
      vertex 0.0257702 -0.100416 -0.0172186
      vertex 0.0172796 -0.101412 -0.0141811
      vertex 0.0239582 -0.100416 -0.0196619
    endloop
  endfacet
  facet normal 0.0352358 -0.9993 -0.0125784
    outer loop
      vertex 0.00431919 -0.102417 -0.00131035
      vertex 0.00417042 -0.102417 -0.0017271
      vertex 0.0129175 -0.102081 -0.00391769
    endloop
  endfacet
  facet normal 0.0387563 -0.997152 0.064704
    outer loop
      vertex 0.0105371 -0.101412 0.0197144
      vertex 0.00636292 -0.102081 0.0119047
      vertex 0.00749969 -0.102081 0.0112238
    endloop
  endfacet
  facet normal 0.0386549 -0.993405 0.107946
    outer loop
      vertex 0.00899696 -0.100416 0.0296593
      vertex 0.00855446 -0.101412 0.0206518
      vertex 0.0118599 -0.100416 0.0286341
    endloop
  endfacet
  facet normal 0.0183246 -0.997151 0.0731678
    outer loop
      vertex 0.0043602 -0.101412 0.021924
      vertex 0.00391769 -0.102081 0.0129175
      vertex 0.0064888 -0.101412 0.0213909
    endloop
  endfacet
  facet normal 0.00369026 -0.997152 0.0753286
    outer loop
      vertex 0 -0.101412 0.0223541
      vertex 0 -0.102081 0.0134983
      vertex 0.00132275 -0.102081 0.0134335
    endloop
  endfacet
  facet normal 0.00564834 -0.993404 0.11453
    outer loop
      vertex 0.00303745 -0.100416 0.0308437
      vertex 0 -0.100416 0.0309935
      vertex 0.00219059 -0.101412 0.0222464
    endloop
  endfacet
  facet normal 0.0292379 -0.97994 0.197138
    outer loop
      vertex 0.00463581 -0.097486 0.0470695
      vertex 0.00385475 -0.0991034 0.0391455
      vertex 0.0092268 -0.097486 0.0463886
    endloop
  endfacet
  facet normal 0.0386241 -0.993406 0.107948
    outer loop
      vertex 0.00899696 -0.100416 0.0296593
      vertex 0.0064888 -0.101412 0.0213909
      vertex 0.00855446 -0.101412 0.0206518
    endloop
  endfacet
  facet normal 0.0665348 -0.987817 0.140681
    outer loop
      vertex 0.0150528 -0.0991034 0.0363407
      vertex 0.0118599 -0.100416 0.0286341
      vertex 0.0146103 -0.100416 0.0273333
    endloop
  endfacet
  facet normal 0.0378308 -0.987813 0.150978
    outer loop
      vertex 0.0114183 -0.0991034 0.0376406
      vertex 0.00767326 -0.0991034 0.038579
      vertex 0.00899696 -0.100416 0.0296593
    endloop
  endfacet
  facet normal 0.0292458 -0.979941 0.197132
    outer loop
      vertex 0.0092268 -0.097486 0.0463886
      vertex 0.00385475 -0.0991034 0.0391455
      vertex 0.00767326 -0.0991034 0.038579
    endloop
  endfacet
  facet normal -0.0206228 -0.907247 0.420092
    outer loop
      vertex 0 -0.088325 0.0738945
      vertex -0.00668144 -0.0909772 0.0678387
      vertex 0 -0.0909772 0.0681667
    endloop
  endfacet
  facet normal -0.0121028 -0.969159 0.246139
    outer loop
      vertex 0 -0.0955796 0.0548038
      vertex -0.00537109 -0.0955796 0.0545397
      vertex -0.00463581 -0.097486 0.0470695
    endloop
  endfacet
  facet normal -0.0242704 -0.869034 0.494156
    outer loop
      vertex 0 -0.0854726 0.0789108
      vertex -0.0072422 -0.088325 0.0735388
      vertex 0 -0.088325 0.0738945
    endloop
  endfacet
  facet normal -0.0206332 -0.907243 0.420101
    outer loop
      vertex 0 -0.088325 0.0738945
      vertex -0.0072422 -0.088325 0.0735388
      vertex -0.00668144 -0.0909772 0.0678387
    endloop
  endfacet
  facet normal -0.0927067 -0.987815 0.125006
    outer loop
      vertex -0.0172186 -0.100416 0.0257702
      vertex -0.0249538 -0.0991034 0.030406
      vertex -0.0196619 -0.100416 0.0239582
    endloop
  endfacet
  facet normal -0.1153 -0.987817 0.10452
    outer loop
      vertex -0.0219154 -0.100416 0.0219154
      vertex -0.0278139 -0.0991034 0.0278139
      vertex -0.0239582 -0.100416 0.0196619
    endloop
  endfacet
  facet normal -0.0168248 -0.993404 0.113429
    outer loop
      vertex -0.00303745 -0.100416 0.0308437
      vertex -0.0060463 -0.100416 0.0303974
      vertex -0.00219059 -0.101412 0.0222464
    endloop
  endfacet
  facet normal -0.0278245 -0.993405 0.111232
    outer loop
      vertex -0.0060463 -0.100416 0.0303974
      vertex -0.00899696 -0.100416 0.0296593
      vertex -0.0043602 -0.101412 0.021924
    endloop
  endfacet
  facet normal -0.254334 -0.869016 -0.424411
    outer loop
      vertex -0.034833 -0.088325 -0.0651693
      vertex -0.0410538 -0.088325 -0.0614414
      vertex -0.0371981 -0.0854726 -0.0695925
    endloop
  endfacet
  facet normal -0.211567 -0.869013 -0.447277
    outer loop
      vertex -0.034833 -0.088325 -0.0651693
      vertex -0.0371981 -0.0854726 -0.0695925
      vertex -0.0282784 -0.088325 -0.0682697
    endloop
  endfacet
  facet normal -0.152052 -0.934626 -0.321488
    outer loop
      vertex -0.0236425 -0.0934033 -0.0570803
      vertex -0.0321331 -0.0909772 -0.0601177
      vertex -0.0260859 -0.0909772 -0.0629778
    endloop
  endfacet
  facet normal -0.17982 -0.907256 -0.380198
    outer loop
      vertex -0.0260859 -0.0909772 -0.0629778
      vertex -0.0321331 -0.0909772 -0.0601177
      vertex -0.0282784 -0.088325 -0.0682697
    endloop
  endfacet
  facet normal -0.397426 -0.86901 -0.294745
    outer loop
      vertex -0.0614414 -0.088325 -0.0410538
      vertex -0.0656118 -0.0854726 -0.0438404
      vertex -0.0609989 -0.0854726 -0.0500603
    endloop
  endfacet
  facet normal -0.397365 -0.869036 -0.294751
    outer loop
      vertex -0.0571213 -0.088325 -0.0468779
      vertex -0.0614414 -0.088325 -0.0410538
      vertex -0.0609989 -0.0854726 -0.0500603
    endloop
  endfacet
  facet normal -0.289165 -0.73656 -0.611443
    outer loop
      vertex -0.031826 -0.0824466 -0.0768356
      vertex -0.0392046 -0.0824466 -0.0733461
      vertex -0.0331488 -0.0792775 -0.0800276
    endloop
  endfacet
  facet normal -0.402935 -0.736564 -0.543246
    outer loop
      vertex -0.0527601 -0.0824466 -0.0642881
      vertex -0.0549517 -0.0792775 -0.0669594
      vertex -0.0481243 -0.0792775 -0.0720234
    endloop
  endfacet
  facet normal -0.576706 0.250617 -0.777561
    outer loop
      vertex -0.0510502 -0.0657849 -0.0764027
      vertex -0.0582933 -0.0657849 -0.0710306
      vertex -0.0577316 -0.0623708 -0.0703468
    endloop
  endfacet
  facet normal -0.298529 -0.463591 -0.834244
    outer loop
      vertex -0.0341511 -0.075994 -0.082449
      vertex -0.0348253 -0.0726304 -0.0840769
      vertex -0.0259056 -0.075994 -0.0853996
    endloop
  endfacet
  facet normal -0.595126 0.463361 -0.656599
    outer loop
      vertex -0.0566149 -0.0590062 -0.068985
      vertex -0.0643492 -0.0623708 -0.0643492
      vertex -0.0631037 -0.0590062 -0.0631037
    endloop
  endfacet
  facet normal -0.595126 0.463294 -0.656646
    outer loop
      vertex -0.0577316 -0.0623708 -0.0703468
      vertex -0.0643492 -0.0623708 -0.0643492
      vertex -0.0566149 -0.0590062 -0.068985
    endloop
  endfacet
  facet normal -0.413925 0.250554 -0.875151
    outer loop
      vertex -0.0351639 -0.0657849 -0.0848942
      vertex -0.0433159 -0.0657849 -0.0810385
      vertex -0.0348253 -0.0623708 -0.0840769
    endloop
  endfacet
  facet normal -0.527934 0.463229 -0.711832
    outer loop
      vertex -0.050559 -0.0623708 -0.0756664
      vertex -0.0577316 -0.0623708 -0.0703468
      vertex -0.0495806 -0.0590062 -0.0742025
    endloop
  endfacet
  facet normal -0.114775 -0.623329 -0.773491
    outer loop
      vertex -0.0168991 -0.0792775 -0.0849571
      vertex -0.0174103 -0.075994 -0.0875273
      vertex -0.0087471 -0.075994 -0.0888128
    endloop
  endfacet
  facet normal -0.465813 -0.623385 -0.62802
    outer loop
      vertex -0.0481243 -0.0792775 -0.0720234
      vertex -0.0549517 -0.0792775 -0.0669594
      vertex -0.0495806 -0.075994 -0.0742025
    endloop
  endfacet
  facet normal -0.14205 0.250615 -0.957608
    outer loop
      vertex -0.00891972 -0.0623708 -0.0905657
      vertex -0.0179262 -0.0657849 -0.0901232
      vertex -0.0177536 -0.0623708 -0.0892553
    endloop
  endfacet
  facet normal -0.215376 0.463284 -0.85964
    outer loop
      vertex -0.0177536 -0.0623708 -0.0892553
      vertex -0.0264168 -0.0623708 -0.0870848
      vertex -0.0259056 -0.0590062 -0.0853996
    endloop
  endfacet
  facet normal -0.0992795 0.73642 -0.6692
    outer loop
      vertex -0.00815105 -0.0525527 -0.0827665
      vertex -0.0168991 -0.0557227 -0.0849571
      vertex -0.0162249 -0.0525527 -0.0815687
    endloop
  endfacet
  facet normal -0.114727 0.623395 -0.773445
    outer loop
      vertex -0.0087471 -0.0590062 -0.0888128
      vertex -0.0168991 -0.0557227 -0.0849571
      vertex -0.00848961 -0.0557227 -0.0862045
    endloop
  endfacet
  facet normal 0.130065 0.463442 -0.87653
    outer loop
      vertex 0.0177536 -0.0623708 -0.0892553
      vertex 0.0087471 -0.0590062 -0.0888128
      vertex 0.0174103 -0.0590062 -0.0875273
    endloop
  endfacet
  facet normal -0.13003 0.463355 -0.876581
    outer loop
      vertex -0.00891972 -0.0623708 -0.0905657
      vertex -0.0177536 -0.0623708 -0.0892553
      vertex -0.0087471 -0.0590062 -0.0888128
    endloop
  endfacet
  facet normal -0.0725781 0.869018 -0.489428
    outer loop
      vertex -0.0077343 -0.0495276 -0.0785303
      vertex -0.0110123 -0.0495276 -0.0780442
      vertex -0.00772609 -0.04948 -0.078447
    endloop
  endfacet
  facet normal -0.0724731 0.869311 -0.488923
    outer loop
      vertex -0.0143094 -0.0495276 -0.0775553
      vertex -0.0153942 -0.0495276 -0.0773945
      vertex -0.0152259 -0.0494688 -0.0773149
    endloop
  endfacet
  facet normal 0.215288 0.463433 -0.859582
    outer loop
      vertex 0.0177536 -0.0623708 -0.0892553
      vertex 0.0174103 -0.0590062 -0.0875273
      vertex 0.0259056 -0.0590062 -0.0853996
    endloop
  endfacet
  facet normal 0.114727 0.623395 -0.773445
    outer loop
      vertex 0.0087471 -0.0590062 -0.0888128
      vertex 0.00848961 -0.0557227 -0.0862045
      vertex 0.0168991 -0.0557227 -0.0849571
    endloop
  endfacet
  facet normal 0.235283 0.250614 -0.93906
    outer loop
      vertex 0.0179262 -0.0657849 -0.0901232
      vertex 0.0177536 -0.0623708 -0.0892553
      vertex 0.0266733 -0.0657849 -0.0879316
    endloop
  endfacet
  facet normal 0.326073 0.250584 -0.911528
    outer loop
      vertex 0.0266733 -0.0657849 -0.0879316
      vertex 0.0264168 -0.0623708 -0.0870848
      vertex 0.0348253 -0.0623708 -0.0840769
    endloop
  endfacet
  facet normal -0.777563 0.250662 -0.576684
    outer loop
      vertex -0.0703468 -0.0623708 -0.0577316
      vertex -0.0764027 -0.0657849 -0.0510502
      vertex -0.0756664 -0.0623708 -0.050559
    endloop
  endfacet
  facet normal -0.454278 0.736463 -0.501252
    outer loop
      vertex -0.0549517 -0.0557227 -0.0669594
      vertex -0.0612507 -0.0557227 -0.0612507
      vertex -0.0527601 -0.0525527 -0.0642881
    endloop
  endfacet
  facet normal -0.52794 0.463308 -0.711776
    outer loop
      vertex -0.0495806 -0.0590062 -0.0742025
      vertex -0.0577316 -0.0623708 -0.0703468
      vertex -0.0566149 -0.0590062 -0.068985
    endloop
  endfacet
  facet normal 0.717312 -0.250565 -0.650139
    outer loop
      vertex 0.0710306 -0.0692162 -0.0582933
      vertex 0.0643492 -0.0726304 -0.0643492
      vertex 0.0649748 -0.0692162 -0.0649748
    endloop
  endfacet
  facet normal 0.465813 -0.623385 -0.62802
    outer loop
      vertex 0.0549517 -0.0792775 -0.0669594
      vertex 0.0481243 -0.0792775 -0.0720234
      vertex 0.0495806 -0.075994 -0.0742025
    endloop
  endfacet
  facet normal 0.401968 -0.623382 -0.670684
    outer loop
      vertex 0.0481243 -0.0792775 -0.0720234
      vertex 0.0420685 -0.075994 -0.0787048
      vertex 0.0495806 -0.075994 -0.0742025
    endloop
  endfacet
  facet normal 0.576685 -0.250656 -0.777564
    outer loop
      vertex 0.0577316 -0.0726304 -0.0703468
      vertex 0.050559 -0.0726304 -0.0756664
      vertex 0.0510502 -0.0692162 -0.0764027
    endloop
  endfacet
  facet normal 0.0331701 -0.736497 -0.675627
    outer loop
      vertex 0.00815105 -0.0824466 -0.0827665
      vertex 0 -0.0792775 -0.0866213
      vertex 0.00848961 -0.0792775 -0.0862045
    endloop
  endfacet
  facet normal 0.0331192 -0.736555 -0.675566
    outer loop
      vertex 0.00815105 -0.0824466 -0.0827665
      vertex 0 -0.0824466 -0.0831661
      vertex 0 -0.0792775 -0.0866213
    endloop
  endfacet
  facet normal 0.235284 -0.250607 -0.939062
    outer loop
      vertex 0.0266733 -0.0692162 -0.0879316
      vertex 0.0177536 -0.0726304 -0.0892553
      vertex 0.0179262 -0.0692162 -0.0901232
    endloop
  endfacet
  facet normal 0.326074 -0.250577 -0.91153
    outer loop
      vertex 0.0348253 -0.0726304 -0.0840769
      vertex 0.0264168 -0.0726304 -0.0870848
      vertex 0.0266733 -0.0692162 -0.0879316
    endloop
  endfacet
  facet normal 0.0521748 -0.934635 -0.351761
    outer loop
      vertex 0.013298 -0.0909772 -0.0668573
      vertex 0.00605583 -0.0934033 -0.0614853
      vertex 0.00668144 -0.0909772 -0.0678387
    endloop
  endfacet
  facet normal -0.0242704 -0.869034 -0.494156
    outer loop
      vertex 0 -0.088325 -0.0738945
      vertex -0.0072422 -0.088325 -0.0735388
      vertex 0 -0.0854726 -0.0789108
    endloop
  endfacet
  facet normal 0.102176 -0.907235 -0.408026
    outer loop
      vertex 0.02145 -0.088325 -0.070713
      vertex 0.013298 -0.0909772 -0.0668573
      vertex 0.0144157 -0.088325 -0.0724745
    endloop
  endfacet
  facet normal 0.119811 -0.934624 -0.334849
    outer loop
      vertex 0.0260859 -0.0909772 -0.0629778
      vertex 0.0179338 -0.0934033 -0.059123
      vertex 0.0197878 -0.0909772 -0.0652313
    endloop
  endfacet
  facet normal -0.0851032 -0.814672 -0.573643
    outer loop
      vertex -0.0153942 -0.0854726 -0.0773945
      vertex -0.0162249 -0.0824466 -0.0815687
      vertex -0.00815105 -0.0824466 -0.0827665
    endloop
  endfacet
  facet normal -0.140903 -0.814674 -0.562541
    outer loop
      vertex -0.0153942 -0.0854726 -0.0773945
      vertex -0.0229063 -0.0854726 -0.0755129
      vertex -0.0162249 -0.0824466 -0.0815687
    endloop
  endfacet
  facet normal -0.189979 -0.623328 -0.758532
    outer loop
      vertex -0.0168991 -0.0792775 -0.0849571
      vertex -0.0259056 -0.075994 -0.0853996
      vertex -0.0174103 -0.075994 -0.0875273
    endloop
  endfacet
  facet normal -0.130022 -0.463463 -0.876525
    outer loop
      vertex -0.0087471 -0.075994 -0.0888128
      vertex -0.0177536 -0.0726304 -0.0892553
      vertex -0.00891972 -0.0726304 -0.0905657
    endloop
  endfacet
  facet normal 0.465813 0.623385 0.62802
    outer loop
      vertex 0.0549517 -0.0557227 0.0669594
      vertex 0.0481243 -0.0557227 0.0720234
      vertex 0.0495806 -0.0590062 0.0742025
    endloop
  endfacet
  facet normal 0.401968 0.623382 0.670684
    outer loop
      vertex 0.0481243 -0.0557227 0.0720234
      vertex 0.0420685 -0.0590062 0.0787048
      vertex 0.0495806 -0.0590062 0.0742025
    endloop
  endfacet
  facet normal 0.525143 0.623327 0.579387
    outer loop
      vertex 0.0612507 -0.0557227 0.0612507
      vertex 0.0566149 -0.0590062 0.068985
      vertex 0.0631037 -0.0590062 0.0631037
    endloop
  endfacet
  facet normal 0.595126 0.463361 0.656599
    outer loop
      vertex 0.0631037 -0.0590062 0.0631037
      vertex 0.0566149 -0.0590062 0.068985
      vertex 0.0643492 -0.0623708 0.0643492
    endloop
  endfacet
  facet normal 0.656646 0.463294 0.595126
    outer loop
      vertex 0.068985 -0.0590062 0.0566149
      vertex 0.0643492 -0.0623708 0.0643492
      vertex 0.0703468 -0.0623708 0.0577316
    endloop
  endfacet
  facet normal 0.656599 0.463361 0.595126
    outer loop
      vertex 0.068985 -0.0590062 0.0566149
      vertex 0.0631037 -0.0590062 0.0631037
      vertex 0.0643492 -0.0623708 0.0643492
    endloop
  endfacet
  facet normal 0.166736 0.869013 0.465849
    outer loop
      vertex 0.0301403 -0.0494431 0.0727663
      vertex 0.0283464 -0.0495276 0.073566
      vertex 0.0301971 -0.0495276 0.0729036
    endloop
  endfacet
  facet normal 0.166622 0.869166 0.465604
    outer loop
      vertex 0.0230463 -0.0494533 0.0753241
      vertex 0.0229063 -0.0495276 0.0755129
      vertex 0.0251745 -0.0495276 0.0747012
    endloop
  endfacet
  facet normal 0.16637 0.869289 0.465466
    outer loop
      vertex 0.0230463 -0.0494533 0.0753241
      vertex 0.0228651 -0.049447 0.0753771
      vertex 0.0229063 -0.0495276 0.0755129
    endloop
  endfacet
  facet normal 0.0283938 0.814707 0.579177
    outer loop
      vertex 0 -0.0495276 0.0789108
      vertex 0 -0.0525527 0.0831661
      vertex 0.00815105 -0.0525527 0.0827665
    endloop
  endfacet
  facet normal -0.0850426 0.814792 0.573482
    outer loop
      vertex -0.0110123 -0.0495276 0.0780442
      vertex -0.00815105 -0.0525527 0.0827665
      vertex -0.0077343 -0.0495276 0.0785303
    endloop
  endfacet
  facet normal -0.0850429 0.814792 0.573482
    outer loop
      vertex -0.0137045 -0.049584 0.0777251
      vertex -0.00815105 -0.0525527 0.0827665
      vertex -0.0110123 -0.0495276 0.0780442
    endloop
  endfacet
  facet normal -0.085005 0.814807 0.573467
    outer loop
      vertex -0.0153942 -0.0495276 0.0773945
      vertex -0.0137045 -0.049584 0.0777251
      vertex -0.0143094 -0.0495276 0.0775553
    endloop
  endfacet
  facet normal -0.0850018 0.814817 0.573452
    outer loop
      vertex -0.0137045 -0.049584 0.0777251
      vertex -0.0153942 -0.0495276 0.0773945
      vertex -0.00815105 -0.0525527 0.0827665
    endloop
  endfacet
  facet normal 0.211613 0.869005 0.447269
    outer loop
      vertex 0.0371313 -0.0494471 0.0694677
      vertex 0.0369661 -0.0494534 0.0695581
      vertex 0.0371981 -0.0495276 0.0695925
    endloop
  endfacet
  facet normal 0.0850426 0.814792 0.573482
    outer loop
      vertex 0.00815105 -0.0525527 0.0827665
      vertex 0.0110123 -0.0495276 0.0780442
      vertex 0.0077343 -0.0495276 0.0785303
    endloop
  endfacet
  facet normal 0.0850429 0.814792 0.573482
    outer loop
      vertex 0.00815105 -0.0525527 0.0827665
      vertex 0.0137045 -0.049584 0.0777251
      vertex 0.0110123 -0.0495276 0.0780442
    endloop
  endfacet
  facet normal 0.0850018 0.814817 0.573452
    outer loop
      vertex 0.0153942 -0.0495276 0.0773945
      vertex 0.0137045 -0.049584 0.0777251
      vertex 0.00815105 -0.0525527 0.0827665
    endloop
  endfacet
  facet normal 0.085005 0.814807 0.573467
    outer loop
      vertex 0.0137045 -0.049584 0.0777251
      vertex 0.0153942 -0.0495276 0.0773945
      vertex 0.0143094 -0.0495276 0.0775553
    endloop
  endfacet
  facet normal 0.0724405 0.869286 0.488973
    outer loop
      vertex 0.0153708 -0.0494595 0.0772769
      vertex 0.0152259 -0.0494688 0.0773149
      vertex 0.0153942 -0.0495276 0.0773945
    endloop
  endfacet
  facet normal 0.717312 -0.250565 0.650139
    outer loop
      vertex 0.0649748 -0.0692162 0.0649748
      vertex 0.0643492 -0.0726304 0.0643492
      vertex 0.0710306 -0.0692162 0.0582933
    endloop
  endfacet
  facet normal 0.650139 -0.250565 0.717312
    outer loop
      vertex 0.0649748 -0.0692162 0.0649748
      vertex 0.0582933 -0.0692162 0.0710306
      vertex 0.0643492 -0.0726304 0.0643492
    endloop
  endfacet
  facet normal 0.413926 -0.250547 0.875152
    outer loop
      vertex 0.0351639 -0.0692162 0.0848942
      vertex 0.0348253 -0.0726304 0.0840769
      vertex 0.0433159 -0.0692162 0.0810385
    endloop
  endfacet
  facet normal 0.114727 0.623395 0.773445
    outer loop
      vertex 0.0168991 -0.0557227 0.0849571
      vertex 0.00848961 -0.0557227 0.0862045
      vertex 0.0087471 -0.0590062 0.0888128
    endloop
  endfacet
  facet normal 0.114775 0.623329 0.773491
    outer loop
      vertex 0.0168991 -0.0557227 0.0849571
      vertex 0.0087471 -0.0590062 0.0888128
      vertex 0.0174103 -0.0590062 0.0875273
    endloop
  endfacet
  facet normal 0.326088 0.250552 0.911532
    outer loop
      vertex 0.0348253 -0.0623708 0.0840769
      vertex 0.0266733 -0.0657849 0.0879316
      vertex 0.0351639 -0.0657849 0.0848942
    endloop
  endfacet
  facet normal 0.413925 0.250554 0.875151
    outer loop
      vertex 0.0433159 -0.0657849 0.0810385
      vertex 0.0348253 -0.0623708 0.0840769
      vertex 0.0351639 -0.0657849 0.0848942
    endloop
  endfacet
  facet normal 0.885105 0.463361 0.0434301
    outer loop
      vertex 0.089242 -0.0590062 0
      vertex 0.0888128 -0.0590062 0.0087471
      vertex 0.0910034 -0.0623708 0
    endloop
  endfacet
  facet normal 0.781002 0.623351 -0.038322
    outer loop
      vertex 0.0888128 -0.0590062 -0.0087471
      vertex 0.0866213 -0.0557227 0
      vertex 0.089242 -0.0590062 0
    endloop
  endfacet
  facet normal 0.579177 0.814707 -0.0283938
    outer loop
      vertex 0.0827665 -0.0525527 -0.00815105
      vertex 0.0789108 -0.0495276 0
      vertex 0.0831661 -0.0525527 0
    endloop
  endfacet
  facet normal 0.675731 0.736402 0.0331752
    outer loop
      vertex 0.0866213 -0.0557227 0
      vertex 0.0827665 -0.0525527 0.00815105
      vertex 0.0862045 -0.0557227 0.00848961
    endloop
  endfacet
  facet normal 0.579049 0.814795 0.0284868
    outer loop
      vertex 0.0827665 -0.0525527 0.00815105
      vertex 0.078563 -0.0495276 0.00706961
      vertex 0.0785303 -0.0495276 0.0077343
    endloop
  endfacet
  facet normal 0.579058 0.81479 0.0284358
    outer loop
      vertex 0.0827665 -0.0525527 0.00815105
      vertex 0.0786009 -0.0495478 0.00687663
      vertex 0.078563 -0.0495276 0.00706961
    endloop
  endfacet
  facet normal 0.579064 0.814787 0.0284072
    outer loop
      vertex 0.0827665 -0.0525527 0.00815105
      vertex 0.0786133 -0.0495457 0.00656363
      vertex 0.0786009 -0.0495478 0.00687663
    endloop
  endfacet
  facet normal 0.579038 0.814802 0.0285053
    outer loop
      vertex 0.0827665 -0.0525527 0.00815105
      vertex 0.0787142 -0.0495276 0.00399664
      vertex 0.0786133 -0.0495457 0.00656363
    endloop
  endfacet
  facet normal 0.579052 0.814793 0.0284843
    outer loop
      vertex 0.0787142 -0.0495276 0.00399664
      vertex 0.0827665 -0.0525527 0.00815105
      vertex 0.0789108 -0.0495276 0
    endloop
  endfacet
  facet normal 0.579177 0.814707 0.0283938
    outer loop
      vertex 0.0831661 -0.0525527 0
      vertex 0.0789108 -0.0495276 0
      vertex 0.0827665 -0.0525527 0.00815105
    endloop
  endfacet
  facet normal 0.479498 0.869284 0.120108
    outer loop
      vertex 0.0758856 -0.0495276 0.0214184
      vertex 0.0753771 -0.049447 0.0228651
      vertex 0.0755129 -0.0495276 0.0229063
    endloop
  endfacet
  facet normal 0.479436 0.869321 0.120093
    outer loop
      vertex 0.0772439 -0.0494634 0.0155307
      vertex 0.0767013 -0.0495276 0.0181616
      vertex 0.0773945 -0.0495276 0.0153942
    endloop
  endfacet
  facet normal 0.562435 0.81475 0.140883
    outer loop
      vertex 0.0815687 -0.0525527 0.0162249
      vertex 0.0758856 -0.0495276 0.0214184
      vertex 0.0755129 -0.0495276 0.0229063
    endloop
  endfacet
  facet normal 0.562352 0.814832 0.140744
    outer loop
      vertex 0.0758856 -0.0495276 0.0214184
      vertex 0.0815687 -0.0525527 0.0162249
      vertex 0.0761406 -0.0495838 0.0207249
    endloop
  endfacet
  facet normal 0.56243 0.814753 0.140889
    outer loop
      vertex 0.0761406 -0.0495838 0.0207249
      vertex 0.0815687 -0.0525527 0.0162249
      vertex 0.0762488 -0.0496076 0.0204306
    endloop
  endfacet
  facet normal 0.562546 0.814632 0.141122
    outer loop
      vertex 0.0815687 -0.0525527 0.0162249
      vertex 0.0763101 -0.0495968 0.0201239
      vertex 0.0762488 -0.0496076 0.0204306
    endloop
  endfacet
  facet normal 0.562423 0.814764 0.140856
    outer loop
      vertex 0.0815687 -0.0525527 0.0162249
      vertex 0.0767013 -0.0495276 0.0181616
      vertex 0.0763101 -0.0495968 0.0201239
    endloop
  endfacet
  facet normal 0.562428 0.814756 0.140881
    outer loop
      vertex 0.0767013 -0.0495276 0.0181616
      vertex 0.0815687 -0.0525527 0.0162249
      vertex 0.0773945 -0.0495276 0.0153942
    endloop
  endfacet
  facet normal 0.524146 0.814755 0.24788
    outer loop
      vertex 0.0768356 -0.0525527 0.031826
      vertex 0.0729036 -0.0495276 0.0301971
      vertex 0.0733461 -0.0525527 0.0392046
    endloop
  endfacet
  facet normal 0.611537 0.736465 0.289209
    outer loop
      vertex 0.0768356 -0.0525527 0.031826
      vertex 0.0733461 -0.0525527 0.0392046
      vertex 0.0800276 -0.0557227 0.0331488
    endloop
  endfacet
  facet normal 0.675627 -0.736497 0.0331701
    outer loop
      vertex 0.0862045 -0.0792775 0.00848961
      vertex 0.0827665 -0.0824466 0.00815105
      vertex 0.0866213 -0.0792775 0
    endloop
  endfacet
  facet normal 0.573643 -0.814672 0.0851032
    outer loop
      vertex 0.0815687 -0.0824466 0.0162249
      vertex 0.0773945 -0.0854726 0.0153942
      vertex 0.0827665 -0.0824466 0.00815105
    endloop
  endfacet
  facet normal 0.998795 -0 0.049072
    outer loop
      vertex 0.0914459 -0.0692162 0.0090065
      vertex 0.0918884 -0.0657849 0
      vertex 0.0914459 -0.0657849 0.0090065
    endloop
  endfacet
  facet normal 0.998795 0 0.049072
    outer loop
      vertex 0.0918884 -0.0657849 0
      vertex 0.0914459 -0.0692162 0.0090065
      vertex 0.0918884 -0.0692162 0
    endloop
  endfacet
  facet normal 0.939062 -0.250607 0.235284
    outer loop
      vertex 0.0901232 -0.0692162 0.0179262
      vertex 0.0879316 -0.0692162 0.0266733
      vertex 0.0892553 -0.0726304 0.0177536
    endloop
  endfacet
  facet normal 0.939069 -0.250586 0.235277
    outer loop
      vertex 0.0879316 -0.0692162 0.0266733
      vertex 0.0870848 -0.0726304 0.0264168
      vertex 0.0892553 -0.0726304 0.0177536
    endloop
  endfacet
  facet normal 0.875131 -0.250598 0.413939
    outer loop
      vertex 0.0810385 -0.0692162 0.0433159
      vertex 0.0802584 -0.0726304 0.0428982
      vertex 0.0840769 -0.0726304 0.0348253
    endloop
  endfacet
  facet normal 0.830354 -0.250615 0.497699
    outer loop
      vertex 0.0810385 -0.0692162 0.0433159
      vertex 0.0764027 -0.0692162 0.0510502
      vertex 0.0802584 -0.0726304 0.0428982
    endloop
  endfacet
  facet normal 0.656557 -0.463469 0.595088
    outer loop
      vertex 0.0643492 -0.0726304 0.0643492
      vertex 0.0631037 -0.075994 0.0631037
      vertex 0.068985 -0.075994 0.0566149
    endloop
  endfacet
  facet normal 0.650137 0.250571 0.717311
    outer loop
      vertex 0.0643492 -0.0623708 0.0643492
      vertex 0.0582933 -0.0657849 0.0710306
      vertex 0.0649748 -0.0657849 0.0649748
    endloop
  endfacet
  facet normal 0.706784 0.623448 0.334319
    outer loop
      vertex 0.0800276 -0.0557227 0.0331488
      vertex 0.0763931 -0.0557227 0.0408325
      vertex 0.0787048 -0.0590062 0.0420685
    endloop
  endfacet
  facet normal 0.670658 0.623453 0.4019
    outer loop
      vertex 0.0763931 -0.0557227 0.0408325
      vertex 0.0720234 -0.0557227 0.0481243
      vertex 0.0787048 -0.0590062 0.0420685
    endloop
  endfacet
  facet normal 0.366364 0.869374 0.331613
    outer loop
      vertex 0.0609341 -0.04948 0.0500071
      vertex 0.0608753 -0.0494873 0.0500912
      vertex 0.0609989 -0.0495276 0.0500603
    endloop
  endfacet
  facet normal 0.429665 0.814709 0.389407
    outer loop
      vertex 0.0609989 -0.0495276 0.0500603
      vertex 0.0588074 -0.0525527 0.0588074
      vertex 0.0642881 -0.0525527 0.0527601
    endloop
  endfacet
  facet normal 0.465758 0.814706 0.345431
    outer loop
      vertex 0.0642881 -0.0525527 0.0527601
      vertex 0.0629915 -0.0495276 0.0473736
      vertex 0.0609989 -0.0495276 0.0500603
    endloop
  endfacet
  facet normal 0.465787 0.814696 0.345419
    outer loop
      vertex 0.0642881 -0.0525527 0.0527601
      vertex 0.064456 -0.0495765 0.0455141
      vertex 0.0629915 -0.0495276 0.0473736
    endloop
  endfacet
  facet normal 0.465688 0.814745 0.345436
    outer loop
      vertex 0.0642881 -0.0525527 0.0527601
      vertex 0.0646496 -0.0495829 0.0452682
      vertex 0.064456 -0.0495765 0.0455141
    endloop
  endfacet
  facet normal 0.465906 0.814634 0.345403
    outer loop
      vertex 0.0642881 -0.0525527 0.0527601
      vertex 0.0648037 -0.0495549 0.0449943
      vertex 0.0646496 -0.0495829 0.0452682
    endloop
  endfacet
  facet normal 0.465718 0.814731 0.345428
    outer loop
      vertex 0.0656118 -0.0495276 0.0438404
      vertex 0.0648037 -0.0495549 0.0449943
      vertex 0.0642881 -0.0525527 0.0527601
    endloop
  endfacet
  facet normal 0.465986 0.8145 0.34561
    outer loop
      vertex 0.0648037 -0.0495549 0.0449943
      vertex 0.0656118 -0.0495276 0.0438404
      vertex 0.0649526 -0.0495276 0.0447292
    endloop
  endfacet
  facet normal 0.263454 0.623347 -0.736227
    outer loop
      vertex 0.0341511 -0.0590062 -0.082449
      vertex 0.0259056 -0.0590062 -0.0853996
      vertex 0.0331488 -0.0557227 -0.0800276
    endloop
  endfacet
  facet normal 0.334295 0.623338 -0.706892
    outer loop
      vertex 0.0341511 -0.0590062 -0.082449
      vertex 0.0331488 -0.0557227 -0.0800276
      vertex 0.0420685 -0.0590062 -0.0787048
    endloop
  endfacet
  facet normal 0.347767 0.736397 -0.580325
    outer loop
      vertex 0.0408325 -0.0557227 -0.0763931
      vertex 0.0392046 -0.0525527 -0.0733461
      vertex 0.0481243 -0.0557227 -0.0720234
    endloop
  endfacet
  facet normal 0.4019 0.623453 -0.670658
    outer loop
      vertex 0.0420685 -0.0590062 -0.0787048
      vertex 0.0408325 -0.0557227 -0.0763931
      vertex 0.0481243 -0.0557227 -0.0720234
    endloop
  endfacet
  facet normal 0.656599 0.463361 -0.595126
    outer loop
      vertex 0.0643492 -0.0623708 -0.0643492
      vertex 0.0631037 -0.0590062 -0.0631037
      vertex 0.068985 -0.0590062 -0.0566149
    endloop
  endfacet
  facet normal 0.595126 0.463361 -0.656599
    outer loop
      vertex 0.0643492 -0.0623708 -0.0643492
      vertex 0.0566149 -0.0590062 -0.068985
      vertex 0.0631037 -0.0590062 -0.0631037
    endloop
  endfacet
  facet normal 0.497711 0.25068 -0.830327
    outer loop
      vertex 0.0510502 -0.0657849 -0.0764027
      vertex 0.0428982 -0.0623708 -0.0802584
      vertex 0.050559 -0.0623708 -0.0756664
    endloop
  endfacet
  facet normal 0.52794 0.463308 -0.711776
    outer loop
      vertex 0.0577316 -0.0623708 -0.0703468
      vertex 0.0495806 -0.0590062 -0.0742025
      vertex 0.0566149 -0.0590062 -0.068985
    endloop
  endfacet
  facet normal 0.413938 0.250605 -0.87513
    outer loop
      vertex 0.0433159 -0.0657849 -0.0810385
      vertex 0.0348253 -0.0623708 -0.0840769
      vertex 0.0428982 -0.0623708 -0.0802584
    endloop
  endfacet
  facet normal 0.514106 0 -0.857727
    outer loop
      vertex 0.0433159 -0.0692162 -0.0810385
      vertex 0.0510502 -0.0657849 -0.0764027
      vertex 0.0510502 -0.0692162 -0.0764027
    endloop
  endfacet
  facet normal 0.514106 0 -0.857727
    outer loop
      vertex 0.0510502 -0.0657849 -0.0764027
      vertex 0.0433159 -0.0692162 -0.0810385
      vertex 0.0433159 -0.0657849 -0.0810385
    endloop
  endfacet
  facet normal 0.16637 0.869289 -0.465466
    outer loop
      vertex 0.0229063 -0.0495276 -0.0755129
      vertex 0.0228651 -0.049447 -0.0753771
      vertex 0.0230463 -0.0494533 -0.0753241
    endloop
  endfacet
  facet normal 0.166736 0.869013 -0.465849
    outer loop
      vertex 0.0301971 -0.0495276 -0.0729036
      vertex 0.0283464 -0.0495276 -0.073566
      vertex 0.0301403 -0.0494431 -0.0727663
    endloop
  endfacet
  facet normal 0.166622 0.869166 -0.465604
    outer loop
      vertex 0.0251745 -0.0495276 -0.0747012
      vertex 0.0229063 -0.0495276 -0.0755129
      vertex 0.0230463 -0.0494533 -0.0753241
    endloop
  endfacet
  facet normal 0.195344 0.814709 -0.545976
    outer loop
      vertex 0.0241413 -0.0525527 -0.0795851
      vertex 0.0229063 -0.0495276 -0.0755129
      vertex 0.031826 -0.0525527 -0.0768356
    endloop
  endfacet
  facet normal 0.140939 0.814711 -0.562478
    outer loop
      vertex 0.0241413 -0.0525527 -0.0795851
      vertex 0.0162249 -0.0525527 -0.0815687
      vertex 0.0229063 -0.0495276 -0.0755129
    endloop
  endfacet
  facet normal 0.298054 0.81476 -0.497323
    outer loop
      vertex 0.0392046 -0.0525527 -0.0733461
      vertex 0.0413831 -0.0495276 -0.0670845
      vertex 0.0438404 -0.0495276 -0.0656118
    endloop
  endfacet
  facet normal 0.298058 0.814763 -0.497316
    outer loop
      vertex 0.0392046 -0.0525527 -0.0733461
      vertex 0.0385127 -0.0495276 -0.0688047
      vertex 0.0394686 -0.0496075 -0.0683627
    endloop
  endfacet
  facet normal 0.298031 0.814768 -0.497324
    outer loop
      vertex 0.0385127 -0.0495276 -0.0688047
      vertex 0.0392046 -0.0525527 -0.0733461
      vertex 0.0371981 -0.0495276 -0.0695925
    endloop
  endfacet
  facet normal 0.298028 0.814771 -0.49732
    outer loop
      vertex 0.0413831 -0.0495276 -0.0670845
      vertex 0.0392046 -0.0525527 -0.0733461
      vertex 0.0394686 -0.0496075 -0.0683627
    endloop
  endfacet
  facet normal 0.211544 0.869003 -0.447306
    outer loop
      vertex 0.0301971 -0.0495276 -0.0729036
      vertex 0.0301403 -0.0494431 -0.0727663
      vertex 0.0319758 -0.0495276 -0.0720624
    endloop
  endfacet
  facet normal 0.211587 0.868966 -0.447358
    outer loop
      vertex 0.0371981 -0.0495276 -0.0695925
      vertex 0.0350227 -0.0495276 -0.0706214
      vertex 0.0369661 -0.0494534 -0.0695581
    endloop
  endfacet
  facet normal -0.0383422 0.623386 -0.780974
    outer loop
      vertex 0 -0.0557227 -0.0866213
      vertex -0.0087471 -0.0590062 -0.0888128
      vertex -0.00848961 -0.0557227 -0.0862045
    endloop
  endfacet
  facet normal -0.0992673 0.736402 -0.669222
    outer loop
      vertex -0.00848961 -0.0557227 -0.0862045
      vertex -0.0168991 -0.0557227 -0.0849571
      vertex -0.00815105 -0.0525527 -0.0827665
    endloop
  endfacet
  facet normal -0.0284358 0.81479 -0.579058
    outer loop
      vertex -0.00815105 -0.0525527 -0.0827665
      vertex -0.00706961 -0.0495276 -0.078563
      vertex -0.00687663 -0.0495478 -0.0786009
    endloop
  endfacet
  facet normal -0.0284843 0.814793 -0.579052
    outer loop
      vertex -0.00815105 -0.0525527 -0.0827665
      vertex -0.00399664 -0.0495276 -0.0787142
      vertex 0 -0.0495276 -0.0789108
    endloop
  endfacet
  facet normal -0.0285053 0.814802 -0.579038
    outer loop
      vertex -0.00399664 -0.0495276 -0.0787142
      vertex -0.00815105 -0.0525527 -0.0827665
      vertex -0.00656363 -0.0495457 -0.0786133
    endloop
  endfacet
  facet normal -0.0284868 0.814795 -0.579049
    outer loop
      vertex -0.00706961 -0.0495276 -0.078563
      vertex -0.00815105 -0.0525527 -0.0827665
      vertex -0.0077343 -0.0495276 -0.0785303
    endloop
  endfacet
  facet normal -0.0284072 0.814787 -0.579064
    outer loop
      vertex -0.00656363 -0.0495457 -0.0786133
      vertex -0.00815105 -0.0525527 -0.0827665
      vertex -0.00687663 -0.0495478 -0.0786009
    endloop
  endfacet
  facet normal -0.0283938 0.814707 -0.579177
    outer loop
      vertex 0 -0.0525527 -0.0831661
      vertex -0.00815105 -0.0525527 -0.0827665
      vertex 0 -0.0495276 -0.0789108
    endloop
  endfacet
  facet normal 0.488973 0.869286 0.0724405
    outer loop
      vertex 0.0773149 -0.0494688 0.0152259
      vertex 0.0772769 -0.0494595 0.0153708
      vertex 0.0773945 -0.0495276 0.0153942
    endloop
  endfacet
  facet normal 0.488923 0.869311 0.0724731
    outer loop
      vertex 0.0775553 -0.0495276 0.0143094
      vertex 0.0773149 -0.0494688 0.0152259
      vertex 0.0773945 -0.0495276 0.0153942
    endloop
  endfacet
  facet normal 0.489428 0.869018 0.0725781
    outer loop
      vertex 0.078447 -0.04948 0.00772609
      vertex 0.0780442 -0.0495276 0.0110123
      vertex 0.0785303 -0.0495276 0.0077343
    endloop
  endfacet
  facet normal 0.493258 0.869558 -0.0237801
    outer loop
      vertex 0.0789108 -0.0495276 0
      vertex 0.0788746 -0.0495084 -4.87982e-05
      vertex 0.0788766 -0.0495082 0
    endloop
  endfacet
  facet normal 0.573482 0.814792 -0.0850426
    outer loop
      vertex 0.0827665 -0.0525527 -0.00815105
      vertex 0.0780442 -0.0495276 -0.0110123
      vertex 0.0785303 -0.0495276 -0.0077343
    endloop
  endfacet
  facet normal 0.573482 0.814792 -0.0850429
    outer loop
      vertex 0.0827665 -0.0525527 -0.00815105
      vertex 0.0777251 -0.049584 -0.0137045
      vertex 0.0780442 -0.0495276 -0.0110123
    endloop
  endfacet
  facet normal 0.573452 0.814817 -0.0850018
    outer loop
      vertex 0.0773945 -0.0495276 -0.0153942
      vertex 0.0777251 -0.049584 -0.0137045
      vertex 0.0827665 -0.0525527 -0.00815105
    endloop
  endfacet
  facet normal 0.573467 0.814807 -0.085005
    outer loop
      vertex 0.0777251 -0.049584 -0.0137045
      vertex 0.0773945 -0.0495276 -0.0153942
      vertex 0.0775553 -0.0495276 -0.0143094
    endloop
  endfacet
  facet normal 0.63694 0.736458 -0.227897
    outer loop
      vertex 0.0800276 -0.0557227 -0.0331488
      vertex 0.0768356 -0.0525527 -0.031826
      vertex 0.0828915 -0.0557227 -0.0251446
    endloop
  endfacet
  facet normal 0.636934 0.736466 -0.227888
    outer loop
      vertex 0.0828915 -0.0557227 -0.0251446
      vertex 0.0768356 -0.0525527 -0.031826
      vertex 0.0795851 -0.0525527 -0.0241413
    endloop
  endfacet
  facet normal 0.465466 0.869289 -0.16637
    outer loop
      vertex 0.0755129 -0.0495276 -0.0229063
      vertex 0.0753241 -0.0494533 -0.0230463
      vertex 0.0753771 -0.049447 -0.0228651
    endloop
  endfacet
  facet normal 0.465604 0.869166 -0.166622
    outer loop
      vertex 0.0755129 -0.0495276 -0.0229063
      vertex 0.0747012 -0.0495276 -0.0251745
      vertex 0.0753241 -0.0494533 -0.0230463
    endloop
  endfacet
  facet normal 0.465849 0.869013 -0.166736
    outer loop
      vertex 0.0729036 -0.0495276 -0.0301971
      vertex 0.0727663 -0.0494431 -0.0301403
      vertex 0.073566 -0.0495276 -0.0283464
    endloop
  endfacet
  facet normal 0.254317 0.869017 -0.424419
    outer loop
      vertex 0.0371981 -0.0495276 -0.0695925
      vertex 0.0371313 -0.0494471 -0.0694677
      vertex 0.0372941 -0.0494566 -0.0693896
    endloop
  endfacet
  facet normal 0.294837 0.868931 -0.39753
    outer loop
      vertex 0.0438404 -0.0495276 -0.0656118
      vertex 0.0437733 -0.0494589 -0.0655114
      vertex 0.0447292 -0.0495276 -0.0649526
    endloop
  endfacet
  facet normal 0.294634 0.86912 -0.397267
    outer loop
      vertex 0.0500603 -0.0495276 -0.0609989
      vertex 0.0473736 -0.0495276 -0.0629915
      vertex 0.0499149 -0.0494816 -0.0610061
    endloop
  endfacet
  facet normal 0.294685 0.869371 -0.39668
    outer loop
      vertex 0.0500603 -0.0495276 -0.0609989
      vertex 0.0499149 -0.0494816 -0.0610061
      vertex 0.0500071 -0.04948 -0.0609341
    endloop
  endfacet
  facet normal 0.465753 0.814712 -0.345427
    outer loop
      vertex 0.06915 -0.0525527 -0.0462046
      vertex 0.0642881 -0.0525527 -0.0527601
      vertex 0.0656118 -0.0495276 -0.0438404
    endloop
  endfacet
  facet normal 0.465986 0.8145 -0.34561
    outer loop
      vertex 0.0656118 -0.0495276 -0.0438404
      vertex 0.0648037 -0.0495549 -0.0449943
      vertex 0.0649526 -0.0495276 -0.0447292
    endloop
  endfacet
  facet normal 0.465131 0.815235 -0.345028
    outer loop
      vertex 0.0656118 -0.0495276 -0.0438404
      vertex 0.0646496 -0.0495829 -0.0452682
      vertex 0.0648037 -0.0495549 -0.0449943
    endloop
  endfacet
  facet normal 0.465787 0.814696 -0.345419
    outer loop
      vertex 0.0642881 -0.0525527 -0.0527601
      vertex 0.0629915 -0.0495276 -0.0473736
      vertex 0.064456 -0.0495765 -0.0455141
    endloop
  endfacet
  facet normal 0.465688 0.814745 -0.345436
    outer loop
      vertex 0.0642881 -0.0525527 -0.0527601
      vertex 0.064456 -0.0495765 -0.0455141
      vertex 0.0646496 -0.0495829 -0.0452682
    endloop
  endfacet
  facet normal 0.465758 0.814706 -0.345431
    outer loop
      vertex 0.0629915 -0.0495276 -0.0473736
      vertex 0.0642881 -0.0525527 -0.0527601
      vertex 0.0609989 -0.0495276 -0.0500603
    endloop
  endfacet
  facet normal 0.465752 0.814712 -0.345427
    outer loop
      vertex 0.0642881 -0.0525527 -0.0527601
      vertex 0.0646496 -0.0495829 -0.0452682
      vertex 0.0656118 -0.0495276 -0.0438404
    endloop
  endfacet
  facet normal 0.580178 0.736506 -0.347783
    outer loop
      vertex 0.0720234 -0.0557227 -0.0481243
      vertex 0.06915 -0.0525527 -0.0462046
      vertex 0.0733461 -0.0525527 -0.0392046
    endloop
  endfacet
  facet normal 0.580325 0.736397 -0.347767
    outer loop
      vertex 0.0763931 -0.0557227 -0.0408325
      vertex 0.0720234 -0.0557227 -0.0481243
      vertex 0.0733461 -0.0525527 -0.0392046
    endloop
  endfacet
  facet normal 0.717316 0.250628 -0.650111
    outer loop
      vertex 0.0710306 -0.0657849 -0.0582933
      vertex 0.0643492 -0.0623708 -0.0643492
      vertex 0.0703468 -0.0623708 -0.0577316
    endloop
  endfacet
  facet normal 0.777561 0.250617 -0.576706
    outer loop
      vertex 0.0710306 -0.0657849 -0.0582933
      vertex 0.0703468 -0.0623708 -0.0577316
      vertex 0.0764027 -0.0657849 -0.0510502
    endloop
  endfacet
  facet normal 0.465852 -0.86902 -0.166689
    outer loop
      vertex 0.070713 -0.088325 -0.02145
      vertex 0.0682697 -0.088325 -0.0282784
      vertex 0.0755129 -0.0854726 -0.0229063
    endloop
  endfacet
  facet normal 0.395994 -0.907255 -0.141692
    outer loop
      vertex 0.070713 -0.088325 -0.02145
      vertex 0.0629778 -0.0909772 -0.0260859
      vertex 0.0682697 -0.088325 -0.0282784
    endloop
  endfacet
  facet normal 0.65609 -0.73656 -0.164395
    outer loop
      vertex 0.0815687 -0.0824466 -0.0162249
      vertex 0.0795851 -0.0824466 -0.0241413
      vertex 0.0828915 -0.0792775 -0.0251446
    endloop
  endfacet
  facet normal 0.562589 -0.81463 -0.140967
    outer loop
      vertex 0.0815687 -0.0824466 -0.0162249
      vertex 0.0755129 -0.0854726 -0.0229063
      vertex 0.0795851 -0.0824466 -0.0241413
    endloop
  endfacet
  facet normal 0.91153 -0.250577 -0.326074
    outer loop
      vertex 0.0870848 -0.0726304 -0.0264168
      vertex 0.0840769 -0.0726304 -0.0348253
      vertex 0.0879316 -0.0692162 -0.0266733
    endloop
  endfacet
  facet normal 0.939069 -0.250586 -0.235277
    outer loop
      vertex 0.0892553 -0.0726304 -0.0177536
      vertex 0.0870848 -0.0726304 -0.0264168
      vertex 0.0879316 -0.0692162 -0.0266733
    endloop
  endfacet
  facet normal 0.939068 0.250593 -0.235276
    outer loop
      vertex 0.0879316 -0.0657849 -0.0266733
      vertex 0.0870848 -0.0623708 -0.0264168
      vertex 0.0892553 -0.0623708 -0.0177536
    endloop
  endfacet
  facet normal 0.93906 0.250614 -0.235283
    outer loop
      vertex 0.0901232 -0.0657849 -0.0179262
      vertex 0.0879316 -0.0657849 -0.0266733
      vertex 0.0892553 -0.0623708 -0.0177536
    endloop
  endfacet
  facet normal 0.760092 -0.463334 -0.455611
    outer loop
      vertex 0.0802584 -0.0726304 -0.0428982
      vertex 0.0742025 -0.075994 -0.0495806
      vertex 0.0756664 -0.0726304 -0.050559
    endloop
  endfacet
  facet normal 0.800997 -0.463589 -0.378798
    outer loop
      vertex 0.082449 -0.075994 -0.0341511
      vertex 0.0787048 -0.075994 -0.0420685
      vertex 0.0840769 -0.0726304 -0.0348253
    endloop
  endfacet
  facet normal 0.543246 -0.736564 -0.402935
    outer loop
      vertex 0.0720234 -0.0792775 -0.0481243
      vertex 0.0642881 -0.0824466 -0.0527601
      vertex 0.0669594 -0.0792775 -0.0549517
    endloop
  endfacet
  facet normal 0.543233 -0.736598 -0.40289
    outer loop
      vertex 0.06915 -0.0824466 -0.0462046
      vertex 0.0642881 -0.0824466 -0.0527601
      vertex 0.0720234 -0.0792775 -0.0481243
    endloop
  endfacet
  facet normal 0.497417 -0.814686 -0.2981
    outer loop
      vertex 0.0695925 -0.0854726 -0.0371981
      vertex 0.0656118 -0.0854726 -0.0438404
      vertex 0.0733461 -0.0824466 -0.0392046
    endloop
  endfacet
  facet normal 0.580236 -0.736493 -0.347713
    outer loop
      vertex 0.0733461 -0.0824466 -0.0392046
      vertex 0.0720234 -0.0792775 -0.0481243
      vertex 0.0763931 -0.0792775 -0.0408325
    endloop
  endfacet
  facet normal 0.366566 -0.869035 -0.332277
    outer loop
      vertex 0.0571213 -0.088325 -0.0468779
      vertex 0.0522509 -0.088325 -0.0522509
      vertex 0.0609989 -0.0854726 -0.0500603
    endloop
  endfacet
  facet normal 0.397365 -0.869036 -0.294751
    outer loop
      vertex 0.0614414 -0.088325 -0.0410538
      vertex 0.0571213 -0.088325 -0.0468779
      vertex 0.0609989 -0.0854726 -0.0500603
    endloop
  endfacet
  facet normal -0.429778 0.814541 -0.389634
    outer loop
      vertex -0.0604425 -0.0495483 -0.0507173
      vertex -0.0609989 -0.0495276 -0.0500603
      vertex -0.0605534 -0.0495276 -0.0505517
    endloop
  endfacet
  facet normal -0.429528 0.814785 -0.389399
    outer loop
      vertex -0.0588074 -0.0525527 -0.0588074
      vertex -0.0584118 -0.0495276 -0.052914
      vertex -0.0557976 -0.0495276 -0.0557976
    endloop
  endfacet
  facet normal -0.429537 0.814781 -0.389396
    outer loop
      vertex -0.0584118 -0.0495276 -0.052914
      vertex -0.0588074 -0.0525527 -0.0588074
      vertex -0.06023 -0.0495463 -0.0509475
    endloop
  endfacet
  facet normal -0.429488 0.814806 -0.389397
    outer loop
      vertex -0.0604425 -0.0495483 -0.0507173
      vertex -0.0588074 -0.0525527 -0.0588074
      vertex -0.0609989 -0.0495276 -0.0500603
    endloop
  endfacet
  facet normal -0.4295 0.8148 -0.389397
    outer loop
      vertex -0.06023 -0.0495463 -0.0509475
      vertex -0.0588074 -0.0525527 -0.0588074
      vertex -0.0604425 -0.0495483 -0.0507173
    endloop
  endfacet
  facet normal -0.580325 0.736397 -0.347767
    outer loop
      vertex -0.0720234 -0.0557227 -0.0481243
      vertex -0.0763931 -0.0557227 -0.0408325
      vertex -0.0733461 -0.0525527 -0.0392046
    endloop
  endfacet
  facet normal -0.545859 0.814775 -0.195399
    outer loop
      vertex -0.0768356 -0.0525527 -0.031826
      vertex -0.0747012 -0.0495276 -0.0251745
      vertex -0.0741847 -0.0496196 -0.027001
    endloop
  endfacet
  facet normal -0.545893 0.814755 -0.195385
    outer loop
      vertex -0.0768356 -0.0525527 -0.031826
      vertex -0.073566 -0.0495276 -0.0283464
      vertex -0.0729036 -0.0495276 -0.0301971
    endloop
  endfacet
  facet normal -0.545904 0.814751 -0.195372
    outer loop
      vertex -0.073566 -0.0495276 -0.0283464
      vertex -0.0768356 -0.0525527 -0.031826
      vertex -0.074054 -0.0496002 -0.0272856
    endloop
  endfacet
  facet normal -0.545921 0.814741 -0.195364
    outer loop
      vertex -0.0747012 -0.0495276 -0.0251745
      vertex -0.0768356 -0.0525527 -0.031826
      vertex -0.0755129 -0.0495276 -0.0229063
    endloop
  endfacet
  facet normal -0.546053 0.814683 -0.195236
    outer loop
      vertex -0.074054 -0.0496002 -0.0272856
      vertex -0.0768356 -0.0525527 -0.031826
      vertex -0.0741847 -0.0496196 -0.027001
    endloop
  endfacet
  facet normal -0.489428 0.869018 0.0725781
    outer loop
      vertex -0.078447 -0.04948 0.00772609
      vertex -0.0785303 -0.0495276 0.0077343
      vertex -0.0780442 -0.0495276 0.0110123
    endloop
  endfacet
  facet normal -0.488923 0.869311 0.0724731
    outer loop
      vertex -0.0773149 -0.0494688 0.0152259
      vertex -0.0775553 -0.0495276 0.0143094
      vertex -0.0773945 -0.0495276 0.0153942
    endloop
  endfacet
  facet normal -0.494185 0.869017 0.0243137
    outer loop
      vertex -0.0785425 -0.0495192 0.0071861
      vertex -0.0785303 -0.0495276 0.0077343
      vertex -0.078447 -0.04948 0.00772609
    endloop
  endfacet
  facet normal -0.494238 0.868987 0.0243145
    outer loop
      vertex -0.0785303 -0.0495276 0.0077343
      vertex -0.0785425 -0.0495192 0.0071861
      vertex -0.078563 -0.0495276 0.00706961
    endloop
  endfacet
  facet normal -0.49378 0.869247 0.0242897
    outer loop
      vertex -0.0788746 -0.0495084 4.87982e-05
      vertex -0.0789108 -0.0495276 0
      vertex -0.0787142 -0.0495276 0.00399664
    endloop
  endfacet
  facet normal -0.579376 0.623389 -0.525081
    outer loop
      vertex -0.0612507 -0.0557227 -0.0612507
      vertex -0.068985 -0.0590062 -0.0566149
      vertex -0.0669594 -0.0557227 -0.0549517
    endloop
  endfacet
  facet normal -0.579387 0.623327 -0.525143
    outer loop
      vertex -0.0631037 -0.0590062 -0.0631037
      vertex -0.068985 -0.0590062 -0.0566149
      vertex -0.0612507 -0.0557227 -0.0612507
    endloop
  endfacet
  facet normal -0.834298 0.463483 -0.298548
    outer loop
      vertex -0.0840769 -0.0623708 -0.0348253
      vertex -0.0853996 -0.0590062 -0.0259056
      vertex -0.082449 -0.0590062 -0.0341511
    endloop
  endfacet
  facet normal -0.543317 0.736503 -0.402952
    outer loop
      vertex -0.0642881 -0.0525527 -0.0527601
      vertex -0.0720234 -0.0557227 -0.0481243
      vertex -0.06915 -0.0525527 -0.0462046
    endloop
  endfacet
  facet normal -0.54333 0.736469 -0.402997
    outer loop
      vertex -0.0669594 -0.0557227 -0.0549517
      vertex -0.0720234 -0.0557227 -0.0481243
      vertex -0.0642881 -0.0525527 -0.0527601
    endloop
  endfacet
  facet normal -0.62802 0.623385 -0.465813
    outer loop
      vertex -0.0669594 -0.0557227 -0.0549517
      vertex -0.0742025 -0.0590062 -0.0495806
      vertex -0.0720234 -0.0557227 -0.0481243
    endloop
  endfacet
  facet normal -0.989183 0 0.146686
    outer loop
      vertex -0.0914459 -0.0692162 0.0090065
      vertex -0.0901232 -0.0657849 0.0179262
      vertex -0.0914459 -0.0657849 0.0090065
    endloop
  endfacet
  facet normal -0.989183 0 0.146686
    outer loop
      vertex -0.0901232 -0.0657849 0.0179262
      vertex -0.0914459 -0.0692162 0.0090065
      vertex -0.0901232 -0.0692162 0.0179262
    endloop
  endfacet
  facet normal -0.876474 -0.46355 0.130057
    outer loop
      vertex -0.0875273 -0.075994 0.0174103
      vertex -0.0892553 -0.0726304 0.0177536
      vertex -0.0888128 -0.075994 0.0087471
    endloop
  endfacet
  facet normal -0.939062 -0.250607 0.235284
    outer loop
      vertex -0.0879316 -0.0692162 0.0266733
      vertex -0.0901232 -0.0692162 0.0179262
      vertex -0.0892553 -0.0726304 0.0177536
    endloop
  endfacet
  facet normal -0.939069 -0.250586 0.235277
    outer loop
      vertex -0.0879316 -0.0692162 0.0266733
      vertex -0.0892553 -0.0726304 0.0177536
      vertex -0.0870848 -0.0726304 0.0264168
    endloop
  endfacet
  facet normal -0.957644 0.250503 0.142009
    outer loop
      vertex -0.0905657 -0.0623708 0.00891972
      vertex -0.0914459 -0.0657849 0.0090065
      vertex -0.0901232 -0.0657849 0.0179262
    endloop
  endfacet
  facet normal -0.670684 -0.623382 -0.401968
    outer loop
      vertex -0.0720234 -0.0792775 -0.0481243
      vertex -0.0787048 -0.075994 -0.0420685
      vertex -0.0742025 -0.075994 -0.0495806
    endloop
  endfacet
  facet normal -0.801035 -0.463448 -0.378891
    outer loop
      vertex -0.0787048 -0.075994 -0.0420685
      vertex -0.0840769 -0.0726304 -0.0348253
      vertex -0.0802584 -0.0726304 -0.0428982
    endloop
  endfacet
  facet normal -0.875131 -0.250598 0.413939
    outer loop
      vertex -0.0810385 -0.0692162 0.0433159
      vertex -0.0840769 -0.0726304 0.0348253
      vertex -0.0802584 -0.0726304 0.0428982
    endloop
  endfacet
  facet normal -0.859585 -0.463392 0.215363
    outer loop
      vertex -0.0870848 -0.0726304 0.0264168
      vertex -0.0892553 -0.0726304 0.0177536
      vertex -0.0853996 -0.075994 0.0259056
    endloop
  endfacet
  facet normal -0.465845 -0.81463 0.345495
    outer loop
      vertex -0.0642881 -0.0824466 0.0527601
      vertex -0.06915 -0.0824466 0.0462046
      vertex -0.0656118 -0.0854726 0.0438404
    endloop
  endfacet
  facet normal -0.580236 -0.736493 0.347713
    outer loop
      vertex -0.0720234 -0.0792775 0.0481243
      vertex -0.0763931 -0.0792775 0.0408325
      vertex -0.0733461 -0.0824466 0.0392046
    endloop
  endfacet
  facet normal -0.834374 -0.463393 0.298474
    outer loop
      vertex -0.0840769 -0.0726304 0.0348253
      vertex -0.0870848 -0.0726304 0.0264168
      vertex -0.0853996 -0.075994 0.0259056
    endloop
  endfacet
  facet normal -0.636836 -0.736562 0.227853
    outer loop
      vertex -0.0768356 -0.0824466 0.031826
      vertex -0.0828915 -0.0792775 0.0251446
      vertex -0.0795851 -0.0824466 0.0241413
    endloop
  endfacet
  facet normal -0.717312 -0.250565 0.650139
    outer loop
      vertex -0.0649748 -0.0692162 0.0649748
      vertex -0.0710306 -0.0692162 0.0582933
      vertex -0.0643492 -0.0726304 0.0643492
    endloop
  endfacet
  facet normal -0.71173 -0.463416 0.527906
    outer loop
      vertex -0.0703468 -0.0726304 0.0577316
      vertex -0.0742025 -0.075994 0.0495806
      vertex -0.068985 -0.075994 0.0566149
    endloop
  endfacet
  facet normal -0.834374 -0.463393 -0.298474
    outer loop
      vertex -0.0853996 -0.075994 -0.0259056
      vertex -0.0870848 -0.0726304 -0.0264168
      vertex -0.0840769 -0.0726304 -0.0348253
    endloop
  endfacet
  facet normal -0.834244 -0.463591 -0.298529
    outer loop
      vertex -0.082449 -0.075994 -0.0341511
      vertex -0.0853996 -0.075994 -0.0259056
      vertex -0.0840769 -0.0726304 -0.0348253
    endloop
  endfacet
  facet normal -0.580236 -0.736493 -0.347713
    outer loop
      vertex -0.0733461 -0.0824466 -0.0392046
      vertex -0.0763931 -0.0792775 -0.0408325
      vertex -0.0720234 -0.0792775 -0.0481243
    endloop
  endfacet
  facet normal -0.580088 -0.736601 -0.34773
    outer loop
      vertex -0.06915 -0.0824466 -0.0462046
      vertex -0.0733461 -0.0824466 -0.0392046
      vertex -0.0720234 -0.0792775 -0.0481243
    endloop
  endfacet
  facet normal -0.465876 -0.868999 -0.166732
    outer loop
      vertex -0.0682697 -0.088325 -0.0282784
      vertex -0.0755129 -0.0854726 -0.0229063
      vertex -0.0729036 -0.0854726 -0.0301971
    endloop
  endfacet
  facet normal -0.611443 -0.73656 -0.289165
    outer loop
      vertex -0.0768356 -0.0824466 -0.031826
      vertex -0.0800276 -0.0792775 -0.0331488
      vertex -0.0733461 -0.0824466 -0.0392046
    endloop
  endfacet
  facet normal -0.75847 -0.623394 -0.190006
    outer loop
      vertex -0.0849571 -0.0792775 -0.0168991
      vertex -0.0853996 -0.075994 -0.0259056
      vertex -0.0828915 -0.0792775 -0.0251446
    endloop
  endfacet
  facet normal -0.656144 -0.736517 -0.164372
    outer loop
      vertex -0.0815687 -0.0824466 -0.0162249
      vertex -0.0849571 -0.0792775 -0.0168991
      vertex -0.0828915 -0.0792775 -0.0251446
    endloop
  endfacet
  facet normal -0.758532 -0.623328 -0.189979
    outer loop
      vertex -0.0849571 -0.0792775 -0.0168991
      vertex -0.0875273 -0.075994 -0.0174103
      vertex -0.0853996 -0.075994 -0.0259056
    endloop
  endfacet
  facet normal -0.859527 -0.463541 -0.215274
    outer loop
      vertex -0.0875273 -0.075994 -0.0174103
      vertex -0.0892553 -0.0726304 -0.0177536
      vertex -0.0853996 -0.075994 -0.0259056
    endloop
  endfacet
  facet normal -0.501175 -0.736559 -0.454208
    outer loop
      vertex -0.0642881 -0.0824466 -0.0527601
      vertex -0.0669594 -0.0792775 -0.0549517
      vertex -0.0612507 -0.0792775 -0.0612507
    endloop
  endfacet
  facet normal -0.543246 -0.736564 -0.402935
    outer loop
      vertex -0.0642881 -0.0824466 -0.0527601
      vertex -0.0720234 -0.0792775 -0.0481243
      vertex -0.0669594 -0.0792775 -0.0549517
    endloop
  endfacet
  facet normal -0.2981 -0.814686 -0.497417
    outer loop
      vertex -0.0371981 -0.0854726 -0.0695925
      vertex -0.0438404 -0.0854726 -0.0656118
      vertex -0.0392046 -0.0824466 -0.0733461
    endloop
  endfacet
  facet normal -0.294745 -0.86901 -0.397426
    outer loop
      vertex -0.0410538 -0.088325 -0.0614414
      vertex -0.0500603 -0.0854726 -0.0609989
      vertex -0.0438404 -0.0854726 -0.0656118
    endloop
  endfacet
  facet normal -0.389476 -0.814703 -0.429612
    outer loop
      vertex -0.0557976 -0.0854726 -0.0557976
      vertex -0.0588074 -0.0824466 -0.0588074
      vertex -0.0500603 -0.0854726 -0.0609989
    endloop
  endfacet
  facet normal -0.332325 -0.869014 -0.366571
    outer loop
      vertex -0.0522509 -0.088325 -0.0522509
      vertex -0.0557976 -0.0854726 -0.0557976
      vertex -0.0500603 -0.0854726 -0.0609989
    endloop
  endfacet
  facet normal -0.760092 -0.463334 -0.455611
    outer loop
      vertex -0.0742025 -0.075994 -0.0495806
      vertex -0.0802584 -0.0726304 -0.0428982
      vertex -0.0756664 -0.0726304 -0.050559
    endloop
  endfacet
  facet normal -0.777564 -0.250656 -0.576685
    outer loop
      vertex -0.0756664 -0.0726304 -0.050559
      vertex -0.0764027 -0.0692162 -0.0510502
      vertex -0.0703468 -0.0726304 -0.0577316
    endloop
  endfacet
  facet normal -0.650112 -0.250621 -0.717317
    outer loop
      vertex -0.0577316 -0.0726304 -0.0703468
      vertex -0.0643492 -0.0726304 -0.0643492
      vertex -0.0582933 -0.0692162 -0.0710306
    endloop
  endfacet
  facet normal -0.247934 -0.814684 -0.524232
    outer loop
      vertex -0.0371981 -0.0854726 -0.0695925
      vertex -0.0392046 -0.0824466 -0.0733461
      vertex -0.0301971 -0.0854726 -0.0729036
    endloop
  endfacet
  facet normal -0.200162 -0.954566 -0.220769
    outer loop
      vertex -0.0387516 -0.0955796 -0.0387516
      vertex -0.0436869 -0.0934033 -0.0436869
      vertex -0.0347672 -0.0955796 -0.0423641
    endloop
  endfacet
  facet normal -0.200152 -0.954555 -0.220824
    outer loop
      vertex -0.0347672 -0.0955796 -0.0423641
      vertex -0.0436869 -0.0934033 -0.0436869
      vertex -0.0391941 -0.0934033 -0.0477591
    endloop
  endfacet
  facet normal -0.153201 -0.954563 -0.255616
    outer loop
      vertex -0.030447 -0.0955796 -0.0455675
      vertex -0.0343246 -0.0934033 -0.0513706
      vertex -0.0258341 -0.0955796 -0.0483322
    endloop
  endfacet
  facet normal -0.153198 -0.954561 -0.255623
    outer loop
      vertex -0.0258341 -0.0955796 -0.0483322
      vertex -0.0343246 -0.0934033 -0.0513706
      vertex -0.0291243 -0.0934033 -0.0544872
    endloop
  endfacet
  facet normal -0.10452 -0.987817 -0.1153
    outer loop
      vertex -0.0219154 -0.100416 -0.0219154
      vertex -0.0278139 -0.0991034 -0.0278139
      vertex -0.0196619 -0.100416 -0.0239582
    endloop
  endfacet
  facet normal -0.147672 -0.979935 -0.133866
    outer loop
      vertex -0.0278139 -0.0991034 -0.0278139
      vertex -0.036561 -0.097486 -0.0300045
      vertex -0.0334435 -0.097486 -0.0334435
    endloop
  endfacet
  facet normal -0.165517 -0.969163 -0.182557
    outer loop
      vertex -0.0334435 -0.097486 -0.0334435
      vertex -0.0387516 -0.0955796 -0.0387516
      vertex -0.0347672 -0.0955796 -0.0423641
    endloop
  endfacet
  facet normal -0.133866 -0.979935 -0.147672
    outer loop
      vertex -0.0278139 -0.0991034 -0.0278139
      vertex -0.0334435 -0.097486 -0.0334435
      vertex -0.0300045 -0.097486 -0.036561
    endloop
  endfacet
  facet normal -0.395994 -0.907255 -0.141692
    outer loop
      vertex -0.0629778 -0.0909772 -0.0260859
      vertex -0.070713 -0.088325 -0.02145
      vertex -0.0682697 -0.088325 -0.0282784
    endloop
  endfacet
  facet normal -0.334849 -0.934624 -0.119811
    outer loop
      vertex -0.059123 -0.0934033 -0.0179338
      vertex -0.0652313 -0.0909772 -0.0197878
      vertex -0.0629778 -0.0909772 -0.0260859
    endloop
  endfacet
  facet normal -0.479928 -0.869037 -0.120181
    outer loop
      vertex -0.0724745 -0.088325 -0.0144157
      vertex -0.0773945 -0.0854726 -0.0153942
      vertex -0.070713 -0.088325 -0.02145
    endloop
  endfacet
  facet normal -0.408026 -0.907235 -0.102176
    outer loop
      vertex -0.0668573 -0.0909772 -0.013298
      vertex -0.0724745 -0.088325 -0.0144157
      vertex -0.070713 -0.088325 -0.02145
    endloop
  endfacet
  facet normal -0.669119 -0.736498 -0.0992521
    outer loop
      vertex -0.0827665 -0.0824466 -0.00815105
      vertex -0.0862045 -0.0792775 -0.00848961
      vertex -0.0849571 -0.0792775 -0.0168991
    endloop
  endfacet
  facet normal -0.669097 -0.736516 -0.0992642
    outer loop
      vertex -0.0827665 -0.0824466 -0.00815105
      vertex -0.0849571 -0.0792775 -0.0168991
      vertex -0.0815687 -0.0824466 -0.0162249
    endloop
  endfacet
  facet normal -0.489389 -0.869037 0.0726085
    outer loop
      vertex -0.0724745 -0.088325 0.0144157
      vertex -0.0773945 -0.0854726 0.0153942
      vertex -0.0735388 -0.088325 0.0072422
    endloop
  endfacet
  facet normal -0.489442 -0.86901 0.0725739
    outer loop
      vertex -0.0773945 -0.0854726 0.0153942
      vertex -0.0785303 -0.0854726 0.0077343
      vertex -0.0735388 -0.088325 0.0072422
    endloop
  endfacet
  facet normal -0.34498 -0.934622 0.0864336
    outer loop
      vertex -0.0652313 -0.0909772 0.0197878
      vertex -0.0668573 -0.0909772 0.013298
      vertex -0.059123 -0.0934033 0.0179338
    endloop
  endfacet
  facet normal -0.380206 -0.907249 0.179842
    outer loop
      vertex -0.0651693 -0.088325 0.034833
      vertex -0.0682697 -0.088325 0.0282784
      vertex -0.0601177 -0.0909772 0.0321331
    endloop
  endfacet
  facet normal -0.42975 -0.814627 0.389484
    outer loop
      vertex -0.0588074 -0.0824466 0.0588074
      vertex -0.0642881 -0.0824466 0.0527601
      vertex -0.0609989 -0.0854726 0.0500603
    endloop
  endfacet
  facet normal -0.397365 -0.869036 0.294751
    outer loop
      vertex -0.0609989 -0.0854726 0.0500603
      vertex -0.0614414 -0.088325 0.0410538
      vertex -0.0571213 -0.088325 0.0468779
    endloop
  endfacet
  facet normal -0.580088 -0.736601 0.34773
    outer loop
      vertex -0.0720234 -0.0792775 0.0481243
      vertex -0.0733461 -0.0824466 0.0392046
      vertex -0.06915 -0.0824466 0.0462046
    endloop
  endfacet
  facet normal -0.282525 -0.907213 0.31168
    outer loop
      vertex -0.0468779 -0.088325 0.0571213
      vertex -0.0522509 -0.088325 0.0522509
      vertex -0.0482016 -0.0909772 0.0482016
    endloop
  endfacet
  facet normal -0.389476 -0.814703 0.429612
    outer loop
      vertex -0.0500603 -0.0854726 0.0609989
      vertex -0.0588074 -0.0824466 0.0588074
      vertex -0.0557976 -0.0854726 0.0557976
    endloop
  endfacet
  facet normal -0.389484 -0.814627 0.42975
    outer loop
      vertex -0.0527601 -0.0824466 0.0642881
      vertex -0.0588074 -0.0824466 0.0588074
      vertex -0.0500603 -0.0854726 0.0609989
    endloop
  endfacet
  facet normal -0.573596 -0.814711 0.0850521
    outer loop
      vertex -0.0773945 -0.0854726 0.0153942
      vertex -0.0827665 -0.0824466 0.00815105
      vertex -0.0785303 -0.0854726 0.0077343
    endloop
  endfacet
  facet normal -0.579163 -0.814714 0.0284927
    outer loop
      vertex -0.0785303 -0.0854726 0.0077343
      vertex -0.0827665 -0.0824466 0.00815105
      vertex -0.0789108 -0.0854726 0
    endloop
  endfacet
  facet normal -0.65609 -0.73656 0.164395
    outer loop
      vertex -0.0795851 -0.0824466 0.0241413
      vertex -0.0828915 -0.0792775 0.0251446
      vertex -0.0815687 -0.0824466 0.0162249
    endloop
  endfacet
  facet normal -0.656144 -0.736517 0.164372
    outer loop
      vertex -0.0828915 -0.0792775 0.0251446
      vertex -0.0849571 -0.0792775 0.0168991
      vertex -0.0815687 -0.0824466 0.0162249
    endloop
  endfacet
  facet normal -0.562541 -0.814674 0.140903
    outer loop
      vertex -0.0755129 -0.0854726 0.0229063
      vertex -0.0815687 -0.0824466 0.0162249
      vertex -0.0773945 -0.0854726 0.0153942
    endloop
  endfacet
  facet normal -0.380198 -0.907256 0.17982
    outer loop
      vertex -0.0601177 -0.0909772 0.0321331
      vertex -0.0682697 -0.088325 0.0282784
      vertex -0.0629778 -0.0909772 0.0260859
    endloop
  endfacet
  facet normal -0.250564 -0.907252 0.337803
    outer loop
      vertex -0.0410538 -0.088325 0.0614414
      vertex -0.0432444 -0.0909772 0.0526934
      vertex -0.0378714 -0.0909772 0.0566788
    endloop
  endfacet
  facet normal -0.238789 -0.934629 0.26353
    outer loop
      vertex -0.0432444 -0.0909772 0.0526934
      vertex -0.0482016 -0.0909772 0.0482016
      vertex -0.0391941 -0.0934033 0.0477591
    endloop
  endfacet
  facet normal -0.200152 -0.954555 0.220824
    outer loop
      vertex -0.0391941 -0.0934033 0.0477591
      vertex -0.0436869 -0.0934033 0.0436869
      vertex -0.0347672 -0.0955796 0.0423641
    endloop
  endfacet
  facet normal -0.177538 -0.954556 0.23938
    outer loop
      vertex -0.0343246 -0.0934033 0.0513706
      vertex -0.0391941 -0.0934033 0.0477591
      vertex -0.0347672 -0.0955796 0.0423641
    endloop
  endfacet
  facet normal -0.152063 -0.934633 0.321461
    outer loop
      vertex -0.0236425 -0.0934033 0.0570803
      vertex -0.0321331 -0.0909772 0.0601177
      vertex -0.0291243 -0.0934033 0.0544872
    endloop
  endfacet
  facet normal -0.0521921 -0.934641 0.35174
    outer loop
      vertex -0.00605583 -0.0934033 0.0614853
      vertex -0.013298 -0.0909772 0.0668573
      vertex -0.0120525 -0.0934033 0.0605955
    endloop
  endfacet
  facet normal -0.165517 -0.969163 0.182557
    outer loop
      vertex -0.0347672 -0.0955796 0.0423641
      vertex -0.0387516 -0.0955796 0.0387516
      vertex -0.0334435 -0.097486 0.0334435
    endloop
  endfacet
  facet normal -0.182557 -0.969163 0.165517
    outer loop
      vertex -0.0387516 -0.0955796 0.0387516
      vertex -0.0423641 -0.0955796 0.0347672
      vertex -0.0334435 -0.097486 0.0334435
    endloop
  endfacet
  facet normal -0.126668 -0.969165 0.211366
    outer loop
      vertex -0.0258341 -0.0955796 0.0483322
      vertex -0.0262766 -0.097486 0.0393257
      vertex -0.022295 -0.097486 0.0417118
    endloop
  endfacet
  facet normal -0.146781 -0.969166 0.197919
    outer loop
      vertex -0.0262766 -0.097486 0.0393257
      vertex -0.0347672 -0.0955796 0.0423641
      vertex -0.0300045 -0.097486 0.036561
    endloop
  endfacet
  facet normal -0.0671146 -0.97994 0.187651
    outer loop
      vertex -0.0137291 -0.097486 0.0452604
      vertex -0.0150528 -0.0991034 0.0363407
      vertex -0.0114183 -0.0991034 0.0376406
    endloop
  endfacet
  facet normal -0.0278534 -0.993406 0.111215
    outer loop
      vertex -0.0043602 -0.101412 0.021924
      vertex -0.00899696 -0.100416 0.0296593
      vertex -0.0064888 -0.101412 0.0213909
    endloop
  endfacet
  facet normal 0.0120512 -0.969167 0.24611
    outer loop
      vertex 0 -0.0955796 0.0548038
      vertex 0 -0.097486 0.0472965
      vertex 0.00463581 -0.097486 0.0470695
    endloop
  endfacet
  facet normal -0.0146359 -0.954561 0.297655
    outer loop
      vertex 0 -0.0955796 0.0548038
      vertex -0.00605583 -0.0934033 0.0614853
      vertex -0.00537109 -0.0955796 0.0545397
    endloop
  endfacet
  facet normal -0.28912 -0.954552 0.0723869
    outer loop
      vertex -0.059123 -0.0934033 0.0179338
      vertex -0.0605955 -0.0934033 0.0120525
      vertex -0.053751 -0.0955796 0.0106916
    endloop
  endfacet
  facet normal -0.187651 -0.97994 0.0671146
    outer loop
      vertex -0.0363407 -0.0991034 0.0150528
      vertex -0.0452604 -0.097486 0.0137291
      vertex -0.0376406 -0.0991034 0.0114183
    endloop
  endfacet
  facet normal -0.197919 -0.969166 0.146781
    outer loop
      vertex -0.036561 -0.097486 0.0300045
      vertex -0.0423641 -0.0955796 0.0347672
      vertex -0.0393257 -0.097486 0.0262766
    endloop
  endfacet
  facet normal -0.211366 -0.969165 0.126668
    outer loop
      vertex -0.0393257 -0.097486 0.0262766
      vertex -0.0483322 -0.0955796 0.0258341
      vertex -0.0417118 -0.097486 0.022295
    endloop
  endfacet
  facet normal -0.263461 -0.934647 0.238797
    outer loop
      vertex -0.0436869 -0.0934033 0.0436869
      vertex -0.0482016 -0.0909772 0.0482016
      vertex -0.0477591 -0.0934033 0.0391941
    endloop
  endfacet
  facet normal -0.28563 -0.934628 0.211865
    outer loop
      vertex -0.0526934 -0.0909772 0.0432444
      vertex -0.0566788 -0.0909772 0.0378714
      vertex -0.0477591 -0.0934033 0.0391941
    endloop
  endfacet
  facet normal -0.211366 -0.969163 0.12668
    outer loop
      vertex -0.0455675 -0.0955796 0.030447
      vertex -0.0483322 -0.0955796 0.0258341
      vertex -0.0393257 -0.097486 0.0262766
    endloop
  endfacet
  facet normal -0.125006 -0.987815 0.0927067
    outer loop
      vertex -0.0239582 -0.100416 0.0196619
      vertex -0.030406 -0.0991034 0.0249538
      vertex -0.0257702 -0.100416 0.0172186
    endloop
  endfacet
  facet normal -0.118722 -0.979938 0.160084
    outer loop
      vertex -0.0262766 -0.097486 0.0393257
      vertex -0.0300045 -0.097486 0.036561
      vertex -0.0249538 -0.0991034 0.030406
    endloop
  endfacet
  facet normal -0.0800311 -0.987814 0.133487
    outer loop
      vertex -0.0185423 -0.0991034 0.0346899
      vertex -0.0218525 -0.0991034 0.0327053
      vertex -0.0172186 -0.100416 0.0257702
    endloop
  endfacet
  facet normal -0.231997 -0.969167 0.0830172
    outer loop
      vertex -0.0436964 -0.097486 0.0180998
      vertex -0.0506325 -0.0955796 0.0209723
      vertex -0.0452604 -0.097486 0.0137291
    endloop
  endfacet
  facet normal -0.187656 -0.979937 0.0671504
    outer loop
      vertex -0.0436964 -0.097486 0.0180998
      vertex -0.0452604 -0.097486 0.0137291
      vertex -0.0363407 -0.0991034 0.0150528
    endloop
  endfacet
  facet normal -0.24611 -0.969167 -0.0120512
    outer loop
      vertex -0.0472965 -0.097486 0
      vertex -0.0548038 -0.0955796 0
      vertex -0.0470695 -0.097486 -0.00463581
    endloop
  endfacet
  facet normal -0.155453 -0.987814 -0.00761387
    outer loop
      vertex -0.0309935 -0.100416 0
      vertex -0.0393343 -0.0991034 0
      vertex -0.0391455 -0.0991034 -0.00385475
    endloop
  endfacet
  facet normal -0.29479 -0.954562 0.0436989
    outer loop
      vertex -0.053751 -0.0955796 0.0106916
      vertex -0.0614853 -0.0934033 0.00605583
      vertex -0.0545397 -0.0955796 0.00537109
    endloop
  endfacet
  facet normal -0.297655 -0.954561 0.0146359
    outer loop
      vertex -0.0545397 -0.0955796 0.00537109
      vertex -0.0614853 -0.0934033 0.00605583
      vertex -0.0548038 -0.0955796 0
    endloop
  endfacet
  facet normal -0.0726085 -0.869037 0.489389
    outer loop
      vertex -0.0072422 -0.088325 0.0735388
      vertex -0.0153942 -0.0854726 0.0773945
      vertex -0.0144157 -0.088325 0.0724745
    endloop
  endfacet
  facet normal -0.120181 -0.869037 0.479928
    outer loop
      vertex -0.0153942 -0.0854726 0.0773945
      vertex -0.02145 -0.088325 0.070713
      vertex -0.0144157 -0.088325 0.0724745
    endloop
  endfacet
  facet normal -0.166732 -0.868999 0.465876
    outer loop
      vertex -0.0229063 -0.0854726 0.0755129
      vertex -0.0301971 -0.0854726 0.0729036
      vertex -0.0282784 -0.088325 0.0682697
    endloop
  endfacet
  facet normal -0.166689 -0.86902 0.465852
    outer loop
      vertex -0.0229063 -0.0854726 0.0755129
      vertex -0.0282784 -0.088325 0.0682697
      vertex -0.02145 -0.088325 0.070713
    endloop
  endfacet
  facet normal -0.717316 0.250628 0.650111
    outer loop
      vertex -0.0703468 -0.0623708 0.0577316
      vertex -0.0710306 -0.0657849 0.0582933
      vertex -0.0643492 -0.0623708 0.0643492
    endloop
  endfacet
  facet normal -0.717311 0.250571 0.650137
    outer loop
      vertex -0.0643492 -0.0623708 0.0643492
      vertex -0.0710306 -0.0657849 0.0582933
      vertex -0.0649748 -0.0657849 0.0649748
    endloop
  endfacet
  facet normal -0.595088 -0.463469 0.656557
    outer loop
      vertex -0.0566149 -0.075994 0.068985
      vertex -0.0643492 -0.0726304 0.0643492
      vertex -0.0631037 -0.075994 0.0631037
    endloop
  endfacet
  facet normal -0.595088 -0.463402 0.656605
    outer loop
      vertex -0.0577316 -0.0726304 0.0703468
      vertex -0.0643492 -0.0726304 0.0643492
      vertex -0.0566149 -0.075994 0.068985
    endloop
  endfacet
  facet normal 0.120216 -0.869019 0.479952
    outer loop
      vertex 0.0229063 -0.0854726 0.0755129
      vertex 0.0153942 -0.0854726 0.0773945
      vertex 0.02145 -0.088325 0.070713
    endloop
  endfacet
  facet normal 0.120181 -0.869037 0.479928
    outer loop
      vertex 0.0153942 -0.0854726 0.0773945
      vertex 0.0144157 -0.088325 0.0724745
      vertex 0.02145 -0.088325 0.070713
    endloop
  endfacet
  facet normal 0.0864336 -0.934622 0.34498
    outer loop
      vertex 0.0197878 -0.0909772 0.0652313
      vertex 0.013298 -0.0909772 0.0668573
      vertex 0.0179338 -0.0934033 0.059123
    endloop
  endfacet
  facet normal 0.102176 -0.907235 0.408026
    outer loop
      vertex 0.0144157 -0.088325 0.0724745
      vertex 0.013298 -0.0909772 0.0668573
      vertex 0.02145 -0.088325 0.070713
    endloop
  endfacet
  facet normal 0.40289 -0.736598 0.543233
    outer loop
      vertex 0.0481243 -0.0792775 0.0720234
      vertex 0.0462046 -0.0824466 0.06915
      vertex 0.0527601 -0.0824466 0.0642881
    endloop
  endfacet
  facet normal 0.34773 -0.736601 0.580088
    outer loop
      vertex 0.0481243 -0.0792775 0.0720234
      vertex 0.0392046 -0.0824466 0.0733461
      vertex 0.0462046 -0.0824466 0.06915
    endloop
  endfacet
  facet normal -0.289165 -0.73656 0.611443
    outer loop
      vertex -0.0331488 -0.0792775 0.0800276
      vertex -0.0392046 -0.0824466 0.0733461
      vertex -0.031826 -0.0824466 0.0768356
    endloop
  endfacet
  facet normal -0.227862 -0.736554 0.636842
    outer loop
      vertex -0.0251446 -0.0792775 0.0828915
      vertex -0.0331488 -0.0792775 0.0800276
      vertex -0.031826 -0.0824466 0.0768356
    endloop
  endfacet
  facet normal -0.114727 -0.623395 0.773445
    outer loop
      vertex -0.0087471 -0.075994 0.0888128
      vertex -0.0168991 -0.0792775 0.0849571
      vertex -0.00848961 -0.0792775 0.0862045
    endloop
  endfacet
  facet normal -0.0331192 -0.736555 0.675566
    outer loop
      vertex 0 -0.0792775 0.0866213
      vertex -0.00815105 -0.0824466 0.0827665
      vertex 0 -0.0824466 0.0831661
    endloop
  endfacet
  facet normal -0.0475075 -0.250493 0.966952
    outer loop
      vertex 0 -0.0692162 0.0918884
      vertex -0.0090065 -0.0692162 0.0914459
      vertex -0.00891972 -0.0726304 0.0905657
    endloop
  endfacet
  facet normal -0.243039 0 0.970016
    outer loop
      vertex -0.0266733 -0.0657849 0.0879316
      vertex -0.0179262 -0.0692162 0.0901232
      vertex -0.0179262 -0.0657849 0.0901232
    endloop
  endfacet
  facet normal -0.243039 0 0.970016
    outer loop
      vertex -0.0179262 -0.0692162 0.0901232
      vertex -0.0266733 -0.0657849 0.0879316
      vertex -0.0266733 -0.0692162 0.0879316
    endloop
  endfacet
  facet normal 0.298474 -0.463393 0.834374
    outer loop
      vertex 0.0264168 -0.0726304 0.0870848
      vertex 0.0259056 -0.075994 0.0853996
      vertex 0.0348253 -0.0726304 0.0840769
    endloop
  endfacet
  facet normal 0.326074 -0.250577 0.91153
    outer loop
      vertex 0.0266733 -0.0692162 0.0879316
      vertex 0.0264168 -0.0726304 0.0870848
      vertex 0.0348253 -0.0726304 0.0840769
    endloop
  endfacet
  facet normal 0.497712 -0.250673 0.830329
    outer loop
      vertex 0.0510502 -0.0692162 0.0764027
      vertex 0.0428982 -0.0726304 0.0802584
      vertex 0.050559 -0.0726304 0.0756664
    endloop
  endfacet
  facet normal 0.378798 -0.463589 0.800997
    outer loop
      vertex 0.0348253 -0.0726304 0.0840769
      vertex 0.0341511 -0.075994 0.082449
      vertex 0.0420685 -0.075994 0.0787048
    endloop
  endfacet
  facet normal -0.254347 0.869004 0.424429
    outer loop
      vertex -0.0372941 -0.0494566 0.0693896
      vertex -0.0385127 -0.0495276 0.0688047
      vertex -0.0371981 -0.0495276 0.0695925
    endloop
  endfacet
  facet normal -0.25443 0.868929 0.424533
    outer loop
      vertex -0.0437733 -0.0494589 0.0655114
      vertex -0.0438404 -0.0495276 0.0656118
      vertex -0.0413831 -0.0495276 0.0670845
    endloop
  endfacet
  facet normal -0.263454 0.623347 0.736227
    outer loop
      vertex -0.0331488 -0.0557227 0.0800276
      vertex -0.0341511 -0.0590062 0.082449
      vertex -0.0259056 -0.0590062 0.0853996
    endloop
  endfacet
  facet normal -0.334295 0.623338 0.706892
    outer loop
      vertex -0.0331488 -0.0557227 0.0800276
      vertex -0.0420685 -0.0590062 0.0787048
      vertex -0.0341511 -0.0590062 0.082449
    endloop
  endfacet
  facet normal -0.140939 0.814711 0.562478
    outer loop
      vertex -0.0229063 -0.0495276 0.0755129
      vertex -0.0241413 -0.0525527 0.0795851
      vertex -0.0162249 -0.0525527 0.0815687
    endloop
  endfacet
  facet normal -0.195344 0.814709 0.545976
    outer loop
      vertex -0.0229063 -0.0495276 0.0755129
      vertex -0.031826 -0.0525527 0.0768356
      vertex -0.0241413 -0.0525527 0.0795851
    endloop
  endfacet
  facet normal -0.0724405 0.869286 0.488973
    outer loop
      vertex -0.0153708 -0.0494595 0.0772769
      vertex -0.0153942 -0.0495276 0.0773945
      vertex -0.0152259 -0.0494688 0.0773149
    endloop
  endfacet
  facet normal 0.0992642 -0.736516 0.669097
    outer loop
      vertex 0.0168991 -0.0792775 0.0849571
      vertex 0.00815105 -0.0824466 0.0827665
      vertex 0.0162249 -0.0824466 0.0815687
    endloop
  endfacet
  facet normal 0.164372 -0.736517 0.656144
    outer loop
      vertex 0.0168991 -0.0792775 0.0849571
      vertex 0.0162249 -0.0824466 0.0815687
      vertex 0.0251446 -0.0792775 0.0828915
    endloop
  endfacet
  facet normal -0.777561 0.250617 0.576706
    outer loop
      vertex -0.0703468 -0.0623708 0.0577316
      vertex -0.0764027 -0.0657849 0.0510502
      vertex -0.0710306 -0.0657849 0.0582933
    endloop
  endfacet
  facet normal -0.777563 0.250662 0.576684
    outer loop
      vertex -0.0756664 -0.0623708 0.050559
      vertex -0.0764027 -0.0657849 0.0510502
      vertex -0.0703468 -0.0623708 0.0577316
    endloop
  endfacet
  facet normal -0.497353 0.814712 0.298135
    outer loop
      vertex -0.0656118 -0.0495276 0.0438404
      vertex -0.0733461 -0.0525527 0.0392046
      vertex -0.06915 -0.0525527 0.0462046
    endloop
  endfacet
  facet normal -0.49732 0.814771 0.298028
    outer loop
      vertex -0.0733461 -0.0525527 0.0392046
      vertex -0.0670845 -0.0495276 0.0413831
      vertex -0.0683627 -0.0496075 0.0394686
    endloop
  endfacet
  facet normal -0.497323 0.81476 0.298054
    outer loop
      vertex -0.0670845 -0.0495276 0.0413831
      vertex -0.0733461 -0.0525527 0.0392046
      vertex -0.0656118 -0.0495276 0.0438404
    endloop
  endfacet
  facet normal -0.497316 0.814763 0.298058
    outer loop
      vertex -0.0688047 -0.0495276 0.0385127
      vertex -0.0733461 -0.0525527 0.0392046
      vertex -0.0683627 -0.0496075 0.0394686
    endloop
  endfacet
  facet normal -0.497324 0.814768 0.298031
    outer loop
      vertex -0.0733461 -0.0525527 0.0392046
      vertex -0.0688047 -0.0495276 0.0385127
      vertex -0.0695925 -0.0495276 0.0371981
    endloop
  endfacet
  facet normal -0.54333 0.736469 0.402997
    outer loop
      vertex -0.0642881 -0.0525527 0.0527601
      vertex -0.0720234 -0.0557227 0.0481243
      vertex -0.0669594 -0.0557227 0.0549517
    endloop
  endfacet
  facet normal -0.628022 0.62338 0.465818
    outer loop
      vertex -0.0669594 -0.0557227 0.0549517
      vertex -0.0742025 -0.0590062 0.0495806
      vertex -0.068985 -0.0590062 0.0566149
    endloop
  endfacet
  facet normal -0.656646 0.463294 0.595126
    outer loop
      vertex -0.068985 -0.0590062 0.0566149
      vertex -0.0703468 -0.0623708 0.0577316
      vertex -0.0643492 -0.0623708 0.0643492
    endloop
  endfacet
  facet normal -0.656599 0.463361 0.595126
    outer loop
      vertex -0.0631037 -0.0590062 0.0631037
      vertex -0.068985 -0.0590062 0.0566149
      vertex -0.0643492 -0.0623708 0.0643492
    endloop
  endfacet
  facet normal -0.50124 0.736472 0.454277
    outer loop
      vertex -0.0588074 -0.0525527 0.0588074
      vertex -0.0642881 -0.0525527 0.0527601
      vertex -0.0612507 -0.0557227 0.0612507
    endloop
  endfacet
  facet normal -0.429665 0.814709 0.389407
    outer loop
      vertex -0.0609989 -0.0495276 0.0500603
      vertex -0.0642881 -0.0525527 0.0527601
      vertex -0.0588074 -0.0525527 0.0588074
    endloop
  endfacet
  facet normal -0.211544 0.869003 0.447306
    outer loop
      vertex -0.0301403 -0.0494431 0.0727663
      vertex -0.0319758 -0.0495276 0.0720624
      vertex -0.0301971 -0.0495276 0.0729036
    endloop
  endfacet
  facet normal -0.211587 0.868966 0.447358
    outer loop
      vertex -0.0369661 -0.0494534 0.0695581
      vertex -0.0371981 -0.0495276 0.0695925
      vertex -0.0350227 -0.0495276 0.0706214
    endloop
  endfacet
  facet normal -0.298135 0.814712 0.497353
    outer loop
      vertex -0.0438404 -0.0495276 0.0656118
      vertex -0.0462046 -0.0525527 0.06915
      vertex -0.0392046 -0.0525527 0.0733461
    endloop
  endfacet
  facet normal -0.16637 0.869289 0.465466
    outer loop
      vertex -0.0228651 -0.049447 0.0753771
      vertex -0.0230463 -0.0494533 0.0753241
      vertex -0.0229063 -0.0495276 0.0755129
    endloop
  endfacet
  facet normal 0.337804 -0.90725 0.25057
    outer loop
      vertex 0.0571213 -0.088325 0.0468779
      vertex 0.0526934 -0.0909772 0.0432444
      vertex 0.0614414 -0.088325 0.0410538
    endloop
  endfacet
  facet normal 0.311674 -0.90725 0.282413
    outer loop
      vertex 0.0571213 -0.088325 0.0468779
      vertex 0.0482016 -0.0909772 0.0482016
      vertex 0.0526934 -0.0909772 0.0432444
    endloop
  endfacet
  facet normal 0.200162 -0.954566 0.220769
    outer loop
      vertex 0.0436869 -0.0934033 0.0436869
      vertex 0.0347672 -0.0955796 0.0423641
      vertex 0.0387516 -0.0955796 0.0387516
    endloop
  endfacet
  facet normal 0.200152 -0.954555 0.220824
    outer loop
      vertex 0.0391941 -0.0934033 0.0477591
      vertex 0.0347672 -0.0955796 0.0423641
      vertex 0.0436869 -0.0934033 0.0436869
    endloop
  endfacet
  facet normal 0.100407 -0.954557 0.280606
    outer loop
      vertex 0.0236425 -0.0934033 0.0570803
      vertex 0.0179338 -0.0934033 0.059123
      vertex 0.0209723 -0.0955796 0.0506325
    endloop
  endfacet
  facet normal 0.102454 -0.979937 0.170961
    outer loop
      vertex 0.022295 -0.097486 0.0417118
      vertex 0.0185423 -0.0991034 0.0346899
      vertex 0.0262766 -0.097486 0.0393257
    endloop
  endfacet
  facet normal 0.0484389 -0.979941 0.193314
    outer loop
      vertex 0.0092268 -0.097486 0.0463886
      vertex 0.00767326 -0.0991034 0.038579
      vertex 0.0114183 -0.0991034 0.0376406
    endloop
  endfacet
  facet normal 0.0484413 -0.97994 0.193314
    outer loop
      vertex 0.0137291 -0.097486 0.0452604
      vertex 0.0092268 -0.097486 0.0463886
      vertex 0.0114183 -0.0991034 0.0376406
    endloop
  endfacet
  facet normal 0.0121028 -0.969159 0.246139
    outer loop
      vertex 0.00537109 -0.0955796 0.0545397
      vertex 0 -0.0955796 0.0548038
      vertex 0.00463581 -0.097486 0.0470695
    endloop
  endfacet
  facet normal 0.0361364 -0.969159 0.243773
    outer loop
      vertex 0.00537109 -0.0955796 0.0545397
      vertex 0.00463581 -0.097486 0.0470695
      vertex 0.0106916 -0.0955796 0.053751
    endloop
  endfacet
  facet normal 0.216199 -0.907248 0.360774
    outer loop
      vertex 0.034833 -0.088325 0.0651693
      vertex 0.0321331 -0.0909772 0.0601177
      vertex 0.0410538 -0.088325 0.0614414
    endloop
  endfacet
  facet normal 0.254334 -0.869016 0.424411
    outer loop
      vertex 0.0371981 -0.0854726 0.0695925
      vertex 0.034833 -0.088325 0.0651693
      vertex 0.0410538 -0.088325 0.0614414
    endloop
  endfacet
  facet normal -0.211366 -0.969165 -0.126668
    outer loop
      vertex -0.0417118 -0.097486 -0.022295
      vertex -0.0483322 -0.0955796 -0.0258341
      vertex -0.0393257 -0.097486 -0.0262766
    endloop
  endfacet
  facet normal -0.180165 -0.979937 -0.0852318
    outer loop
      vertex -0.0363407 -0.0991034 -0.0150528
      vertex -0.0417118 -0.097486 -0.022295
      vertex -0.0346899 -0.0991034 -0.0185423
    endloop
  endfacet
  facet normal -0.269384 -0.954561 -0.127456
    outer loop
      vertex -0.0506325 -0.0955796 -0.0209723
      vertex -0.0544872 -0.0934033 -0.0291243
      vertex -0.0483322 -0.0955796 -0.0258341
    endloop
  endfacet
  facet normal -0.280606 -0.954557 -0.100407
    outer loop
      vertex -0.0506325 -0.0955796 -0.0209723
      vertex -0.059123 -0.0934033 -0.0179338
      vertex -0.0570803 -0.0934033 -0.0236425
    endloop
  endfacet
  facet normal -0.23938 -0.954563 -0.177499
    outer loop
      vertex -0.0455675 -0.0955796 -0.030447
      vertex -0.0513706 -0.0934033 -0.0343246
      vertex -0.0423641 -0.0955796 -0.0347672
    endloop
  endfacet
  facet normal -0.23938 -0.954556 -0.177538
    outer loop
      vertex -0.0423641 -0.0955796 -0.0347672
      vertex -0.0513706 -0.0934033 -0.0343246
      vertex -0.0477591 -0.0934033 -0.0391941
    endloop
  endfacet
  facet normal -0.35518 -0.934635 -0.0174487
    outer loop
      vertex -0.0617828 -0.0934033 0
      vertex -0.0678387 -0.0909772 -0.00668144
      vertex -0.0614853 -0.0934033 -0.00605583
    endloop
  endfacet
  facet normal -0.297665 -0.954558 -0.0146232
    outer loop
      vertex -0.0548038 -0.0955796 0
      vertex -0.0617828 -0.0934033 0
      vertex -0.0614853 -0.0934033 -0.00605583
    endloop
  endfacet
  facet normal -0.150978 -0.987813 -0.0378308
    outer loop
      vertex -0.0296593 -0.100416 -0.00899696
      vertex -0.038579 -0.0991034 -0.00767326
      vertex -0.0376406 -0.0991034 -0.0114183
    endloop
  endfacet
  facet normal -0.0251048 -0.9993 0.0277434
    outer loop
      vertex -0.00856304 -0.102081 0.0104342
      vertex -0.00954533 -0.102081 0.00954533
      vertex -0.00319195 -0.102417 0.00319195
    endloop
  endfacet
  facet normal -0.14651 -0.987817 0.0524643
    outer loop
      vertex -0.0286341 -0.100416 0.0118599
      vertex -0.0363407 -0.0991034 0.0150528
      vertex -0.0296593 -0.100416 0.00899696
    endloop
  endfacet
  facet normal -0.0746042 -0.997152 -0.0110795
    outer loop
      vertex -0.0134335 -0.102081 -0.00132275
      vertex -0.0222464 -0.101412 -0.00219059
      vertex -0.0132389 -0.102081 -0.00263309
    endloop
  endfacet
  facet normal -0.180167 -0.979937 -0.0852305
    outer loop
      vertex -0.0363407 -0.0991034 -0.0150528
      vertex -0.0436964 -0.097486 -0.0180998
      vertex -0.0417118 -0.097486 -0.022295
    endloop
  endfacet
  facet normal -0.14068 -0.987816 -0.0665522
    outer loop
      vertex -0.0273333 -0.100416 -0.0146103
      vertex -0.0363407 -0.0991034 -0.0150528
      vertex -0.0346899 -0.0991034 -0.0185423
    endloop
  endfacet
  facet normal -0.0983335 -0.993405 0.0589604
    outer loop
      vertex -0.0185862 -0.101412 0.0124187
      vertex -0.0257702 -0.100416 0.0172186
      vertex -0.0197144 -0.101412 0.0105371
    endloop
  endfacet
  facet normal -0.155429 -0.987817 -0.00766542
    outer loop
      vertex -0.0309935 -0.100416 0
      vertex -0.0391455 -0.0991034 -0.00385475
      vertex -0.0308437 -0.100416 -0.00303745
    endloop
  endfacet
  facet normal -0.0278245 -0.993405 -0.111232
    outer loop
      vertex -0.0043602 -0.101412 -0.021924
      vertex -0.00899696 -0.100416 -0.0296593
      vertex -0.0060463 -0.100416 -0.0303974
    endloop
  endfacet
  facet normal -0.00547125 -0.9993 -0.0370113
    outer loop
      vertex -0.000880241 -0.102417 -0.00442696
      vertex -0.00132275 -0.102081 -0.0134335
      vertex -0.000441551 -0.102417 -0.00449181
    endloop
  endfacet
  facet normal -0.0927067 -0.987815 -0.125006
    outer loop
      vertex -0.0196619 -0.100416 -0.0239582
      vertex -0.0249538 -0.0991034 -0.030406
      vertex -0.0172186 -0.100416 -0.0257702
    endloop
  endfacet
  facet normal -0.0386241 -0.993406 -0.107948
    outer loop
      vertex -0.00855446 -0.101412 -0.0206518
      vertex -0.00899696 -0.100416 -0.0296593
      vertex -0.0064888 -0.101412 -0.0213909
    endloop
  endfacet
  facet normal -0.0524157 -0.987813 -0.146553
    outer loop
      vertex -0.00899696 -0.100416 -0.0296593
      vertex -0.0150528 -0.0991034 -0.0363407
      vertex -0.0114183 -0.0991034 -0.0376406
    endloop
  endfacet
  facet normal -0.0671146 -0.97994 -0.187651
    outer loop
      vertex -0.0114183 -0.0991034 -0.0376406
      vertex -0.0150528 -0.0991034 -0.0363407
      vertex -0.0137291 -0.097486 -0.0452604
    endloop
  endfacet
  facet normal -0.125006 -0.987815 -0.0927067
    outer loop
      vertex -0.0257702 -0.100416 -0.0172186
      vertex -0.030406 -0.0991034 -0.0249538
      vertex -0.0239582 -0.100416 -0.0196619
    endloop
  endfacet
  facet normal -0.0849519 -0.993405 -0.077009
    outer loop
      vertex -0.0172796 -0.101412 -0.0141811
      vertex -0.0239582 -0.100416 -0.0196619
      vertex -0.0219154 -0.100416 -0.0219154
    endloop
  endfacet
  facet normal -0.0617309 -0.907233 -0.416073
    outer loop
      vertex -0.013298 -0.0909772 -0.0668573
      vertex -0.0144157 -0.088325 -0.0724745
      vertex -0.0072422 -0.088325 -0.0735388
    endloop
  endfacet
  facet normal -0.0437453 -0.954553 -0.294815
    outer loop
      vertex -0.0106916 -0.0955796 -0.053751
      vertex -0.0120525 -0.0934033 -0.0605955
      vertex -0.00605583 -0.0934033 -0.0614853
    endloop
  endfacet
  facet normal -0.0146359 -0.954561 -0.297655
    outer loop
      vertex -0.00537109 -0.0955796 -0.0545397
      vertex -0.00605583 -0.0934033 -0.0614853
      vertex 0 -0.0955796 -0.0548038
    endloop
  endfacet
  facet normal -0.00766542 -0.987817 -0.155429
    outer loop
      vertex -0.00303745 -0.100416 -0.0308437
      vertex -0.00385475 -0.0991034 -0.0391455
      vertex 0 -0.100416 -0.0309935
    endloop
  endfacet
  facet normal 0.00974728 -0.979939 -0.19906
    outer loop
      vertex 0.00463581 -0.097486 -0.0470695
      vertex 0 -0.0991034 -0.0393343
      vertex 0 -0.097486 -0.0472965
    endloop
  endfacet
  facet normal -0.0121028 -0.969159 -0.246139
    outer loop
      vertex -0.00463581 -0.097486 -0.0470695
      vertex -0.00537109 -0.0955796 -0.0545397
      vertex 0 -0.0955796 -0.0548038
    endloop
  endfacet
  facet normal 0.0146232 -0.954558 -0.297665
    outer loop
      vertex 0.00605583 -0.0934033 -0.0614853
      vertex 0 -0.0955796 -0.0548038
      vertex 0 -0.0934033 -0.0617828
    endloop
  endfacet
  facet normal -0.0146232 -0.954558 -0.297665
    outer loop
      vertex 0 -0.0955796 -0.0548038
      vertex -0.00605583 -0.0934033 -0.0614853
      vertex 0 -0.0934033 -0.0617828
    endloop
  endfacet
  facet normal 0.0723869 -0.954552 -0.28912
    outer loop
      vertex 0.0179338 -0.0934033 -0.059123
      vertex 0.0106916 -0.0955796 -0.053751
      vertex 0.0120525 -0.0934033 -0.0605955
    endloop
  endfacet
  facet normal 0.0830133 -0.969167 -0.232002
    outer loop
      vertex 0.0209723 -0.0955796 -0.0506325
      vertex 0.0137291 -0.097486 -0.0452604
      vertex 0.0159082 -0.0955796 -0.0524445
    endloop
  endfacet
  facet normal 0.0484413 -0.97994 -0.193314
    outer loop
      vertex 0.0114183 -0.0991034 -0.0376406
      vertex 0.0092268 -0.097486 -0.0463886
      vertex 0.0137291 -0.097486 -0.0452604
    endloop
  endfacet
  facet normal 0.0228375 -0.987817 -0.153937
    outer loop
      vertex 0.0060463 -0.100416 -0.0303974
      vertex 0.00385475 -0.0991034 -0.0391455
      vertex 0.00767326 -0.0991034 -0.038579
    endloop
  endfacet
  facet normal -0.00761387 -0.987814 -0.155453
    outer loop
      vertex 0 -0.100416 -0.0309935
      vertex -0.00385475 -0.0991034 -0.0391455
      vertex 0 -0.0991034 -0.0393343
    endloop
  endfacet
  facet normal -0.0228375 -0.987817 -0.153937
    outer loop
      vertex -0.0060463 -0.100416 -0.0303974
      vertex -0.00767326 -0.0991034 -0.038579
      vertex -0.00385475 -0.0991034 -0.0391455
    endloop
  endfacet
  facet normal 0.0386241 -0.993406 -0.107948
    outer loop
      vertex 0.00855446 -0.101412 -0.0206518
      vertex 0.0064888 -0.101412 -0.0213909
      vertex 0.00899696 -0.100416 -0.0296593
    endloop
  endfacet
  facet normal 0.0322468 -0.997152 -0.0681832
    outer loop
      vertex 0.00636292 -0.102081 -0.0119047
      vertex 0.0051651 -0.102081 -0.0124712
      vertex 0.0105371 -0.101412 -0.0197144
    endloop
  endfacet
  facet normal 0.0292458 -0.979941 -0.197132
    outer loop
      vertex 0.00767326 -0.0991034 -0.038579
      vertex 0.00385475 -0.0991034 -0.0391455
      vertex 0.0092268 -0.097486 -0.0463886
    endloop
  endfacet
  facet normal 0.0228332 -0.987817 -0.153936
    outer loop
      vertex 0.0060463 -0.100416 -0.0303974
      vertex 0.00303745 -0.100416 -0.0308437
      vertex 0.00385475 -0.0991034 -0.0391455
    endloop
  endfacet
  facet normal -0.0617119 -0.907241 -0.416059
    outer loop
      vertex -0.00668144 -0.0909772 -0.0678387
      vertex -0.013298 -0.0909772 -0.0668573
      vertex -0.0072422 -0.088325 -0.0735388
    endloop
  endfacet
  facet normal -0.0521748 -0.934635 -0.351761
    outer loop
      vertex -0.00605583 -0.0934033 -0.0614853
      vertex -0.013298 -0.0909772 -0.0668573
      vertex -0.00668144 -0.0909772 -0.0678387
    endloop
  endfacet
  facet normal 0.120181 -0.869037 -0.479928
    outer loop
      vertex 0.02145 -0.088325 -0.070713
      vertex 0.0144157 -0.088325 -0.0724745
      vertex 0.0153942 -0.0854726 -0.0773945
    endloop
  endfacet
  facet normal 0.120216 -0.869019 -0.479952
    outer loop
      vertex 0.02145 -0.088325 -0.070713
      vertex 0.0153942 -0.0854726 -0.0773945
      vertex 0.0229063 -0.0854726 -0.0755129
    endloop
  endfacet
  facet normal 0.0852318 -0.979937 -0.180165
    outer loop
      vertex 0.0185423 -0.0991034 -0.0346899
      vertex 0.0150528 -0.0991034 -0.0363407
      vertex 0.022295 -0.097486 -0.0417118
    endloop
  endfacet
  facet normal 0.10452 -0.987817 -0.1153
    outer loop
      vertex 0.0219154 -0.100416 -0.0219154
      vertex 0.0196619 -0.100416 -0.0239582
      vertex 0.0278139 -0.0991034 -0.0278139
    endloop
  endfacet
  facet normal 0.0682838 -0.993405 -0.0921042
    outer loop
      vertex 0.0141811 -0.101412 -0.0172796
      vertex 0.0124187 -0.101412 -0.0185862
      vertex 0.0172186 -0.100416 -0.0257702
    endloop
  endfacet
  facet normal 0.0800311 -0.987814 -0.133487
    outer loop
      vertex 0.0218525 -0.0991034 -0.0327053
      vertex 0.0172186 -0.100416 -0.0257702
      vertex 0.0185423 -0.0991034 -0.0346899
    endloop
  endfacet
  facet normal 0.102476 -0.97994 -0.170925
    outer loop
      vertex 0.0218525 -0.0991034 -0.0327053
      vertex 0.0185423 -0.0991034 -0.0346899
      vertex 0.0262766 -0.097486 -0.0393257
    endloop
  endfacet
  facet normal 0.118722 -0.979938 -0.160084
    outer loop
      vertex 0.0300045 -0.097486 -0.036561
      vertex 0.0249538 -0.0991034 -0.030406
      vertex 0.0262766 -0.097486 -0.0393257
    endloop
  endfacet
  facet normal 0.200162 -0.954566 -0.220769
    outer loop
      vertex 0.0387516 -0.0955796 -0.0387516
      vertex 0.0347672 -0.0955796 -0.0423641
      vertex 0.0436869 -0.0934033 -0.0436869
    endloop
  endfacet
  facet normal 0.182557 -0.969163 -0.165517
    outer loop
      vertex 0.0423641 -0.0955796 -0.0347672
      vertex 0.0334435 -0.097486 -0.0334435
      vertex 0.0387516 -0.0955796 -0.0387516
    endloop
  endfacet
  facet normal 0.16009 -0.979941 -0.11869
    outer loop
      vertex 0.0327053 -0.0991034 -0.0218525
      vertex 0.030406 -0.0991034 -0.0249538
      vertex 0.0393257 -0.097486 -0.0262766
    endloop
  endfacet
  facet normal 0.133866 -0.979935 -0.147672
    outer loop
      vertex 0.0334435 -0.097486 -0.0334435
      vertex 0.0278139 -0.0991034 -0.0278139
      vertex 0.0300045 -0.097486 -0.036561
    endloop
  endfacet
  facet normal 0.280606 -0.954557 0.100404
    outer loop
      vertex 0.059123 -0.0934033 0.0179338
      vertex 0.0506325 -0.0955796 0.0209723
      vertex 0.0524445 -0.0955796 0.0159082
    endloop
  endfacet
  facet normal 0.111215 -0.993406 0.0278534
    outer loop
      vertex 0.0296593 -0.100416 0.00899696
      vertex 0.0213909 -0.101412 0.0064888
      vertex 0.021924 -0.101412 0.0043602
    endloop
  endfacet
  facet normal 0.0352358 -0.9993 0.0125784
    outer loop
      vertex 0.0129175 -0.102081 0.00391769
      vertex 0.00417042 -0.102417 0.0017271
      vertex 0.00431919 -0.102417 0.00131035
    endloop
  endfacet
  facet normal 0.153936 -0.987817 0.0228332
    outer loop
      vertex 0.0391455 -0.0991034 0.00385475
      vertex 0.0303974 -0.100416 0.0060463
      vertex 0.0308437 -0.100416 0.00303745
    endloop
  endfacet
  facet normal 0.150969 -0.987817 -0.0377645
    outer loop
      vertex 0.0303974 -0.100416 -0.0060463
      vertex 0.0296593 -0.100416 -0.00899696
      vertex 0.038579 -0.0991034 -0.00767326
    endloop
  endfacet
  facet normal 0.107948 -0.993406 -0.0386241
    outer loop
      vertex 0.0213909 -0.101412 -0.0064888
      vertex 0.0206518 -0.101412 -0.00855446
      vertex 0.0296593 -0.100416 -0.00899696
    endloop
  endfacet
  facet normal 0.180165 -0.979937 -0.0852318
    outer loop
      vertex 0.0363407 -0.0991034 -0.0150528
      vertex 0.0346899 -0.0991034 -0.0185423
      vertex 0.0417118 -0.097486 -0.022295
    endloop
  endfacet
  facet normal 0.140681 -0.987817 -0.0665348
    outer loop
      vertex 0.0286341 -0.100416 -0.0118599
      vertex 0.0273333 -0.100416 -0.0146103
      vertex 0.0363407 -0.0991034 -0.0150528
    endloop
  endfacet
  facet normal 0.334849 -0.934624 0.119811
    outer loop
      vertex 0.0629778 -0.0909772 0.0260859
      vertex 0.059123 -0.0934033 0.0179338
      vertex 0.0652313 -0.0909772 0.0197878
    endloop
  endfacet
  facet normal 0.280606 -0.954557 0.100407
    outer loop
      vertex 0.0570803 -0.0934033 0.0236425
      vertex 0.0506325 -0.0955796 0.0209723
      vertex 0.059123 -0.0934033 0.0179338
    endloop
  endfacet
  facet normal 0.22274 -0.969167 0.10537
    outer loop
      vertex 0.0506325 -0.0955796 0.0209723
      vertex 0.0417118 -0.097486 0.022295
      vertex 0.0436964 -0.097486 0.0180998
    endloop
  endfacet
  facet normal 0.170925 -0.97994 0.102476
    outer loop
      vertex 0.0393257 -0.097486 0.0262766
      vertex 0.0327053 -0.0991034 0.0218525
      vertex 0.0346899 -0.0991034 0.0185423
    endloop
  endfacet
  facet normal 0.16009 -0.979941 0.11869
    outer loop
      vertex 0.0393257 -0.097486 0.0262766
      vertex 0.030406 -0.0991034 0.0249538
      vertex 0.0327053 -0.0991034 0.0218525
    endloop
  endfacet
  facet normal 0.0983541 -0.993404 0.0589416
    outer loop
      vertex 0.0257702 -0.100416 0.0172186
      vertex 0.0197144 -0.101412 0.0105371
      vertex 0.0273333 -0.100416 0.0146103
    endloop
  endfacet
  facet normal 0.113415 -0.993405 0.0168533
    outer loop
      vertex 0.0303974 -0.100416 0.0060463
      vertex 0.021924 -0.101412 0.0043602
      vertex 0.0222464 -0.101412 0.00219059
    endloop
  endfacet
  facet normal 0.155429 -0.987817 0.00766542
    outer loop
      vertex 0.0391455 -0.0991034 0.00385475
      vertex 0.0308437 -0.100416 0.00303745
      vertex 0.0309935 -0.100416 0
    endloop
  endfacet
  facet normal 0.297665 -0.954558 -0.0146232
    outer loop
      vertex 0.0617828 -0.0934033 0
      vertex 0.0548038 -0.0955796 0
      vertex 0.0614853 -0.0934033 -0.00605583
    endloop
  endfacet
  facet normal 0.153937 -0.987817 0.0228375
    outer loop
      vertex 0.038579 -0.0991034 0.00767326
      vertex 0.0303974 -0.100416 0.0060463
      vertex 0.0391455 -0.0991034 0.00385475
    endloop
  endfacet
  facet normal 0.579163 -0.814714 0.0284927
    outer loop
      vertex 0.0827665 -0.0824466 0.00815105
      vertex 0.0785303 -0.0854726 0.0077343
      vertex 0.0789108 -0.0854726 0
    endloop
  endfacet
  facet normal 0.675566 -0.736555 0.0331192
    outer loop
      vertex 0.0866213 -0.0792775 0
      vertex 0.0827665 -0.0824466 0.00815105
      vertex 0.0831661 -0.0824466 0
    endloop
  endfacet
  facet normal 0.344944 -0.934642 0.0863635
    outer loop
      vertex 0.0668573 -0.0909772 0.013298
      vertex 0.059123 -0.0934033 0.0179338
      vertex 0.0605955 -0.0934033 0.0120525
    endloop
  endfacet
  facet normal 0.355192 -0.934631 0.0174368
    outer loop
      vertex 0.0678387 -0.0909772 0.00668144
      vertex 0.0617828 -0.0934033 0
      vertex 0.0681667 -0.0909772 0
    endloop
  endfacet
  facet normal 0.420101 -0.907243 0.0206332
    outer loop
      vertex 0.0735388 -0.088325 0.0072422
      vertex 0.0678387 -0.0909772 0.00668144
      vertex 0.0738945 -0.088325 0
    endloop
  endfacet
  facet normal 0.187651 -0.97994 0.0671146
    outer loop
      vertex 0.0452604 -0.097486 0.0137291
      vertex 0.0363407 -0.0991034 0.0150528
      vertex 0.0376406 -0.0991034 0.0114183
    endloop
  endfacet
  facet normal 0.222742 -0.969164 -0.105387
    outer loop
      vertex 0.0506325 -0.0955796 -0.0209723
      vertex 0.0417118 -0.097486 -0.022295
      vertex 0.0483322 -0.0955796 -0.0258341
    endloop
  endfacet
  facet normal 0.255623 -0.954561 -0.153198
    outer loop
      vertex 0.0544872 -0.0934033 -0.0291243
      vertex 0.0483322 -0.0955796 -0.0258341
      vertex 0.0513706 -0.0934033 -0.0343246
    endloop
  endfacet
  facet normal 0.305034 -0.934632 -0.182803
    outer loop
      vertex 0.0601177 -0.0909772 -0.0321331
      vertex 0.0544872 -0.0934033 -0.0291243
      vertex 0.0566788 -0.0909772 -0.0378714
    endloop
  endfacet
  facet normal 0.321461 -0.934633 -0.152063
    outer loop
      vertex 0.0570803 -0.0934033 -0.0236425
      vertex 0.0544872 -0.0934033 -0.0291243
      vertex 0.0601177 -0.0909772 -0.0321331
    endloop
  endfacet
  facet normal 0.407963 -0.907259 -0.102214
    outer loop
      vertex 0.0668573 -0.0909772 -0.013298
      vertex 0.0652313 -0.0909772 -0.0197878
      vertex 0.070713 -0.088325 -0.02145
    endloop
  endfacet
  facet normal 0.280606 -0.954557 -0.100404
    outer loop
      vertex 0.0524445 -0.0955796 -0.0159082
      vertex 0.0506325 -0.0955796 -0.0209723
      vertex 0.059123 -0.0934033 -0.0179338
    endloop
  endfacet
  facet normal 0.35174 -0.934641 -0.0521921
    outer loop
      vertex 0.0614853 -0.0934033 -0.00605583
      vertex 0.0605955 -0.0934033 -0.0120525
      vertex 0.0668573 -0.0909772 -0.013298
    endloop
  endfacet
  facet normal 0.294815 -0.954553 -0.0437453
    outer loop
      vertex 0.0614853 -0.0934033 -0.00605583
      vertex 0.053751 -0.0955796 -0.0106916
      vertex 0.0605955 -0.0934033 -0.0120525
    endloop
  endfacet
  facet normal 0.125026 -0.987814 -0.0926942
    outer loop
      vertex 0.0327053 -0.0991034 -0.0218525
      vertex 0.0257702 -0.100416 -0.0172186
      vertex 0.030406 -0.0991034 -0.0249538
    endloop
  endfacet
  facet normal 0.125006 -0.987815 -0.0927067
    outer loop
      vertex 0.0257702 -0.100416 -0.0172186
      vertex 0.0239582 -0.100416 -0.0196619
      vertex 0.030406 -0.0991034 -0.0249538
    endloop
  endfacet
  facet normal 0.133492 -0.987816 -0.0799992
    outer loop
      vertex 0.0273333 -0.100416 -0.0146103
      vertex 0.0257702 -0.100416 -0.0172186
      vertex 0.0346899 -0.0991034 -0.0185423
    endloop
  endfacet
  facet normal 0.133487 -0.987814 -0.0800311
    outer loop
      vertex 0.0346899 -0.0991034 -0.0185423
      vertex 0.0257702 -0.100416 -0.0172186
      vertex 0.0327053 -0.0991034 -0.0218525
    endloop
  endfacet
  facet normal 0.126668 -0.969165 -0.211366
    outer loop
      vertex 0.0262766 -0.097486 -0.0393257
      vertex 0.022295 -0.097486 -0.0417118
      vertex 0.0258341 -0.0955796 -0.0483322
    endloop
  endfacet
  facet normal 0.105387 -0.969164 -0.222742
    outer loop
      vertex 0.022295 -0.097486 -0.0417118
      vertex 0.0209723 -0.0955796 -0.0506325
      vertex 0.0258341 -0.0955796 -0.0483322
    endloop
  endfacet
  facet normal 0.0671504 -0.979937 -0.187656
    outer loop
      vertex 0.0150528 -0.0991034 -0.0363407
      vertex 0.0137291 -0.097486 -0.0452604
      vertex 0.0180998 -0.097486 -0.0436964
    endloop
  endfacet
  facet normal 0.0830172 -0.969167 -0.231997
    outer loop
      vertex 0.0180998 -0.097486 -0.0436964
      vertex 0.0137291 -0.097486 -0.0452604
      vertex 0.0209723 -0.0955796 -0.0506325
    endloop
  endfacet
  facet normal 0.282413 -0.90725 -0.311674
    outer loop
      vertex 0.0482016 -0.0909772 -0.0482016
      vertex 0.0432444 -0.0909772 -0.0526934
      vertex 0.0468779 -0.088325 -0.0571213
    endloop
  endfacet
  facet normal 0.25057 -0.90725 -0.337804
    outer loop
      vertex 0.0432444 -0.0909772 -0.0526934
      vertex 0.0410538 -0.088325 -0.0614414
      vertex 0.0468779 -0.088325 -0.0571213
    endloop
  endfacet
  facet normal 0.254351 -0.869009 -0.424416
    outer loop
      vertex 0.0410538 -0.088325 -0.0614414
      vertex 0.0371981 -0.0854726 -0.0695925
      vertex 0.0438404 -0.0854726 -0.0656118
    endloop
  endfacet
  facet normal 0.40289 -0.736598 -0.543233
    outer loop
      vertex 0.0527601 -0.0824466 -0.0642881
      vertex 0.0462046 -0.0824466 -0.06915
      vertex 0.0481243 -0.0792775 -0.0720234
    endloop
  endfacet
  facet normal 0.153198 -0.954561 -0.255623
    outer loop
      vertex 0.0343246 -0.0934033 -0.0513706
      vertex 0.0258341 -0.0955796 -0.0483322
      vertex 0.0291243 -0.0934033 -0.0544872
    endloop
  endfacet
  facet normal 0.127456 -0.954561 -0.269384
    outer loop
      vertex 0.0258341 -0.0955796 -0.0483322
      vertex 0.0209723 -0.0955796 -0.0506325
      vertex 0.0291243 -0.0934033 -0.0544872
    endloop
  endfacet
  facet normal 0.141692 -0.907255 -0.395994
    outer loop
      vertex 0.0260859 -0.0909772 -0.0629778
      vertex 0.02145 -0.088325 -0.070713
      vertex 0.0282784 -0.088325 -0.0682697
    endloop
  endfacet
  facet normal 0.17982 -0.907256 -0.380198
    outer loop
      vertex 0.0321331 -0.0909772 -0.0601177
      vertex 0.0260859 -0.0909772 -0.0629778
      vertex 0.0282784 -0.088325 -0.0682697
    endloop
  endfacet
  facet normal 0.211567 -0.869013 -0.447277
    outer loop
      vertex 0.034833 -0.088325 -0.0651693
      vertex 0.0282784 -0.088325 -0.0682697
      vertex 0.0371981 -0.0854726 -0.0695925
    endloop
  endfacet
  facet normal 0.254334 -0.869016 -0.424411
    outer loop
      vertex 0.0410538 -0.088325 -0.0614414
      vertex 0.034833 -0.088325 -0.0651693
      vertex 0.0371981 -0.0854726 -0.0695925
    endloop
  endfacet
  facet normal 0.133841 -0.979938 0.147679
    outer loop
      vertex 0.0300045 -0.097486 0.036561
      vertex 0.0249538 -0.0991034 0.030406
      vertex 0.0278139 -0.0991034 0.0278139
    endloop
  endfacet
  facet normal 0.0852318 -0.979937 0.180165
    outer loop
      vertex 0.022295 -0.097486 0.0417118
      vertex 0.0150528 -0.0991034 0.0363407
      vertex 0.0185423 -0.0991034 0.0346899
    endloop
  endfacet
  facet normal 0.105387 -0.969164 0.222742
    outer loop
      vertex 0.0258341 -0.0955796 0.0483322
      vertex 0.0209723 -0.0955796 0.0506325
      vertex 0.022295 -0.097486 0.0417118
    endloop
  endfacet
  facet normal 0.127441 -0.954556 0.269411
    outer loop
      vertex 0.0236425 -0.0934033 0.0570803
      vertex 0.0209723 -0.0955796 0.0506325
      vertex 0.0291243 -0.0934033 0.0544872
    endloop
  endfacet
  facet normal 0.0770141 -0.993405 0.0849435
    outer loop
      vertex 0.0219154 -0.100416 0.0219154
      vertex 0.0141811 -0.101412 0.0172796
      vertex 0.0158062 -0.101412 0.0158062
    endloop
  endfacet
  facet normal 0.0605941 -0.997151 0.0449229
    outer loop
      vertex 0.0172796 -0.101412 0.0141811
      vertex 0.0112238 -0.102081 0.00749969
      vertex 0.0185862 -0.101412 0.0124187
    endloop
  endfacet
  facet normal 0.0646922 -0.997151 0.0387892
    outer loop
      vertex 0.0185862 -0.101412 0.0124187
      vertex 0.0112238 -0.102081 0.00749969
      vertex 0.0197144 -0.101412 0.0105371
    endloop
  endfacet
  facet normal 0.0920978 -0.993405 0.0683015
    outer loop
      vertex 0.0239582 -0.100416 0.0196619
      vertex 0.0172796 -0.101412 0.0141811
      vertex 0.0257702 -0.100416 0.0172186
    endloop
  endfacet
  facet normal 0.611443 -0.73656 0.289165
    outer loop
      vertex 0.0800276 -0.0792775 0.0331488
      vertex 0.0733461 -0.0824466 0.0392046
      vertex 0.0768356 -0.0824466 0.031826
    endloop
  endfacet
  facet normal 0.524232 -0.814684 0.247934
    outer loop
      vertex 0.0733461 -0.0824466 0.0392046
      vertex 0.0695925 -0.0854726 0.0371981
      vertex 0.0729036 -0.0854726 0.0301971
    endloop
  endfacet
  facet normal 0.397426 -0.86901 0.294745
    outer loop
      vertex 0.0656118 -0.0854726 0.0438404
      vertex 0.0609989 -0.0854726 0.0500603
      vertex 0.0614414 -0.088325 0.0410538
    endloop
  endfacet
  facet normal 0.424416 -0.869009 0.254351
    outer loop
      vertex 0.0656118 -0.0854726 0.0438404
      vertex 0.0614414 -0.088325 0.0410538
      vertex 0.0695925 -0.0854726 0.0371981
    endloop
  endfacet
  facet normal 0.0731687 -0.997152 0.0183064
    outer loop
      vertex 0.021924 -0.101412 0.0043602
      vertex 0.0129175 -0.102081 0.00391769
      vertex 0.0132389 -0.102081 0.00263309
    endloop
  endfacet
  facet normal 0.0192255 -0.9993 0.0320971
    outer loop
      vertex 0.00636292 -0.102081 0.0119047
      vertex 0.00212765 -0.102417 0.00398064
      vertex 0.00749969 -0.102081 0.0112238
    endloop
  endfacet
  facet normal -0.0338242 -0.9993 0.0159969
    outer loop
      vertex -0.0119047 -0.102081 0.00636292
      vertex -0.0124712 -0.102081 0.0051651
      vertex -0.00417042 -0.102417 0.0017271
    endloop
  endfacet
  facet normal -0.0589416 -0.993404 0.0983541
    outer loop
      vertex -0.0146103 -0.100416 0.0273333
      vertex -0.0172186 -0.100416 0.0257702
      vertex -0.0105371 -0.101412 0.0197144
    endloop
  endfacet
  facet normal -0.050603 -0.997152 0.0559214
    outer loop
      vertex -0.00856304 -0.102081 0.0104342
      vertex -0.0141811 -0.101412 0.0172796
      vertex -0.00954533 -0.102081 0.00954533
    endloop
  endfacet
  facet normal -0.146553 -0.987813 0.0524157
    outer loop
      vertex -0.0363407 -0.0991034 0.0150528
      vertex -0.0376406 -0.0991034 0.0114183
      vertex -0.0296593 -0.100416 0.00899696
    endloop
  endfacet
  facet normal -0.197132 -0.979941 0.0292458
    outer loop
      vertex -0.038579 -0.0991034 0.00767326
      vertex -0.0463886 -0.097486 0.0092268
      vertex -0.0391455 -0.0991034 0.00385475
    endloop
  endfacet
  facet normal 0.0254104 -0.997151 -0.0710179
    outer loop
      vertex 0.00855446 -0.101412 -0.0206518
      vertex 0.0051651 -0.102081 -0.0124712
      vertex 0.0064888 -0.101412 -0.0213909
    endloop
  endfacet
  facet normal 0.0322398 -0.997151 -0.0681884
    outer loop
      vertex 0.0105371 -0.101412 -0.0197144
      vertex 0.0051651 -0.102081 -0.0124712
      vertex 0.00855446 -0.101412 -0.0206518
    endloop
  endfacet
  facet normal 0.0160195 -0.9993 -0.0338107
    outer loop
      vertex 0.00212765 -0.102417 -0.00398064
      vertex 0.0017271 -0.102417 -0.00417042
      vertex 0.00636292 -0.102081 -0.0119047
    endloop
  endfacet
  facet normal 0.0251048 -0.9993 -0.0277434
    outer loop
      vertex 0.00954533 -0.102081 -0.00954533
      vertex 0.00319195 -0.102417 -0.00319195
      vertex 0.00856304 -0.102081 -0.0104342
    endloop
  endfacet
  facet normal 0.103658 -0.993405 -0.04901
    outer loop
      vertex 0.0206518 -0.101412 -0.00855446
      vertex 0.0197144 -0.101412 -0.0105371
      vertex 0.0286341 -0.100416 -0.0118599
    endloop
  endfacet
  facet normal 0.111215 -0.993406 -0.0278534
    outer loop
      vertex 0.021924 -0.101412 -0.0043602
      vertex 0.0213909 -0.101412 -0.0064888
      vertex 0.0296593 -0.100416 -0.00899696
    endloop
  endfacet
  facet normal 0.0710179 -0.997151 -0.0254104
    outer loop
      vertex 0.0213909 -0.101412 -0.0064888
      vertex 0.0124712 -0.102081 -0.0051651
      vertex 0.0206518 -0.101412 -0.00855446
    endloop
  endfacet
  facet normal 0.077009 -0.993405 0.0849519
    outer loop
      vertex 0.0196619 -0.100416 0.0239582
      vertex 0.0141811 -0.101412 0.0172796
      vertex 0.0219154 -0.100416 0.0219154
    endloop
  endfacet
  facet normal 0.0683015 -0.993405 0.0920978
    outer loop
      vertex 0.0172186 -0.100416 0.0257702
      vertex 0.0141811 -0.101412 0.0172796
      vertex 0.0196619 -0.100416 0.0239582
    endloop
  endfacet
  facet normal 0.0159969 -0.9993 0.0338242
    outer loop
      vertex 0.0051651 -0.102081 0.0124712
      vertex 0.0017271 -0.102417 0.00417042
      vertex 0.00636292 -0.102081 0.0119047
    endloop
  endfacet
  facet normal 0.0160195 -0.9993 0.0338107
    outer loop
      vertex 0.00636292 -0.102081 0.0119047
      vertex 0.0017271 -0.102417 0.00417042
      vertex 0.00212765 -0.102417 0.00398064
    endloop
  endfacet
  facet normal 0.025409 -0.997151 0.0710181
    outer loop
      vertex 0.0064888 -0.101412 0.0213909
      vertex 0.00391769 -0.102081 0.0129175
      vertex 0.0051651 -0.102081 0.0124712
    endloop
  endfacet
  facet normal 0.0278534 -0.993406 0.111215
    outer loop
      vertex 0.00899696 -0.100416 0.0296593
      vertex 0.0043602 -0.101412 0.021924
      vertex 0.0064888 -0.101412 0.0213909
    endloop
  endfacet
  facet normal -0.00563062 -0.993404 0.114525
    outer loop
      vertex 0 -0.100416 0.0309935
      vertex -0.00219059 -0.101412 0.0222464
      vertex 0 -0.101412 0.0223541
    endloop
  endfacet
  facet normal 0.0110795 -0.997152 0.0746042
    outer loop
      vertex 0.00219059 -0.101412 0.0222464
      vertex 0.00132275 -0.102081 0.0134335
      vertex 0.00263309 -0.102081 0.0132389
    endloop
  endfacet
  facet normal -0.0436989 -0.954562 0.29479
    outer loop
      vertex -0.00605583 -0.0934033 0.0614853
      vertex -0.0106916 -0.0955796 0.053751
      vertex -0.00537109 -0.0955796 0.0545397
    endloop
  endfacet
  facet normal -0.0120512 -0.969167 0.24611
    outer loop
      vertex 0 -0.0955796 0.0548038
      vertex -0.00463581 -0.097486 0.0470695
      vertex 0 -0.097486 0.0472965
    endloop
  endfacet
  facet normal 0.0146359 -0.954561 0.297655
    outer loop
      vertex 0.00605583 -0.0934033 0.0614853
      vertex 0 -0.0955796 0.0548038
      vertex 0.00537109 -0.0955796 0.0545397
    endloop
  endfacet
  facet normal 0.0436989 -0.954562 0.29479
    outer loop
      vertex 0.00605583 -0.0934033 0.0614853
      vertex 0.00537109 -0.0955796 0.0545397
      vertex 0.0106916 -0.0955796 0.053751
    endloop
  endfacet
  facet normal -0.119811 -0.934624 0.334849
    outer loop
      vertex -0.0197878 -0.0909772 0.0652313
      vertex -0.0260859 -0.0909772 0.0629778
      vertex -0.0179338 -0.0934033 0.059123
    endloop
  endfacet
  facet normal -0.0863635 -0.934642 0.344944
    outer loop
      vertex -0.013298 -0.0909772 0.0668573
      vertex -0.0179338 -0.0934033 0.059123
      vertex -0.0120525 -0.0934033 0.0605955
    endloop
  endfacet
  facet normal -0.0168533 -0.993405 0.113415
    outer loop
      vertex -0.00219059 -0.101412 0.0222464
      vertex -0.0060463 -0.100416 0.0303974
      vertex -0.0043602 -0.101412 0.021924
    endloop
  endfacet
  facet normal -0.0524157 -0.987813 0.146553
    outer loop
      vertex -0.0114183 -0.0991034 0.0376406
      vertex -0.0150528 -0.0991034 0.0363407
      vertex -0.00899696 -0.100416 0.0296593
    endloop
  endfacet
  facet normal -0.227853 -0.736562 -0.636836
    outer loop
      vertex -0.0241413 -0.0824466 -0.0795851
      vertex -0.031826 -0.0824466 -0.0768356
      vertex -0.0251446 -0.0792775 -0.0828915
    endloop
  endfacet
  facet normal -0.227862 -0.736554 -0.636842
    outer loop
      vertex -0.031826 -0.0824466 -0.0768356
      vertex -0.0331488 -0.0792775 -0.0800276
      vertex -0.0251446 -0.0792775 -0.0828915
    endloop
  endfacet
  facet normal -0.465818 -0.62338 -0.628022
    outer loop
      vertex -0.0549517 -0.0792775 -0.0669594
      vertex -0.0566149 -0.075994 -0.068985
      vertex -0.0495806 -0.075994 -0.0742025
    endloop
  endfacet
  facet normal -0.5279 -0.463337 -0.711786
    outer loop
      vertex -0.0495806 -0.075994 -0.0742025
      vertex -0.0577316 -0.0726304 -0.0703468
      vertex -0.050559 -0.0726304 -0.0756664
    endloop
  endfacet
  facet normal -0.401968 0.623382 -0.670684
    outer loop
      vertex -0.0420685 -0.0590062 -0.0787048
      vertex -0.0495806 -0.0590062 -0.0742025
      vertex -0.0481243 -0.0557227 -0.0720234
    endloop
  endfacet
  facet normal -0.740949 0 -0.671561
    outer loop
      vertex -0.0649748 -0.0692162 -0.0649748
      vertex -0.0710306 -0.0657849 -0.0582933
      vertex -0.0649748 -0.0657849 -0.0649748
    endloop
  endfacet
  facet normal -0.740949 -0 -0.671561
    outer loop
      vertex -0.0710306 -0.0657849 -0.0582933
      vertex -0.0649748 -0.0692162 -0.0649748
      vertex -0.0710306 -0.0692162 -0.0582933
    endloop
  endfacet
  facet normal -0.378916 0.46334 -0.801086
    outer loop
      vertex -0.0348253 -0.0623708 -0.0840769
      vertex -0.0428982 -0.0623708 -0.0802584
      vertex -0.0420685 -0.0590062 -0.0787048
    endloop
  endfacet
  facet normal -0.656646 0.463294 -0.595126
    outer loop
      vertex -0.0643492 -0.0623708 -0.0643492
      vertex -0.0703468 -0.0623708 -0.0577316
      vertex -0.068985 -0.0590062 -0.0566149
    endloop
  endfacet
  facet normal -0.656599 0.463361 -0.595126
    outer loop
      vertex -0.0643492 -0.0623708 -0.0643492
      vertex -0.068985 -0.0590062 -0.0566149
      vertex -0.0631037 -0.0590062 -0.0631037
    endloop
  endfacet
  facet normal -0.336832 0 -0.941565
    outer loop
      vertex -0.0351639 -0.0692162 -0.0848942
      vertex -0.0266733 -0.0657849 -0.0879316
      vertex -0.0266733 -0.0692162 -0.0879316
    endloop
  endfacet
  facet normal -0.336832 0 -0.941565
    outer loop
      vertex -0.0266733 -0.0657849 -0.0879316
      vertex -0.0351639 -0.0692162 -0.0848942
      vertex -0.0351639 -0.0657849 -0.0848942
    endloop
  endfacet
  facet normal -0.514106 0 -0.857727
    outer loop
      vertex -0.0510502 -0.0692162 -0.0764027
      vertex -0.0433159 -0.0657849 -0.0810385
      vertex -0.0433159 -0.0692162 -0.0810385
    endloop
  endfacet
  facet normal -0.514106 0 -0.857727
    outer loop
      vertex -0.0433159 -0.0657849 -0.0810385
      vertex -0.0510502 -0.0692162 -0.0764027
      vertex -0.0510502 -0.0657849 -0.0764027
    endloop
  endfacet
  facet normal -0.235276 0.250593 -0.939068
    outer loop
      vertex -0.0177536 -0.0623708 -0.0892553
      vertex -0.0266733 -0.0657849 -0.0879316
      vertex -0.0264168 -0.0623708 -0.0870848
    endloop
  endfacet
  facet normal -0.235283 0.250614 -0.93906
    outer loop
      vertex -0.0179262 -0.0657849 -0.0901232
      vertex -0.0266733 -0.0657849 -0.0879316
      vertex -0.0177536 -0.0623708 -0.0892553
    endloop
  endfacet
  facet normal -0.289209 0.736465 -0.611537
    outer loop
      vertex -0.0331488 -0.0557227 -0.0800276
      vertex -0.0392046 -0.0525527 -0.0733461
      vertex -0.031826 -0.0525527 -0.0768356
    endloop
  endfacet
  facet normal -0.289284 0.736403 -0.611576
    outer loop
      vertex -0.0331488 -0.0557227 -0.0800276
      vertex -0.0408325 -0.0557227 -0.0763931
      vertex -0.0392046 -0.0525527 -0.0733461
    endloop
  endfacet
  facet normal -0.298028 0.814771 -0.49732
    outer loop
      vertex -0.0392046 -0.0525527 -0.0733461
      vertex -0.0413831 -0.0495276 -0.0670845
      vertex -0.0394686 -0.0496075 -0.0683627
    endloop
  endfacet
  facet normal -0.298031 0.814768 -0.497324
    outer loop
      vertex -0.0392046 -0.0525527 -0.0733461
      vertex -0.0385127 -0.0495276 -0.0688047
      vertex -0.0371981 -0.0495276 -0.0695925
    endloop
  endfacet
  facet normal -0.298054 0.81476 -0.497323
    outer loop
      vertex -0.0413831 -0.0495276 -0.0670845
      vertex -0.0392046 -0.0525527 -0.0733461
      vertex -0.0438404 -0.0495276 -0.0656118
    endloop
  endfacet
  facet normal -0.298058 0.814763 -0.497316
    outer loop
      vertex -0.0385127 -0.0495276 -0.0688047
      vertex -0.0392046 -0.0525527 -0.0733461
      vertex -0.0394686 -0.0496075 -0.0683627
    endloop
  endfacet
  facet normal 0.0475074 0.2505 -0.96695
    outer loop
      vertex 0.0090065 -0.0657849 -0.0914459
      vertex 0 -0.0657849 -0.0918884
      vertex 0.00891972 -0.0623708 -0.0905657
    endloop
  endfacet
  facet normal 0.038322 0.623351 -0.781002
    outer loop
      vertex 0.0087471 -0.0590062 -0.0888128
      vertex 0 -0.0590062 -0.089242
      vertex 0 -0.0557227 -0.0866213
    endloop
  endfacet
  facet normal 0.215376 0.463284 -0.85964
    outer loop
      vertex 0.0264168 -0.0623708 -0.0870848
      vertex 0.0177536 -0.0623708 -0.0892553
      vertex 0.0259056 -0.0590062 -0.0853996
    endloop
  endfacet
  facet normal 0.298493 0.463285 -0.834428
    outer loop
      vertex 0.0264168 -0.0623708 -0.0870848
      vertex 0.0259056 -0.0590062 -0.0853996
      vertex 0.0348253 -0.0623708 -0.0840769
    endloop
  endfacet
  facet normal -0.830353 0.250621 -0.497698
    outer loop
      vertex -0.0764027 -0.0657849 -0.0510502
      vertex -0.0810385 -0.0657849 -0.0433159
      vertex -0.0802584 -0.0623708 -0.0428982
    endloop
  endfacet
  facet normal -0.87513 0.250605 -0.413938
    outer loop
      vertex -0.0810385 -0.0657849 -0.0433159
      vertex -0.0840769 -0.0623708 -0.0348253
      vertex -0.0802584 -0.0623708 -0.0428982
    endloop
  endfacet
  facet normal 0.650112 -0.250621 -0.717317
    outer loop
      vertex 0.0643492 -0.0726304 -0.0643492
      vertex 0.0577316 -0.0726304 -0.0703468
      vertex 0.0582933 -0.0692162 -0.0710306
    endloop
  endfacet
  facet normal 0.576707 -0.25061 -0.777563
    outer loop
      vertex 0.0577316 -0.0726304 -0.0703468
      vertex 0.0510502 -0.0692162 -0.0764027
      vertex 0.0582933 -0.0692162 -0.0710306
    endloop
  endfacet
  facet normal 0.525143 -0.623327 -0.579387
    outer loop
      vertex 0.0612507 -0.0792775 -0.0612507
      vertex 0.0566149 -0.075994 -0.068985
      vertex 0.0631037 -0.075994 -0.0631037
    endloop
  endfacet
  facet normal 0.595088 -0.463469 -0.656557
    outer loop
      vertex 0.0631037 -0.075994 -0.0631037
      vertex 0.0566149 -0.075994 -0.068985
      vertex 0.0643492 -0.0726304 -0.0643492
    endloop
  endfacet
  facet normal 0.298474 -0.463393 -0.834374
    outer loop
      vertex 0.0348253 -0.0726304 -0.0840769
      vertex 0.0259056 -0.075994 -0.0853996
      vertex 0.0264168 -0.0726304 -0.0870848
    endloop
  endfacet
  facet normal 0.215363 -0.463392 -0.859585
    outer loop
      vertex 0.0259056 -0.075994 -0.0853996
      vertex 0.0177536 -0.0726304 -0.0892553
      vertex 0.0264168 -0.0726304 -0.0870848
    endloop
  endfacet
  facet normal 0.0206332 -0.907243 -0.420101
    outer loop
      vertex 0.00668144 -0.0909772 -0.0678387
      vertex 0 -0.088325 -0.0738945
      vertex 0.0072422 -0.088325 -0.0735388
    endloop
  endfacet
  facet normal 0.0206228 -0.907247 -0.420092
    outer loop
      vertex 0.00668144 -0.0909772 -0.0678387
      vertex 0 -0.0909772 -0.0681667
      vertex 0 -0.088325 -0.0738945
    endloop
  endfacet
  facet normal 0.0850521 -0.814711 -0.573596
    outer loop
      vertex 0.0153942 -0.0854726 -0.0773945
      vertex 0.0077343 -0.0854726 -0.0785303
      vertex 0.00815105 -0.0824466 -0.0827665
    endloop
  endfacet
  facet normal 0.0725739 -0.86901 -0.489442
    outer loop
      vertex 0.0153942 -0.0854726 -0.0773945
      vertex 0.0072422 -0.088325 -0.0735388
      vertex 0.0077343 -0.0854726 -0.0785303
    endloop
  endfacet
  facet normal -0.215274 -0.463541 -0.859527
    outer loop
      vertex -0.0174103 -0.075994 -0.0875273
      vertex -0.0259056 -0.075994 -0.0853996
      vertex -0.0177536 -0.0726304 -0.0892553
    endloop
  endfacet
  facet normal -0.215363 -0.463392 -0.859585
    outer loop
      vertex -0.0259056 -0.075994 -0.0853996
      vertex -0.0264168 -0.0726304 -0.0870848
      vertex -0.0177536 -0.0726304 -0.0892553
    endloop
  endfacet
  facet normal 0.525081 0.623389 0.579376
    outer loop
      vertex 0.0612507 -0.0557227 0.0612507
      vertex 0.0549517 -0.0557227 0.0669594
      vertex 0.0566149 -0.0590062 0.068985
    endloop
  endfacet
  facet normal 0.465818 0.62338 0.628022
    outer loop
      vertex 0.0549517 -0.0557227 0.0669594
      vertex 0.0495806 -0.0590062 0.0742025
      vertex 0.0566149 -0.0590062 0.068985
    endloop
  endfacet
  facet normal 0.0725781 0.869018 0.489428
    outer loop
      vertex 0.0110123 -0.0495276 0.0780442
      vertex 0.00772609 -0.04948 0.078447
      vertex 0.0077343 -0.0495276 0.0785303
    endloop
  endfacet
  facet normal 0.0724731 0.869311 0.488923
    outer loop
      vertex 0.0152259 -0.0494688 0.0773149
      vertex 0.0143094 -0.0495276 0.0775553
      vertex 0.0153942 -0.0495276 0.0773945
    endloop
  endfacet
  facet normal 0.0331752 0.736402 0.675731
    outer loop
      vertex 0.00815105 -0.0525527 0.0827665
      vertex 0 -0.0557227 0.0866213
      vertex 0.00848961 -0.0557227 0.0862045
    endloop
  endfacet
  facet normal 0.0331243 0.736459 0.67567
    outer loop
      vertex 0 -0.0525527 0.0831661
      vertex 0 -0.0557227 0.0866213
      vertex 0.00815105 -0.0525527 0.0827665
    endloop
  endfacet
  facet normal 0.0850864 0.814754 0.57353
    outer loop
      vertex 0.0153942 -0.0495276 0.0773945
      vertex 0.00815105 -0.0525527 0.0827665
      vertex 0.0162249 -0.0525527 0.0815687
    endloop
  endfacet
  facet normal 0.140881 0.814756 0.562428
    outer loop
      vertex 0.0162249 -0.0525527 0.0815687
      vertex 0.0181616 -0.0495276 0.0767013
      vertex 0.0153942 -0.0495276 0.0773945
    endloop
  endfacet
  facet normal 0.140856 0.814764 0.562423
    outer loop
      vertex 0.0162249 -0.0525527 0.0815687
      vertex 0.0201239 -0.0495968 0.0763101
      vertex 0.0181616 -0.0495276 0.0767013
    endloop
  endfacet
  facet normal 0.141122 0.814632 0.562546
    outer loop
      vertex 0.0162249 -0.0525527 0.0815687
      vertex 0.0204306 -0.0496076 0.0762488
      vertex 0.0201239 -0.0495968 0.0763101
    endloop
  endfacet
  facet normal 0.140889 0.814753 0.56243
    outer loop
      vertex 0.0162249 -0.0525527 0.0815687
      vertex 0.0207249 -0.0495838 0.0761406
      vertex 0.0204306 -0.0496076 0.0762488
    endloop
  endfacet
  facet normal 0.140744 0.814832 0.562352
    outer loop
      vertex 0.0162249 -0.0525527 0.0815687
      vertex 0.0214184 -0.0495276 0.0758856
      vertex 0.0207249 -0.0495838 0.0761406
    endloop
  endfacet
  facet normal 0.140883 0.81475 0.562435
    outer loop
      vertex 0.0214184 -0.0495276 0.0758856
      vertex 0.0162249 -0.0525527 0.0815687
      vertex 0.0229063 -0.0495276 0.0755129
    endloop
  endfacet
  facet normal 0.656605 -0.463402 0.595088
    outer loop
      vertex 0.0703468 -0.0726304 0.0577316
      vertex 0.0643492 -0.0726304 0.0643492
      vertex 0.068985 -0.075994 0.0566149
    endloop
  endfacet
  facet normal 0.525143 -0.623327 0.579387
    outer loop
      vertex 0.0631037 -0.075994 0.0631037
      vertex 0.0566149 -0.075994 0.068985
      vertex 0.0612507 -0.0792775 0.0612507
    endloop
  endfacet
  facet normal 0.628022 -0.62338 0.465818
    outer loop
      vertex 0.068985 -0.075994 0.0566149
      vertex 0.0669594 -0.0792775 0.0549517
      vertex 0.0742025 -0.075994 0.0495806
    endloop
  endfacet
  facet normal 0.595088 -0.463469 0.656557
    outer loop
      vertex 0.0643492 -0.0726304 0.0643492
      vertex 0.0566149 -0.075994 0.068985
      vertex 0.0631037 -0.075994 0.0631037
    endloop
  endfacet
  facet normal 0.455611 -0.463334 0.760092
    outer loop
      vertex 0.050559 -0.0726304 0.0756664
      vertex 0.0428982 -0.0726304 0.0802584
      vertex 0.0495806 -0.075994 0.0742025
    endloop
  endfacet
  facet normal 0.514106 0 0.857727
    outer loop
      vertex 0.0433159 -0.0657849 0.0810385
      vertex 0.0510502 -0.0692162 0.0764027
      vertex 0.0510502 -0.0657849 0.0764027
    endloop
  endfacet
  facet normal 0.514106 0 0.857727
    outer loop
      vertex 0.0510502 -0.0692162 0.0764027
      vertex 0.0433159 -0.0657849 0.0810385
      vertex 0.0433159 -0.0692162 0.0810385
    endloop
  endfacet
  facet normal 0.298548 0.463483 0.834298
    outer loop
      vertex 0.0341511 -0.0590062 0.082449
      vertex 0.0259056 -0.0590062 0.0853996
      vertex 0.0348253 -0.0623708 0.0840769
    endloop
  endfacet
  facet normal 0.378822 0.463481 0.801049
    outer loop
      vertex 0.0420685 -0.0590062 0.0787048
      vertex 0.0341511 -0.0590062 0.082449
      vertex 0.0348253 -0.0623708 0.0840769
    endloop
  endfacet
  facet normal 0.773491 0.623329 0.114775
    outer loop
      vertex 0.0888128 -0.0590062 0.0087471
      vertex 0.0849571 -0.0557227 0.0168991
      vertex 0.0875273 -0.0590062 0.0174103
    endloop
  endfacet
  facet normal 0.758532 0.623328 0.189979
    outer loop
      vertex 0.0875273 -0.0590062 0.0174103
      vertex 0.0849571 -0.0557227 0.0168991
      vertex 0.0853996 -0.0590062 0.0259056
    endloop
  endfacet
  facet normal 0.67567 0.736459 0.0331243
    outer loop
      vertex 0.0831661 -0.0525527 0
      vertex 0.0827665 -0.0525527 0.00815105
      vertex 0.0866213 -0.0557227 0
    endloop
  endfacet
  facet normal 0.67567 0.736459 -0.0331243
    outer loop
      vertex 0.0866213 -0.0557227 0
      vertex 0.0827665 -0.0525527 -0.00815105
      vertex 0.0831661 -0.0525527 0
    endloop
  endfacet
  facet normal 0.669097 -0.736516 0.0992642
    outer loop
      vertex 0.0849571 -0.0792775 0.0168991
      vertex 0.0815687 -0.0824466 0.0162249
      vertex 0.0827665 -0.0824466 0.00815105
    endloop
  endfacet
  facet normal 0.656144 -0.736517 0.164372
    outer loop
      vertex 0.0828915 -0.0792775 0.0251446
      vertex 0.0815687 -0.0824466 0.0162249
      vertex 0.0849571 -0.0792775 0.0168991
    endloop
  endfacet
  facet normal 0.966918 -0.250636 -0.0474477
    outer loop
      vertex 0.0910034 -0.0726304 0
      vertex 0.0905657 -0.0726304 -0.00891972
      vertex 0.0918884 -0.0692162 0
    endloop
  endfacet
  facet normal 0.966952 -0.250493 -0.0475075
    outer loop
      vertex 0.0918884 -0.0692162 0
      vertex 0.0905657 -0.0726304 -0.00891972
      vertex 0.0914459 -0.0692162 -0.0090065
    endloop
  endfacet
  facet normal 0.966918 -0.250636 0.0474477
    outer loop
      vertex 0.0918884 -0.0692162 0
      vertex 0.0905657 -0.0726304 0.00891972
      vertex 0.0910034 -0.0726304 0
    endloop
  endfacet
  facet normal 0.966952 -0.250493 0.0475075
    outer loop
      vertex 0.0914459 -0.0692162 0.0090065
      vertex 0.0905657 -0.0726304 0.00891972
      vertex 0.0918884 -0.0692162 0
    endloop
  endfacet
  facet normal 0.830327 0.25068 0.497711
    outer loop
      vertex 0.0802584 -0.0623708 0.0428982
      vertex 0.0756664 -0.0623708 0.050559
      vertex 0.0764027 -0.0657849 0.0510502
    endloop
  endfacet
  facet normal 0.760141 0.463226 0.45564
    outer loop
      vertex 0.0802584 -0.0623708 0.0428982
      vertex 0.0742025 -0.0590062 0.0495806
      vertex 0.0756664 -0.0623708 0.050559
    endloop
  endfacet
  facet normal 0.903985 -0 0.427563
    outer loop
      vertex 0.0810385 -0.0692162 0.0433159
      vertex 0.0848942 -0.0657849 0.0351639
      vertex 0.0810385 -0.0657849 0.0433159
    endloop
  endfacet
  facet normal 0.903985 0 0.427563
    outer loop
      vertex 0.0848942 -0.0657849 0.0351639
      vertex 0.0810385 -0.0692162 0.0433159
      vertex 0.0848942 -0.0692162 0.0351639
    endloop
  endfacet
  facet normal 0.875151 0.250554 0.413925
    outer loop
      vertex 0.0840769 -0.0623708 0.0348253
      vertex 0.0810385 -0.0657849 0.0433159
      vertex 0.0848942 -0.0657849 0.0351639
    endloop
  endfacet
  facet normal 0.801049 0.463481 0.378822
    outer loop
      vertex 0.082449 -0.0590062 0.0341511
      vertex 0.0787048 -0.0590062 0.0420685
      vertex 0.0840769 -0.0623708 0.0348253
    endloop
  endfacet
  facet normal 0.706892 0.623338 0.334295
    outer loop
      vertex 0.0800276 -0.0557227 0.0331488
      vertex 0.0787048 -0.0590062 0.0420685
      vertex 0.082449 -0.0590062 0.0341511
    endloop
  endfacet
  facet normal -0.0237801 0.869558 -0.493258
    outer loop
      vertex 0 -0.0495276 -0.0789108
      vertex -4.87982e-05 -0.0495084 -0.0788746
      vertex 0 -0.0495082 -0.0788766
    endloop
  endfacet
  facet normal -0.0243137 0.869017 -0.494185
    outer loop
      vertex -0.0071861 -0.0495192 -0.0785425
      vertex -0.0077343 -0.0495276 -0.0785303
      vertex -0.00772609 -0.04948 -0.078447
    endloop
  endfacet
  facet normal -0.0243145 0.868987 -0.494238
    outer loop
      vertex -0.0077343 -0.0495276 -0.0785303
      vertex -0.0071861 -0.0495192 -0.0785425
      vertex -0.00706961 -0.0495276 -0.078563
    endloop
  endfacet
  facet normal -0.0242897 0.869247 -0.49378
    outer loop
      vertex 0 -0.0495276 -0.0789108
      vertex -0.00399664 -0.0495276 -0.0787142
      vertex -4.87982e-05 -0.0495084 -0.0788746
    endloop
  endfacet
  facet normal 0.579387 0.623327 -0.525143
    outer loop
      vertex 0.0631037 -0.0590062 -0.0631037
      vertex 0.0612507 -0.0557227 -0.0612507
      vertex 0.068985 -0.0590062 -0.0566149
    endloop
  endfacet
  facet normal 0.525143 0.623327 -0.579387
    outer loop
      vertex 0.0631037 -0.0590062 -0.0631037
      vertex 0.0566149 -0.0590062 -0.068985
      vertex 0.0612507 -0.0557227 -0.0612507
    endloop
  endfacet
  facet normal 0.45564 0.463226 -0.760141
    outer loop
      vertex 0.050559 -0.0623708 -0.0756664
      vertex 0.0428982 -0.0623708 -0.0802584
      vertex 0.0495806 -0.0590062 -0.0742025
    endloop
  endfacet
  facet normal 0.527934 0.463229 -0.711832
    outer loop
      vertex 0.050559 -0.0623708 -0.0756664
      vertex 0.0495806 -0.0590062 -0.0742025
      vertex 0.0577316 -0.0623708 -0.0703468
    endloop
  endfacet
  facet normal 0.413939 -0.250598 -0.875131
    outer loop
      vertex 0.0428982 -0.0726304 -0.0802584
      vertex 0.0348253 -0.0726304 -0.0840769
      vertex 0.0433159 -0.0692162 -0.0810385
    endloop
  endfacet
  facet normal 0.497699 -0.250615 -0.830354
    outer loop
      vertex 0.0510502 -0.0692162 -0.0764027
      vertex 0.0428982 -0.0726304 -0.0802584
      vertex 0.0433159 -0.0692162 -0.0810385
    endloop
  endfacet
  facet normal 0.413925 0.250554 -0.875151
    outer loop
      vertex 0.0351639 -0.0657849 -0.0848942
      vertex 0.0348253 -0.0623708 -0.0840769
      vertex 0.0433159 -0.0657849 -0.0810385
    endloop
  endfacet
  facet normal 0.0724405 0.869286 -0.488973
    outer loop
      vertex 0.0153942 -0.0495276 -0.0773945
      vertex 0.0152259 -0.0494688 -0.0773149
      vertex 0.0153708 -0.0494595 -0.0772769
    endloop
  endfacet
  facet normal 0.0243137 0.869017 -0.494185
    outer loop
      vertex 0.0077343 -0.0495276 -0.0785303
      vertex 0.0071861 -0.0495192 -0.0785425
      vertex 0.00772609 -0.04948 -0.078447
    endloop
  endfacet
  facet normal 0.0243145 0.868987 -0.494238
    outer loop
      vertex 0.0071861 -0.0495192 -0.0785425
      vertex 0.0077343 -0.0495276 -0.0785303
      vertex 0.00706961 -0.0495276 -0.078563
    endloop
  endfacet
  facet normal 0.0242897 0.869247 -0.49378
    outer loop
      vertex 0.00399664 -0.0495276 -0.0787142
      vertex 0 -0.0495276 -0.0789108
      vertex 4.87982e-05 -0.0495084 -0.0788746
    endloop
  endfacet
  facet normal 0.247895 0.814766 -0.524123
    outer loop
      vertex 0.0392046 -0.0525527 -0.0733461
      vertex 0.0350227 -0.0495276 -0.0706214
      vertex 0.0371981 -0.0495276 -0.0695925
    endloop
  endfacet
  facet normal 0.247852 0.814749 -0.52417
    outer loop
      vertex 0.0350227 -0.0495276 -0.0706214
      vertex 0.0392046 -0.0525527 -0.0733461
      vertex 0.0336369 -0.0496045 -0.0713962
    endloop
  endfacet
  facet normal 0.24791 0.814795 -0.52407
    outer loop
      vertex 0.0392046 -0.0525527 -0.0733461
      vertex 0.0319758 -0.0495276 -0.0720624
      vertex 0.0333639 -0.0496196 -0.0715488
    endloop
  endfacet
  facet normal 0.247882 0.814758 -0.524141
    outer loop
      vertex 0.0319758 -0.0495276 -0.0720624
      vertex 0.0392046 -0.0525527 -0.0733461
      vertex 0.0301971 -0.0495276 -0.0729036
    endloop
  endfacet
  facet normal 0.247892 0.814781 -0.524101
    outer loop
      vertex 0.0336369 -0.0496045 -0.0713962
      vertex 0.0392046 -0.0525527 -0.0733461
      vertex 0.0333639 -0.0496196 -0.0715488
    endloop
  endfacet
  facet normal 0.24788 0.814755 -0.524146
    outer loop
      vertex 0.031826 -0.0525527 -0.0768356
      vertex 0.0301971 -0.0495276 -0.0729036
      vertex 0.0392046 -0.0525527 -0.0733461
    endloop
  endfacet
  facet normal 0.488923 0.869311 -0.0724731
    outer loop
      vertex 0.0773945 -0.0495276 -0.0153942
      vertex 0.0773149 -0.0494688 -0.0152259
      vertex 0.0775553 -0.0495276 -0.0143094
    endloop
  endfacet
  facet normal 0.489428 0.869018 -0.0725781
    outer loop
      vertex 0.0785303 -0.0495276 -0.0077343
      vertex 0.0780442 -0.0495276 -0.0110123
      vertex 0.078447 -0.04948 -0.00772609
    endloop
  endfacet
  facet normal 0.488973 0.869286 -0.0724405
    outer loop
      vertex 0.0773945 -0.0495276 -0.0153942
      vertex 0.0772769 -0.0494595 -0.0153708
      vertex 0.0773149 -0.0494688 -0.0152259
    endloop
  endfacet
  facet normal 0.656245 0.736421 -0.164397
    outer loop
      vertex 0.0828915 -0.0557227 -0.0251446
      vertex 0.0815687 -0.0525527 -0.0162249
      vertex 0.0849571 -0.0557227 -0.0168991
    endloop
  endfacet
  facet normal 0.75847 0.623394 -0.190006
    outer loop
      vertex 0.0853996 -0.0590062 -0.0259056
      vertex 0.0828915 -0.0557227 -0.0251446
      vertex 0.0849571 -0.0557227 -0.0168991
    endloop
  endfacet
  facet normal 0.447277 -0.869013 -0.211567
    outer loop
      vertex 0.0682697 -0.088325 -0.0282784
      vertex 0.0651693 -0.088325 -0.034833
      vertex 0.0695925 -0.0854726 -0.0371981
    endloop
  endfacet
  facet normal 0.465876 -0.868999 -0.166732
    outer loop
      vertex 0.0755129 -0.0854726 -0.0229063
      vertex 0.0682697 -0.088325 -0.0282784
      vertex 0.0729036 -0.0854726 -0.0301971
    endloop
  endfacet
  facet normal 0.875131 -0.250598 -0.413939
    outer loop
      vertex 0.0840769 -0.0726304 -0.0348253
      vertex 0.0802584 -0.0726304 -0.0428982
      vertex 0.0810385 -0.0692162 -0.0433159
    endloop
  endfacet
  facet normal 0.801035 -0.463448 -0.378891
    outer loop
      vertex 0.0840769 -0.0726304 -0.0348253
      vertex 0.0787048 -0.075994 -0.0420685
      vertex 0.0802584 -0.0726304 -0.0428982
    endloop
  endfacet
  facet normal 0.42975 -0.814627 -0.389484
    outer loop
      vertex 0.0609989 -0.0854726 -0.0500603
      vertex 0.0588074 -0.0824466 -0.0588074
      vertex 0.0642881 -0.0824466 -0.0527601
    endloop
  endfacet
  facet normal 0.501163 -0.736567 -0.454207
    outer loop
      vertex 0.0642881 -0.0824466 -0.0527601
      vertex 0.0588074 -0.0824466 -0.0588074
      vertex 0.0612507 -0.0792775 -0.0612507
    endloop
  endfacet
  facet normal 0.465854 -0.814625 -0.345494
    outer loop
      vertex 0.0656118 -0.0854726 -0.0438404
      vertex 0.0609989 -0.0854726 -0.0500603
      vertex 0.0642881 -0.0824466 -0.0527601
    endloop
  endfacet
  facet normal 0.465845 -0.81463 -0.345495
    outer loop
      vertex 0.0656118 -0.0854726 -0.0438404
      vertex 0.0642881 -0.0824466 -0.0527601
      vertex 0.06915 -0.0824466 -0.0462046
    endloop
  endfacet
  facet normal 0.736201 -0.623396 -0.263412
    outer loop
      vertex 0.0828915 -0.0792775 -0.0251446
      vertex 0.0800276 -0.0792775 -0.0331488
      vertex 0.0853996 -0.075994 -0.0259056
    endloop
  endfacet
  facet normal 0.524232 -0.814684 -0.247934
    outer loop
      vertex 0.0729036 -0.0854726 -0.0301971
      vertex 0.0695925 -0.0854726 -0.0371981
      vertex 0.0733461 -0.0824466 -0.0392046
    endloop
  endfacet
  facet normal -0.39668 0.869371 -0.294685
    outer loop
      vertex -0.0609989 -0.0495276 -0.0500603
      vertex -0.0610061 -0.0494816 -0.0499149
      vertex -0.0609341 -0.04948 -0.0500071
    endloop
  endfacet
  facet normal -0.366429 0.869121 -0.332202
    outer loop
      vertex -0.0605534 -0.0495276 -0.0505517
      vertex -0.0609989 -0.0495276 -0.0500603
      vertex -0.0608753 -0.0494873 -0.0500912
    endloop
  endfacet
  facet normal -0.365998 0.869455 -0.331805
    outer loop
      vertex -0.0557976 -0.0495276 -0.0557976
      vertex -0.0584118 -0.0495276 -0.052914
      vertex -0.0557743 -0.0495089 -0.0557743
    endloop
  endfacet
  facet normal -0.465753 0.814712 -0.345427
    outer loop
      vertex -0.0642881 -0.0525527 -0.0527601
      vertex -0.06915 -0.0525527 -0.0462046
      vertex -0.0656118 -0.0495276 -0.0438404
    endloop
  endfacet
  facet normal -0.424533 0.868929 -0.25443
    outer loop
      vertex -0.0656118 -0.0495276 -0.0438404
      vertex -0.0670845 -0.0495276 -0.0413831
      vertex -0.0655114 -0.0494589 -0.0437733
    endloop
  endfacet
  facet normal -0.424429 0.869004 -0.254347
    outer loop
      vertex -0.0688047 -0.0495276 -0.0385127
      vertex -0.0695925 -0.0495276 -0.0371981
      vertex -0.0693896 -0.0494566 -0.0372941
    endloop
  endfacet
  facet normal -0.465604 0.869166 -0.166622
    outer loop
      vertex -0.0747012 -0.0495276 -0.0251745
      vertex -0.0755129 -0.0495276 -0.0229063
      vertex -0.0753241 -0.0494533 -0.0230463
    endloop
  endfacet
  facet normal -0.465849 0.869013 -0.166736
    outer loop
      vertex -0.0729036 -0.0495276 -0.0301971
      vertex -0.073566 -0.0495276 -0.0283464
      vertex -0.0727663 -0.0494431 -0.0301403
    endloop
  endfacet
  facet normal -0.447306 0.869003 -0.211544
    outer loop
      vertex -0.0720624 -0.0495276 -0.0319758
      vertex -0.0729036 -0.0495276 -0.0301971
      vertex -0.0727663 -0.0494431 -0.0301403
    endloop
  endfacet
  facet normal -0.447358 0.868966 -0.211587
    outer loop
      vertex -0.0695925 -0.0495276 -0.0371981
      vertex -0.0706214 -0.0495276 -0.0350227
      vertex -0.0695581 -0.0494534 -0.0369661
    endloop
  endfacet
  facet normal -0.736227 0.623347 -0.263454
    outer loop
      vertex -0.082449 -0.0590062 -0.0341511
      vertex -0.0853996 -0.0590062 -0.0259056
      vertex -0.0800276 -0.0557227 -0.0331488
    endloop
  endfacet
  facet normal -0.706892 0.623338 -0.334295
    outer loop
      vertex -0.0787048 -0.0590062 -0.0420685
      vertex -0.082449 -0.0590062 -0.0341511
      vertex -0.0800276 -0.0557227 -0.0331488
    endloop
  endfacet
  facet normal -0.611537 0.736465 -0.289209
    outer loop
      vertex -0.0733461 -0.0525527 -0.0392046
      vertex -0.0800276 -0.0557227 -0.0331488
      vertex -0.0768356 -0.0525527 -0.031826
    endloop
  endfacet
  facet normal -0.611576 0.736403 -0.289284
    outer loop
      vertex -0.0763931 -0.0557227 -0.0408325
      vertex -0.0800276 -0.0557227 -0.0331488
      vertex -0.0733461 -0.0525527 -0.0392046
    endloop
  endfacet
  facet normal -0.966918 -0.250636 0.0474477
    outer loop
      vertex -0.0905657 -0.0726304 0.00891972
      vertex -0.0918884 -0.0692162 0
      vertex -0.0910034 -0.0726304 0
    endloop
  endfacet
  facet normal -0.966918 -0.250636 -0.0474477
    outer loop
      vertex -0.0910034 -0.0726304 0
      vertex -0.0918884 -0.0692162 0
      vertex -0.0905657 -0.0726304 -0.00891972
    endloop
  endfacet
  facet normal -0.966952 -0.250493 0.0475075
    outer loop
      vertex -0.0914459 -0.0692162 0.0090065
      vertex -0.0918884 -0.0692162 0
      vertex -0.0905657 -0.0726304 0.00891972
    endloop
  endfacet
  facet normal -0.957646 -0.250496 0.142009
    outer loop
      vertex -0.0901232 -0.0692162 0.0179262
      vertex -0.0914459 -0.0692162 0.0090065
      vertex -0.0905657 -0.0726304 0.00891972
    endloop
  endfacet
  facet normal -0.736201 -0.623396 0.263412
    outer loop
      vertex -0.0800276 -0.0792775 0.0331488
      vertex -0.0853996 -0.075994 0.0259056
      vertex -0.0828915 -0.0792775 0.0251446
    endloop
  endfacet
  facet normal -0.800997 -0.463589 0.378798
    outer loop
      vertex -0.0787048 -0.075994 0.0420685
      vertex -0.0840769 -0.0726304 0.0348253
      vertex -0.082449 -0.075994 0.0341511
    endloop
  endfacet
  facet normal -0.859527 -0.463541 0.215274
    outer loop
      vertex -0.0853996 -0.075994 0.0259056
      vertex -0.0892553 -0.0726304 0.0177536
      vertex -0.0875273 -0.075994 0.0174103
    endloop
  endfacet
  facet normal -0.758532 -0.623328 0.189979
    outer loop
      vertex -0.0853996 -0.075994 0.0259056
      vertex -0.0875273 -0.075994 0.0174103
      vertex -0.0849571 -0.0792775 0.0168991
    endloop
  endfacet
  facet normal -0.941565 0 0.336832
    outer loop
      vertex -0.0879316 -0.0692162 0.0266733
      vertex -0.0848942 -0.0657849 0.0351639
      vertex -0.0879316 -0.0657849 0.0266733
    endloop
  endfacet
  facet normal -0.941565 0 0.336832
    outer loop
      vertex -0.0848942 -0.0657849 0.0351639
      vertex -0.0879316 -0.0692162 0.0266733
      vertex -0.0848942 -0.0692162 0.0351639
    endloop
  endfacet
  facet normal -0.546084 -0.814627 0.195383
    outer loop
      vertex -0.0768356 -0.0824466 0.031826
      vertex -0.0795851 -0.0824466 0.0241413
      vertex -0.0755129 -0.0854726 0.0229063
    endloop
  endfacet
  facet normal -0.611482 -0.736499 0.28924
    outer loop
      vertex -0.0763931 -0.0792775 0.0408325
      vertex -0.0800276 -0.0792775 0.0331488
      vertex -0.0733461 -0.0824466 0.0392046
    endloop
  endfacet
  facet normal -0.801035 -0.463448 0.378891
    outer loop
      vertex -0.0802584 -0.0726304 0.0428982
      vertex -0.0840769 -0.0726304 0.0348253
      vertex -0.0787048 -0.075994 0.0420685
    endloop
  endfacet
  facet normal -0.760072 -0.463435 0.455541
    outer loop
      vertex -0.0742025 -0.075994 0.0495806
      vertex -0.0802584 -0.0726304 0.0428982
      vertex -0.0787048 -0.075994 0.0420685
    endloop
  endfacet
  facet normal -0.524232 -0.814684 -0.247934
    outer loop
      vertex -0.0729036 -0.0854726 -0.0301971
      vertex -0.0733461 -0.0824466 -0.0392046
      vertex -0.0695925 -0.0854726 -0.0371981
    endloop
  endfacet
  facet normal -0.52425 -0.814674 -0.247929
    outer loop
      vertex -0.0729036 -0.0854726 -0.0301971
      vertex -0.0768356 -0.0824466 -0.031826
      vertex -0.0733461 -0.0824466 -0.0392046
    endloop
  endfacet
  facet normal -0.65609 -0.73656 -0.164395
    outer loop
      vertex -0.0815687 -0.0824466 -0.0162249
      vertex -0.0828915 -0.0792775 -0.0251446
      vertex -0.0795851 -0.0824466 -0.0241413
    endloop
  endfacet
  facet normal -0.546006 -0.814673 -0.19541
    outer loop
      vertex -0.0755129 -0.0854726 -0.0229063
      vertex -0.0768356 -0.0824466 -0.031826
      vertex -0.0729036 -0.0854726 -0.0301971
    endloop
  endfacet
  facet normal -0.465854 -0.814625 -0.345494
    outer loop
      vertex -0.0609989 -0.0854726 -0.0500603
      vertex -0.0656118 -0.0854726 -0.0438404
      vertex -0.0642881 -0.0824466 -0.0527601
    endloop
  endfacet
  facet normal -0.465845 -0.81463 -0.345495
    outer loop
      vertex -0.0656118 -0.0854726 -0.0438404
      vertex -0.06915 -0.0824466 -0.0462046
      vertex -0.0642881 -0.0824466 -0.0527601
    endloop
  endfacet
  facet normal -0.28924 -0.736499 -0.611482
    outer loop
      vertex -0.0392046 -0.0824466 -0.0733461
      vertex -0.0408325 -0.0792775 -0.0763931
      vertex -0.0331488 -0.0792775 -0.0800276
    endloop
  endfacet
  facet normal -0.454208 -0.736559 -0.501175
    outer loop
      vertex -0.0527601 -0.0824466 -0.0642881
      vertex -0.0612507 -0.0792775 -0.0612507
      vertex -0.0549517 -0.0792775 -0.0669594
    endloop
  endfacet
  facet normal -0.40289 -0.736598 -0.543233
    outer loop
      vertex -0.0462046 -0.0824466 -0.06915
      vertex -0.0527601 -0.0824466 -0.0642881
      vertex -0.0481243 -0.0792775 -0.0720234
    endloop
  endfacet
  facet normal -0.366571 -0.869014 -0.332325
    outer loop
      vertex -0.0522509 -0.088325 -0.0522509
      vertex -0.0609989 -0.0854726 -0.0500603
      vertex -0.0557976 -0.0854726 -0.0557976
    endloop
  endfacet
  facet normal -0.429612 -0.814703 -0.389476
    outer loop
      vertex -0.0557976 -0.0854726 -0.0557976
      vertex -0.0609989 -0.0854726 -0.0500603
      vertex -0.0588074 -0.0824466 -0.0588074
    endloop
  endfacet
  facet normal -0.413938 0.250605 -0.87513
    outer loop
      vertex -0.0348253 -0.0623708 -0.0840769
      vertex -0.0433159 -0.0657849 -0.0810385
      vertex -0.0428982 -0.0623708 -0.0802584
    endloop
  endfacet
  facet normal -0.595088 -0.463402 -0.656605
    outer loop
      vertex -0.0566149 -0.075994 -0.068985
      vertex -0.0643492 -0.0726304 -0.0643492
      vertex -0.0577316 -0.0726304 -0.0703468
    endloop
  endfacet
  facet normal -0.105387 -0.969164 -0.222742
    outer loop
      vertex -0.022295 -0.097486 -0.0417118
      vertex -0.0258341 -0.0955796 -0.0483322
      vertex -0.0209723 -0.0955796 -0.0506325
    endloop
  endfacet
  facet normal -0.127456 -0.954561 -0.269384
    outer loop
      vertex -0.0258341 -0.0955796 -0.0483322
      vertex -0.0291243 -0.0934033 -0.0544872
      vertex -0.0209723 -0.0955796 -0.0506325
    endloop
  endfacet
  facet normal -0.0852318 -0.979937 -0.180165
    outer loop
      vertex -0.0185423 -0.0991034 -0.0346899
      vertex -0.022295 -0.097486 -0.0417118
      vertex -0.0150528 -0.0991034 -0.0363407
    endloop
  endfacet
  facet normal -0.102454 -0.979937 -0.170961
    outer loop
      vertex -0.0185423 -0.0991034 -0.0346899
      vertex -0.0262766 -0.097486 -0.0393257
      vertex -0.022295 -0.097486 -0.0417118
    endloop
  endfacet
  facet normal -0.0800311 -0.987814 -0.133487
    outer loop
      vertex -0.0172186 -0.100416 -0.0257702
      vertex -0.0218525 -0.0991034 -0.0327053
      vertex -0.0185423 -0.0991034 -0.0346899
    endloop
  endfacet
  facet normal -0.11869 -0.979941 -0.16009
    outer loop
      vertex -0.0249538 -0.0991034 -0.030406
      vertex -0.0262766 -0.097486 -0.0393257
      vertex -0.0218525 -0.0991034 -0.0327053
    endloop
  endfacet
  facet normal -0.165494 -0.969166 -0.182561
    outer loop
      vertex -0.0334435 -0.097486 -0.0334435
      vertex -0.0347672 -0.0955796 -0.0423641
      vertex -0.0300045 -0.097486 -0.036561
    endloop
  endfacet
  facet normal -0.146781 -0.969166 -0.197919
    outer loop
      vertex -0.0300045 -0.097486 -0.036561
      vertex -0.0347672 -0.0955796 -0.0423641
      vertex -0.0262766 -0.097486 -0.0393257
    endloop
  endfacet
  facet normal -0.197919 -0.969166 -0.146781
    outer loop
      vertex -0.0393257 -0.097486 -0.0262766
      vertex -0.0423641 -0.0955796 -0.0347672
      vertex -0.036561 -0.097486 -0.0300045
    endloop
  endfacet
  facet normal -0.182561 -0.969166 -0.165494
    outer loop
      vertex -0.036561 -0.097486 -0.0300045
      vertex -0.0423641 -0.0955796 -0.0347672
      vertex -0.0334435 -0.097486 -0.0334435
    endloop
  endfacet
  facet normal -0.407963 -0.907259 -0.102214
    outer loop
      vertex -0.0668573 -0.0909772 -0.013298
      vertex -0.070713 -0.088325 -0.02145
      vertex -0.0652313 -0.0909772 -0.0197878
    endloop
  endfacet
  facet normal -0.395992 -0.907257 -0.141689
    outer loop
      vertex -0.0652313 -0.0909772 -0.0197878
      vertex -0.070713 -0.088325 -0.02145
      vertex -0.0629778 -0.0909772 -0.0260859
    endloop
  endfacet
  facet normal -0.489442 -0.86901 -0.0725739
    outer loop
      vertex -0.0735388 -0.088325 -0.0072422
      vertex -0.0785303 -0.0854726 -0.0077343
      vertex -0.0773945 -0.0854726 -0.0153942
    endloop
  endfacet
  facet normal -0.494199 -0.869009 -0.0243128
    outer loop
      vertex -0.0735388 -0.088325 -0.0072422
      vertex -0.0789108 -0.0854726 0
      vertex -0.0785303 -0.0854726 -0.0077343
    endloop
  endfacet
  facet normal -0.351761 -0.934635 0.0521748
    outer loop
      vertex -0.0668573 -0.0909772 0.013298
      vertex -0.0678387 -0.0909772 0.00668144
      vertex -0.0614853 -0.0934033 0.00605583
    endloop
  endfacet
  facet normal -0.416059 -0.907241 0.0617119
    outer loop
      vertex -0.0668573 -0.0909772 0.013298
      vertex -0.0735388 -0.088325 0.0072422
      vertex -0.0678387 -0.0909772 0.00668144
    endloop
  endfacet
  facet normal -0.360764 -0.907252 0.216202
    outer loop
      vertex -0.0566788 -0.0909772 0.0378714
      vertex -0.0614414 -0.088325 0.0410538
      vertex -0.0601177 -0.0909772 0.0321331
    endloop
  endfacet
  facet normal -0.52425 -0.814674 0.247929
    outer loop
      vertex -0.0733461 -0.0824466 0.0392046
      vertex -0.0768356 -0.0824466 0.031826
      vertex -0.0729036 -0.0854726 0.0301971
    endloop
  endfacet
  facet normal -0.429612 -0.814703 0.389476
    outer loop
      vertex -0.0588074 -0.0824466 0.0588074
      vertex -0.0609989 -0.0854726 0.0500603
      vertex -0.0557976 -0.0854726 0.0557976
    endloop
  endfacet
  facet normal -0.332325 -0.869014 0.366571
    outer loop
      vertex -0.0500603 -0.0854726 0.0609989
      vertex -0.0557976 -0.0854726 0.0557976
      vertex -0.0522509 -0.088325 0.0522509
    endloop
  endfacet
  facet normal -0.497451 -0.81463 0.298194
    outer loop
      vertex -0.06915 -0.0824466 0.0462046
      vertex -0.0733461 -0.0824466 0.0392046
      vertex -0.0656118 -0.0854726 0.0438404
    endloop
  endfacet
  facet normal -0.497417 -0.814686 0.2981
    outer loop
      vertex -0.0656118 -0.0854726 0.0438404
      vertex -0.0733461 -0.0824466 0.0392046
      vertex -0.0695925 -0.0854726 0.0371981
    endloop
  endfacet
  facet normal -0.479952 -0.869019 0.120216
    outer loop
      vertex -0.0755129 -0.0854726 0.0229063
      vertex -0.0773945 -0.0854726 0.0153942
      vertex -0.070713 -0.088325 0.02145
    endloop
  endfacet
  facet normal -0.479928 -0.869037 0.120181
    outer loop
      vertex -0.070713 -0.088325 0.02145
      vertex -0.0773945 -0.0854726 0.0153942
      vertex -0.0724745 -0.088325 0.0144157
    endloop
  endfacet
  facet normal -0.211567 -0.869013 0.447277
    outer loop
      vertex -0.0282784 -0.088325 0.0682697
      vertex -0.0371981 -0.0854726 0.0695925
      vertex -0.034833 -0.088325 0.0651693
    endloop
  endfacet
  facet normal -0.254334 -0.869016 0.424411
    outer loop
      vertex -0.0371981 -0.0854726 0.0695925
      vertex -0.0410538 -0.088325 0.0614414
      vertex -0.034833 -0.088325 0.0651693
    endloop
  endfacet
  facet normal -0.17982 -0.907256 0.380198
    outer loop
      vertex -0.0282784 -0.088325 0.0682697
      vertex -0.0321331 -0.0909772 0.0601177
      vertex -0.0260859 -0.0909772 0.0629778
    endloop
  endfacet
  facet normal -0.182806 -0.934634 0.305026
    outer loop
      vertex -0.0291243 -0.0934033 0.0544872
      vertex -0.0378714 -0.0909772 0.0566788
      vertex -0.0343246 -0.0934033 0.0513706
    endloop
  endfacet
  facet normal -0.119814 -0.934625 0.334844
    outer loop
      vertex -0.0179338 -0.0934033 0.059123
      vertex -0.0260859 -0.0909772 0.0629778
      vertex -0.0236425 -0.0934033 0.0570803
    endloop
  endfacet
  facet normal -0.0617119 -0.907241 0.416059
    outer loop
      vertex -0.0072422 -0.088325 0.0735388
      vertex -0.013298 -0.0909772 0.0668573
      vertex -0.00668144 -0.0909772 0.0678387
    endloop
  endfacet
  facet normal -0.133841 -0.979938 0.147679
    outer loop
      vertex -0.0249538 -0.0991034 0.030406
      vertex -0.0300045 -0.097486 0.036561
      vertex -0.0278139 -0.0991034 0.0278139
    endloop
  endfacet
  facet normal -0.165494 -0.969166 0.182561
    outer loop
      vertex -0.0300045 -0.097486 0.036561
      vertex -0.0347672 -0.0955796 0.0423641
      vertex -0.0334435 -0.097486 0.0334435
    endloop
  endfacet
  facet normal -0.0524643 -0.987817 0.14651
    outer loop
      vertex -0.00899696 -0.100416 0.0296593
      vertex -0.0150528 -0.0991034 0.0363407
      vertex -0.0118599 -0.100416 0.0286341
    endloop
  endfacet
  facet normal -0.00766542 -0.987817 0.155429
    outer loop
      vertex 0 -0.100416 0.0309935
      vertex -0.00385475 -0.0991034 0.0391455
      vertex -0.00303745 -0.100416 0.0308437
    endloop
  endfacet
  facet normal -0.127441 -0.954556 0.269411
    outer loop
      vertex -0.0236425 -0.0934033 0.0570803
      vertex -0.0291243 -0.0934033 0.0544872
      vertex -0.0209723 -0.0955796 0.0506325
    endloop
  endfacet
  facet normal -0.153198 -0.954561 0.255623
    outer loop
      vertex -0.0291243 -0.0934033 0.0544872
      vertex -0.0343246 -0.0934033 0.0513706
      vertex -0.0258341 -0.0955796 0.0483322
    endloop
  endfacet
  facet normal -0.0183064 -0.997152 0.0731687
    outer loop
      vertex -0.00263309 -0.102081 0.0132389
      vertex -0.0043602 -0.101412 0.021924
      vertex -0.00391769 -0.102081 0.0129175
    endloop
  endfacet
  facet normal -0.0160195 -0.9993 0.0338107
    outer loop
      vertex -0.0017271 -0.102417 0.00417042
      vertex -0.00636292 -0.102081 0.0119047
      vertex -0.00212765 -0.102417 0.00398064
    endloop
  endfacet
  facet normal -0.00761387 -0.987814 0.155453
    outer loop
      vertex 0 -0.0991034 0.0393343
      vertex -0.00385475 -0.0991034 0.0391455
      vertex 0 -0.100416 0.0309935
    endloop
  endfacet
  facet normal -0.0484413 -0.97994 0.193314
    outer loop
      vertex -0.0092268 -0.097486 0.0463886
      vertex -0.0137291 -0.097486 0.0452604
      vertex -0.0114183 -0.0991034 0.0376406
    endloop
  endfacet
  facet normal -0.289098 -0.954557 0.0724047
    outer loop
      vertex -0.0524445 -0.0955796 0.0159082
      vertex -0.059123 -0.0934033 0.0179338
      vertex -0.053751 -0.0955796 0.0106916
    endloop
  endfacet
  facet normal -0.239041 -0.969162 0.059868
    outer loop
      vertex -0.0524445 -0.0955796 0.0159082
      vertex -0.053751 -0.0955796 0.0106916
      vertex -0.0463886 -0.097486 0.0092268
    endloop
  endfacet
  facet normal -0.23938 -0.954563 0.177499
    outer loop
      vertex -0.0423641 -0.0955796 0.0347672
      vertex -0.0513706 -0.0934033 0.0343246
      vertex -0.0455675 -0.0955796 0.030447
    endloop
  endfacet
  facet normal -0.269384 -0.954561 0.127456
    outer loop
      vertex -0.0483322 -0.0955796 0.0258341
      vertex -0.0544872 -0.0934033 0.0291243
      vertex -0.0506325 -0.0955796 0.0209723
    endloop
  endfacet
  facet normal -0.23938 -0.954556 0.177538
    outer loop
      vertex -0.0477591 -0.0934033 0.0391941
      vertex -0.0513706 -0.0934033 0.0343246
      vertex -0.0423641 -0.0955796 0.0347672
    endloop
  endfacet
  facet normal -0.285628 -0.934634 0.211838
    outer loop
      vertex -0.0477591 -0.0934033 0.0391941
      vertex -0.0566788 -0.0909772 0.0378714
      vertex -0.0513706 -0.0934033 0.0343246
    endloop
  endfacet
  facet normal -0.332277 -0.869035 0.366566
    outer loop
      vertex -0.0500603 -0.0854726 0.0609989
      vertex -0.0522509 -0.088325 0.0522509
      vertex -0.0468779 -0.088325 0.0571213
    endloop
  endfacet
  facet normal -0.337803 -0.907252 0.250564
    outer loop
      vertex -0.0526934 -0.0909772 0.0432444
      vertex -0.0614414 -0.088325 0.0410538
      vertex -0.0566788 -0.0909772 0.0378714
    endloop
  endfacet
  facet normal -0.10452 -0.987817 0.1153
    outer loop
      vertex -0.0196619 -0.100416 0.0239582
      vertex -0.0278139 -0.0991034 0.0278139
      vertex -0.0219154 -0.100416 0.0219154
    endloop
  endfacet
  facet normal -0.104512 -0.987815 0.115317
    outer loop
      vertex -0.0249538 -0.0991034 0.030406
      vertex -0.0278139 -0.0991034 0.0278139
      vertex -0.0196619 -0.100416 0.0239582
    endloop
  endfacet
  facet normal -0.12668 -0.969163 0.211366
    outer loop
      vertex -0.0258341 -0.0955796 0.0483322
      vertex -0.030447 -0.0955796 0.0455675
      vertex -0.0262766 -0.097486 0.0393257
    endloop
  endfacet
  facet normal -0.146772 -0.969163 0.197942
    outer loop
      vertex -0.030447 -0.0955796 0.0455675
      vertex -0.0347672 -0.0955796 0.0423641
      vertex -0.0262766 -0.097486 0.0393257
    endloop
  endfacet
  facet normal -0.153936 -0.987817 0.0228332
    outer loop
      vertex -0.0303974 -0.100416 0.0060463
      vertex -0.0391455 -0.0991034 0.00385475
      vertex -0.0308437 -0.100416 0.00303745
    endloop
  endfacet
  facet normal -0.036297 -0.9993 -0.0090813
    outer loop
      vertex -0.00442696 -0.102417 -0.000880241
      vertex -0.0132389 -0.102081 -0.00263309
      vertex -0.0129175 -0.102081 -0.00391769
    endloop
  endfacet
  facet normal -0.199058 -0.979939 0.00974959
    outer loop
      vertex -0.0391455 -0.0991034 0.00385475
      vertex -0.0470695 -0.097486 0.00463581
      vertex -0.0393343 -0.0991034 0
    endloop
  endfacet
  facet normal -0.24611 -0.969167 0.0120512
    outer loop
      vertex -0.0470695 -0.097486 0.00463581
      vertex -0.0548038 -0.0955796 0
      vertex -0.0472965 -0.097486 0
    endloop
  endfacet
  facet normal -0.650112 -0.250621 0.717317
    outer loop
      vertex -0.0582933 -0.0692162 0.0710306
      vertex -0.0643492 -0.0726304 0.0643492
      vertex -0.0577316 -0.0726304 0.0703468
    endloop
  endfacet
  facet normal -0.656605 -0.463402 0.595088
    outer loop
      vertex -0.0643492 -0.0726304 0.0643492
      vertex -0.0703468 -0.0726304 0.0577316
      vertex -0.068985 -0.075994 0.0566149
    endloop
  endfacet
  facet normal -0.656557 -0.463469 0.595088
    outer loop
      vertex -0.0643492 -0.0726304 0.0643492
      vertex -0.068985 -0.075994 0.0566149
      vertex -0.0631037 -0.075994 0.0631037
    endloop
  endfacet
  facet normal 0.0617119 -0.907241 0.416059
    outer loop
      vertex 0.0072422 -0.088325 0.0735388
      vertex 0.00668144 -0.0909772 0.0678387
      vertex 0.013298 -0.0909772 0.0668573
    endloop
  endfacet
  facet normal 0.0206332 -0.907243 0.420101
    outer loop
      vertex 0.0072422 -0.088325 0.0735388
      vertex 0 -0.088325 0.0738945
      vertex 0.00668144 -0.0909772 0.0678387
    endloop
  endfacet
  facet normal 0.119811 -0.934624 0.334849
    outer loop
      vertex 0.0197878 -0.0909772 0.0652313
      vertex 0.0179338 -0.0934033 0.059123
      vertex 0.0260859 -0.0909772 0.0629778
    endloop
  endfacet
  facet normal 0.141689 -0.907257 0.395992
    outer loop
      vertex 0.02145 -0.088325 0.070713
      vertex 0.0197878 -0.0909772 0.0652313
      vertex 0.0260859 -0.0909772 0.0629778
    endloop
  endfacet
  facet normal -0.298529 -0.463591 0.834244
    outer loop
      vertex -0.0259056 -0.075994 0.0853996
      vertex -0.0348253 -0.0726304 0.0840769
      vertex -0.0341511 -0.075994 0.082449
    endloop
  endfacet
  facet normal -0.263412 -0.623396 0.736201
    outer loop
      vertex -0.0259056 -0.075994 0.0853996
      vertex -0.0331488 -0.0792775 0.0800276
      vertex -0.0251446 -0.0792775 0.0828915
    endloop
  endfacet
  facet normal -0.334319 -0.623448 0.706784
    outer loop
      vertex -0.0331488 -0.0792775 0.0800276
      vertex -0.0420685 -0.075994 0.0787048
      vertex -0.0408325 -0.0792775 0.0763931
    endloop
  endfacet
  facet normal -0.28924 -0.736499 0.611482
    outer loop
      vertex -0.0331488 -0.0792775 0.0800276
      vertex -0.0408325 -0.0792775 0.0763931
      vertex -0.0392046 -0.0824466 0.0733461
    endloop
  endfacet
  facet normal 0.0434273 -0.463469 0.885048
    outer loop
      vertex 0 -0.0726304 0.0910034
      vertex 0 -0.075994 0.089242
      vertex 0.0087471 -0.075994 0.0888128
    endloop
  endfacet
  facet normal -0.114775 -0.623329 0.773491
    outer loop
      vertex -0.0087471 -0.075994 0.0888128
      vertex -0.0174103 -0.075994 0.0875273
      vertex -0.0168991 -0.0792775 0.0849571
    endloop
  endfacet
  facet normal -0.326073 0.250584 0.911528
    outer loop
      vertex -0.0264168 -0.0623708 0.0870848
      vertex -0.0348253 -0.0623708 0.0840769
      vertex -0.0266733 -0.0657849 0.0879316
    endloop
  endfacet
  facet normal -0.326088 0.250552 0.911532
    outer loop
      vertex -0.0348253 -0.0623708 0.0840769
      vertex -0.0351639 -0.0657849 0.0848942
      vertex -0.0266733 -0.0657849 0.0879316
    endloop
  endfacet
  facet normal -0.235284 -0.250607 0.939062
    outer loop
      vertex -0.0179262 -0.0692162 0.0901232
      vertex -0.0266733 -0.0692162 0.0879316
      vertex -0.0177536 -0.0726304 0.0892553
    endloop
  endfacet
  facet normal -0.14205 -0.250609 0.95761
    outer loop
      vertex -0.00891972 -0.0726304 0.0905657
      vertex -0.0179262 -0.0692162 0.0901232
      vertex -0.0177536 -0.0726304 0.0892553
    endloop
  endfacet
  facet normal 0.0475075 -0.250493 0.966952
    outer loop
      vertex 0.0090065 -0.0692162 0.0914459
      vertex 0 -0.0692162 0.0918884
      vertex 0.00891972 -0.0726304 0.0905657
    endloop
  endfacet
  facet normal -0.215288 0.463433 0.859582
    outer loop
      vertex -0.0174103 -0.0590062 0.0875273
      vertex -0.0259056 -0.0590062 0.0853996
      vertex -0.0177536 -0.0623708 0.0892553
    endloop
  endfacet
  facet normal -0.215376 0.463284 0.85964
    outer loop
      vertex -0.0259056 -0.0590062 0.0853996
      vertex -0.0264168 -0.0623708 0.0870848
      vertex -0.0177536 -0.0623708 0.0892553
    endloop
  endfacet
  facet normal -0.34561 0.8145 0.465986
    outer loop
      vertex -0.0449943 -0.0495549 0.0648037
      vertex -0.0438404 -0.0495276 0.0656118
      vertex -0.0447292 -0.0495276 0.0649526
    endloop
  endfacet
  facet normal -0.345028 0.815235 0.465131
    outer loop
      vertex -0.0452682 -0.0495829 0.0646496
      vertex -0.0438404 -0.0495276 0.0656118
      vertex -0.0449943 -0.0495549 0.0648037
    endloop
  endfacet
  facet normal -0.345427 0.814712 0.465752
    outer loop
      vertex -0.0452682 -0.0495829 0.0646496
      vertex -0.0527601 -0.0525527 0.0642881
      vertex -0.0438404 -0.0495276 0.0656118
    endloop
  endfacet
  facet normal -0.345436 0.814745 0.465688
    outer loop
      vertex -0.0455141 -0.0495765 0.064456
      vertex -0.0527601 -0.0525527 0.0642881
      vertex -0.0452682 -0.0495829 0.0646496
    endloop
  endfacet
  facet normal -0.345419 0.814696 0.465787
    outer loop
      vertex -0.0473736 -0.0495276 0.0629915
      vertex -0.0527601 -0.0525527 0.0642881
      vertex -0.0455141 -0.0495765 0.064456
    endloop
  endfacet
  facet normal -0.345431 0.814706 0.465758
    outer loop
      vertex -0.0527601 -0.0525527 0.0642881
      vertex -0.0473736 -0.0495276 0.0629915
      vertex -0.0500603 -0.0495276 0.0609989
    endloop
  endfacet
  facet normal -0.331805 0.869455 0.365998
    outer loop
      vertex -0.0557743 -0.0495089 0.0557743
      vertex -0.0557976 -0.0495276 0.0557976
      vertex -0.052914 -0.0495276 0.0584118
    endloop
  endfacet
  facet normal -0.332202 0.869121 0.366429
    outer loop
      vertex -0.0500912 -0.0494873 0.0608753
      vertex -0.0505517 -0.0495276 0.0605534
      vertex -0.0500603 -0.0495276 0.0609989
    endloop
  endfacet
  facet normal -0.389634 0.814541 0.429778
    outer loop
      vertex -0.0507173 -0.0495483 0.0604425
      vertex -0.0500603 -0.0495276 0.0609989
      vertex -0.0505517 -0.0495276 0.0605534
    endloop
  endfacet
  facet normal -0.389397 0.814806 0.429488
    outer loop
      vertex -0.0507173 -0.0495483 0.0604425
      vertex -0.0588074 -0.0525527 0.0588074
      vertex -0.0500603 -0.0495276 0.0609989
    endloop
  endfacet
  facet normal -0.389397 0.8148 0.4295
    outer loop
      vertex -0.0509475 -0.0495463 0.06023
      vertex -0.0588074 -0.0525527 0.0588074
      vertex -0.0507173 -0.0495483 0.0604425
    endloop
  endfacet
  facet normal -0.389396 0.814781 0.429537
    outer loop
      vertex -0.052914 -0.0495276 0.0584118
      vertex -0.0588074 -0.0525527 0.0588074
      vertex -0.0509475 -0.0495463 0.06023
    endloop
  endfacet
  facet normal -0.389399 0.814785 0.429528
    outer loop
      vertex -0.0588074 -0.0525527 0.0588074
      vertex -0.052914 -0.0495276 0.0584118
      vertex -0.0557976 -0.0495276 0.0557976
    endloop
  endfacet
  facet normal -0.0850864 0.814754 0.57353
    outer loop
      vertex -0.0153942 -0.0495276 0.0773945
      vertex -0.0162249 -0.0525527 0.0815687
      vertex -0.00815105 -0.0525527 0.0827665
    endloop
  endfacet
  facet normal -0.0992795 0.73642 0.6692
    outer loop
      vertex -0.0162249 -0.0525527 0.0815687
      vertex -0.0168991 -0.0557227 0.0849571
      vertex -0.00815105 -0.0525527 0.0827665
    endloop
  endfacet
  facet normal -0.227888 0.736466 0.636934
    outer loop
      vertex -0.0241413 -0.0525527 0.0795851
      vertex -0.031826 -0.0525527 0.0768356
      vertex -0.0251446 -0.0557227 0.0828915
    endloop
  endfacet
  facet normal -0.164421 0.736464 0.656191
    outer loop
      vertex -0.0241413 -0.0525527 0.0795851
      vertex -0.0251446 -0.0557227 0.0828915
      vertex -0.0162249 -0.0525527 0.0815687
    endloop
  endfacet
  facet normal 0.114727 -0.623395 0.773445
    outer loop
      vertex 0.0087471 -0.075994 0.0888128
      vertex 0.00848961 -0.0792775 0.0862045
      vertex 0.0168991 -0.0792775 0.0849571
    endloop
  endfacet
  facet normal 0.0383422 -0.623386 0.780974
    outer loop
      vertex 0.0087471 -0.075994 0.0888128
      vertex 0 -0.0792775 0.0866213
      vertex 0.00848961 -0.0792775 0.0862045
    endloop
  endfacet
  facet normal -0.298031 0.814768 0.497324
    outer loop
      vertex -0.0385127 -0.0495276 0.0688047
      vertex -0.0392046 -0.0525527 0.0733461
      vertex -0.0371981 -0.0495276 0.0695925
    endloop
  endfacet
  facet normal -0.298058 0.814763 0.497316
    outer loop
      vertex -0.0394686 -0.0496075 0.0683627
      vertex -0.0392046 -0.0525527 0.0733461
      vertex -0.0385127 -0.0495276 0.0688047
    endloop
  endfacet
  facet normal -0.298028 0.814771 0.49732
    outer loop
      vertex -0.0413831 -0.0495276 0.0670845
      vertex -0.0392046 -0.0525527 0.0733461
      vertex -0.0394686 -0.0496075 0.0683627
    endloop
  endfacet
  facet normal -0.298054 0.81476 0.497323
    outer loop
      vertex -0.0392046 -0.0525527 0.0733461
      vertex -0.0413831 -0.0495276 0.0670845
      vertex -0.0438404 -0.0495276 0.0656118
    endloop
  endfacet
  facet normal -0.247882 0.814758 0.524141
    outer loop
      vertex -0.0319758 -0.0495276 0.0720624
      vertex -0.0392046 -0.0525527 0.0733461
      vertex -0.0301971 -0.0495276 0.0729036
    endloop
  endfacet
  facet normal -0.24791 0.814795 0.52407
    outer loop
      vertex -0.0333639 -0.0496196 0.0715488
      vertex -0.0392046 -0.0525527 0.0733461
      vertex -0.0319758 -0.0495276 0.0720624
    endloop
  endfacet
  facet normal -0.247892 0.814781 0.524101
    outer loop
      vertex -0.0336369 -0.0496045 0.0713962
      vertex -0.0392046 -0.0525527 0.0733461
      vertex -0.0333639 -0.0496196 0.0715488
    endloop
  endfacet
  facet normal -0.247852 0.814749 0.52417
    outer loop
      vertex -0.0350227 -0.0495276 0.0706214
      vertex -0.0392046 -0.0525527 0.0733461
      vertex -0.0336369 -0.0496045 0.0713962
    endloop
  endfacet
  facet normal -0.247895 0.814766 0.524123
    outer loop
      vertex -0.0392046 -0.0525527 0.0733461
      vertex -0.0350227 -0.0495276 0.0706214
      vertex -0.0371981 -0.0495276 0.0695925
    endloop
  endfacet
  facet normal 0.28563 -0.934628 0.211865
    outer loop
      vertex 0.0526934 -0.0909772 0.0432444
      vertex 0.0477591 -0.0934033 0.0391941
      vertex 0.0566788 -0.0909772 0.0378714
    endloop
  endfacet
  facet normal 0.26353 -0.934629 0.238789
    outer loop
      vertex 0.0482016 -0.0909772 0.0482016
      vertex 0.0477591 -0.0934033 0.0391941
      vertex 0.0526934 -0.0909772 0.0432444
    endloop
  endfacet
  facet normal 0.133866 -0.979935 0.147672
    outer loop
      vertex 0.0300045 -0.097486 0.036561
      vertex 0.0278139 -0.0991034 0.0278139
      vertex 0.0334435 -0.097486 0.0334435
    endloop
  endfacet
  facet normal 0.146772 -0.969163 0.197942
    outer loop
      vertex 0.030447 -0.0955796 0.0455675
      vertex 0.0262766 -0.097486 0.0393257
      vertex 0.0347672 -0.0955796 0.0423641
    endloop
  endfacet
  facet normal 0.165517 -0.969163 0.182557
    outer loop
      vertex 0.0347672 -0.0955796 0.0423641
      vertex 0.0334435 -0.097486 0.0334435
      vertex 0.0387516 -0.0955796 0.0387516
    endloop
  endfacet
  facet normal 0.182557 -0.969163 0.165517
    outer loop
      vertex 0.0387516 -0.0955796 0.0387516
      vertex 0.0334435 -0.097486 0.0334435
      vertex 0.0423641 -0.0955796 0.0347672
    endloop
  endfacet
  facet normal 0.100404 -0.954557 0.280606
    outer loop
      vertex 0.0179338 -0.0934033 0.059123
      vertex 0.0159082 -0.0955796 0.0524445
      vertex 0.0209723 -0.0955796 0.0506325
    endloop
  endfacet
  facet normal 0.0830133 -0.969167 0.232002
    outer loop
      vertex 0.0159082 -0.0955796 0.0524445
      vertex 0.0137291 -0.097486 0.0452604
      vertex 0.0209723 -0.0955796 0.0506325
    endloop
  endfacet
  facet normal 0.179842 -0.907249 0.380206
    outer loop
      vertex 0.034833 -0.088325 0.0651693
      vertex 0.0282784 -0.088325 0.0682697
      vertex 0.0321331 -0.0909772 0.0601177
    endloop
  endfacet
  facet normal 0.211567 -0.869013 0.447277
    outer loop
      vertex 0.0371981 -0.0854726 0.0695925
      vertex 0.0282784 -0.088325 0.0682697
      vertex 0.034833 -0.088325 0.0651693
    endloop
  endfacet
  facet normal -0.321461 -0.934633 -0.152063
    outer loop
      vertex -0.0570803 -0.0934033 -0.0236425
      vertex -0.0601177 -0.0909772 -0.0321331
      vertex -0.0544872 -0.0934033 -0.0291243
    endloop
  endfacet
  facet normal -0.269411 -0.954556 -0.127441
    outer loop
      vertex -0.0506325 -0.0955796 -0.0209723
      vertex -0.0570803 -0.0934033 -0.0236425
      vertex -0.0544872 -0.0934033 -0.0291243
    endloop
  endfacet
  facet normal -0.197942 -0.969163 -0.146772
    outer loop
      vertex -0.0393257 -0.097486 -0.0262766
      vertex -0.0455675 -0.0955796 -0.030447
      vertex -0.0423641 -0.0955796 -0.0347672
    endloop
  endfacet
  facet normal -0.211366 -0.969163 -0.12668
    outer loop
      vertex -0.0393257 -0.097486 -0.0262766
      vertex -0.0483322 -0.0955796 -0.0258341
      vertex -0.0455675 -0.0955796 -0.030447
    endloop
  endfacet
  facet normal -0.170961 -0.979937 -0.102454
    outer loop
      vertex -0.0346899 -0.0991034 -0.0185423
      vertex -0.0417118 -0.097486 -0.022295
      vertex -0.0393257 -0.097486 -0.0262766
    endloop
  endfacet
  facet normal -0.170925 -0.97994 -0.102476
    outer loop
      vertex -0.0346899 -0.0991034 -0.0185423
      vertex -0.0393257 -0.097486 -0.0262766
      vertex -0.0327053 -0.0991034 -0.0218525
    endloop
  endfacet
  facet normal -0.103656 -0.993404 -0.0490241
    outer loop
      vertex -0.0197144 -0.101412 -0.0105371
      vertex -0.0286341 -0.100416 -0.0118599
      vertex -0.0273333 -0.100416 -0.0146103
    endloop
  endfacet
  facet normal -0.0370101 -0.9993 -0.0054964
    outer loop
      vertex -0.00442696 -0.102417 -0.000880241
      vertex -0.0134335 -0.102081 -0.00132275
      vertex -0.0132389 -0.102081 -0.00263309
    endloop
  endfacet
  facet normal -0.0731687 -0.997152 0.0183064
    outer loop
      vertex -0.0129175 -0.102081 0.00391769
      vertex -0.021924 -0.101412 0.0043602
      vertex -0.0132389 -0.102081 0.00263309
    endloop
  endfacet
  facet normal -0.153936 -0.987817 -0.0228332
    outer loop
      vertex -0.0308437 -0.100416 -0.00303745
      vertex -0.0391455 -0.0991034 -0.00385475
      vertex -0.0303974 -0.100416 -0.0060463
    endloop
  endfacet
  facet normal -0.0710181 -0.997151 0.025409
    outer loop
      vertex -0.0124712 -0.102081 0.0051651
      vertex -0.0213909 -0.101412 0.0064888
      vertex -0.0129175 -0.102081 0.00391769
    endloop
  endfacet
  facet normal -0.0110861 -0.997152 -0.0746045
    outer loop
      vertex -0.00263309 -0.102081 -0.0132389
      vertex -0.0043602 -0.101412 -0.021924
      vertex -0.00219059 -0.101412 -0.0222464
    endloop
  endfacet
  facet normal -0.0168533 -0.993405 -0.113415
    outer loop
      vertex -0.0043602 -0.101412 -0.021924
      vertex -0.0060463 -0.100416 -0.0303974
      vertex -0.00219059 -0.101412 -0.0222464
    endloop
  endfacet
  facet normal -0.0589416 -0.993404 -0.0983541
    outer loop
      vertex -0.0105371 -0.101412 -0.0197144
      vertex -0.0172186 -0.100416 -0.0257702
      vertex -0.0146103 -0.100416 -0.0273333
    endloop
  endfacet
  facet normal -0.050603 -0.997152 -0.0559214
    outer loop
      vertex -0.00954533 -0.102081 -0.00954533
      vertex -0.0141811 -0.101412 -0.0172796
      vertex -0.00856304 -0.102081 -0.0104342
    endloop
  endfacet
  facet normal -0.0665348 -0.987817 -0.140681
    outer loop
      vertex -0.0146103 -0.100416 -0.0273333
      vertex -0.0150528 -0.0991034 -0.0363407
      vertex -0.0118599 -0.100416 -0.0286341
    endloop
  endfacet
  facet normal -0.0524643 -0.987817 -0.14651
    outer loop
      vertex -0.0118599 -0.100416 -0.0286341
      vertex -0.0150528 -0.0991034 -0.0363407
      vertex -0.00899696 -0.100416 -0.0296593
    endloop
  endfacet
  facet normal -0.0484389 -0.979941 -0.193314
    outer loop
      vertex -0.00767326 -0.0991034 -0.038579
      vertex -0.0114183 -0.0991034 -0.0376406
      vertex -0.0092268 -0.097486 -0.0463886
    endloop
  endfacet
  facet normal -0.0378308 -0.987813 -0.150978
    outer loop
      vertex -0.00899696 -0.100416 -0.0296593
      vertex -0.0114183 -0.0991034 -0.0376406
      vertex -0.00767326 -0.0991034 -0.038579
    endloop
  endfacet
  facet normal -0.1153 -0.987817 -0.10452
    outer loop
      vertex -0.0239582 -0.100416 -0.0196619
      vertex -0.0278139 -0.0991034 -0.0278139
      vertex -0.0219154 -0.100416 -0.0219154
    endloop
  endfacet
  facet normal -0.115317 -0.987815 -0.104512
    outer loop
      vertex -0.0239582 -0.100416 -0.0196619
      vertex -0.030406 -0.0991034 -0.0249538
      vertex -0.0278139 -0.0991034 -0.0278139
    endloop
  endfacet
  facet normal -0.0598931 -0.969167 -0.239015
    outer loop
      vertex -0.0137291 -0.097486 -0.0452604
      vertex -0.0159082 -0.0955796 -0.0524445
      vertex -0.0092268 -0.097486 -0.0463886
    endloop
  endfacet
  facet normal -0.0484413 -0.97994 -0.193314
    outer loop
      vertex -0.0114183 -0.0991034 -0.0376406
      vertex -0.0137291 -0.097486 -0.0452604
      vertex -0.0092268 -0.097486 -0.0463886
    endloop
  endfacet
  facet normal 0.0436989 -0.954562 -0.29479
    outer loop
      vertex 0.0106916 -0.0955796 -0.053751
      vertex 0.00537109 -0.0955796 -0.0545397
      vertex 0.00605583 -0.0934033 -0.0614853
    endloop
  endfacet
  facet normal 0.0437453 -0.954553 -0.294815
    outer loop
      vertex 0.0106916 -0.0955796 -0.053751
      vertex 0.00605583 -0.0934033 -0.0614853
      vertex 0.0120525 -0.0934033 -0.0605955
    endloop
  endfacet
  facet normal 0.00761387 -0.987814 -0.155453
    outer loop
      vertex 0.00385475 -0.0991034 -0.0391455
      vertex 0 -0.100416 -0.0309935
      vertex 0 -0.0991034 -0.0393343
    endloop
  endfacet
  facet normal 0.00974959 -0.979939 -0.199058
    outer loop
      vertex 0.00385475 -0.0991034 -0.0391455
      vertex 0 -0.0991034 -0.0393343
      vertex 0.00463581 -0.097486 -0.0470695
    endloop
  endfacet
  facet normal -0.0292458 -0.979941 -0.197132
    outer loop
      vertex -0.00767326 -0.0991034 -0.038579
      vertex -0.0092268 -0.097486 -0.0463886
      vertex -0.00385475 -0.0991034 -0.0391455
    endloop
  endfacet
  facet normal -0.0361364 -0.969159 -0.243773
    outer loop
      vertex -0.00463581 -0.097486 -0.0470695
      vertex -0.0106916 -0.0955796 -0.053751
      vertex -0.00537109 -0.0955796 -0.0545397
    endloop
  endfacet
  facet normal 0.0159969 -0.9993 -0.0338242
    outer loop
      vertex 0.00636292 -0.102081 -0.0119047
      vertex 0.0017271 -0.102417 -0.00417042
      vertex 0.0051651 -0.102081 -0.0124712
    endloop
  endfacet
  facet normal 0.04901 -0.993405 -0.103658
    outer loop
      vertex 0.0105371 -0.101412 -0.0197144
      vertex 0.00855446 -0.101412 -0.0206518
      vertex 0.0118599 -0.100416 -0.0286341
    endloop
  endfacet
  facet normal 0.0671146 -0.97994 -0.187651
    outer loop
      vertex 0.0150528 -0.0991034 -0.0363407
      vertex 0.0114183 -0.0991034 -0.0376406
      vertex 0.0137291 -0.097486 -0.0452604
    endloop
  endfacet
  facet normal 0.0683015 -0.993405 -0.0920978
    outer loop
      vertex 0.0196619 -0.100416 -0.0239582
      vertex 0.0141811 -0.101412 -0.0172796
      vertex 0.0172186 -0.100416 -0.0257702
    endloop
  endfacet
  facet normal 0.0386549 -0.993405 -0.107946
    outer loop
      vertex 0.0118599 -0.100416 -0.0286341
      vertex 0.00855446 -0.101412 -0.0206518
      vertex 0.00899696 -0.100416 -0.0296593
    endloop
  endfacet
  facet normal 0.0524643 -0.987817 -0.14651
    outer loop
      vertex 0.0118599 -0.100416 -0.0286341
      vertex 0.00899696 -0.100416 -0.0296593
      vertex 0.0150528 -0.0991034 -0.0363407
    endloop
  endfacet
  facet normal 0.104512 -0.987815 -0.115317
    outer loop
      vertex 0.0278139 -0.0991034 -0.0278139
      vertex 0.0196619 -0.100416 -0.0239582
      vertex 0.0249538 -0.0991034 -0.030406
    endloop
  endfacet
  facet normal 0.11869 -0.979941 -0.16009
    outer loop
      vertex 0.0249538 -0.0991034 -0.030406
      vertex 0.0218525 -0.0991034 -0.0327053
      vertex 0.0262766 -0.097486 -0.0393257
    endloop
  endfacet
  facet normal 0.238789 -0.934629 -0.26353
    outer loop
      vertex 0.0482016 -0.0909772 -0.0482016
      vertex 0.0391941 -0.0934033 -0.0477591
      vertex 0.0432444 -0.0909772 -0.0526934
    endloop
  endfacet
  facet normal 0.238797 -0.934647 -0.263461
    outer loop
      vertex 0.0436869 -0.0934033 -0.0436869
      vertex 0.0391941 -0.0934033 -0.0477591
      vertex 0.0482016 -0.0909772 -0.0482016
    endloop
  endfacet
  facet normal 0.147679 -0.979938 -0.133841
    outer loop
      vertex 0.030406 -0.0991034 -0.0249538
      vertex 0.0278139 -0.0991034 -0.0278139
      vertex 0.036561 -0.097486 -0.0300045
    endloop
  endfacet
  facet normal 0.147672 -0.979935 -0.133866
    outer loop
      vertex 0.036561 -0.097486 -0.0300045
      vertex 0.0278139 -0.0991034 -0.0278139
      vertex 0.0334435 -0.097486 -0.0334435
    endloop
  endfacet
  facet normal 0.155429 -0.987817 -0.00766542
    outer loop
      vertex 0.0309935 -0.100416 0
      vertex 0.0308437 -0.100416 -0.00303745
      vertex 0.0391455 -0.0991034 -0.00385475
    endloop
  endfacet
  facet normal 0.11453 -0.993404 -0.00564834
    outer loop
      vertex 0.0309935 -0.100416 0
      vertex 0.0222464 -0.101412 -0.00219059
      vertex 0.0308437 -0.100416 -0.00303745
    endloop
  endfacet
  facet normal 0.0558832 -0.997151 0.0506666
    outer loop
      vertex 0.0158062 -0.101412 0.0158062
      vertex 0.00954533 -0.102081 0.00954533
      vertex 0.0172796 -0.101412 0.0141811
    endloop
  endfacet
  facet normal 0.0373676 -0.9993 0.00185589
    outer loop
      vertex 0.0134335 -0.102081 0.00132275
      vertex 0.00449181 -0.102417 0.000441551
      vertex 0.00451374 -0.102417 0
    endloop
  endfacet
  facet normal 0.0370101 -0.9993 0.0054964
    outer loop
      vertex 0.0132389 -0.102081 0.00263309
      vertex 0.00442696 -0.102417 0.000880241
      vertex 0.0134335 -0.102081 0.00132275
    endloop
  endfacet
  facet normal 0.0753305 -0.997152 0.00370361
    outer loop
      vertex 0.0222464 -0.101412 0.00219059
      vertex 0.0134335 -0.102081 0.00132275
      vertex 0.0223541 -0.101412 0
    endloop
  endfacet
  facet normal 0.321488 -0.934626 0.152052
    outer loop
      vertex 0.0601177 -0.0909772 0.0321331
      vertex 0.0570803 -0.0934033 0.0236425
      vertex 0.0629778 -0.0909772 0.0260859
    endloop
  endfacet
  facet normal 0.321461 -0.934633 0.152063
    outer loop
      vertex 0.0601177 -0.0909772 0.0321331
      vertex 0.0544872 -0.0934033 0.0291243
      vertex 0.0570803 -0.0934033 0.0236425
    endloop
  endfacet
  facet normal 0.170961 -0.979937 0.102454
    outer loop
      vertex 0.0393257 -0.097486 0.0262766
      vertex 0.0346899 -0.0991034 0.0185423
      vertex 0.0417118 -0.097486 0.022295
    endloop
  endfacet
  facet normal 0.180165 -0.979937 0.0852318
    outer loop
      vertex 0.0417118 -0.097486 0.022295
      vertex 0.0346899 -0.0991034 0.0185423
      vertex 0.0363407 -0.0991034 0.0150528
    endloop
  endfacet
  facet normal 0.125026 -0.987814 0.0926942
    outer loop
      vertex 0.030406 -0.0991034 0.0249538
      vertex 0.0257702 -0.100416 0.0172186
      vertex 0.0327053 -0.0991034 0.0218525
    endloop
  endfacet
  facet normal 0.133487 -0.987814 0.0800311
    outer loop
      vertex 0.0327053 -0.0991034 0.0218525
      vertex 0.0257702 -0.100416 0.0172186
      vertex 0.0346899 -0.0991034 0.0185423
    endloop
  endfacet
  facet normal 0.140681 -0.987817 0.0665348
    outer loop
      vertex 0.0363407 -0.0991034 0.0150528
      vertex 0.0273333 -0.100416 0.0146103
      vertex 0.0286341 -0.100416 0.0118599
    endloop
  endfacet
  facet normal 0.103656 -0.993404 0.0490241
    outer loop
      vertex 0.0273333 -0.100416 0.0146103
      vertex 0.0197144 -0.101412 0.0105371
      vertex 0.0286341 -0.100416 0.0118599
    endloop
  endfacet
  facet normal 0.0710181 -0.997151 0.025409
    outer loop
      vertex 0.0213909 -0.101412 0.0064888
      vertex 0.0124712 -0.102081 0.0051651
      vertex 0.0129175 -0.102081 0.00391769
    endloop
  endfacet
  facet normal 0.0731678 -0.997151 0.0183246
    outer loop
      vertex 0.0213909 -0.101412 0.0064888
      vertex 0.0129175 -0.102081 0.00391769
      vertex 0.021924 -0.101412 0.0043602
    endloop
  endfacet
  facet normal 0.150969 -0.987817 0.0377645
    outer loop
      vertex 0.038579 -0.0991034 0.00767326
      vertex 0.0296593 -0.100416 0.00899696
      vertex 0.0303974 -0.100416 0.0060463
    endloop
  endfacet
  facet normal 0.111232 -0.993405 0.0278245
    outer loop
      vertex 0.0296593 -0.100416 0.00899696
      vertex 0.021924 -0.101412 0.0043602
      vertex 0.0303974 -0.100416 0.0060463
    endloop
  endfacet
  facet normal 0.243759 -0.969162 0.0361525
    outer loop
      vertex 0.053751 -0.0955796 0.0106916
      vertex 0.0463886 -0.097486 0.0092268
      vertex 0.0470695 -0.097486 0.00463581
    endloop
  endfacet
  facet normal 0.150978 -0.987813 0.0378308
    outer loop
      vertex 0.0376406 -0.0991034 0.0114183
      vertex 0.0296593 -0.100416 0.00899696
      vertex 0.038579 -0.0991034 0.00767326
    endloop
  endfacet
  facet normal 0.243759 -0.969162 -0.0361525
    outer loop
      vertex 0.0470695 -0.097486 -0.00463581
      vertex 0.0463886 -0.097486 -0.0092268
      vertex 0.053751 -0.0955796 -0.0106916
    endloop
  endfacet
  facet normal 0.246139 -0.969159 -0.0121028
    outer loop
      vertex 0.0548038 -0.0955796 0
      vertex 0.0470695 -0.097486 -0.00463581
      vertex 0.0545397 -0.0955796 -0.00537109
    endloop
  endfacet
  facet normal 0.243773 -0.969159 -0.0361364
    outer loop
      vertex 0.0545397 -0.0955796 -0.00537109
      vertex 0.0470695 -0.097486 -0.00463581
      vertex 0.053751 -0.0955796 -0.0106916
    endloop
  endfacet
  facet normal 0.297665 -0.954558 0.0146232
    outer loop
      vertex 0.0614853 -0.0934033 0.00605583
      vertex 0.0548038 -0.0955796 0
      vertex 0.0617828 -0.0934033 0
    endloop
  endfacet
  facet normal 0.579291 -0.814626 0.0283994
    outer loop
      vertex 0.0827665 -0.0824466 0.00815105
      vertex 0.0789108 -0.0854726 0
      vertex 0.0831661 -0.0824466 0
    endloop
  endfacet
  facet normal 0.579291 -0.814626 -0.0283994
    outer loop
      vertex 0.0831661 -0.0824466 0
      vertex 0.0789108 -0.0854726 0
      vertex 0.0827665 -0.0824466 -0.00815105
    endloop
  endfacet
  facet normal 0.494199 -0.869009 0.0243128
    outer loop
      vertex 0.0785303 -0.0854726 0.0077343
      vertex 0.0735388 -0.088325 0.0072422
      vertex 0.0789108 -0.0854726 0
    endloop
  endfacet
  facet normal 0.489442 -0.86901 0.0725739
    outer loop
      vertex 0.0773945 -0.0854726 0.0153942
      vertex 0.0735388 -0.088325 0.0072422
      vertex 0.0785303 -0.0854726 0.0077343
    endloop
  endfacet
  facet normal 0.344944 -0.934642 -0.0863635
    outer loop
      vertex 0.0605955 -0.0934033 -0.0120525
      vertex 0.059123 -0.0934033 -0.0179338
      vertex 0.0668573 -0.0909772 -0.013298
    endloop
  endfacet
  facet normal 0.28912 -0.954552 -0.0723869
    outer loop
      vertex 0.0605955 -0.0934033 -0.0120525
      vertex 0.053751 -0.0955796 -0.0106916
      vertex 0.059123 -0.0934033 -0.0179338
    endloop
  endfacet
  facet normal 0.402935 -0.736564 -0.543246
    outer loop
      vertex 0.0527601 -0.0824466 -0.0642881
      vertex 0.0481243 -0.0792775 -0.0720234
      vertex 0.0549517 -0.0792775 -0.0669594
    endloop
  endfacet
  facet normal 0.454208 -0.736559 -0.501175
    outer loop
      vertex 0.0612507 -0.0792775 -0.0612507
      vertex 0.0527601 -0.0824466 -0.0642881
      vertex 0.0549517 -0.0792775 -0.0669594
    endloop
  endfacet
  facet normal 0.546084 -0.814627 0.195383
    outer loop
      vertex 0.0768356 -0.0824466 0.031826
      vertex 0.0755129 -0.0854726 0.0229063
      vertex 0.0795851 -0.0824466 0.0241413
    endloop
  endfacet
  facet normal 0.636836 -0.736562 0.227853
    outer loop
      vertex 0.0828915 -0.0792775 0.0251446
      vertex 0.0768356 -0.0824466 0.031826
      vertex 0.0795851 -0.0824466 0.0241413
    endloop
  endfacet
  facet normal 0.0250953 -0.9993 0.0277504
    outer loop
      vertex 0.00856304 -0.102081 0.0104342
      vertex 0.00286293 -0.102417 0.00348949
      vertex 0.00319195 -0.102417 0.00319195
    endloop
  endfacet
  facet normal 0.0192595 -0.9993 0.0320719
    outer loop
      vertex 0.00749969 -0.102081 0.0112238
      vertex 0.00212765 -0.102417 0.00398064
      vertex 0.00250721 -0.102417 0.00375271
    endloop
  endfacet
  facet normal -0.0770141 -0.993405 -0.0849435
    outer loop
      vertex -0.0158062 -0.101412 -0.0158062
      vertex -0.0219154 -0.100416 -0.0219154
      vertex -0.0141811 -0.101412 -0.0172796
    endloop
  endfacet
  facet normal -0.077009 -0.993405 -0.0849519
    outer loop
      vertex -0.0141811 -0.101412 -0.0172796
      vertex -0.0219154 -0.100416 -0.0219154
      vertex -0.0196619 -0.100416 -0.0239582
    endloop
  endfacet
  facet normal -0.025409 -0.997151 -0.0710181
    outer loop
      vertex -0.0051651 -0.102081 -0.0124712
      vertex -0.0064888 -0.101412 -0.0213909
      vertex -0.00391769 -0.102081 -0.0129175
    endloop
  endfacet
  facet normal -0.0251048 -0.9993 -0.0277434
    outer loop
      vertex -0.00319195 -0.102417 -0.00319195
      vertex -0.00954533 -0.102081 -0.00954533
      vertex -0.00856304 -0.102081 -0.0104342
    endloop
  endfacet
  facet normal -0.0589604 -0.993405 0.0983335
    outer loop
      vertex -0.0105371 -0.101412 0.0197144
      vertex -0.0172186 -0.100416 0.0257702
      vertex -0.0124187 -0.101412 0.0185862
    endloop
  endfacet
  facet normal -0.0683015 -0.993405 0.0920978
    outer loop
      vertex -0.0172186 -0.100416 0.0257702
      vertex -0.0196619 -0.100416 0.0239582
      vertex -0.0141811 -0.101412 0.0172796
    endloop
  endfacet
  facet normal -0.0558832 -0.997151 0.0506666
    outer loop
      vertex -0.0158062 -0.101412 0.0158062
      vertex -0.0172796 -0.101412 0.0141811
      vertex -0.00954533 -0.102081 0.00954533
    endloop
  endfacet
  facet normal -0.077009 -0.993405 0.0849519
    outer loop
      vertex -0.0196619 -0.100416 0.0239582
      vertex -0.0219154 -0.100416 0.0219154
      vertex -0.0141811 -0.101412 0.0172796
    endloop
  endfacet
  facet normal -0.170961 -0.979937 0.102454
    outer loop
      vertex -0.0393257 -0.097486 0.0262766
      vertex -0.0417118 -0.097486 0.022295
      vertex -0.0346899 -0.0991034 0.0185423
    endloop
  endfacet
  facet normal -0.103656 -0.993404 0.0490241
    outer loop
      vertex -0.0273333 -0.100416 0.0146103
      vertex -0.0286341 -0.100416 0.0118599
      vertex -0.0197144 -0.101412 0.0105371
    endloop
  endfacet
  facet normal -0.00563062 -0.993404 -0.114525
    outer loop
      vertex 0 -0.101412 -0.0223541
      vertex -0.00219059 -0.101412 -0.0222464
      vertex 0 -0.100416 -0.0309935
    endloop
  endfacet
  facet normal -0.00369026 -0.997152 -0.0753286
    outer loop
      vertex 0 -0.102081 -0.0134983
      vertex -0.00132275 -0.102081 -0.0134335
      vertex 0 -0.101412 -0.0223541
    endloop
  endfacet
  facet normal 0.0183064 -0.997152 -0.0731687
    outer loop
      vertex 0.00391769 -0.102081 -0.0129175
      vertex 0.00263309 -0.102081 -0.0132389
      vertex 0.0043602 -0.101412 -0.021924
    endloop
  endfacet
  facet normal 0.0168533 -0.993405 -0.113415
    outer loop
      vertex 0.0043602 -0.101412 -0.021924
      vertex 0.00219059 -0.101412 -0.0222464
      vertex 0.0060463 -0.100416 -0.0303974
    endloop
  endfacet
  facet normal 0.0110795 -0.997152 -0.0746042
    outer loop
      vertex 0.00263309 -0.102081 -0.0132389
      vertex 0.00132275 -0.102081 -0.0134335
      vertex 0.00219059 -0.101412 -0.0222464
    endloop
  endfacet
  facet normal 0.0126044 -0.9993 -0.0352293
    outer loop
      vertex 0.0051651 -0.102081 -0.0124712
      vertex 0.0017271 -0.102417 -0.00417042
      vertex 0.00391769 -0.102081 -0.0129175
    endloop
  endfacet
  facet normal 0.0192595 -0.9993 -0.0320719
    outer loop
      vertex 0.00250721 -0.102417 -0.00375271
      vertex 0.00212765 -0.102417 -0.00398064
      vertex 0.00749969 -0.102081 -0.0112238
    endloop
  endfacet
  facet normal 0.0054964 -0.9993 0.0370101
    outer loop
      vertex 0.00132275 -0.102081 0.0134335
      vertex 0.000880241 -0.102417 0.00442696
      vertex 0.00263309 -0.102081 0.0132389
    endloop
  endfacet
  facet normal -0.0506666 -0.997151 0.0558832
    outer loop
      vertex -0.0141811 -0.101412 0.0172796
      vertex -0.0158062 -0.101412 0.0158062
      vertex -0.00954533 -0.102081 0.00954533
    endloop
  endfacet
  facet normal -0.0605506 -0.997152 0.0449624
    outer loop
      vertex -0.0104342 -0.102081 0.00856304
      vertex -0.0172796 -0.101412 0.0141811
      vertex -0.0112238 -0.102081 0.00749969
    endloop
  endfacet
  facet normal 0.0646922 -0.997151 -0.0387892
    outer loop
      vertex 0.0197144 -0.101412 -0.0105371
      vertex 0.0112238 -0.102081 -0.00749969
      vertex 0.0185862 -0.101412 -0.0124187
    endloop
  endfacet
  facet normal 0.0506666 -0.997151 -0.0558832
    outer loop
      vertex 0.0158062 -0.101412 -0.0158062
      vertex 0.00954533 -0.102081 -0.00954533
      vertex 0.0141811 -0.101412 -0.0172796
    endloop
  endfacet
  facet normal 0.064704 -0.997152 -0.0387563
    outer loop
      vertex 0.0119047 -0.102081 -0.00636292
      vertex 0.0112238 -0.102081 -0.00749969
      vertex 0.0197144 -0.101412 -0.0105371
    endloop
  endfacet
  facet normal 0.0222522 -0.9993 -0.030072
    outer loop
      vertex 0.00286293 -0.102417 -0.00348949
      vertex 0.00250721 -0.102417 -0.00375271
      vertex 0.00749969 -0.102081 -0.0112238
    endloop
  endfacet
  facet normal 0.0605506 -0.997152 -0.0449624
    outer loop
      vertex 0.0112238 -0.102081 -0.00749969
      vertex 0.0104342 -0.102081 -0.00856304
      vertex 0.0172796 -0.101412 -0.0141811
    endloop
  endfacet
  facet normal 0.077009 -0.993405 -0.0849519
    outer loop
      vertex 0.0219154 -0.100416 -0.0219154
      vertex 0.0141811 -0.101412 -0.0172796
      vertex 0.0196619 -0.100416 -0.0239582
    endloop
  endfacet
  facet normal 0.0681884 -0.997151 -0.0322398
    outer loop
      vertex 0.0206518 -0.101412 -0.00855446
      vertex 0.0124712 -0.102081 -0.0051651
      vertex 0.0197144 -0.101412 -0.0105371
    endloop
  endfacet
  facet normal 0.111232 -0.993405 -0.0278245
    outer loop
      vertex 0.0303974 -0.100416 -0.0060463
      vertex 0.021924 -0.101412 -0.0043602
      vertex 0.0296593 -0.100416 -0.00899696
    endloop
  endfacet
  facet normal 0.113415 -0.993405 -0.0168533
    outer loop
      vertex 0.0222464 -0.101412 -0.00219059
      vertex 0.021924 -0.101412 -0.0043602
      vertex 0.0303974 -0.100416 -0.0060463
    endloop
  endfacet
  facet normal 0.0589604 -0.993405 0.0983335
    outer loop
      vertex 0.0172186 -0.100416 0.0257702
      vertex 0.0105371 -0.101412 0.0197144
      vertex 0.0124187 -0.101412 0.0185862
    endloop
  endfacet
  facet normal 0.0387892 -0.997151 0.0646922
    outer loop
      vertex 0.0105371 -0.101412 0.0197144
      vertex 0.00749969 -0.102081 0.0112238
      vertex 0.0124187 -0.101412 0.0185862
    endloop
  endfacet
  facet normal 0.0168533 -0.993405 0.113415
    outer loop
      vertex 0.0060463 -0.100416 0.0303974
      vertex 0.00219059 -0.101412 0.0222464
      vertex 0.0043602 -0.101412 0.021924
    endloop
  endfacet
  facet normal 0.0110861 -0.997152 0.0746045
    outer loop
      vertex 0.0043602 -0.101412 0.021924
      vertex 0.00219059 -0.101412 0.0222464
      vertex 0.00263309 -0.102081 0.0132389
    endloop
  endfacet
  facet normal -0.00183078 -0.9993 0.0373713
    outer loop
      vertex 0 -0.102081 0.0134983
      vertex -0.00132275 -0.102081 0.0134335
      vertex 0 -0.102417 0.00451374
    endloop
  endfacet
  facet normal 0.00370361 -0.997152 0.0753305
    outer loop
      vertex 0.00219059 -0.101412 0.0222464
      vertex 0 -0.101412 0.0223541
      vertex 0.00132275 -0.102081 0.0134335
    endloop
  endfacet
  facet normal 0.00183078 -0.9993 0.0373713
    outer loop
      vertex 0 -0.102081 0.0134983
      vertex 0 -0.102417 0.00451374
      vertex 0.00132275 -0.102081 0.0134335
    endloop
  endfacet
  facet normal -0.00547125 -0.9993 0.0370113
    outer loop
      vertex -0.000441551 -0.102417 0.00449181
      vertex -0.00132275 -0.102081 0.0134335
      vertex -0.000880241 -0.102417 0.00442696
    endloop
  endfacet
  facet normal -0.0724047 -0.954557 0.289098
    outer loop
      vertex -0.0106916 -0.0955796 0.053751
      vertex -0.0179338 -0.0934033 0.059123
      vertex -0.0159082 -0.0955796 0.0524445
    endloop
  endfacet
  facet normal -0.105387 -0.969164 0.222742
    outer loop
      vertex -0.0209723 -0.0955796 0.0506325
      vertex -0.0258341 -0.0955796 0.0483322
      vertex -0.022295 -0.097486 0.0417118
    endloop
  endfacet
  facet normal -0.0174368 -0.934631 0.355192
    outer loop
      vertex 0 -0.0909772 0.0681667
      vertex -0.00668144 -0.0909772 0.0678387
      vertex 0 -0.0934033 0.0617828
    endloop
  endfacet
  facet normal -0.0174487 -0.934635 0.35518
    outer loop
      vertex 0 -0.0934033 0.0617828
      vertex -0.00668144 -0.0909772 0.0678387
      vertex -0.00605583 -0.0934033 0.0614853
    endloop
  endfacet
  facet normal -0.0617309 -0.907233 0.416073
    outer loop
      vertex -0.0072422 -0.088325 0.0735388
      vertex -0.0144157 -0.088325 0.0724745
      vertex -0.013298 -0.0909772 0.0668573
    endloop
  endfacet
  facet normal -0.102176 -0.907235 0.408026
    outer loop
      vertex -0.0144157 -0.088325 0.0724745
      vertex -0.02145 -0.088325 0.070713
      vertex -0.013298 -0.0909772 0.0668573
    endloop
  endfacet
  facet normal -0.525081 -0.623389 -0.579376
    outer loop
      vertex -0.0549517 -0.0792775 -0.0669594
      vertex -0.0612507 -0.0792775 -0.0612507
      vertex -0.0566149 -0.075994 -0.068985
    endloop
  endfacet
  facet normal -0.595088 -0.463469 -0.656557
    outer loop
      vertex -0.0631037 -0.075994 -0.0631037
      vertex -0.0643492 -0.0726304 -0.0643492
      vertex -0.0566149 -0.075994 -0.068985
    endloop
  endfacet
  facet normal -0.334295 -0.623338 -0.706892
    outer loop
      vertex -0.0331488 -0.0792775 -0.0800276
      vertex -0.0420685 -0.075994 -0.0787048
      vertex -0.0341511 -0.075994 -0.082449
    endloop
  endfacet
  facet normal -0.378798 -0.463589 -0.800997
    outer loop
      vertex -0.0341511 -0.075994 -0.082449
      vertex -0.0420685 -0.075994 -0.0787048
      vertex -0.0348253 -0.0726304 -0.0840769
    endloop
  endfacet
  facet normal -0.455571 0.463327 -0.760121
    outer loop
      vertex -0.0428982 -0.0623708 -0.0802584
      vertex -0.0495806 -0.0590062 -0.0742025
      vertex -0.0420685 -0.0590062 -0.0787048
    endloop
  endfacet
  facet normal -0.413939 -0.250598 -0.875131
    outer loop
      vertex -0.0428982 -0.0726304 -0.0802584
      vertex -0.0433159 -0.0692162 -0.0810385
      vertex -0.0348253 -0.0726304 -0.0840769
    endloop
  endfacet
  facet normal -0.427563 0 -0.903985
    outer loop
      vertex -0.0433159 -0.0692162 -0.0810385
      vertex -0.0351639 -0.0657849 -0.0848942
      vertex -0.0351639 -0.0692162 -0.0848942
    endloop
  endfacet
  facet normal -0.427563 0 -0.903985
    outer loop
      vertex -0.0351639 -0.0657849 -0.0848942
      vertex -0.0433159 -0.0692162 -0.0810385
      vertex -0.0433159 -0.0657849 -0.0810385
    endloop
  endfacet
  facet normal -0.235284 -0.250607 -0.939062
    outer loop
      vertex -0.0177536 -0.0726304 -0.0892553
      vertex -0.0266733 -0.0692162 -0.0879316
      vertex -0.0179262 -0.0692162 -0.0901232
    endloop
  endfacet
  facet normal -0.235277 -0.250586 -0.939069
    outer loop
      vertex -0.0264168 -0.0726304 -0.0870848
      vertex -0.0266733 -0.0692162 -0.0879316
      vertex -0.0177536 -0.0726304 -0.0892553
    endloop
  endfacet
  facet normal -0.326088 0.250552 -0.911532
    outer loop
      vertex -0.0266733 -0.0657849 -0.0879316
      vertex -0.0351639 -0.0657849 -0.0848942
      vertex -0.0348253 -0.0623708 -0.0840769
    endloop
  endfacet
  facet normal -0.140744 0.814832 -0.562352
    outer loop
      vertex -0.0162249 -0.0525527 -0.0815687
      vertex -0.0214184 -0.0495276 -0.0758856
      vertex -0.0207249 -0.0495838 -0.0761406
    endloop
  endfacet
  facet normal -0.140889 0.814753 -0.56243
    outer loop
      vertex -0.0162249 -0.0525527 -0.0815687
      vertex -0.0207249 -0.0495838 -0.0761406
      vertex -0.0204306 -0.0496076 -0.0762488
    endloop
  endfacet
  facet normal -0.140881 0.814756 -0.562428
    outer loop
      vertex -0.0162249 -0.0525527 -0.0815687
      vertex -0.0181616 -0.0495276 -0.0767013
      vertex -0.0153942 -0.0495276 -0.0773945
    endloop
  endfacet
  facet normal -0.140856 0.814764 -0.562423
    outer loop
      vertex -0.0181616 -0.0495276 -0.0767013
      vertex -0.0162249 -0.0525527 -0.0815687
      vertex -0.0201239 -0.0495968 -0.0763101
    endloop
  endfacet
  facet normal -0.140883 0.81475 -0.562435
    outer loop
      vertex -0.0214184 -0.0495276 -0.0758856
      vertex -0.0162249 -0.0525527 -0.0815687
      vertex -0.0229063 -0.0495276 -0.0755129
    endloop
  endfacet
  facet normal -0.141122 0.814632 -0.562546
    outer loop
      vertex -0.0201239 -0.0495968 -0.0763101
      vertex -0.0162249 -0.0525527 -0.0815687
      vertex -0.0204306 -0.0496076 -0.0762488
    endloop
  endfacet
  facet normal -0.389399 0.814785 -0.429528
    outer loop
      vertex -0.052914 -0.0495276 -0.0584118
      vertex -0.0588074 -0.0525527 -0.0588074
      vertex -0.0557976 -0.0495276 -0.0557976
    endloop
  endfacet
  facet normal -0.389396 0.814781 -0.429537
    outer loop
      vertex -0.0509475 -0.0495463 -0.06023
      vertex -0.0588074 -0.0525527 -0.0588074
      vertex -0.052914 -0.0495276 -0.0584118
    endloop
  endfacet
  facet normal -0.389397 0.8148 -0.4295
    outer loop
      vertex -0.0507173 -0.0495483 -0.0604425
      vertex -0.0588074 -0.0525527 -0.0588074
      vertex -0.0509475 -0.0495463 -0.06023
    endloop
  endfacet
  facet normal -0.389634 0.814541 -0.429778
    outer loop
      vertex -0.0500603 -0.0495276 -0.0609989
      vertex -0.0507173 -0.0495483 -0.0604425
      vertex -0.0505517 -0.0495276 -0.0605534
    endloop
  endfacet
  facet normal -0.389397 0.814806 -0.429488
    outer loop
      vertex -0.0507173 -0.0495483 -0.0604425
      vertex -0.0500603 -0.0495276 -0.0609989
      vertex -0.0588074 -0.0525527 -0.0588074
    endloop
  endfacet
  facet normal -0.331805 0.869455 -0.365998
    outer loop
      vertex -0.052914 -0.0495276 -0.0584118
      vertex -0.0557976 -0.0495276 -0.0557976
      vertex -0.0557743 -0.0495089 -0.0557743
    endloop
  endfacet
  facet normal -0.332202 0.869121 -0.366429
    outer loop
      vertex -0.0500603 -0.0495276 -0.0609989
      vertex -0.0505517 -0.0495276 -0.0605534
      vertex -0.0500912 -0.0494873 -0.0608753
    endloop
  endfacet
  facet normal -0.0434301 0.463361 -0.885105
    outer loop
      vertex 0 -0.0623708 -0.0910034
      vertex -0.0087471 -0.0590062 -0.0888128
      vertex 0 -0.0590062 -0.089242
    endloop
  endfacet
  facet normal 0.0474476 0.250643 -0.966916
    outer loop
      vertex 0.00891972 -0.0623708 -0.0905657
      vertex 0 -0.0657849 -0.0918884
      vertex 0 -0.0623708 -0.0910034
    endloop
  endfacet
  facet normal 0.0434301 0.463361 -0.885105
    outer loop
      vertex 0.0087471 -0.0590062 -0.0888128
      vertex 0 -0.0623708 -0.0910034
      vertex 0 -0.0590062 -0.089242
    endloop
  endfacet
  facet normal 0.0434332 0.463355 -0.885108
    outer loop
      vertex 0.00891972 -0.0623708 -0.0905657
      vertex 0 -0.0623708 -0.0910034
      vertex 0.0087471 -0.0590062 -0.0888128
    endloop
  endfacet
  facet normal -0.801086 0.46334 -0.378916
    outer loop
      vertex -0.0802584 -0.0623708 -0.0428982
      vertex -0.0840769 -0.0623708 -0.0348253
      vertex -0.0787048 -0.0590062 -0.0420685
    endloop
  endfacet
  facet normal -0.760121 0.463327 -0.455571
    outer loop
      vertex -0.0742025 -0.0590062 -0.0495806
      vertex -0.0802584 -0.0623708 -0.0428982
      vertex -0.0787048 -0.0590062 -0.0420685
    endloop
  endfacet
  facet normal 0.455611 -0.463334 -0.760092
    outer loop
      vertex 0.0495806 -0.075994 -0.0742025
      vertex 0.0428982 -0.0726304 -0.0802584
      vertex 0.050559 -0.0726304 -0.0756664
    endloop
  endfacet
  facet normal 0.5279 -0.463337 -0.711786
    outer loop
      vertex 0.0577316 -0.0726304 -0.0703468
      vertex 0.0495806 -0.075994 -0.0742025
      vertex 0.050559 -0.0726304 -0.0756664
    endloop
  endfacet
  facet normal 0.656557 -0.463469 -0.595088
    outer loop
      vertex 0.068985 -0.075994 -0.0566149
      vertex 0.0631037 -0.075994 -0.0631037
      vertex 0.0643492 -0.0726304 -0.0643492
    endloop
  endfacet
  facet normal 0.579387 -0.623327 -0.525143
    outer loop
      vertex 0.068985 -0.075994 -0.0566149
      vertex 0.0612507 -0.0792775 -0.0612507
      vertex 0.0631037 -0.075994 -0.0631037
    endloop
  endfacet
  facet normal 0.71173 -0.463416 0.527906
    outer loop
      vertex 0.0703468 -0.0726304 0.0577316
      vertex 0.068985 -0.075994 0.0566149
      vertex 0.0742025 -0.075994 0.0495806
    endloop
  endfacet
  facet normal 0.711786 -0.463337 0.5279
    outer loop
      vertex 0.0756664 -0.0726304 0.050559
      vertex 0.0703468 -0.0726304 0.0577316
      vertex 0.0742025 -0.075994 0.0495806
    endloop
  endfacet
  facet normal 0.413939 -0.250598 0.875131
    outer loop
      vertex 0.0433159 -0.0692162 0.0810385
      vertex 0.0348253 -0.0726304 0.0840769
      vertex 0.0428982 -0.0726304 0.0802584
    endloop
  endfacet
  facet normal 0.378891 -0.463448 0.801035
    outer loop
      vertex 0.0428982 -0.0726304 0.0802584
      vertex 0.0348253 -0.0726304 0.0840769
      vertex 0.0420685 -0.075994 0.0787048
    endloop
  endfacet
  facet normal -0.0724405 0.869286 -0.488973
    outer loop
      vertex -0.0152259 -0.0494688 -0.0773149
      vertex -0.0153942 -0.0495276 -0.0773945
      vertex -0.0153708 -0.0494595 -0.0772769
    endloop
  endfacet
  facet normal -0.120157 0.869288 -0.47948
    outer loop
      vertex -0.0153942 -0.0495276 -0.0773945
      vertex -0.0155307 -0.0494634 -0.0772439
      vertex -0.0153708 -0.0494595 -0.0772769
    endloop
  endfacet
  facet normal 0.562478 0.814711 -0.140939
    outer loop
      vertex 0.0795851 -0.0525527 -0.0241413
      vertex 0.0755129 -0.0495276 -0.0229063
      vertex 0.0815687 -0.0525527 -0.0162249
    endloop
  endfacet
  facet normal 0.656191 0.736464 -0.164421
    outer loop
      vertex 0.0828915 -0.0557227 -0.0251446
      vertex 0.0795851 -0.0525527 -0.0241413
      vertex 0.0815687 -0.0525527 -0.0162249
    endloop
  endfacet
  facet normal 0.546006 -0.814673 -0.19541
    outer loop
      vertex 0.0755129 -0.0854726 -0.0229063
      vertex 0.0729036 -0.0854726 -0.0301971
      vertex 0.0768356 -0.0824466 -0.031826
    endloop
  endfacet
  facet normal 0.52425 -0.814674 -0.247929
    outer loop
      vertex 0.0768356 -0.0824466 -0.031826
      vertex 0.0729036 -0.0854726 -0.0301971
      vertex 0.0733461 -0.0824466 -0.0392046
    endloop
  endfacet
  facet normal 0.706784 -0.623448 -0.334319
    outer loop
      vertex 0.0800276 -0.0792775 -0.0331488
      vertex 0.0763931 -0.0792775 -0.0408325
      vertex 0.0787048 -0.075994 -0.0420685
    endloop
  endfacet
  facet normal 0.706892 -0.623338 -0.334295
    outer loop
      vertex 0.0800276 -0.0792775 -0.0331488
      vertex 0.0787048 -0.075994 -0.0420685
      vertex 0.082449 -0.075994 -0.0341511
    endloop
  endfacet
  facet normal -0.389407 0.814709 -0.429665
    outer loop
      vertex -0.0527601 -0.0525527 -0.0642881
      vertex -0.0588074 -0.0525527 -0.0588074
      vertex -0.0500603 -0.0495276 -0.0609989
    endloop
  endfacet
  facet normal -0.429665 0.814709 -0.389407
    outer loop
      vertex -0.0588074 -0.0525527 -0.0588074
      vertex -0.0642881 -0.0525527 -0.0527601
      vertex -0.0609989 -0.0495276 -0.0500603
    endloop
  endfacet
  facet normal -0.331613 0.869374 -0.366364
    outer loop
      vertex -0.0500603 -0.0495276 -0.0609989
      vertex -0.0500912 -0.0494873 -0.0608753
      vertex -0.0500071 -0.04948 -0.0609341
    endloop
  endfacet
  facet normal -0.254347 0.869004 -0.424429
    outer loop
      vertex -0.0371981 -0.0495276 -0.0695925
      vertex -0.0385127 -0.0495276 -0.0688047
      vertex -0.0372941 -0.0494566 -0.0693896
    endloop
  endfacet
  facet normal -0.25443 0.868929 -0.424533
    outer loop
      vertex -0.0413831 -0.0495276 -0.0670845
      vertex -0.0438404 -0.0495276 -0.0656118
      vertex -0.0437733 -0.0494589 -0.0655114
    endloop
  endfacet
  facet normal -0.465986 0.8145 -0.34561
    outer loop
      vertex -0.0648037 -0.0495549 -0.0449943
      vertex -0.0656118 -0.0495276 -0.0438404
      vertex -0.0649526 -0.0495276 -0.0447292
    endloop
  endfacet
  facet normal -0.465131 0.815235 -0.345028
    outer loop
      vertex -0.0646496 -0.0495829 -0.0452682
      vertex -0.0656118 -0.0495276 -0.0438404
      vertex -0.0648037 -0.0495549 -0.0449943
    endloop
  endfacet
  facet normal -0.465758 0.814706 -0.345431
    outer loop
      vertex -0.0642881 -0.0525527 -0.0527601
      vertex -0.0629915 -0.0495276 -0.0473736
      vertex -0.0609989 -0.0495276 -0.0500603
    endloop
  endfacet
  facet normal -0.465787 0.814696 -0.345419
    outer loop
      vertex -0.0629915 -0.0495276 -0.0473736
      vertex -0.0642881 -0.0525527 -0.0527601
      vertex -0.064456 -0.0495765 -0.0455141
    endloop
  endfacet
  facet normal -0.465752 0.814712 -0.345427
    outer loop
      vertex -0.0646496 -0.0495829 -0.0452682
      vertex -0.0642881 -0.0525527 -0.0527601
      vertex -0.0656118 -0.0495276 -0.0438404
    endloop
  endfacet
  facet normal -0.465688 0.814745 -0.345436
    outer loop
      vertex -0.064456 -0.0495765 -0.0455141
      vertex -0.0642881 -0.0525527 -0.0527601
      vertex -0.0646496 -0.0495829 -0.0452682
    endloop
  endfacet
  facet normal -0.397267 0.86912 -0.294634
    outer loop
      vertex -0.0609989 -0.0495276 -0.0500603
      vertex -0.0629915 -0.0495276 -0.0473736
      vertex -0.0610061 -0.0494816 -0.0499149
    endloop
  endfacet
  facet normal -0.39753 0.868931 -0.294837
    outer loop
      vertex -0.0649526 -0.0495276 -0.0447292
      vertex -0.0656118 -0.0495276 -0.0438404
      vertex -0.0655114 -0.0494589 -0.0437733
    endloop
  endfacet
  facet normal -0.580178 0.736506 -0.347783
    outer loop
      vertex -0.0720234 -0.0557227 -0.0481243
      vertex -0.0733461 -0.0525527 -0.0392046
      vertex -0.06915 -0.0525527 -0.0462046
    endloop
  endfacet
  facet normal -0.497353 0.814712 -0.298135
    outer loop
      vertex -0.06915 -0.0525527 -0.0462046
      vertex -0.0733461 -0.0525527 -0.0392046
      vertex -0.0656118 -0.0495276 -0.0438404
    endloop
  endfacet
  facet normal -0.447269 0.869005 -0.211613
    outer loop
      vertex -0.0694677 -0.0494471 -0.0371313
      vertex -0.0695925 -0.0495276 -0.0371981
      vertex -0.0695581 -0.0494534 -0.0369661
    endloop
  endfacet
  facet normal -0.885048 -0.463469 -0.0434273
    outer loop
      vertex -0.089242 -0.075994 0
      vertex -0.0910034 -0.0726304 0
      vertex -0.0888128 -0.075994 -0.0087471
    endloop
  endfacet
  facet normal -0.781002 -0.623351 -0.038322
    outer loop
      vertex -0.0866213 -0.0792775 0
      vertex -0.089242 -0.075994 0
      vertex -0.0888128 -0.075994 -0.0087471
    endloop
  endfacet
  facet normal -0.611443 -0.73656 0.289165
    outer loop
      vertex -0.0733461 -0.0824466 0.0392046
      vertex -0.0800276 -0.0792775 0.0331488
      vertex -0.0768356 -0.0824466 0.031826
    endloop
  endfacet
  facet normal -0.636842 -0.736554 0.227862
    outer loop
      vertex -0.0800276 -0.0792775 0.0331488
      vertex -0.0828915 -0.0792775 0.0251446
      vertex -0.0768356 -0.0824466 0.031826
    endloop
  endfacet
  facet normal -0.875152 -0.250547 0.413926
    outer loop
      vertex -0.0810385 -0.0692162 0.0433159
      vertex -0.0848942 -0.0692162 0.0351639
      vertex -0.0840769 -0.0726304 0.0348253
    endloop
  endfacet
  facet normal -0.760092 -0.463334 0.455611
    outer loop
      vertex -0.0756664 -0.0726304 0.050559
      vertex -0.0802584 -0.0726304 0.0428982
      vertex -0.0742025 -0.075994 0.0495806
    endloop
  endfacet
  facet normal -0.777564 -0.250656 0.576685
    outer loop
      vertex -0.0703468 -0.0726304 0.0577316
      vertex -0.0764027 -0.0692162 0.0510502
      vertex -0.0756664 -0.0726304 0.050559
    endloop
  endfacet
  facet normal -0.903985 0 0.427563
    outer loop
      vertex -0.0848942 -0.0692162 0.0351639
      vertex -0.0810385 -0.0657849 0.0433159
      vertex -0.0848942 -0.0657849 0.0351639
    endloop
  endfacet
  facet normal -0.903985 0 0.427563
    outer loop
      vertex -0.0810385 -0.0657849 0.0433159
      vertex -0.0848942 -0.0692162 0.0351639
      vertex -0.0810385 -0.0692162 0.0433159
    endloop
  endfacet
  facet normal -0.636836 -0.736562 -0.227853
    outer loop
      vertex -0.0795851 -0.0824466 -0.0241413
      vertex -0.0828915 -0.0792775 -0.0251446
      vertex -0.0768356 -0.0824466 -0.031826
    endloop
  endfacet
  facet normal -0.636842 -0.736554 -0.227862
    outer loop
      vertex -0.0768356 -0.0824466 -0.031826
      vertex -0.0828915 -0.0792775 -0.0251446
      vertex -0.0800276 -0.0792775 -0.0331488
    endloop
  endfacet
  facet normal -0.345494 -0.814625 -0.465854
    outer loop
      vertex -0.0500603 -0.0854726 -0.0609989
      vertex -0.0527601 -0.0824466 -0.0642881
      vertex -0.0438404 -0.0854726 -0.0656118
    endloop
  endfacet
  facet normal -0.389484 -0.814627 -0.42975
    outer loop
      vertex -0.0500603 -0.0854726 -0.0609989
      vertex -0.0588074 -0.0824466 -0.0588074
      vertex -0.0527601 -0.0824466 -0.0642881
    endloop
  endfacet
  facet normal -0.401968 -0.623382 -0.670684
    outer loop
      vertex -0.0481243 -0.0792775 -0.0720234
      vertex -0.0495806 -0.075994 -0.0742025
      vertex -0.0420685 -0.075994 -0.0787048
    endloop
  endfacet
  facet normal -0.347713 -0.736493 -0.580236
    outer loop
      vertex -0.0392046 -0.0824466 -0.0733461
      vertex -0.0481243 -0.0792775 -0.0720234
      vertex -0.0408325 -0.0792775 -0.0763931
    endloop
  endfacet
  facet normal -0.650139 -0.250565 -0.717312
    outer loop
      vertex -0.0643492 -0.0726304 -0.0643492
      vertex -0.0649748 -0.0692162 -0.0649748
      vertex -0.0582933 -0.0692162 -0.0710306
    endloop
  endfacet
  facet normal -0.717317 -0.250621 -0.650112
    outer loop
      vertex -0.0703468 -0.0726304 -0.0577316
      vertex -0.0710306 -0.0692162 -0.0582933
      vertex -0.0643492 -0.0726304 -0.0643492
    endloop
  endfacet
  facet normal -0.595717 0 -0.803194
    outer loop
      vertex -0.0582933 -0.0692162 -0.0710306
      vertex -0.0510502 -0.0657849 -0.0764027
      vertex -0.0510502 -0.0692162 -0.0764027
    endloop
  endfacet
  facet normal -0.595717 0 -0.803194
    outer loop
      vertex -0.0510502 -0.0657849 -0.0764027
      vertex -0.0582933 -0.0692162 -0.0710306
      vertex -0.0582933 -0.0657849 -0.0710306
    endloop
  endfacet
  facet normal -0.479952 -0.869019 -0.120216
    outer loop
      vertex -0.070713 -0.088325 -0.02145
      vertex -0.0773945 -0.0854726 -0.0153942
      vertex -0.0755129 -0.0854726 -0.0229063
    endloop
  endfacet
  facet normal -0.465852 -0.86902 -0.166689
    outer loop
      vertex -0.070713 -0.088325 -0.02145
      vertex -0.0755129 -0.0854726 -0.0229063
      vertex -0.0682697 -0.088325 -0.0282784
    endloop
  endfacet
  facet normal -0.407963 -0.907259 0.102214
    outer loop
      vertex -0.0652313 -0.0909772 0.0197878
      vertex -0.070713 -0.088325 0.02145
      vertex -0.0668573 -0.0909772 0.013298
    endloop
  endfacet
  facet normal -0.408026 -0.907235 0.102176
    outer loop
      vertex -0.070713 -0.088325 0.02145
      vertex -0.0724745 -0.088325 0.0144157
      vertex -0.0668573 -0.0909772 0.013298
    endloop
  endfacet
  facet normal -0.305034 -0.934632 0.182803
    outer loop
      vertex -0.0566788 -0.0909772 0.0378714
      vertex -0.0601177 -0.0909772 0.0321331
      vertex -0.0544872 -0.0934033 0.0291243
    endloop
  endfacet
  facet normal -0.321461 -0.934633 0.152063
    outer loop
      vertex -0.0544872 -0.0934033 0.0291243
      vertex -0.0601177 -0.0909772 0.0321331
      vertex -0.0570803 -0.0934033 0.0236425
    endloop
  endfacet
  facet normal -0.397426 -0.86901 0.294745
    outer loop
      vertex -0.0609989 -0.0854726 0.0500603
      vertex -0.0656118 -0.0854726 0.0438404
      vertex -0.0614414 -0.088325 0.0410538
    endloop
  endfacet
  facet normal -0.465854 -0.814625 0.345494
    outer loop
      vertex -0.0642881 -0.0824466 0.0527601
      vertex -0.0656118 -0.0854726 0.0438404
      vertex -0.0609989 -0.0854726 0.0500603
    endloop
  endfacet
  facet normal -0.465852 -0.86902 0.166689
    outer loop
      vertex -0.0682697 -0.088325 0.0282784
      vertex -0.0755129 -0.0854726 0.0229063
      vertex -0.070713 -0.088325 0.02145
    endloop
  endfacet
  facet normal -0.395994 -0.907255 0.141692
    outer loop
      vertex -0.0682697 -0.088325 0.0282784
      vertex -0.070713 -0.088325 0.02145
      vertex -0.0629778 -0.0909772 0.0260859
    endloop
  endfacet
  facet normal -0.179842 -0.907249 0.380206
    outer loop
      vertex -0.0282784 -0.088325 0.0682697
      vertex -0.034833 -0.088325 0.0651693
      vertex -0.0321331 -0.0909772 0.0601177
    endloop
  endfacet
  facet normal -0.216199 -0.907248 0.360774
    outer loop
      vertex -0.034833 -0.088325 0.0651693
      vertex -0.0410538 -0.088325 0.0614414
      vertex -0.0321331 -0.0909772 0.0601177
    endloop
  endfacet
  facet normal -0.0852305 -0.979937 0.180167
    outer loop
      vertex -0.0180998 -0.097486 0.0436964
      vertex -0.022295 -0.097486 0.0417118
      vertex -0.0150528 -0.0991034 0.0363407
    endloop
  endfacet
  facet normal -0.0671504 -0.979937 0.187656
    outer loop
      vertex -0.0137291 -0.097486 0.0452604
      vertex -0.0180998 -0.097486 0.0436964
      vertex -0.0150528 -0.0991034 0.0363407
    endloop
  endfacet
  facet normal -0.04901 -0.993405 0.103658
    outer loop
      vertex -0.00855446 -0.101412 0.0206518
      vertex -0.0118599 -0.100416 0.0286341
      vertex -0.0105371 -0.101412 0.0197144
    endloop
  endfacet
  facet normal -0.0377645 -0.987817 0.150969
    outer loop
      vertex -0.00767326 -0.0991034 0.038579
      vertex -0.00899696 -0.100416 0.0296593
      vertex -0.0060463 -0.100416 0.0303974
    endloop
  endfacet
  facet normal -0.0228375 -0.987817 0.153937
    outer loop
      vertex -0.00385475 -0.0991034 0.0391455
      vertex -0.00767326 -0.0991034 0.038579
      vertex -0.0060463 -0.100416 0.0303974
    endloop
  endfacet
  facet normal -0.0484389 -0.979941 0.193314
    outer loop
      vertex -0.0092268 -0.097486 0.0463886
      vertex -0.0114183 -0.0991034 0.0376406
      vertex -0.00767326 -0.0991034 0.038579
    endloop
  endfacet
  facet normal 0.00974959 -0.979939 0.199058
    outer loop
      vertex 0.00463581 -0.097486 0.0470695
      vertex 0 -0.0991034 0.0393343
      vertex 0.00385475 -0.0991034 0.0391455
    endloop
  endfacet
  facet normal 0.00974728 -0.979939 0.19906
    outer loop
      vertex 0 -0.097486 0.0472965
      vertex 0 -0.0991034 0.0393343
      vertex 0.00463581 -0.097486 0.0470695
    endloop
  endfacet
  facet normal -0.0361364 -0.969159 0.243773
    outer loop
      vertex -0.00537109 -0.0955796 0.0545397
      vertex -0.0106916 -0.0955796 0.053751
      vertex -0.00463581 -0.097486 0.0470695
    endloop
  endfacet
  facet normal -0.0292458 -0.979941 0.197132
    outer loop
      vertex -0.00385475 -0.0991034 0.0391455
      vertex -0.0092268 -0.097486 0.0463886
      vertex -0.00767326 -0.0991034 0.038579
    endloop
  endfacet
  facet normal -0.232002 -0.969167 0.0830133
    outer loop
      vertex -0.0506325 -0.0955796 0.0209723
      vertex -0.0524445 -0.0955796 0.0159082
      vertex -0.0452604 -0.097486 0.0137291
    endloop
  endfacet
  facet normal -0.239015 -0.969167 0.0598931
    outer loop
      vertex -0.0452604 -0.097486 0.0137291
      vertex -0.0524445 -0.0955796 0.0159082
      vertex -0.0463886 -0.097486 0.0092268
    endloop
  endfacet
  facet normal -0.180165 -0.979937 0.0852318
    outer loop
      vertex -0.0346899 -0.0991034 0.0185423
      vertex -0.0417118 -0.097486 0.022295
      vertex -0.0363407 -0.0991034 0.0150528
    endloop
  endfacet
  facet normal -0.133487 -0.987814 0.0800311
    outer loop
      vertex -0.0327053 -0.0991034 0.0218525
      vertex -0.0346899 -0.0991034 0.0185423
      vertex -0.0257702 -0.100416 0.0172186
    endloop
  endfacet
  facet normal -0.255616 -0.954563 0.153201
    outer loop
      vertex -0.0455675 -0.0955796 0.030447
      vertex -0.0513706 -0.0934033 0.0343246
      vertex -0.0483322 -0.0955796 0.0258341
    endloop
  endfacet
  facet normal -0.269411 -0.954556 0.127441
    outer loop
      vertex -0.0544872 -0.0934033 0.0291243
      vertex -0.0570803 -0.0934033 0.0236425
      vertex -0.0506325 -0.0955796 0.0209723
    endloop
  endfacet
  facet normal -0.337804 -0.90725 0.25057
    outer loop
      vertex -0.0571213 -0.088325 0.0468779
      vertex -0.0614414 -0.088325 0.0410538
      vertex -0.0526934 -0.0909772 0.0432444
    endloop
  endfacet
  facet normal -0.311674 -0.90725 0.282413
    outer loop
      vertex -0.0482016 -0.0909772 0.0482016
      vertex -0.0571213 -0.088325 0.0468779
      vertex -0.0526934 -0.0909772 0.0432444
    endloop
  endfacet
  facet normal -0.125026 -0.987814 0.0926942
    outer loop
      vertex -0.030406 -0.0991034 0.0249538
      vertex -0.0327053 -0.0991034 0.0218525
      vertex -0.0257702 -0.100416 0.0172186
    endloop
  endfacet
  facet normal -0.170925 -0.97994 0.102476
    outer loop
      vertex -0.0327053 -0.0991034 0.0218525
      vertex -0.0393257 -0.097486 0.0262766
      vertex -0.0346899 -0.0991034 0.0185423
    endloop
  endfacet
  facet normal -0.0490241 -0.993404 0.103656
    outer loop
      vertex -0.0118599 -0.100416 0.0286341
      vertex -0.0146103 -0.100416 0.0273333
      vertex -0.0105371 -0.101412 0.0197144
    endloop
  endfacet
  facet normal -0.0852318 -0.979937 0.180165
    outer loop
      vertex -0.0150528 -0.0991034 0.0363407
      vertex -0.022295 -0.097486 0.0417118
      vertex -0.0185423 -0.0991034 0.0346899
    endloop
  endfacet
  facet normal -0.150978 -0.987813 0.0378308
    outer loop
      vertex -0.0376406 -0.0991034 0.0114183
      vertex -0.038579 -0.0991034 0.00767326
      vertex -0.0296593 -0.100416 0.00899696
    endloop
  endfacet
  facet normal -0.193314 -0.979941 0.0484389
    outer loop
      vertex -0.0376406 -0.0991034 0.0114183
      vertex -0.0463886 -0.097486 0.0092268
      vertex -0.038579 -0.0991034 0.00767326
    endloop
  endfacet
  facet normal -0.19906 -0.979939 -0.00974728
    outer loop
      vertex -0.0393343 -0.0991034 0
      vertex -0.0472965 -0.097486 0
      vertex -0.0470695 -0.097486 -0.00463581
    endloop
  endfacet
  facet normal -0.199058 -0.979939 -0.00974959
    outer loop
      vertex -0.0393343 -0.0991034 0
      vertex -0.0470695 -0.097486 -0.00463581
      vertex -0.0391455 -0.0991034 -0.00385475
    endloop
  endfacet
  facet normal -0.0434273 -0.463469 0.885048
    outer loop
      vertex 0 -0.0726304 0.0910034
      vertex -0.0087471 -0.075994 0.0888128
      vertex 0 -0.075994 0.089242
    endloop
  endfacet
  facet normal -0.0434304 -0.463463 0.885051
    outer loop
      vertex 0 -0.0726304 0.0910034
      vertex -0.00891972 -0.0726304 0.0905657
      vertex -0.0087471 -0.075994 0.0888128
    endloop
  endfacet
  facet normal -0.142009 0.250503 0.957644
    outer loop
      vertex -0.00891972 -0.0623708 0.0905657
      vertex -0.0179262 -0.0657849 0.0901232
      vertex -0.0090065 -0.0657849 0.0914459
    endloop
  endfacet
  facet normal -0.049072 0 0.998795
    outer loop
      vertex -0.0090065 -0.0657849 0.0914459
      vertex 0 -0.0692162 0.0918884
      vertex 0 -0.0657849 0.0918884
    endloop
  endfacet
  facet normal -0.049072 0 0.998795
    outer loop
      vertex 0 -0.0692162 0.0918884
      vertex -0.0090065 -0.0657849 0.0914459
      vertex -0.0090065 -0.0692162 0.0914459
    endloop
  endfacet
  facet normal -0.0475074 0.2505 0.96695
    outer loop
      vertex -0.00891972 -0.0623708 0.0905657
      vertex -0.0090065 -0.0657849 0.0914459
      vertex 0 -0.0657849 0.0918884
    endloop
  endfacet
  facet normal -0.0474476 0.250643 0.966916
    outer loop
      vertex 0 -0.0623708 0.0910034
      vertex -0.00891972 -0.0623708 0.0905657
      vertex 0 -0.0657849 0.0918884
    endloop
  endfacet
  facet normal -0.331613 0.869374 0.366364
    outer loop
      vertex -0.0500071 -0.04948 0.0609341
      vertex -0.0500912 -0.0494873 0.0608753
      vertex -0.0500603 -0.0495276 0.0609989
    endloop
  endfacet
  facet normal -0.294685 0.869371 0.39668
    outer loop
      vertex -0.0500071 -0.04948 0.0609341
      vertex -0.0500603 -0.0495276 0.0609989
      vertex -0.0499149 -0.0494816 0.0610061
    endloop
  endfacet
  facet normal -0.263412 0.623396 0.736201
    outer loop
      vertex -0.0251446 -0.0557227 0.0828915
      vertex -0.0331488 -0.0557227 0.0800276
      vertex -0.0259056 -0.0590062 0.0853996
    endloop
  endfacet
  facet normal -0.190006 0.623394 0.75847
    outer loop
      vertex -0.0251446 -0.0557227 0.0828915
      vertex -0.0259056 -0.0590062 0.0853996
      vertex -0.0168991 -0.0557227 0.0849571
    endloop
  endfacet
  facet normal 0.146781 -0.969166 0.197919
    outer loop
      vertex 0.0347672 -0.0955796 0.0423641
      vertex 0.0262766 -0.097486 0.0393257
      vertex 0.0300045 -0.097486 0.036561
    endloop
  endfacet
  facet normal 0.118722 -0.979938 0.160084
    outer loop
      vertex 0.0262766 -0.097486 0.0393257
      vertex 0.0249538 -0.0991034 0.030406
      vertex 0.0300045 -0.097486 0.036561
    endloop
  endfacet
  facet normal -0.305026 -0.934634 -0.182806
    outer loop
      vertex -0.0544872 -0.0934033 -0.0291243
      vertex -0.0566788 -0.0909772 -0.0378714
      vertex -0.0513706 -0.0934033 -0.0343246
    endloop
  endfacet
  facet normal -0.255623 -0.954561 -0.153198
    outer loop
      vertex -0.0483322 -0.0955796 -0.0258341
      vertex -0.0544872 -0.0934033 -0.0291243
      vertex -0.0513706 -0.0934033 -0.0343246
    endloop
  endfacet
  facet normal -0.103658 -0.993405 -0.04901
    outer loop
      vertex -0.0206518 -0.101412 -0.00855446
      vertex -0.0286341 -0.100416 -0.0118599
      vertex -0.0197144 -0.101412 -0.0105371
    endloop
  endfacet
  facet normal -0.140681 -0.987817 -0.0665348
    outer loop
      vertex -0.0286341 -0.100416 -0.0118599
      vertex -0.0363407 -0.0991034 -0.0150528
      vertex -0.0273333 -0.100416 -0.0146103
    endloop
  endfacet
  facet normal -0.111215 -0.993406 0.0278534
    outer loop
      vertex -0.0213909 -0.101412 0.0064888
      vertex -0.0296593 -0.100416 0.00899696
      vertex -0.021924 -0.101412 0.0043602
    endloop
  endfacet
  facet normal -0.111232 -0.993405 -0.0278245
    outer loop
      vertex -0.021924 -0.101412 -0.0043602
      vertex -0.0303974 -0.100416 -0.0060463
      vertex -0.0296593 -0.100416 -0.00899696
    endloop
  endfacet
  facet normal -0.113415 -0.993405 -0.0168533
    outer loop
      vertex -0.0222464 -0.101412 -0.00219059
      vertex -0.0303974 -0.100416 -0.0060463
      vertex -0.021924 -0.101412 -0.0043602
    endloop
  endfacet
  facet normal -0.0983541 -0.993404 0.0589416
    outer loop
      vertex -0.0257702 -0.100416 0.0172186
      vertex -0.0273333 -0.100416 0.0146103
      vertex -0.0197144 -0.101412 0.0105371
    endloop
  endfacet
  facet normal -0.0746045 -0.997152 0.0110861
    outer loop
      vertex -0.021924 -0.101412 0.0043602
      vertex -0.0222464 -0.101412 0.00219059
      vertex -0.0132389 -0.102081 0.00263309
    endloop
  endfacet
  facet normal -0.0387563 -0.997152 -0.064704
    outer loop
      vertex -0.00749969 -0.102081 -0.0112238
      vertex -0.0105371 -0.101412 -0.0197144
      vertex -0.00636292 -0.102081 -0.0119047
    endloop
  endfacet
  facet normal -0.0278534 -0.993406 -0.111215
    outer loop
      vertex -0.0064888 -0.101412 -0.0213909
      vertex -0.00899696 -0.100416 -0.0296593
      vertex -0.0043602 -0.101412 -0.021924
    endloop
  endfacet
  facet normal -0.0183246 -0.997151 -0.0731678
    outer loop
      vertex -0.00391769 -0.102081 -0.0129175
      vertex -0.0064888 -0.101412 -0.0213909
      vertex -0.0043602 -0.101412 -0.021924
    endloop
  endfacet
  facet normal 0.00563062 -0.993404 -0.114525
    outer loop
      vertex 0.00219059 -0.101412 -0.0222464
      vertex 0 -0.101412 -0.0223541
      vertex 0 -0.100416 -0.0309935
    endloop
  endfacet
  facet normal 0.00370361 -0.997152 -0.0753305
    outer loop
      vertex 0.00132275 -0.102081 -0.0134335
      vertex 0 -0.101412 -0.0223541
      vertex 0.00219059 -0.101412 -0.0222464
    endloop
  endfacet
  facet normal -0.133841 -0.979938 -0.147679
    outer loop
      vertex -0.0278139 -0.0991034 -0.0278139
      vertex -0.0300045 -0.097486 -0.036561
      vertex -0.0249538 -0.0991034 -0.030406
    endloop
  endfacet
  facet normal -0.104512 -0.987815 -0.115317
    outer loop
      vertex -0.0196619 -0.100416 -0.0239582
      vertex -0.0278139 -0.0991034 -0.0278139
      vertex -0.0249538 -0.0991034 -0.030406
    endloop
  endfacet
  facet normal -0.00974959 -0.979939 -0.199058
    outer loop
      vertex -0.00385475 -0.0991034 -0.0391455
      vertex -0.00463581 -0.097486 -0.0470695
      vertex 0 -0.0991034 -0.0393343
    endloop
  endfacet
  facet normal -0.0436989 -0.954562 -0.29479
    outer loop
      vertex -0.00537109 -0.0955796 -0.0545397
      vertex -0.0106916 -0.0955796 -0.053751
      vertex -0.00605583 -0.0934033 -0.0614853
    endloop
  endfacet
  facet normal -0.00974728 -0.979939 -0.19906
    outer loop
      vertex 0 -0.0991034 -0.0393343
      vertex -0.00463581 -0.097486 -0.0470695
      vertex 0 -0.097486 -0.0472965
    endloop
  endfacet
  facet normal 0.0120512 -0.969167 -0.24611
    outer loop
      vertex 0.00463581 -0.097486 -0.0470695
      vertex 0 -0.097486 -0.0472965
      vertex 0 -0.0955796 -0.0548038
    endloop
  endfacet
  facet normal -0.0830172 -0.969167 -0.231997
    outer loop
      vertex -0.0180998 -0.097486 -0.0436964
      vertex -0.0209723 -0.0955796 -0.0506325
      vertex -0.0137291 -0.097486 -0.0452604
    endloop
  endfacet
  facet normal -0.0830133 -0.969167 -0.232002
    outer loop
      vertex -0.0137291 -0.097486 -0.0452604
      vertex -0.0209723 -0.0955796 -0.0506325
      vertex -0.0159082 -0.0955796 -0.0524445
    endloop
  endfacet
  facet normal 0.0724047 -0.954557 -0.289098
    outer loop
      vertex 0.0159082 -0.0955796 -0.0524445
      vertex 0.0106916 -0.0955796 -0.053751
      vertex 0.0179338 -0.0934033 -0.059123
    endloop
  endfacet
  facet normal 0.100404 -0.954557 -0.280606
    outer loop
      vertex 0.0209723 -0.0955796 -0.0506325
      vertex 0.0159082 -0.0955796 -0.0524445
      vertex 0.0179338 -0.0934033 -0.059123
    endloop
  endfacet
  facet normal 0.0278534 -0.993406 -0.111215
    outer loop
      vertex 0.0064888 -0.101412 -0.0213909
      vertex 0.0043602 -0.101412 -0.021924
      vertex 0.00899696 -0.100416 -0.0296593
    endloop
  endfacet
  facet normal 0.0278245 -0.993405 -0.111232
    outer loop
      vertex 0.00899696 -0.100416 -0.0296593
      vertex 0.0043602 -0.101412 -0.021924
      vertex 0.0060463 -0.100416 -0.0303974
    endloop
  endfacet
  facet normal 0.0665348 -0.987817 -0.140681
    outer loop
      vertex 0.0146103 -0.100416 -0.0273333
      vertex 0.0118599 -0.100416 -0.0286341
      vertex 0.0150528 -0.0991034 -0.0363407
    endloop
  endfacet
  facet normal 0.0665522 -0.987816 -0.14068
    outer loop
      vertex 0.0185423 -0.0991034 -0.0346899
      vertex 0.0146103 -0.100416 -0.0273333
      vertex 0.0150528 -0.0991034 -0.0363407
    endloop
  endfacet
  facet normal 0.0926942 -0.987814 -0.125026
    outer loop
      vertex 0.0249538 -0.0991034 -0.030406
      vertex 0.0172186 -0.100416 -0.0257702
      vertex 0.0218525 -0.0991034 -0.0327053
    endloop
  endfacet
  facet normal 0.0927067 -0.987815 -0.125006
    outer loop
      vertex 0.0196619 -0.100416 -0.0239582
      vertex 0.0172186 -0.100416 -0.0257702
      vertex 0.0249538 -0.0991034 -0.030406
    endloop
  endfacet
  facet normal 0.0753305 -0.997152 -0.00370361
    outer loop
      vertex 0.0223541 -0.101412 0
      vertex 0.0134335 -0.102081 -0.00132275
      vertex 0.0222464 -0.101412 -0.00219059
    endloop
  endfacet
  facet normal 0.050603 -0.997152 0.0559214
    outer loop
      vertex 0.0141811 -0.101412 0.0172796
      vertex 0.00856304 -0.102081 0.0104342
      vertex 0.00954533 -0.102081 0.00954533
    endloop
  endfacet
  facet normal 0.030072 -0.9993 0.0222522
    outer loop
      vertex 0.0112238 -0.102081 0.00749969
      vertex 0.00348949 -0.102417 0.00286293
      vertex 0.00375271 -0.102417 0.00250721
    endloop
  endfacet
  facet normal 0.0362925 -0.9993 0.00909362
    outer loop
      vertex 0.0129175 -0.102081 0.00391769
      vertex 0.00431919 -0.102417 0.00131035
      vertex 0.00442696 -0.102417 0.000880241
    endloop
  endfacet
  facet normal 0.0731678 -0.997151 -0.0183246
    outer loop
      vertex 0.021924 -0.101412 -0.0043602
      vertex 0.0129175 -0.102081 -0.00391769
      vertex 0.0213909 -0.101412 -0.0064888
    endloop
  endfacet
  facet normal 0.103658 -0.993405 0.04901
    outer loop
      vertex 0.0286341 -0.100416 0.0118599
      vertex 0.0197144 -0.101412 0.0105371
      vertex 0.0206518 -0.101412 0.00855446
    endloop
  endfacet
  facet normal 0.14651 -0.987817 0.0524643
    outer loop
      vertex 0.0363407 -0.0991034 0.0150528
      vertex 0.0286341 -0.100416 0.0118599
      vertex 0.0296593 -0.100416 0.00899696
    endloop
  endfacet
  facet normal 0.193314 -0.97994 0.0484413
    outer loop
      vertex 0.0452604 -0.097486 0.0137291
      vertex 0.0376406 -0.0991034 0.0114183
      vertex 0.0463886 -0.097486 0.0092268
    endloop
  endfacet
  facet normal 0.232002 -0.969167 0.0830133
    outer loop
      vertex 0.0506325 -0.0955796 0.0209723
      vertex 0.0452604 -0.097486 0.0137291
      vertex 0.0524445 -0.0955796 0.0159082
    endloop
  endfacet
  facet normal 0.243773 -0.969159 0.0361364
    outer loop
      vertex 0.053751 -0.0955796 0.0106916
      vertex 0.0470695 -0.097486 0.00463581
      vertex 0.0545397 -0.0955796 0.00537109
    endloop
  endfacet
  facet normal 0.297655 -0.954561 -0.0146359
    outer loop
      vertex 0.0548038 -0.0955796 0
      vertex 0.0545397 -0.0955796 -0.00537109
      vertex 0.0614853 -0.0934033 -0.00605583
    endloop
  endfacet
  facet normal 0.294815 -0.954553 0.0437453
    outer loop
      vertex 0.0605955 -0.0934033 0.0120525
      vertex 0.053751 -0.0955796 0.0106916
      vertex 0.0614853 -0.0934033 0.00605583
    endloop
  endfacet
  facet normal 0.28912 -0.954552 0.0723869
    outer loop
      vertex 0.059123 -0.0934033 0.0179338
      vertex 0.053751 -0.0955796 0.0106916
      vertex 0.0605955 -0.0934033 0.0120525
    endloop
  endfacet
  facet normal 0.416073 -0.907233 0.0617309
    outer loop
      vertex 0.0724745 -0.088325 0.0144157
      vertex 0.0668573 -0.0909772 0.013298
      vertex 0.0735388 -0.088325 0.0072422
    endloop
  endfacet
  facet normal 0.489389 -0.869037 0.0726085
    outer loop
      vertex 0.0773945 -0.0854726 0.0153942
      vertex 0.0724745 -0.088325 0.0144157
      vertex 0.0735388 -0.088325 0.0072422
    endloop
  endfacet
  facet normal 0.420101 -0.907243 -0.0206332
    outer loop
      vertex 0.0738945 -0.088325 0
      vertex 0.0678387 -0.0909772 -0.00668144
      vertex 0.0735388 -0.088325 -0.0072422
    endloop
  endfacet
  facet normal 0.494156 -0.869034 -0.0242704
    outer loop
      vertex 0.0738945 -0.088325 0
      vertex 0.0735388 -0.088325 -0.0072422
      vertex 0.0789108 -0.0854726 0
    endloop
  endfacet
  facet normal 0.332277 -0.869035 -0.366566
    outer loop
      vertex 0.0522509 -0.088325 -0.0522509
      vertex 0.0468779 -0.088325 -0.0571213
      vertex 0.0500603 -0.0854726 -0.0609989
    endloop
  endfacet
  facet normal 0.294751 -0.869036 -0.397365
    outer loop
      vertex 0.0468779 -0.088325 -0.0571213
      vertex 0.0410538 -0.088325 -0.0614414
      vertex 0.0500603 -0.0854726 -0.0609989
    endloop
  endfacet
  facet normal 0.0222522 -0.9993 0.030072
    outer loop
      vertex 0.00749969 -0.102081 0.0112238
      vertex 0.00250721 -0.102417 0.00375271
      vertex 0.00286293 -0.102417 0.00348949
    endloop
  endfacet
  facet normal -0.0682838 -0.993405 -0.0921042
    outer loop
      vertex -0.0141811 -0.101412 -0.0172796
      vertex -0.0172186 -0.100416 -0.0257702
      vertex -0.0124187 -0.101412 -0.0185862
    endloop
  endfacet
  facet normal -0.0589604 -0.993405 -0.0983335
    outer loop
      vertex -0.0124187 -0.101412 -0.0185862
      vertex -0.0172186 -0.100416 -0.0257702
      vertex -0.0105371 -0.101412 -0.0197144
    endloop
  endfacet
  facet normal -0.0090813 -0.9993 -0.036297
    outer loop
      vertex -0.000880241 -0.102417 -0.00442696
      vertex -0.00391769 -0.102081 -0.0129175
      vertex -0.00263309 -0.102081 -0.0132389
    endloop
  endfacet
  facet normal -0.0322468 -0.997152 -0.0681832
    outer loop
      vertex -0.00636292 -0.102081 -0.0119047
      vertex -0.0105371 -0.101412 -0.0197144
      vertex -0.0051651 -0.102081 -0.0124712
    endloop
  endfacet
  facet normal -0.0682838 -0.993405 0.0921042
    outer loop
      vertex -0.0124187 -0.101412 0.0185862
      vertex -0.0172186 -0.100416 0.0257702
      vertex -0.0141811 -0.101412 0.0172796
    endloop
  endfacet
  facet normal -0.0449229 -0.997151 0.0605941
    outer loop
      vertex -0.0124187 -0.101412 0.0185862
      vertex -0.0141811 -0.101412 0.0172796
      vertex -0.00749969 -0.102081 0.0112238
    endloop
  endfacet
  facet normal -0.133866 -0.979935 0.147672
    outer loop
      vertex -0.0300045 -0.097486 0.036561
      vertex -0.0334435 -0.097486 0.0334435
      vertex -0.0278139 -0.0991034 0.0278139
    endloop
  endfacet
  facet normal -0.147672 -0.979935 0.133866
    outer loop
      vertex -0.0334435 -0.097486 0.0334435
      vertex -0.036561 -0.097486 0.0300045
      vertex -0.0278139 -0.0991034 0.0278139
    endloop
  endfacet
  facet normal -0.0770141 -0.993405 0.0849435
    outer loop
      vertex -0.0141811 -0.101412 0.0172796
      vertex -0.0219154 -0.100416 0.0219154
      vertex -0.0158062 -0.101412 0.0158062
    endloop
  endfacet
  facet normal -0.0849435 -0.993405 0.0770141
    outer loop
      vertex -0.0158062 -0.101412 0.0158062
      vertex -0.0219154 -0.100416 0.0219154
      vertex -0.0172796 -0.101412 0.0141811
    endloop
  endfacet
  facet normal 0.0110861 -0.997152 -0.0746045
    outer loop
      vertex 0.00263309 -0.102081 -0.0132389
      vertex 0.00219059 -0.101412 -0.0222464
      vertex 0.0043602 -0.101412 -0.021924
    endloop
  endfacet
  facet normal 0.0183246 -0.997151 -0.0731678
    outer loop
      vertex 0.0064888 -0.101412 -0.0213909
      vertex 0.00391769 -0.102081 -0.0129175
      vertex 0.0043602 -0.101412 -0.021924
    endloop
  endfacet
  facet normal -0.0254104 -0.997151 0.0710179
    outer loop
      vertex -0.0064888 -0.101412 0.0213909
      vertex -0.00855446 -0.101412 0.0206518
      vertex -0.0051651 -0.102081 0.0124712
    endloop
  endfacet
  facet normal -0.0322398 -0.997151 0.0681884
    outer loop
      vertex -0.00855446 -0.101412 0.0206518
      vertex -0.0105371 -0.101412 0.0197144
      vertex -0.0051651 -0.102081 0.0124712
    endloop
  endfacet
  facet normal -0.064704 -0.997152 0.0387563
    outer loop
      vertex -0.0112238 -0.102081 0.00749969
      vertex -0.0197144 -0.101412 0.0105371
      vertex -0.0119047 -0.102081 0.00636292
    endloop
  endfacet
  facet normal -0.0921042 -0.993405 0.0682838
    outer loop
      vertex -0.0172796 -0.101412 0.0141811
      vertex -0.0257702 -0.100416 0.0172186
      vertex -0.0185862 -0.101412 0.0124187
    endloop
  endfacet
  facet normal -0.0277434 -0.9993 0.0251048
    outer loop
      vertex -0.00954533 -0.102081 0.00954533
      vertex -0.0104342 -0.102081 0.00856304
      vertex -0.00319195 -0.102417 0.00319195
    endloop
  endfacet
  facet normal -0.0223062 -0.9993 0.0300397
    outer loop
      vertex -0.00749969 -0.102081 0.0112238
      vertex -0.00856304 -0.102081 0.0104342
      vertex -0.00286293 -0.102417 0.00348949
    endloop
  endfacet
  facet normal 0.0338107 -0.9993 -0.0160195
    outer loop
      vertex 0.00417042 -0.102417 -0.0017271
      vertex 0.00398064 -0.102417 -0.00212765
      vertex 0.0119047 -0.102081 -0.00636292
    endloop
  endfacet
  facet normal 0.0559214 -0.997152 -0.050603
    outer loop
      vertex 0.0104342 -0.102081 -0.00856304
      vertex 0.00954533 -0.102081 -0.00954533
      vertex 0.0172796 -0.101412 -0.0141811
    endloop
  endfacet
  facet normal 0.0589604 -0.993405 -0.0983335
    outer loop
      vertex 0.0124187 -0.101412 -0.0185862
      vertex 0.0105371 -0.101412 -0.0197144
      vertex 0.0172186 -0.100416 -0.0257702
    endloop
  endfacet
  facet normal 0.0250953 -0.9993 -0.0277504
    outer loop
      vertex 0.00319195 -0.102417 -0.00319195
      vertex 0.00286293 -0.102417 -0.00348949
      vertex 0.00856304 -0.102081 -0.0104342
    endloop
  endfacet
  facet normal 0.0770141 -0.993405 -0.0849435
    outer loop
      vertex 0.0158062 -0.101412 -0.0158062
      vertex 0.0141811 -0.101412 -0.0172796
      vertex 0.0219154 -0.100416 -0.0219154
    endloop
  endfacet
  facet normal 0.0849519 -0.993405 -0.077009
    outer loop
      vertex 0.0239582 -0.100416 -0.0196619
      vertex 0.0172796 -0.101412 -0.0141811
      vertex 0.0219154 -0.100416 -0.0219154
    endloop
  endfacet
  facet normal 0.0322398 -0.997151 0.0681884
    outer loop
      vertex 0.00855446 -0.101412 0.0206518
      vertex 0.0051651 -0.102081 0.0124712
      vertex 0.0105371 -0.101412 0.0197144
    endloop
  endfacet
  facet normal 0.04901 -0.993405 0.103658
    outer loop
      vertex 0.0118599 -0.100416 0.0286341
      vertex 0.00855446 -0.101412 0.0206518
      vertex 0.0105371 -0.101412 0.0197144
    endloop
  endfacet
  facet normal 0.0449229 -0.997151 0.0605941
    outer loop
      vertex 0.0124187 -0.101412 0.0185862
      vertex 0.00749969 -0.102081 0.0112238
      vertex 0.0141811 -0.101412 0.0172796
    endloop
  endfacet
  facet normal 0.0682838 -0.993405 0.0921042
    outer loop
      vertex 0.0172186 -0.100416 0.0257702
      vertex 0.0124187 -0.101412 0.0185862
      vertex 0.0141811 -0.101412 0.0172796
    endloop
  endfacet
  facet normal 0.0228375 -0.987817 0.153937
    outer loop
      vertex 0.00767326 -0.0991034 0.038579
      vertex 0.00385475 -0.0991034 0.0391455
      vertex 0.0060463 -0.100416 0.0303974
    endloop
  endfacet
  facet normal 0.0228332 -0.987817 0.153936
    outer loop
      vertex 0.00385475 -0.0991034 0.0391455
      vertex 0.00303745 -0.100416 0.0308437
      vertex 0.0060463 -0.100416 0.0303974
    endloop
  endfacet
  facet normal 0.00185589 -0.9993 0.0373676
    outer loop
      vertex 0.00132275 -0.102081 0.0134335
      vertex 0 -0.102417 0.00451374
      vertex 0.000441551 -0.102417 0.00449181
    endloop
  endfacet
  facet normal -0.0723869 -0.954552 0.28912
    outer loop
      vertex -0.0120525 -0.0934033 0.0605955
      vertex -0.0179338 -0.0934033 0.059123
      vertex -0.0106916 -0.0955796 0.053751
    endloop
  endfacet
  facet normal -0.0437453 -0.954553 0.294815
    outer loop
      vertex -0.00605583 -0.0934033 0.0614853
      vertex -0.0120525 -0.0934033 0.0605955
      vertex -0.0106916 -0.0955796 0.053751
    endloop
  endfacet
  facet normal -0.100407 -0.954557 0.280606
    outer loop
      vertex -0.0179338 -0.0934033 0.059123
      vertex -0.0236425 -0.0934033 0.0570803
      vertex -0.0209723 -0.0955796 0.0506325
    endloop
  endfacet
  facet normal -0.127456 -0.954561 0.269384
    outer loop
      vertex -0.0209723 -0.0955796 0.0506325
      vertex -0.0291243 -0.0934033 0.0544872
      vertex -0.0258341 -0.0955796 0.0483322
    endloop
  endfacet
  facet normal -0.0864336 -0.934622 0.34498
    outer loop
      vertex -0.013298 -0.0909772 0.0668573
      vertex -0.0197878 -0.0909772 0.0652313
      vertex -0.0179338 -0.0934033 0.059123
    endloop
  endfacet
  facet normal -0.102214 -0.907259 0.407963
    outer loop
      vertex -0.013298 -0.0909772 0.0668573
      vertex -0.02145 -0.088325 0.070713
      vertex -0.0197878 -0.0909772 0.0652313
    endloop
  endfacet
  facet normal -0.527906 -0.463416 -0.71173
    outer loop
      vertex -0.0566149 -0.075994 -0.068985
      vertex -0.0577316 -0.0726304 -0.0703468
      vertex -0.0495806 -0.075994 -0.0742025
    endloop
  endfacet
  facet normal -0.656557 -0.463469 -0.595088
    outer loop
      vertex -0.0631037 -0.075994 -0.0631037
      vertex -0.068985 -0.075994 -0.0566149
      vertex -0.0643492 -0.0726304 -0.0643492
    endloop
  endfacet
  facet normal -0.413926 -0.250547 -0.875152
    outer loop
      vertex -0.0348253 -0.0726304 -0.0840769
      vertex -0.0433159 -0.0692162 -0.0810385
      vertex -0.0351639 -0.0692162 -0.0848942
    endloop
  endfacet
  facet normal -0.263454 -0.623347 -0.736227
    outer loop
      vertex -0.0331488 -0.0792775 -0.0800276
      vertex -0.0341511 -0.075994 -0.082449
      vertex -0.0259056 -0.075994 -0.0853996
    endloop
  endfacet
  facet normal -0.345431 0.814706 -0.465758
    outer loop
      vertex -0.0473736 -0.0495276 -0.0629915
      vertex -0.0527601 -0.0525527 -0.0642881
      vertex -0.0500603 -0.0495276 -0.0609989
    endloop
  endfacet
  facet normal -0.345419 0.814696 -0.465787
    outer loop
      vertex -0.0455141 -0.0495765 -0.064456
      vertex -0.0527601 -0.0525527 -0.0642881
      vertex -0.0473736 -0.0495276 -0.0629915
    endloop
  endfacet
  facet normal -0.345436 0.814745 -0.465688
    outer loop
      vertex -0.0452682 -0.0495829 -0.0646496
      vertex -0.0527601 -0.0525527 -0.0642881
      vertex -0.0455141 -0.0495765 -0.064456
    endloop
  endfacet
  facet normal -0.345403 0.814634 -0.465906
    outer loop
      vertex -0.0449943 -0.0495549 -0.0648037
      vertex -0.0527601 -0.0525527 -0.0642881
      vertex -0.0452682 -0.0495829 -0.0646496
    endloop
  endfacet
  facet normal -0.34561 0.8145 -0.465986
    outer loop
      vertex -0.0438404 -0.0495276 -0.0656118
      vertex -0.0449943 -0.0495549 -0.0648037
      vertex -0.0447292 -0.0495276 -0.0649526
    endloop
  endfacet
  facet normal -0.345428 0.814731 -0.465718
    outer loop
      vertex -0.0449943 -0.0495549 -0.0648037
      vertex -0.0438404 -0.0495276 -0.0656118
      vertex -0.0527601 -0.0525527 -0.0642881
    endloop
  endfacet
  facet normal -0.347767 0.736397 -0.580325
    outer loop
      vertex -0.0408325 -0.0557227 -0.0763931
      vertex -0.0481243 -0.0557227 -0.0720234
      vertex -0.0392046 -0.0525527 -0.0733461
    endloop
  endfacet
  facet normal -0.378822 0.463481 -0.801049
    outer loop
      vertex -0.0348253 -0.0623708 -0.0840769
      vertex -0.0420685 -0.0590062 -0.0787048
      vertex -0.0341511 -0.0590062 -0.082449
    endloop
  endfacet
  facet normal -0.334295 0.623338 -0.706892
    outer loop
      vertex -0.0341511 -0.0590062 -0.082449
      vertex -0.0420685 -0.0590062 -0.0787048
      vertex -0.0331488 -0.0557227 -0.0800276
    endloop
  endfacet
  facet normal -0.298474 -0.463393 -0.834374
    outer loop
      vertex -0.0259056 -0.075994 -0.0853996
      vertex -0.0348253 -0.0726304 -0.0840769
      vertex -0.0264168 -0.0726304 -0.0870848
    endloop
  endfacet
  facet normal -0.497699 -0.250615 -0.830354
    outer loop
      vertex -0.0428982 -0.0726304 -0.0802584
      vertex -0.0510502 -0.0692162 -0.0764027
      vertex -0.0433159 -0.0692162 -0.0810385
    endloop
  endfacet
  facet normal -0.195344 0.814709 -0.545976
    outer loop
      vertex -0.0241413 -0.0525527 -0.0795851
      vertex -0.031826 -0.0525527 -0.0768356
      vertex -0.0229063 -0.0495276 -0.0755129
    endloop
  endfacet
  facet normal -0.24788 0.814755 -0.524146
    outer loop
      vertex -0.031826 -0.0525527 -0.0768356
      vertex -0.0392046 -0.0525527 -0.0733461
      vertex -0.0301971 -0.0495276 -0.0729036
    endloop
  endfacet
  facet normal -0.294685 0.869371 -0.39668
    outer loop
      vertex -0.0499149 -0.0494816 -0.0610061
      vertex -0.0500603 -0.0495276 -0.0609989
      vertex -0.0500071 -0.04948 -0.0609341
    endloop
  endfacet
  facet normal -0.0474476 0.250643 -0.966916
    outer loop
      vertex 0 -0.0657849 -0.0918884
      vertex -0.00891972 -0.0623708 -0.0905657
      vertex 0 -0.0623708 -0.0910034
    endloop
  endfacet
  facet normal -0.0434332 0.463355 -0.885108
    outer loop
      vertex 0 -0.0623708 -0.0910034
      vertex -0.00891972 -0.0623708 -0.0905657
      vertex -0.0087471 -0.0590062 -0.0888128
    endloop
  endfacet
  facet normal 0.650112 -0.250621 0.717317
    outer loop
      vertex 0.0582933 -0.0692162 0.0710306
      vertex 0.0577316 -0.0726304 0.0703468
      vertex 0.0643492 -0.0726304 0.0643492
    endloop
  endfacet
  facet normal 0.595088 -0.463402 0.656605
    outer loop
      vertex 0.0577316 -0.0726304 0.0703468
      vertex 0.0566149 -0.075994 0.068985
      vertex 0.0643492 -0.0726304 0.0643492
    endloop
  endfacet
  facet normal 0.636836 -0.736562 -0.227853
    outer loop
      vertex 0.0795851 -0.0824466 -0.0241413
      vertex 0.0768356 -0.0824466 -0.031826
      vertex 0.0828915 -0.0792775 -0.0251446
    endloop
  endfacet
  facet normal 0.546084 -0.814627 -0.195383
    outer loop
      vertex 0.0795851 -0.0824466 -0.0241413
      vertex 0.0755129 -0.0854726 -0.0229063
      vertex 0.0768356 -0.0824466 -0.031826
    endloop
  endfacet
  facet normal -0.524146 0.814755 -0.24788
    outer loop
      vertex -0.0733461 -0.0525527 -0.0392046
      vertex -0.0768356 -0.0525527 -0.031826
      vertex -0.0729036 -0.0495276 -0.0301971
    endloop
  endfacet
  facet normal -0.52407 0.814795 -0.24791
    outer loop
      vertex -0.0733461 -0.0525527 -0.0392046
      vertex -0.0720624 -0.0495276 -0.0319758
      vertex -0.0715488 -0.0496196 -0.0333639
    endloop
  endfacet
  facet normal -0.524123 0.814766 -0.247895
    outer loop
      vertex -0.0733461 -0.0525527 -0.0392046
      vertex -0.0706214 -0.0495276 -0.0350227
      vertex -0.0695925 -0.0495276 -0.0371981
    endloop
  endfacet
  facet normal -0.52417 0.814749 -0.247852
    outer loop
      vertex -0.0706214 -0.0495276 -0.0350227
      vertex -0.0733461 -0.0525527 -0.0392046
      vertex -0.0713962 -0.0496045 -0.0336369
    endloop
  endfacet
  facet normal -0.524141 0.814758 -0.247882
    outer loop
      vertex -0.0720624 -0.0495276 -0.0319758
      vertex -0.0733461 -0.0525527 -0.0392046
      vertex -0.0729036 -0.0495276 -0.0301971
    endloop
  endfacet
  facet normal -0.524101 0.814781 -0.247892
    outer loop
      vertex -0.0713962 -0.0496045 -0.0336369
      vertex -0.0733461 -0.0525527 -0.0392046
      vertex -0.0715488 -0.0496196 -0.0333639
    endloop
  endfacet
  facet normal -0.479498 0.869284 -0.120108
    outer loop
      vertex -0.0755129 -0.0495276 -0.0229063
      vertex -0.0758856 -0.0495276 -0.0214184
      vertex -0.0753771 -0.049447 -0.0228651
    endloop
  endfacet
  facet normal -0.479436 0.869321 -0.120093
    outer loop
      vertex -0.0767013 -0.0495276 -0.0181616
      vertex -0.0773945 -0.0495276 -0.0153942
      vertex -0.0772439 -0.0494634 -0.0155307
    endloop
  endfacet
  facet normal -0.47948 0.869288 -0.120157
    outer loop
      vertex -0.0772439 -0.0494634 -0.0155307
      vertex -0.0773945 -0.0495276 -0.0153942
      vertex -0.0772769 -0.0494595 -0.0153708
    endloop
  endfacet
  facet normal -0.780974 -0.623386 0.0383422
    outer loop
      vertex -0.0862045 -0.0792775 0.00848961
      vertex -0.0888128 -0.075994 0.0087471
      vertex -0.0866213 -0.0792775 0
    endloop
  endfacet
  facet normal -0.773445 -0.623395 0.114727
    outer loop
      vertex -0.0849571 -0.0792775 0.0168991
      vertex -0.0888128 -0.075994 0.0087471
      vertex -0.0862045 -0.0792775 0.00848961
    endloop
  endfacet
  facet normal -0.777563 -0.25061 0.576707
    outer loop
      vertex -0.0710306 -0.0692162 0.0582933
      vertex -0.0764027 -0.0692162 0.0510502
      vertex -0.0703468 -0.0726304 0.0577316
    endloop
  endfacet
  facet normal -0.803194 0 0.595717
    outer loop
      vertex -0.0764027 -0.0692162 0.0510502
      vertex -0.0710306 -0.0657849 0.0582933
      vertex -0.0764027 -0.0657849 0.0510502
    endloop
  endfacet
  facet normal -0.803194 0 0.595717
    outer loop
      vertex -0.0710306 -0.0657849 0.0582933
      vertex -0.0764027 -0.0692162 0.0510502
      vertex -0.0710306 -0.0692162 0.0582933
    endloop
  endfacet
  facet normal -0.911533 -0.250545 0.326089
    outer loop
      vertex -0.0848942 -0.0692162 0.0351639
      vertex -0.0879316 -0.0692162 0.0266733
      vertex -0.0840769 -0.0726304 0.0348253
    endloop
  endfacet
  facet normal -0.91153 -0.250577 0.326074
    outer loop
      vertex -0.0840769 -0.0726304 0.0348253
      vertex -0.0879316 -0.0692162 0.0266733
      vertex -0.0870848 -0.0726304 0.0264168
    endloop
  endfacet
  facet normal -0.4019 -0.623453 -0.670658
    outer loop
      vertex -0.0408325 -0.0792775 -0.0763931
      vertex -0.0481243 -0.0792775 -0.0720234
      vertex -0.0420685 -0.075994 -0.0787048
    endloop
  endfacet
  facet normal -0.334319 -0.623448 -0.706784
    outer loop
      vertex -0.0408325 -0.0792775 -0.0763931
      vertex -0.0420685 -0.075994 -0.0787048
      vertex -0.0331488 -0.0792775 -0.0800276
    endloop
  endfacet
  facet normal -0.717311 0.250571 -0.650137
    outer loop
      vertex -0.0649748 -0.0657849 -0.0649748
      vertex -0.0710306 -0.0657849 -0.0582933
      vertex -0.0643492 -0.0623708 -0.0643492
    endloop
  endfacet
  facet normal -0.255623 -0.954561 0.153198
    outer loop
      vertex -0.0513706 -0.0934033 0.0343246
      vertex -0.0544872 -0.0934033 0.0291243
      vertex -0.0483322 -0.0955796 0.0258341
    endloop
  endfacet
  facet normal -0.305026 -0.934634 0.182806
    outer loop
      vertex -0.0513706 -0.0934033 0.0343246
      vertex -0.0566788 -0.0909772 0.0378714
      vertex -0.0544872 -0.0934033 0.0291243
    endloop
  endfacet
  facet normal -0.360774 -0.907248 0.216199
    outer loop
      vertex -0.0614414 -0.088325 0.0410538
      vertex -0.0651693 -0.088325 0.034833
      vertex -0.0601177 -0.0909772 0.0321331
    endloop
  endfacet
  facet normal -0.424411 -0.869016 0.254334
    outer loop
      vertex -0.0614414 -0.088325 0.0410538
      vertex -0.0695925 -0.0854726 0.0371981
      vertex -0.0651693 -0.088325 0.034833
    endloop
  endfacet
  facet normal -0.447315 -0.868996 0.211556
    outer loop
      vertex -0.0695925 -0.0854726 0.0371981
      vertex -0.0729036 -0.0854726 0.0301971
      vertex -0.0682697 -0.088325 0.0282784
    endloop
  endfacet
  facet normal -0.524232 -0.814684 0.247934
    outer loop
      vertex -0.0695925 -0.0854726 0.0371981
      vertex -0.0733461 -0.0824466 0.0392046
      vertex -0.0729036 -0.0854726 0.0301971
    endloop
  endfacet
  facet normal -0.0386549 -0.993405 0.107946
    outer loop
      vertex -0.00899696 -0.100416 0.0296593
      vertex -0.0118599 -0.100416 0.0286341
      vertex -0.00855446 -0.101412 0.0206518
    endloop
  endfacet
  facet normal -0.0386241 -0.993406 0.107948
    outer loop
      vertex -0.0064888 -0.101412 0.0213909
      vertex -0.00899696 -0.100416 0.0296593
      vertex -0.00855446 -0.101412 0.0206518
    endloop
  endfacet
  facet normal -0.0378308 -0.987813 0.150978
    outer loop
      vertex -0.00767326 -0.0991034 0.038579
      vertex -0.0114183 -0.0991034 0.0376406
      vertex -0.00899696 -0.100416 0.0296593
    endloop
  endfacet
  facet normal -0.0292379 -0.97994 0.197138
    outer loop
      vertex -0.00463581 -0.097486 0.0470695
      vertex -0.0092268 -0.097486 0.0463886
      vertex -0.00385475 -0.0991034 0.0391455
    endloop
  endfacet
  facet normal -0.059868 -0.969162 0.239041
    outer loop
      vertex -0.0106916 -0.0955796 0.053751
      vertex -0.0159082 -0.0955796 0.0524445
      vertex -0.0092268 -0.097486 0.0463886
    endloop
  endfacet
  facet normal -0.0598931 -0.969167 0.239015
    outer loop
      vertex -0.0092268 -0.097486 0.0463886
      vertex -0.0159082 -0.0955796 0.0524445
      vertex -0.0137291 -0.097486 0.0452604
    endloop
  endfacet
  facet normal -0.16009 -0.979941 0.11869
    outer loop
      vertex -0.030406 -0.0991034 0.0249538
      vertex -0.0393257 -0.097486 0.0262766
      vertex -0.0327053 -0.0991034 0.0218525
    endloop
  endfacet
  facet normal -0.160084 -0.979938 0.118722
    outer loop
      vertex -0.036561 -0.097486 0.0300045
      vertex -0.0393257 -0.097486 0.0262766
      vertex -0.030406 -0.0991034 0.0249538
    endloop
  endfacet
  facet normal -0.366566 -0.869035 0.332277
    outer loop
      vertex -0.0522509 -0.088325 0.0522509
      vertex -0.0609989 -0.0854726 0.0500603
      vertex -0.0571213 -0.088325 0.0468779
    endloop
  endfacet
  facet normal -0.31168 -0.907213 0.282525
    outer loop
      vertex -0.0522509 -0.088325 0.0522509
      vertex -0.0571213 -0.088325 0.0468779
      vertex -0.0482016 -0.0909772 0.0482016
    endloop
  endfacet
  facet normal -0.11869 -0.979941 0.16009
    outer loop
      vertex -0.0218525 -0.0991034 0.0327053
      vertex -0.0262766 -0.097486 0.0393257
      vertex -0.0249538 -0.0991034 0.030406
    endloop
  endfacet
  facet normal -0.0926942 -0.987814 0.125026
    outer loop
      vertex -0.0218525 -0.0991034 0.0327053
      vertex -0.0249538 -0.0991034 0.030406
      vertex -0.0172186 -0.100416 0.0257702
    endloop
  endfacet
  facet normal -0.0665522 -0.987816 0.14068
    outer loop
      vertex -0.0150528 -0.0991034 0.0363407
      vertex -0.0185423 -0.0991034 0.0346899
      vertex -0.0146103 -0.100416 0.0273333
    endloop
  endfacet
  facet normal -0.0799992 -0.987816 0.133492
    outer loop
      vertex -0.0146103 -0.100416 0.0273333
      vertex -0.0185423 -0.0991034 0.0346899
      vertex -0.0172186 -0.100416 0.0257702
    endloop
  endfacet
  facet normal -0.150969 -0.987817 0.0377645
    outer loop
      vertex -0.0296593 -0.100416 0.00899696
      vertex -0.038579 -0.0991034 0.00767326
      vertex -0.0303974 -0.100416 0.0060463
    endloop
  endfacet
  facet normal -0.153937 -0.987817 0.0228375
    outer loop
      vertex -0.038579 -0.0991034 0.00767326
      vertex -0.0391455 -0.0991034 0.00385475
      vertex -0.0303974 -0.100416 0.0060463
    endloop
  endfacet
  facet normal -0.0992521 -0.736498 0.669119
    outer loop
      vertex -0.00848961 -0.0792775 0.0862045
      vertex -0.0168991 -0.0792775 0.0849571
      vertex -0.00815105 -0.0824466 0.0827665
    endloop
  endfacet
  facet normal -0.0331701 -0.736497 0.675627
    outer loop
      vertex 0 -0.0792775 0.0866213
      vertex -0.00848961 -0.0792775 0.0862045
      vertex -0.00815105 -0.0824466 0.0827665
    endloop
  endfacet
  facet normal -0.142009 -0.250496 0.957646
    outer loop
      vertex -0.0090065 -0.0692162 0.0914459
      vertex -0.0179262 -0.0692162 0.0901232
      vertex -0.00891972 -0.0726304 0.0905657
    endloop
  endfacet
  facet normal -0.13003 0.463355 0.876581
    outer loop
      vertex -0.0087471 -0.0590062 0.0888128
      vertex -0.0177536 -0.0623708 0.0892553
      vertex -0.00891972 -0.0623708 0.0905657
    endloop
  endfacet
  facet normal -0.14205 0.250615 0.957608
    outer loop
      vertex -0.0177536 -0.0623708 0.0892553
      vertex -0.0179262 -0.0657849 0.0901232
      vertex -0.00891972 -0.0623708 0.0905657
    endloop
  endfacet
  facet normal -0.39668 0.869371 0.294685
    outer loop
      vertex -0.0609341 -0.04948 0.0500071
      vertex -0.0610061 -0.0494816 0.0499149
      vertex -0.0609989 -0.0495276 0.0500603
    endloop
  endfacet
  facet normal -0.114525 -0.993404 -0.00563062
    outer loop
      vertex -0.0223541 -0.101412 0
      vertex -0.0309935 -0.100416 0
      vertex -0.0222464 -0.101412 -0.00219059
    endloop
  endfacet
  facet normal -0.0731678 -0.997151 -0.0183246
    outer loop
      vertex -0.0129175 -0.102081 -0.00391769
      vertex -0.021924 -0.101412 -0.0043602
      vertex -0.0213909 -0.101412 -0.0064888
    endloop
  endfacet
  facet normal -0.107948 -0.993406 -0.0386241
    outer loop
      vertex -0.0213909 -0.101412 -0.0064888
      vertex -0.0296593 -0.100416 -0.00899696
      vertex -0.0206518 -0.101412 -0.00855446
    endloop
  endfacet
  facet normal -0.0983541 -0.993404 -0.0589416
    outer loop
      vertex -0.0197144 -0.101412 -0.0105371
      vertex -0.0273333 -0.100416 -0.0146103
      vertex -0.0257702 -0.100416 -0.0172186
    endloop
  endfacet
  facet normal -0.14068 -0.987816 0.0665522
    outer loop
      vertex -0.0346899 -0.0991034 0.0185423
      vertex -0.0363407 -0.0991034 0.0150528
      vertex -0.0273333 -0.100416 0.0146103
    endloop
  endfacet
  facet normal -0.140681 -0.987817 0.0665348
    outer loop
      vertex -0.0273333 -0.100416 0.0146103
      vertex -0.0363407 -0.0991034 0.0150528
      vertex -0.0286341 -0.100416 0.0118599
    endloop
  endfacet
  facet normal -0.111232 -0.993405 0.0278245
    outer loop
      vertex -0.0296593 -0.100416 0.00899696
      vertex -0.0303974 -0.100416 0.0060463
      vertex -0.021924 -0.101412 0.0043602
    endloop
  endfacet
  facet normal -0.11453 -0.993404 -0.00564834
    outer loop
      vertex -0.0222464 -0.101412 -0.00219059
      vertex -0.0309935 -0.100416 0
      vertex -0.0308437 -0.100416 -0.00303745
    endloop
  endfacet
  facet normal -0.0352293 -0.9993 0.0126044
    outer loop
      vertex -0.0124712 -0.102081 0.0051651
      vertex -0.0129175 -0.102081 0.00391769
      vertex -0.00417042 -0.102417 0.0017271
    endloop
  endfacet
  facet normal -0.0373713 -0.9993 0.00183078
    outer loop
      vertex -0.0134335 -0.102081 0.00132275
      vertex -0.0134983 -0.102081 0
      vertex -0.00451374 -0.102417 0
    endloop
  endfacet
  facet normal -0.0254104 -0.997151 -0.0710179
    outer loop
      vertex -0.0051651 -0.102081 -0.0124712
      vertex -0.00855446 -0.101412 -0.0206518
      vertex -0.0064888 -0.101412 -0.0213909
    endloop
  endfacet
  facet normal -0.0322398 -0.997151 -0.0681884
    outer loop
      vertex -0.0051651 -0.102081 -0.0124712
      vertex -0.0105371 -0.101412 -0.0197144
      vertex -0.00855446 -0.101412 -0.0206518
    endloop
  endfacet
  facet normal 0.00369026 -0.997152 -0.0753286
    outer loop
      vertex 0.00132275 -0.102081 -0.0134335
      vertex 0 -0.102081 -0.0134983
      vertex 0 -0.101412 -0.0223541
    endloop
  endfacet
  facet normal -0.00183078 -0.9993 -0.0373713
    outer loop
      vertex 0 -0.102417 -0.00451374
      vertex -0.00132275 -0.102081 -0.0134335
      vertex 0 -0.102081 -0.0134983
    endloop
  endfacet
  facet normal -0.0292379 -0.97994 -0.197138
    outer loop
      vertex -0.00385475 -0.0991034 -0.0391455
      vertex -0.0092268 -0.097486 -0.0463886
      vertex -0.00463581 -0.097486 -0.0470695
    endloop
  endfacet
  facet normal -0.0361525 -0.969162 -0.243759
    outer loop
      vertex -0.0092268 -0.097486 -0.0463886
      vertex -0.0106916 -0.0955796 -0.053751
      vertex -0.00463581 -0.097486 -0.0470695
    endloop
  endfacet
  facet normal 0.0589416 -0.993404 -0.0983541
    outer loop
      vertex 0.0172186 -0.100416 -0.0257702
      vertex 0.0105371 -0.101412 -0.0197144
      vertex 0.0146103 -0.100416 -0.0273333
    endloop
  endfacet
  facet normal 0.0799992 -0.987816 -0.133492
    outer loop
      vertex 0.0172186 -0.100416 -0.0257702
      vertex 0.0146103 -0.100416 -0.0273333
      vertex 0.0185423 -0.0991034 -0.0346899
    endloop
  endfacet
  facet normal 0.0753286 -0.997152 -0.00369026
    outer loop
      vertex 0.0134983 -0.102081 0
      vertex 0.0134335 -0.102081 -0.00132275
      vertex 0.0223541 -0.101412 0
    endloop
  endfacet
  facet normal 0.0373713 -0.9993 -0.00183078
    outer loop
      vertex 0.0134983 -0.102081 0
      vertex 0.00451374 -0.102417 0
      vertex 0.0134335 -0.102081 -0.00132275
    endloop
  endfacet
  facet normal 0.064704 -0.997152 0.0387563
    outer loop
      vertex 0.0197144 -0.101412 0.0105371
      vertex 0.0112238 -0.102081 0.00749969
      vertex 0.0119047 -0.102081 0.00636292
    endloop
  endfacet
  facet normal 0.0338107 -0.9993 0.0160195
    outer loop
      vertex 0.0119047 -0.102081 0.00636292
      vertex 0.00398064 -0.102417 0.00212765
      vertex 0.00417042 -0.102417 0.0017271
    endloop
  endfacet
  facet normal 0.0983335 -0.993405 0.0589604
    outer loop
      vertex 0.0257702 -0.100416 0.0172186
      vertex 0.0185862 -0.101412 0.0124187
      vertex 0.0197144 -0.101412 0.0105371
    endloop
  endfacet
  facet normal 0.0921042 -0.993405 0.0682838
    outer loop
      vertex 0.0257702 -0.100416 0.0172186
      vertex 0.0172796 -0.101412 0.0141811
      vertex 0.0185862 -0.101412 0.0124187
    endloop
  endfacet
  facet normal 0.0559214 -0.997152 0.050603
    outer loop
      vertex 0.0172796 -0.101412 0.0141811
      vertex 0.00954533 -0.102081 0.00954533
      vertex 0.0104342 -0.102081 0.00856304
    endloop
  endfacet
  facet normal 0.0277504 -0.9993 0.0250953
    outer loop
      vertex 0.0104342 -0.102081 0.00856304
      vertex 0.00319195 -0.102417 0.00319195
      vertex 0.00348949 -0.102417 0.00286293
    endloop
  endfacet
  facet normal 0.0277434 -0.9993 0.0251048
    outer loop
      vertex 0.00954533 -0.102081 0.00954533
      vertex 0.00319195 -0.102417 0.00319195
      vertex 0.0104342 -0.102081 0.00856304
    endloop
  endfacet
  facet normal 0.0362925 -0.9993 -0.00909362
    outer loop
      vertex 0.00442696 -0.102417 -0.000880241
      vertex 0.00431919 -0.102417 -0.00131035
      vertex 0.0129175 -0.102081 -0.00391769
    endloop
  endfacet
  facet normal 0.0746042 -0.997152 -0.0110795
    outer loop
      vertex 0.0134335 -0.102081 -0.00132275
      vertex 0.0132389 -0.102081 -0.00263309
      vertex 0.0222464 -0.101412 -0.00219059
    endloop
  endfacet
  facet normal 0.0352293 -0.9993 0.0126044
    outer loop
      vertex 0.0124712 -0.102081 0.0051651
      vertex 0.00417042 -0.102417 0.0017271
      vertex 0.0129175 -0.102081 0.00391769
    endloop
  endfacet
  facet normal 0.107948 -0.993406 0.0386241
    outer loop
      vertex 0.0296593 -0.100416 0.00899696
      vertex 0.0206518 -0.101412 0.00855446
      vertex 0.0213909 -0.101412 0.0064888
    endloop
  endfacet
  facet normal 0.246139 -0.969159 0.0121028
    outer loop
      vertex 0.0545397 -0.0955796 0.00537109
      vertex 0.0470695 -0.097486 0.00463581
      vertex 0.0548038 -0.0955796 0
    endloop
  endfacet
  facet normal 0.155453 -0.987814 -0.00761387
    outer loop
      vertex 0.0393343 -0.0991034 0
      vertex 0.0309935 -0.100416 0
      vertex 0.0391455 -0.0991034 -0.00385475
    endloop
  endfacet
  facet normal 0.197138 -0.97994 -0.0292379
    outer loop
      vertex 0.0470695 -0.097486 -0.00463581
      vertex 0.0391455 -0.0991034 -0.00385475
      vertex 0.0463886 -0.097486 -0.0092268
    endloop
  endfacet
  facet normal 0.197132 -0.979941 -0.0292458
    outer loop
      vertex 0.0391455 -0.0991034 -0.00385475
      vertex 0.038579 -0.0991034 -0.00767326
      vertex 0.0463886 -0.097486 -0.0092268
    endloop
  endfacet
  facet normal 0.199058 -0.979939 -0.00974959
    outer loop
      vertex 0.0393343 -0.0991034 0
      vertex 0.0391455 -0.0991034 -0.00385475
      vertex 0.0470695 -0.097486 -0.00463581
    endloop
  endfacet
  facet normal 0.289098 -0.954557 0.0724047
    outer loop
      vertex 0.059123 -0.0934033 0.0179338
      vertex 0.0524445 -0.0955796 0.0159082
      vertex 0.053751 -0.0955796 0.0106916
    endloop
  endfacet
  facet normal 0.239041 -0.969162 0.059868
    outer loop
      vertex 0.0524445 -0.0955796 0.0159082
      vertex 0.0463886 -0.097486 0.0092268
      vertex 0.053751 -0.0955796 0.0106916
    endloop
  endfacet
  facet normal 0.197138 -0.97994 0.0292379
    outer loop
      vertex 0.0463886 -0.097486 0.0092268
      vertex 0.0391455 -0.0991034 0.00385475
      vertex 0.0470695 -0.097486 0.00463581
    endloop
  endfacet
  facet normal 0.407963 -0.907259 0.102214
    outer loop
      vertex 0.070713 -0.088325 0.02145
      vertex 0.0652313 -0.0909772 0.0197878
      vertex 0.0668573 -0.0909772 0.013298
    endloop
  endfacet
  facet normal 0.34498 -0.934622 0.0864336
    outer loop
      vertex 0.0652313 -0.0909772 0.0197878
      vertex 0.059123 -0.0934033 0.0179338
      vertex 0.0668573 -0.0909772 0.013298
    endloop
  endfacet
  facet normal 0.345494 -0.814625 -0.465854
    outer loop
      vertex 0.0500603 -0.0854726 -0.0609989
      vertex 0.0438404 -0.0854726 -0.0656118
      vertex 0.0527601 -0.0824466 -0.0642881
    endloop
  endfacet
  facet normal 0.294745 -0.86901 -0.397426
    outer loop
      vertex 0.0500603 -0.0854726 -0.0609989
      vertex 0.0410538 -0.088325 -0.0614414
      vertex 0.0438404 -0.0854726 -0.0656118
    endloop
  endfacet
  facet normal -0.0277434 -0.9993 -0.0251048
    outer loop
      vertex -0.00319195 -0.102417 -0.00319195
      vertex -0.0104342 -0.102081 -0.00856304
      vertex -0.00954533 -0.102081 -0.00954533
    endloop
  endfacet
  facet normal -0.0449229 -0.997151 -0.0605941
    outer loop
      vertex -0.00749969 -0.102081 -0.0112238
      vertex -0.0141811 -0.101412 -0.0172796
      vertex -0.0124187 -0.101412 -0.0185862
    endloop
  endfacet
  facet normal -0.0387892 -0.997151 -0.0646922
    outer loop
      vertex -0.00749969 -0.102081 -0.0112238
      vertex -0.0124187 -0.101412 -0.0185862
      vertex -0.0105371 -0.101412 -0.0197144
    endloop
  endfacet
  facet normal -0.00185589 -0.9993 -0.0373676
    outer loop
      vertex -0.000441551 -0.102417 -0.00449181
      vertex -0.00132275 -0.102081 -0.0134335
      vertex 0 -0.102417 -0.00451374
    endloop
  endfacet
  facet normal 0.00909362 -0.9993 -0.0362925
    outer loop
      vertex 0.00131035 -0.102417 -0.00431919
      vertex 0.000880241 -0.102417 -0.00442696
      vertex 0.00391769 -0.102081 -0.0129175
    endloop
  endfacet
  facet normal 0.0125784 -0.9993 -0.0352358
    outer loop
      vertex 0.0017271 -0.102417 -0.00417042
      vertex 0.00131035 -0.102417 -0.00431919
      vertex 0.00391769 -0.102081 -0.0129175
    endloop
  endfacet
  facet normal 0.0090813 -0.9993 -0.036297
    outer loop
      vertex 0.00391769 -0.102081 -0.0129175
      vertex 0.000880241 -0.102417 -0.00442696
      vertex 0.00263309 -0.102081 -0.0132389
    endloop
  endfacet
  facet normal 0.0054964 -0.9993 -0.0370101
    outer loop
      vertex 0.00263309 -0.102081 -0.0132389
      vertex 0.000880241 -0.102417 -0.00442696
      vertex 0.00132275 -0.102081 -0.0134335
    endloop
  endfacet
  facet normal -0.0159969 -0.9993 0.0338242
    outer loop
      vertex -0.0051651 -0.102081 0.0124712
      vertex -0.00636292 -0.102081 0.0119047
      vertex -0.0017271 -0.102417 0.00417042
    endloop
  endfacet
  facet normal -0.00185589 -0.9993 0.0373676
    outer loop
      vertex 0 -0.102417 0.00451374
      vertex -0.00132275 -0.102081 0.0134335
      vertex -0.000441551 -0.102417 0.00449181
    endloop
  endfacet
  facet normal -0.0183246 -0.997151 0.0731678
    outer loop
      vertex -0.0043602 -0.101412 0.021924
      vertex -0.0064888 -0.101412 0.0213909
      vertex -0.00391769 -0.102081 0.0129175
    endloop
  endfacet
  facet normal -0.0300397 -0.9993 0.0223062
    outer loop
      vertex -0.0104342 -0.102081 0.00856304
      vertex -0.0112238 -0.102081 0.00749969
      vertex -0.00348949 -0.102417 0.00286293
    endloop
  endfacet
  facet normal -0.0559214 -0.997152 0.050603
    outer loop
      vertex -0.00954533 -0.102081 0.00954533
      vertex -0.0172796 -0.101412 0.0141811
      vertex -0.0104342 -0.102081 0.00856304
    endloop
  endfacet
  facet normal -0.0681884 -0.997151 0.0322398
    outer loop
      vertex -0.0197144 -0.101412 0.0105371
      vertex -0.0206518 -0.101412 0.00855446
      vertex -0.0124712 -0.102081 0.0051651
    endloop
  endfacet
  facet normal -0.0681832 -0.997152 0.0322468
    outer loop
      vertex -0.0119047 -0.102081 0.00636292
      vertex -0.0197144 -0.101412 0.0105371
      vertex -0.0124712 -0.102081 0.0051651
    endloop
  endfacet
  facet normal 0.0352293 -0.9993 -0.0126044
    outer loop
      vertex 0.0129175 -0.102081 -0.00391769
      vertex 0.00417042 -0.102417 -0.0017271
      vertex 0.0124712 -0.102081 -0.0051651
    endloop
  endfacet
  facet normal 0.0338242 -0.9993 -0.0159969
    outer loop
      vertex 0.0124712 -0.102081 -0.0051651
      vertex 0.00417042 -0.102417 -0.0017271
      vertex 0.0119047 -0.102081 -0.00636292
    endloop
  endfacet
  facet normal 0.0223062 -0.9993 -0.0300397
    outer loop
      vertex 0.00856304 -0.102081 -0.0104342
      vertex 0.00286293 -0.102417 -0.00348949
      vertex 0.00749969 -0.102081 -0.0112238
    endloop
  endfacet
  facet normal 0.0277504 -0.9993 -0.0250953
    outer loop
      vertex 0.00348949 -0.102417 -0.00286293
      vertex 0.00319195 -0.102417 -0.00319195
      vertex 0.0104342 -0.102081 -0.00856304
    endloop
  endfacet
  facet normal 0.0277434 -0.9993 -0.0251048
    outer loop
      vertex 0.0104342 -0.102081 -0.00856304
      vertex 0.00319195 -0.102417 -0.00319195
      vertex 0.00954533 -0.102081 -0.00954533
    endloop
  endfacet
  facet normal 0.030072 -0.9993 -0.0222522
    outer loop
      vertex 0.00375271 -0.102417 -0.00250721
      vertex 0.00348949 -0.102417 -0.00286293
      vertex 0.0112238 -0.102081 -0.00749969
    endloop
  endfacet
  facet normal 0.0320719 -0.9993 -0.0192595
    outer loop
      vertex 0.00398064 -0.102417 -0.00212765
      vertex 0.00375271 -0.102417 -0.00250721
      vertex 0.0112238 -0.102081 -0.00749969
    endloop
  endfacet
  facet normal 0.0449624 -0.997152 -0.0605506
    outer loop
      vertex 0.00856304 -0.102081 -0.0104342
      vertex 0.00749969 -0.102081 -0.0112238
      vertex 0.0141811 -0.101412 -0.0172796
    endloop
  endfacet
  facet normal 0.050603 -0.997152 -0.0559214
    outer loop
      vertex 0.00954533 -0.102081 -0.00954533
      vertex 0.00856304 -0.102081 -0.0104342
      vertex 0.0141811 -0.101412 -0.0172796
    endloop
  endfacet
  facet normal 0.0449229 -0.997151 -0.0605941
    outer loop
      vertex 0.0141811 -0.101412 -0.0172796
      vertex 0.00749969 -0.102081 -0.0112238
      vertex 0.0124187 -0.101412 -0.0185862
    endloop
  endfacet
  facet normal 0.0387892 -0.997151 -0.0646922
    outer loop
      vertex 0.0124187 -0.101412 -0.0185862
      vertex 0.00749969 -0.102081 -0.0112238
      vertex 0.0105371 -0.101412 -0.0197144
    endloop
  endfacet
  facet normal 0.0983541 -0.993404 -0.0589416
    outer loop
      vertex 0.0273333 -0.100416 -0.0146103
      vertex 0.0197144 -0.101412 -0.0105371
      vertex 0.0257702 -0.100416 -0.0172186
    endloop
  endfacet
  facet normal 0.103656 -0.993404 -0.0490241
    outer loop
      vertex 0.0286341 -0.100416 -0.0118599
      vertex 0.0197144 -0.101412 -0.0105371
      vertex 0.0273333 -0.100416 -0.0146103
    endloop
  endfacet
  facet normal 0.0849435 -0.993405 -0.0770141
    outer loop
      vertex 0.0172796 -0.101412 -0.0141811
      vertex 0.0158062 -0.101412 -0.0158062
      vertex 0.0219154 -0.100416 -0.0219154
    endloop
  endfacet
  facet normal 0.0558832 -0.997151 -0.0506666
    outer loop
      vertex 0.0172796 -0.101412 -0.0141811
      vertex 0.00954533 -0.102081 -0.00954533
      vertex 0.0158062 -0.101412 -0.0158062
    endloop
  endfacet
  facet normal 0.00909362 -0.9993 0.0362925
    outer loop
      vertex 0.00391769 -0.102081 0.0129175
      vertex 0.000880241 -0.102417 0.00442696
      vertex 0.00131035 -0.102417 0.00431919
    endloop
  endfacet
  facet normal 0.0090813 -0.9993 0.036297
    outer loop
      vertex 0.00263309 -0.102081 0.0132389
      vertex 0.000880241 -0.102417 0.00442696
      vertex 0.00391769 -0.102081 0.0129175
    endloop
  endfacet
  facet normal -0.00369026 -0.997152 0.0753286
    outer loop
      vertex 0 -0.101412 0.0223541
      vertex -0.00132275 -0.102081 0.0134335
      vertex 0 -0.102081 0.0134983
    endloop
  endfacet
  facet normal -0.10537 -0.969167 0.22274
    outer loop
      vertex -0.0209723 -0.0955796 0.0506325
      vertex -0.022295 -0.097486 0.0417118
      vertex -0.0180998 -0.097486 0.0436964
    endloop
  endfacet
  facet normal -0.0830172 -0.969167 0.231997
    outer loop
      vertex -0.0137291 -0.097486 0.0452604
      vertex -0.0209723 -0.0955796 0.0506325
      vertex -0.0180998 -0.097486 0.0436964
    endloop
  endfacet
  facet normal -0.576707 -0.25061 -0.777563
    outer loop
      vertex -0.0577316 -0.0726304 -0.0703468
      vertex -0.0582933 -0.0692162 -0.0710306
      vertex -0.0510502 -0.0692162 -0.0764027
    endloop
  endfacet
  facet normal -0.576685 -0.250656 -0.777564
    outer loop
      vertex -0.050559 -0.0726304 -0.0756664
      vertex -0.0577316 -0.0726304 -0.0703468
      vertex -0.0510502 -0.0692162 -0.0764027
    endloop
  endfacet
  facet normal -0.525143 -0.623327 -0.579387
    outer loop
      vertex -0.0612507 -0.0792775 -0.0612507
      vertex -0.0631037 -0.075994 -0.0631037
      vertex -0.0566149 -0.075994 -0.068985
    endloop
  endfacet
  facet normal -0.579387 -0.623327 -0.525143
    outer loop
      vertex -0.0612507 -0.0792775 -0.0612507
      vertex -0.068985 -0.075994 -0.0566149
      vertex -0.0631037 -0.075994 -0.0631037
    endloop
  endfacet
  facet normal -0.347783 0.736506 -0.580178
    outer loop
      vertex -0.0392046 -0.0525527 -0.0733461
      vertex -0.0481243 -0.0557227 -0.0720234
      vertex -0.0462046 -0.0525527 -0.06915
    endloop
  endfacet
  facet normal -0.402952 0.736503 -0.543317
    outer loop
      vertex -0.0481243 -0.0557227 -0.0720234
      vertex -0.0527601 -0.0525527 -0.0642881
      vertex -0.0462046 -0.0525527 -0.06915
    endloop
  endfacet
  facet normal -0.497698 0.250621 -0.830353
    outer loop
      vertex -0.0433159 -0.0657849 -0.0810385
      vertex -0.0510502 -0.0657849 -0.0764027
      vertex -0.0428982 -0.0623708 -0.0802584
    endloop
  endfacet
  facet normal -0.45564 0.463226 -0.760141
    outer loop
      vertex -0.0428982 -0.0623708 -0.0802584
      vertex -0.050559 -0.0623708 -0.0756664
      vertex -0.0495806 -0.0590062 -0.0742025
    endloop
  endfacet
  facet normal -0.263454 0.623347 -0.736227
    outer loop
      vertex -0.0259056 -0.0590062 -0.0853996
      vertex -0.0341511 -0.0590062 -0.082449
      vertex -0.0331488 -0.0557227 -0.0800276
    endloop
  endfacet
  facet normal -0.298548 0.463483 -0.834298
    outer loop
      vertex -0.0259056 -0.0590062 -0.0853996
      vertex -0.0348253 -0.0623708 -0.0840769
      vertex -0.0341511 -0.0590062 -0.082449
    endloop
  endfacet
  facet normal -0.455541 -0.463435 -0.760072
    outer loop
      vertex -0.0420685 -0.075994 -0.0787048
      vertex -0.0495806 -0.075994 -0.0742025
      vertex -0.0428982 -0.0726304 -0.0802584
    endloop
  endfacet
  facet normal -0.455611 -0.463334 -0.760092
    outer loop
      vertex -0.0495806 -0.075994 -0.0742025
      vertex -0.050559 -0.0726304 -0.0756664
      vertex -0.0428982 -0.0726304 -0.0802584
    endloop
  endfacet
  facet normal -0.120108 0.869284 -0.479498
    outer loop
      vertex -0.0214184 -0.0495276 -0.0758856
      vertex -0.0229063 -0.0495276 -0.0755129
      vertex -0.0228651 -0.049447 -0.0753771
    endloop
  endfacet
  facet normal -0.120093 0.869321 -0.479436
    outer loop
      vertex -0.0153942 -0.0495276 -0.0773945
      vertex -0.0181616 -0.0495276 -0.0767013
      vertex -0.0155307 -0.0494634 -0.0772439
    endloop
  endfacet
  facet normal -0.16637 0.869289 -0.465466
    outer loop
      vertex -0.0229063 -0.0495276 -0.0755129
      vertex -0.0230463 -0.0494533 -0.0753241
      vertex -0.0228651 -0.049447 -0.0753771
    endloop
  endfacet
  facet normal -0.164421 0.736464 -0.656191
    outer loop
      vertex -0.0162249 -0.0525527 -0.0815687
      vertex -0.0251446 -0.0557227 -0.0828915
      vertex -0.0241413 -0.0525527 -0.0795851
    endloop
  endfacet
  facet normal -0.227888 0.736466 -0.636934
    outer loop
      vertex -0.0251446 -0.0557227 -0.0828915
      vertex -0.031826 -0.0525527 -0.0768356
      vertex -0.0241413 -0.0525527 -0.0795851
    endloop
  endfacet
  facet normal -0.247852 0.814749 -0.52417
    outer loop
      vertex -0.0392046 -0.0525527 -0.0733461
      vertex -0.0350227 -0.0495276 -0.0706214
      vertex -0.0336369 -0.0496045 -0.0713962
    endloop
  endfacet
  facet normal -0.247892 0.814781 -0.524101
    outer loop
      vertex -0.0392046 -0.0525527 -0.0733461
      vertex -0.0336369 -0.0496045 -0.0713962
      vertex -0.0333639 -0.0496196 -0.0715488
    endloop
  endfacet
  facet normal -0.247882 0.814758 -0.524141
    outer loop
      vertex -0.0392046 -0.0525527 -0.0733461
      vertex -0.0319758 -0.0495276 -0.0720624
      vertex -0.0301971 -0.0495276 -0.0729036
    endloop
  endfacet
  facet normal -0.247895 0.814766 -0.524123
    outer loop
      vertex -0.0350227 -0.0495276 -0.0706214
      vertex -0.0392046 -0.0525527 -0.0733461
      vertex -0.0371981 -0.0495276 -0.0695925
    endloop
  endfacet
  facet normal -0.24791 0.814795 -0.52407
    outer loop
      vertex -0.0319758 -0.0495276 -0.0720624
      vertex -0.0392046 -0.0525527 -0.0733461
      vertex -0.0333639 -0.0496196 -0.0715488
    endloop
  endfacet
  facet normal -0.211544 0.869003 -0.447306
    outer loop
      vertex -0.0301971 -0.0495276 -0.0729036
      vertex -0.0319758 -0.0495276 -0.0720624
      vertex -0.0301403 -0.0494431 -0.0727663
    endloop
  endfacet
  facet normal -0.211587 0.868966 -0.447358
    outer loop
      vertex -0.0350227 -0.0495276 -0.0706214
      vertex -0.0371981 -0.0495276 -0.0695925
      vertex -0.0369661 -0.0494534 -0.0695581
    endloop
  endfacet
  facet normal -0.254317 0.869017 -0.424419
    outer loop
      vertex -0.0371981 -0.0495276 -0.0695925
      vertex -0.0372941 -0.0494566 -0.0693896
      vertex -0.0371313 -0.0494471 -0.0694677
    endloop
  endfacet
  facet normal -0.830354 -0.250615 0.497699
    outer loop
      vertex -0.0764027 -0.0692162 0.0510502
      vertex -0.0810385 -0.0692162 0.0433159
      vertex -0.0802584 -0.0726304 0.0428982
    endloop
  endfacet
  facet normal -0.857727 0 0.514106
    outer loop
      vertex -0.0810385 -0.0692162 0.0433159
      vertex -0.0764027 -0.0657849 0.0510502
      vertex -0.0810385 -0.0657849 0.0433159
    endloop
  endfacet
  facet normal -0.857727 0 0.514106
    outer loop
      vertex -0.0764027 -0.0657849 0.0510502
      vertex -0.0810385 -0.0692162 0.0433159
      vertex -0.0764027 -0.0692162 0.0510502
    endloop
  endfacet
  facet normal -0.650137 0.250571 -0.717311
    outer loop
      vertex -0.0582933 -0.0657849 -0.0710306
      vertex -0.0649748 -0.0657849 -0.0649748
      vertex -0.0643492 -0.0623708 -0.0643492
    endloop
  endfacet
  facet normal -0.650111 0.250628 -0.717316
    outer loop
      vertex -0.0582933 -0.0657849 -0.0710306
      vertex -0.0643492 -0.0623708 -0.0643492
      vertex -0.0577316 -0.0623708 -0.0703468
    endloop
  endfacet
  facet normal -0.0352358 -0.9993 -0.0125784
    outer loop
      vertex -0.00431919 -0.102417 -0.00131035
      vertex -0.0129175 -0.102081 -0.00391769
      vertex -0.00417042 -0.102417 -0.0017271
    endloop
  endfacet
  facet normal -0.0983335 -0.993405 -0.0589604
    outer loop
      vertex -0.0197144 -0.101412 -0.0105371
      vertex -0.0257702 -0.100416 -0.0172186
      vertex -0.0185862 -0.101412 -0.0124187
    endloop
  endfacet
  facet normal -0.0753286 -0.997152 0.00369026
    outer loop
      vertex -0.0134335 -0.102081 0.00132275
      vertex -0.0223541 -0.101412 0
      vertex -0.0134983 -0.102081 0
    endloop
  endfacet
  facet normal -0.0746042 -0.997152 0.0110795
    outer loop
      vertex -0.0132389 -0.102081 0.00263309
      vertex -0.0222464 -0.101412 0.00219059
      vertex -0.0134335 -0.102081 0.00132275
    endloop
  endfacet
  facet normal -0.0681884 -0.997151 -0.0322398
    outer loop
      vertex -0.0124712 -0.102081 -0.0051651
      vertex -0.0206518 -0.101412 -0.00855446
      vertex -0.0197144 -0.101412 -0.0105371
    endloop
  endfacet
  facet normal -0.111215 -0.993406 -0.0278534
    outer loop
      vertex -0.021924 -0.101412 -0.0043602
      vertex -0.0296593 -0.100416 -0.00899696
      vertex -0.0213909 -0.101412 -0.0064888
    endloop
  endfacet
  facet normal -0.0250953 -0.9993 0.0277504
    outer loop
      vertex -0.00286293 -0.102417 0.00348949
      vertex -0.00856304 -0.102081 0.0104342
      vertex -0.00319195 -0.102417 0.00319195
    endloop
  endfacet
  facet normal -0.04901 -0.993405 -0.103658
    outer loop
      vertex -0.0105371 -0.101412 -0.0197144
      vertex -0.0118599 -0.100416 -0.0286341
      vertex -0.00855446 -0.101412 -0.0206518
    endloop
  endfacet
  facet normal -0.0386549 -0.993405 -0.107946
    outer loop
      vertex -0.00855446 -0.101412 -0.0206518
      vertex -0.0118599 -0.100416 -0.0286341
      vertex -0.00899696 -0.100416 -0.0296593
    endloop
  endfacet
  facet normal 0.0370101 -0.9993 -0.0054964
    outer loop
      vertex 0.0134335 -0.102081 -0.00132275
      vertex 0.00442696 -0.102417 -0.000880241
      vertex 0.0132389 -0.102081 -0.00263309
    endloop
  endfacet
  facet normal 0.036297 -0.9993 -0.0090813
    outer loop
      vertex 0.0132389 -0.102081 -0.00263309
      vertex 0.00442696 -0.102417 -0.000880241
      vertex 0.0129175 -0.102081 -0.00391769
    endloop
  endfacet
  facet normal 0.0746042 -0.997152 0.0110795
    outer loop
      vertex 0.0222464 -0.101412 0.00219059
      vertex 0.0132389 -0.102081 0.00263309
      vertex 0.0134335 -0.102081 0.00132275
    endloop
  endfacet
  facet normal 0.0746045 -0.997152 0.0110861
    outer loop
      vertex 0.021924 -0.101412 0.0043602
      vertex 0.0132389 -0.102081 0.00263309
      vertex 0.0222464 -0.101412 0.00219059
    endloop
  endfacet
  facet normal 0.0370113 -0.9993 0.00547125
    outer loop
      vertex 0.0134335 -0.102081 0.00132275
      vertex 0.00442696 -0.102417 0.000880241
      vertex 0.00449181 -0.102417 0.000441551
    endloop
  endfacet
  facet normal 0.0681832 -0.997152 0.0322468
    outer loop
      vertex 0.0197144 -0.101412 0.0105371
      vertex 0.0119047 -0.102081 0.00636292
      vertex 0.0124712 -0.102081 0.0051651
    endloop
  endfacet
  facet normal 0.0300397 -0.9993 0.0223062
    outer loop
      vertex 0.0104342 -0.102081 0.00856304
      vertex 0.00348949 -0.102417 0.00286293
      vertex 0.0112238 -0.102081 0.00749969
    endloop
  endfacet
  facet normal 0.0605506 -0.997152 0.0449624
    outer loop
      vertex 0.0172796 -0.101412 0.0141811
      vertex 0.0104342 -0.102081 0.00856304
      vertex 0.0112238 -0.102081 0.00749969
    endloop
  endfacet
  facet normal 0.199058 -0.979939 0.00974959
    outer loop
      vertex 0.0470695 -0.097486 0.00463581
      vertex 0.0391455 -0.0991034 0.00385475
      vertex 0.0393343 -0.0991034 0
    endloop
  endfacet
  facet normal 0.155453 -0.987814 0.00761387
    outer loop
      vertex 0.0391455 -0.0991034 0.00385475
      vertex 0.0309935 -0.100416 0
      vertex 0.0393343 -0.0991034 0
    endloop
  endfacet
  facet normal 0.239015 -0.969167 -0.0598931
    outer loop
      vertex 0.0463886 -0.097486 -0.0092268
      vertex 0.0452604 -0.097486 -0.0137291
      vertex 0.0524445 -0.0955796 -0.0159082
    endloop
  endfacet
  facet normal 0.239041 -0.969162 -0.059868
    outer loop
      vertex 0.053751 -0.0955796 -0.0106916
      vertex 0.0463886 -0.097486 -0.0092268
      vertex 0.0524445 -0.0955796 -0.0159082
    endloop
  endfacet
  facet normal 0.231997 -0.969167 0.0830172
    outer loop
      vertex 0.0506325 -0.0955796 0.0209723
      vertex 0.0436964 -0.097486 0.0180998
      vertex 0.0452604 -0.097486 0.0137291
    endloop
  endfacet
  facet normal 0.187656 -0.979937 0.0671504
    outer loop
      vertex 0.0436964 -0.097486 0.0180998
      vertex 0.0363407 -0.0991034 0.0150528
      vertex 0.0452604 -0.097486 0.0137291
    endloop
  endfacet
  facet normal 0.351761 -0.934635 0.0521748
    outer loop
      vertex 0.0668573 -0.0909772 0.013298
      vertex 0.0614853 -0.0934033 0.00605583
      vertex 0.0678387 -0.0909772 0.00668144
    endloop
  endfacet
  facet normal 0.35518 -0.934635 0.0174487
    outer loop
      vertex 0.0678387 -0.0909772 0.00668144
      vertex 0.0614853 -0.0934033 0.00605583
      vertex 0.0617828 -0.0934033 0
    endloop
  endfacet
  facet normal 0.298194 -0.81463 -0.497451
    outer loop
      vertex 0.0438404 -0.0854726 -0.0656118
      vertex 0.0392046 -0.0824466 -0.0733461
      vertex 0.0462046 -0.0824466 -0.06915
    endloop
  endfacet
  facet normal 0.34773 -0.736601 -0.580088
    outer loop
      vertex 0.0462046 -0.0824466 -0.06915
      vertex 0.0392046 -0.0824466 -0.0733461
      vertex 0.0481243 -0.0792775 -0.0720234
    endloop
  endfacet
  facet normal -0.0710181 -0.997151 -0.025409
    outer loop
      vertex -0.0129175 -0.102081 -0.00391769
      vertex -0.0213909 -0.101412 -0.0064888
      vertex -0.0124712 -0.102081 -0.0051651
    endloop
  endfacet
  facet normal -0.0710179 -0.997151 -0.0254104
    outer loop
      vertex -0.0124712 -0.102081 -0.0051651
      vertex -0.0213909 -0.101412 -0.0064888
      vertex -0.0206518 -0.101412 -0.00855446
    endloop
  endfacet
  facet normal -0.030072 -0.9993 -0.0222522
    outer loop
      vertex -0.00375271 -0.102417 -0.00250721
      vertex -0.0112238 -0.102081 -0.00749969
      vertex -0.00348949 -0.102417 -0.00286293
    endloop
  endfacet
  facet normal -0.0223062 -0.9993 -0.0300397
    outer loop
      vertex -0.00286293 -0.102417 -0.00348949
      vertex -0.00856304 -0.102081 -0.0104342
      vertex -0.00749969 -0.102081 -0.0112238
    endloop
  endfacet
  facet normal -0.0250953 -0.9993 -0.0277504
    outer loop
      vertex -0.00319195 -0.102417 -0.00319195
      vertex -0.00856304 -0.102081 -0.0104342
      vertex -0.00286293 -0.102417 -0.00348949
    endloop
  endfacet
  facet normal -0.0159969 -0.9993 -0.0338242
    outer loop
      vertex -0.0017271 -0.102417 -0.00417042
      vertex -0.00636292 -0.102081 -0.0119047
      vertex -0.0051651 -0.102081 -0.0124712
    endloop
  endfacet
  facet normal -0.0126044 -0.9993 -0.0352293
    outer loop
      vertex -0.0017271 -0.102417 -0.00417042
      vertex -0.0051651 -0.102081 -0.0124712
      vertex -0.00391769 -0.102081 -0.0129175
    endloop
  endfacet
  facet normal 0.00183078 -0.9993 -0.0373713
    outer loop
      vertex 0.00132275 -0.102081 -0.0134335
      vertex 0 -0.102417 -0.00451374
      vertex 0 -0.102081 -0.0134983
    endloop
  endfacet
  facet normal 0.00185589 -0.9993 -0.0373676
    outer loop
      vertex 0.000441551 -0.102417 -0.00449181
      vertex 0 -0.102417 -0.00451374
      vertex 0.00132275 -0.102081 -0.0134335
    endloop
  endfacet
  facet normal -0.0192595 -0.9993 0.0320719
    outer loop
      vertex -0.00212765 -0.102417 0.00398064
      vertex -0.00749969 -0.102081 0.0112238
      vertex -0.00250721 -0.102417 0.00375271
    endloop
  endfacet
  facet normal -0.0126044 -0.9993 0.0352293
    outer loop
      vertex -0.00391769 -0.102081 0.0129175
      vertex -0.0051651 -0.102081 0.0124712
      vertex -0.0017271 -0.102417 0.00417042
    endloop
  endfacet
  facet normal -0.025409 -0.997151 0.0710181
    outer loop
      vertex -0.00391769 -0.102081 0.0129175
      vertex -0.0064888 -0.101412 0.0213909
      vertex -0.0051651 -0.102081 0.0124712
    endloop
  endfacet
  facet normal -0.0125784 -0.9993 0.0352358
    outer loop
      vertex -0.00131035 -0.102417 0.00431919
      vertex -0.00391769 -0.102081 0.0129175
      vertex -0.0017271 -0.102417 0.00417042
    endloop
  endfacet
  facet normal -0.00370361 -0.997152 0.0753305
    outer loop
      vertex 0 -0.101412 0.0223541
      vertex -0.00219059 -0.101412 0.0222464
      vertex -0.00132275 -0.102081 0.0134335
    endloop
  endfacet
  facet normal -0.0054964 -0.9993 0.0370101
    outer loop
      vertex -0.00132275 -0.102081 0.0134335
      vertex -0.00263309 -0.102081 0.0132389
      vertex -0.000880241 -0.102417 0.00442696
    endloop
  endfacet
  facet normal -0.0646922 -0.997151 0.0387892
    outer loop
      vertex -0.0185862 -0.101412 0.0124187
      vertex -0.0197144 -0.101412 0.0105371
      vertex -0.0112238 -0.102081 0.00749969
    endloop
  endfacet
  facet normal -0.0605941 -0.997151 0.0449229
    outer loop
      vertex -0.0172796 -0.101412 0.0141811
      vertex -0.0185862 -0.101412 0.0124187
      vertex -0.0112238 -0.102081 0.00749969
    endloop
  endfacet
  facet normal 0.0605941 -0.997151 -0.0449229
    outer loop
      vertex 0.0185862 -0.101412 -0.0124187
      vertex 0.0112238 -0.102081 -0.00749969
      vertex 0.0172796 -0.101412 -0.0141811
    endloop
  endfacet
  facet normal 0.0921042 -0.993405 -0.0682838
    outer loop
      vertex 0.0185862 -0.101412 -0.0124187
      vertex 0.0172796 -0.101412 -0.0141811
      vertex 0.0257702 -0.100416 -0.0172186
    endloop
  endfacet
  facet normal 0.00547125 -0.9993 0.0370113
    outer loop
      vertex 0.00132275 -0.102081 0.0134335
      vertex 0.000441551 -0.102417 0.00449181
      vertex 0.000880241 -0.102417 0.00442696
    endloop
  endfacet
  facet normal 0.0125784 -0.9993 0.0352358
    outer loop
      vertex 0.00391769 -0.102081 0.0129175
      vertex 0.00131035 -0.102417 0.00431919
      vertex 0.0017271 -0.102417 0.00417042
    endloop
  endfacet
  facet normal -0.298135 0.814712 -0.497353
    outer loop
      vertex -0.0392046 -0.0525527 -0.0733461
      vertex -0.0462046 -0.0525527 -0.06915
      vertex -0.0438404 -0.0495276 -0.0656118
    endloop
  endfacet
  facet normal -0.345427 0.814712 -0.465753
    outer loop
      vertex -0.0462046 -0.0525527 -0.06915
      vertex -0.0527601 -0.0525527 -0.0642881
      vertex -0.0438404 -0.0495276 -0.0656118
    endloop
  endfacet
  facet normal -0.497711 0.25068 -0.830327
    outer loop
      vertex -0.0428982 -0.0623708 -0.0802584
      vertex -0.0510502 -0.0657849 -0.0764027
      vertex -0.050559 -0.0623708 -0.0756664
    endloop
  endfacet
  facet normal -0.576684 0.250662 -0.777563
    outer loop
      vertex -0.0510502 -0.0657849 -0.0764027
      vertex -0.0577316 -0.0623708 -0.0703468
      vertex -0.050559 -0.0623708 -0.0756664
    endloop
  endfacet
  facet normal -0.326089 -0.250545 -0.911533
    outer loop
      vertex -0.0348253 -0.0726304 -0.0840769
      vertex -0.0351639 -0.0692162 -0.0848942
      vertex -0.0266733 -0.0692162 -0.0879316
    endloop
  endfacet
  facet normal -0.326074 -0.250577 -0.91153
    outer loop
      vertex -0.0264168 -0.0726304 -0.0870848
      vertex -0.0348253 -0.0726304 -0.0840769
      vertex -0.0266733 -0.0692162 -0.0879316
    endloop
  endfacet
  facet normal -0.0921042 -0.993405 -0.0682838
    outer loop
      vertex -0.0185862 -0.101412 -0.0124187
      vertex -0.0257702 -0.100416 -0.0172186
      vertex -0.0172796 -0.101412 -0.0141811
    endloop
  endfacet
  facet normal -0.0646922 -0.997151 -0.0387892
    outer loop
      vertex -0.0112238 -0.102081 -0.00749969
      vertex -0.0197144 -0.101412 -0.0105371
      vertex -0.0185862 -0.101412 -0.0124187
    endloop
  endfacet
  facet normal -0.113415 -0.993405 0.0168533
    outer loop
      vertex -0.021924 -0.101412 0.0043602
      vertex -0.0303974 -0.100416 0.0060463
      vertex -0.0222464 -0.101412 0.00219059
    endloop
  endfacet
  facet normal -0.0753286 -0.997152 -0.00369026
    outer loop
      vertex -0.0134983 -0.102081 0
      vertex -0.0223541 -0.101412 0
      vertex -0.0134335 -0.102081 -0.00132275
    endloop
  endfacet
  facet normal -0.0373676 -0.9993 -0.00185589
    outer loop
      vertex -0.00451374 -0.102417 0
      vertex -0.0134335 -0.102081 -0.00132275
      vertex -0.00449181 -0.102417 -0.000441551
    endloop
  endfacet
  facet normal -0.0373713 -0.9993 -0.00183078
    outer loop
      vertex -0.00451374 -0.102417 0
      vertex -0.0134983 -0.102081 0
      vertex -0.0134335 -0.102081 -0.00132275
    endloop
  endfacet
  facet normal -0.0362925 -0.9993 0.00909362
    outer loop
      vertex -0.00431919 -0.102417 0.00131035
      vertex -0.0129175 -0.102081 0.00391769
      vertex -0.00442696 -0.102417 0.000880241
    endloop
  endfacet
  facet normal -0.0338107 -0.9993 0.0160195
    outer loop
      vertex -0.00398064 -0.102417 0.00212765
      vertex -0.0119047 -0.102081 0.00636292
      vertex -0.00417042 -0.102417 0.0017271
    endloop
  endfacet
  facet normal 0.0753286 -0.997152 0.00369026
    outer loop
      vertex 0.0223541 -0.101412 0
      vertex 0.0134335 -0.102081 0.00132275
      vertex 0.0134983 -0.102081 0
    endloop
  endfacet
  facet normal 0.0373713 -0.9993 0.00183078
    outer loop
      vertex 0.0134335 -0.102081 0.00132275
      vertex 0.00451374 -0.102417 0
      vertex 0.0134983 -0.102081 0
    endloop
  endfacet
  facet normal 0.0370113 -0.9993 -0.00547125
    outer loop
      vertex 0.00449181 -0.102417 -0.000441551
      vertex 0.00442696 -0.102417 -0.000880241
      vertex 0.0134335 -0.102081 -0.00132275
    endloop
  endfacet
  facet normal 0.0373676 -0.9993 -0.00185589
    outer loop
      vertex 0.00451374 -0.102417 0
      vertex 0.00449181 -0.102417 -0.000441551
      vertex 0.0134335 -0.102081 -0.00132275
    endloop
  endfacet
  facet normal 0.0731687 -0.997152 -0.0183064
    outer loop
      vertex 0.0132389 -0.102081 -0.00263309
      vertex 0.0129175 -0.102081 -0.00391769
      vertex 0.021924 -0.101412 -0.0043602
    endloop
  endfacet
  facet normal 0.0746045 -0.997152 -0.0110861
    outer loop
      vertex 0.0222464 -0.101412 -0.00219059
      vertex 0.0132389 -0.102081 -0.00263309
      vertex 0.021924 -0.101412 -0.0043602
    endloop
  endfacet
  facet normal 0.0710179 -0.997151 0.0254104
    outer loop
      vertex 0.0206518 -0.101412 0.00855446
      vertex 0.0124712 -0.102081 0.0051651
      vertex 0.0213909 -0.101412 0.0064888
    endloop
  endfacet
  facet normal 0.0681884 -0.997151 0.0322398
    outer loop
      vertex 0.0197144 -0.101412 0.0105371
      vertex 0.0124712 -0.102081 0.0051651
      vertex 0.0206518 -0.101412 0.00855446
    endloop
  endfacet
  facet normal 0.0320971 -0.9993 0.0192255
    outer loop
      vertex 0.0112238 -0.102081 0.00749969
      vertex 0.00398064 -0.102417 0.00212765
      vertex 0.0119047 -0.102081 0.00636292
    endloop
  endfacet
  facet normal 0.0320719 -0.9993 0.0192595
    outer loop
      vertex 0.0112238 -0.102081 0.00749969
      vertex 0.00375271 -0.102417 0.00250721
      vertex 0.00398064 -0.102417 0.00212765
    endloop
  endfacet
  facet normal 0.24611 -0.969167 0.0120512
    outer loop
      vertex 0.0548038 -0.0955796 0
      vertex 0.0470695 -0.097486 0.00463581
      vertex 0.0472965 -0.097486 0
    endloop
  endfacet
  facet normal 0.19906 -0.979939 0.00974728
    outer loop
      vertex 0.0470695 -0.097486 0.00463581
      vertex 0.0393343 -0.0991034 0
      vertex 0.0472965 -0.097486 0
    endloop
  endfacet
  facet normal 0.193314 -0.979941 0.0484389
    outer loop
      vertex 0.0463886 -0.097486 0.0092268
      vertex 0.0376406 -0.0991034 0.0114183
      vertex 0.038579 -0.0991034 0.00767326
    endloop
  endfacet
  facet normal 0.197132 -0.979941 0.0292458
    outer loop
      vertex 0.0463886 -0.097486 0.0092268
      vertex 0.038579 -0.0991034 0.00767326
      vertex 0.0391455 -0.0991034 0.00385475
    endloop
  endfacet
  facet normal -0.0300397 -0.9993 -0.0223062
    outer loop
      vertex -0.00348949 -0.102417 -0.00286293
      vertex -0.0112238 -0.102081 -0.00749969
      vertex -0.0104342 -0.102081 -0.00856304
    endloop
  endfacet
  facet normal -0.0320719 -0.9993 -0.0192595
    outer loop
      vertex -0.00398064 -0.102417 -0.00212765
      vertex -0.0112238 -0.102081 -0.00749969
      vertex -0.00375271 -0.102417 -0.00250721
    endloop
  endfacet
  facet normal -0.0605941 -0.997151 -0.0449229
    outer loop
      vertex -0.0112238 -0.102081 -0.00749969
      vertex -0.0185862 -0.101412 -0.0124187
      vertex -0.0172796 -0.101412 -0.0141811
    endloop
  endfacet
  facet normal -0.0277504 -0.9993 -0.0250953
    outer loop
      vertex -0.00348949 -0.102417 -0.00286293
      vertex -0.0104342 -0.102081 -0.00856304
      vertex -0.00319195 -0.102417 -0.00319195
    endloop
  endfacet
  facet normal -0.0338107 -0.9993 -0.0160195
    outer loop
      vertex -0.00417042 -0.102417 -0.0017271
      vertex -0.0119047 -0.102081 -0.00636292
      vertex -0.00398064 -0.102417 -0.00212765
    endloop
  endfacet
  facet normal -0.0352293 -0.9993 -0.0126044
    outer loop
      vertex -0.00417042 -0.102417 -0.0017271
      vertex -0.0129175 -0.102081 -0.00391769
      vertex -0.0124712 -0.102081 -0.0051651
    endloop
  endfacet
  facet normal -0.0746045 -0.997152 -0.0110861
    outer loop
      vertex -0.0132389 -0.102081 -0.00263309
      vertex -0.0222464 -0.101412 -0.00219059
      vertex -0.021924 -0.101412 -0.0043602
    endloop
  endfacet
  facet normal -0.0731687 -0.997152 -0.0183064
    outer loop
      vertex -0.0132389 -0.102081 -0.00263309
      vertex -0.021924 -0.101412 -0.0043602
      vertex -0.0129175 -0.102081 -0.00391769
    endloop
  endfacet
  facet normal -0.00909362 -0.9993 -0.0362925
    outer loop
      vertex -0.00131035 -0.102417 -0.00431919
      vertex -0.00391769 -0.102081 -0.0129175
      vertex -0.000880241 -0.102417 -0.00442696
    endloop
  endfacet
  facet normal -0.0192595 -0.9993 -0.0320719
    outer loop
      vertex -0.00250721 -0.102417 -0.00375271
      vertex -0.00749969 -0.102081 -0.0112238
      vertex -0.00212765 -0.102417 -0.00398064
    endloop
  endfacet
  facet normal -0.0192255 -0.9993 -0.0320971
    outer loop
      vertex -0.00212765 -0.102417 -0.00398064
      vertex -0.00749969 -0.102081 -0.0112238
      vertex -0.00636292 -0.102081 -0.0119047
    endloop
  endfacet
  facet normal -0.0322468 -0.997152 0.0681832
    outer loop
      vertex -0.0051651 -0.102081 0.0124712
      vertex -0.0105371 -0.101412 0.0197144
      vertex -0.00636292 -0.102081 0.0119047
    endloop
  endfacet
  facet normal -0.0387563 -0.997152 0.064704
    outer loop
      vertex -0.00636292 -0.102081 0.0119047
      vertex -0.0105371 -0.101412 0.0197144
      vertex -0.00749969 -0.102081 0.0112238
    endloop
  endfacet
  facet normal -0.0110795 -0.997152 0.0746042
    outer loop
      vertex -0.00219059 -0.101412 0.0222464
      vertex -0.00263309 -0.102081 0.0132389
      vertex -0.00132275 -0.102081 0.0134335
    endloop
  endfacet
  facet normal -0.0110861 -0.997152 0.0746045
    outer loop
      vertex -0.00219059 -0.101412 0.0222464
      vertex -0.0043602 -0.101412 0.021924
      vertex -0.00263309 -0.102081 0.0132389
    endloop
  endfacet
  facet normal -0.113429 -0.993404 0.0168248
    outer loop
      vertex -0.0303974 -0.100416 0.0060463
      vertex -0.0308437 -0.100416 0.00303745
      vertex -0.0222464 -0.101412 0.00219059
    endloop
  endfacet
  facet normal -0.11453 -0.993404 0.00564834
    outer loop
      vertex -0.0308437 -0.100416 0.00303745
      vertex -0.0309935 -0.100416 0
      vertex -0.0222464 -0.101412 0.00219059
    endloop
  endfacet
  facet normal -0.0370101 -0.9993 0.0054964
    outer loop
      vertex -0.0132389 -0.102081 0.00263309
      vertex -0.0134335 -0.102081 0.00132275
      vertex -0.00442696 -0.102417 0.000880241
    endloop
  endfacet
  facet normal -0.036297 -0.9993 0.0090813
    outer loop
      vertex -0.0129175 -0.102081 0.00391769
      vertex -0.0132389 -0.102081 0.00263309
      vertex -0.00442696 -0.102417 0.000880241
    endloop
  endfacet
  facet normal -0.0710179 -0.997151 0.0254104
    outer loop
      vertex -0.0206518 -0.101412 0.00855446
      vertex -0.0213909 -0.101412 0.0064888
      vertex -0.0124712 -0.102081 0.0051651
    endloop
  endfacet
  facet normal -0.107948 -0.993406 0.0386241
    outer loop
      vertex -0.0206518 -0.101412 0.00855446
      vertex -0.0296593 -0.100416 0.00899696
      vertex -0.0213909 -0.101412 0.0064888
    endloop
  endfacet
  facet normal -0.0373676 -0.9993 0.00185589
    outer loop
      vertex -0.00449181 -0.102417 0.000441551
      vertex -0.0134335 -0.102081 0.00132275
      vertex -0.00451374 -0.102417 0
    endloop
  endfacet
  facet normal -0.0352358 -0.9993 0.0125784
    outer loop
      vertex -0.00417042 -0.102417 0.0017271
      vertex -0.0129175 -0.102081 0.00391769
      vertex -0.00431919 -0.102417 0.00131035
    endloop
  endfacet
  facet normal -0.0277504 -0.9993 0.0250953
    outer loop
      vertex -0.00319195 -0.102417 0.00319195
      vertex -0.0104342 -0.102081 0.00856304
      vertex -0.00348949 -0.102417 0.00286293
    endloop
  endfacet
  facet normal -0.030072 -0.9993 0.0222522
    outer loop
      vertex -0.00348949 -0.102417 0.00286293
      vertex -0.0112238 -0.102081 0.00749969
      vertex -0.00375271 -0.102417 0.00250721
    endloop
  endfacet
  facet normal -0.0320971 -0.9993 0.0192255
    outer loop
      vertex -0.0112238 -0.102081 0.00749969
      vertex -0.0119047 -0.102081 0.00636292
      vertex -0.00398064 -0.102417 0.00212765
    endloop
  endfacet
  facet normal -0.0605506 -0.997152 -0.0449624
    outer loop
      vertex -0.0112238 -0.102081 -0.00749969
      vertex -0.0172796 -0.101412 -0.0141811
      vertex -0.0104342 -0.102081 -0.00856304
    endloop
  endfacet
  facet normal -0.0559214 -0.997152 -0.050603
    outer loop
      vertex -0.0104342 -0.102081 -0.00856304
      vertex -0.0172796 -0.101412 -0.0141811
      vertex -0.00954533 -0.102081 -0.00954533
    endloop
  endfacet
  facet normal -0.0362925 -0.9993 -0.00909362
    outer loop
      vertex -0.00442696 -0.102417 -0.000880241
      vertex -0.0129175 -0.102081 -0.00391769
      vertex -0.00431919 -0.102417 -0.00131035
    endloop
  endfacet
  facet normal -0.0681832 -0.997152 -0.0322468
    outer loop
      vertex -0.0124712 -0.102081 -0.0051651
      vertex -0.0197144 -0.101412 -0.0105371
      vertex -0.0119047 -0.102081 -0.00636292
    endloop
  endfacet
  facet normal -0.0338242 -0.9993 -0.0159969
    outer loop
      vertex -0.00417042 -0.102417 -0.0017271
      vertex -0.0124712 -0.102081 -0.0051651
      vertex -0.0119047 -0.102081 -0.00636292
    endloop
  endfacet
  facet normal -0.0125784 -0.9993 -0.0352358
    outer loop
      vertex -0.0017271 -0.102417 -0.00417042
      vertex -0.00391769 -0.102081 -0.0129175
      vertex -0.00131035 -0.102417 -0.00431919
    endloop
  endfacet
  facet normal -0.0222522 -0.9993 -0.030072
    outer loop
      vertex -0.00286293 -0.102417 -0.00348949
      vertex -0.00749969 -0.102081 -0.0112238
      vertex -0.00250721 -0.102417 -0.00375271
    endloop
  endfacet
  facet normal -0.0753305 -0.997152 0.00370361
    outer loop
      vertex -0.0222464 -0.101412 0.00219059
      vertex -0.0223541 -0.101412 0
      vertex -0.0134335 -0.102081 0.00132275
    endloop
  endfacet
  facet normal -0.114525 -0.993404 0.00563062
    outer loop
      vertex -0.0222464 -0.101412 0.00219059
      vertex -0.0309935 -0.100416 0
      vertex -0.0223541 -0.101412 0
    endloop
  endfacet
  facet normal -0.0370113 -0.9993 -0.00547125
    outer loop
      vertex -0.00449181 -0.102417 -0.000441551
      vertex -0.0134335 -0.102081 -0.00132275
      vertex -0.00442696 -0.102417 -0.000880241
    endloop
  endfacet
  facet normal 0 -1 0
    outer loop
      vertex -0.000441551 -0.102417 0.00449181
      vertex 0.000441551 -0.102417 0.00449181
      vertex 0 -0.102417 0.00451374
    endloop
  endfacet
  facet normal 0 -1 0
    outer loop
      vertex -0.000880241 -0.102417 0.00442696
      vertex 0.000441551 -0.102417 0.00449181
      vertex -0.000441551 -0.102417 0.00449181
    endloop
  endfacet
  facet normal 0 -1 0
    outer loop
      vertex -0.000880241 -0.102417 0.00442696
      vertex 0.000880241 -0.102417 0.00442696
      vertex 0.000441551 -0.102417 0.00449181
    endloop
  endfacet
  facet normal 0 -1 0
    outer loop
      vertex -0.00131035 -0.102417 0.00431919
      vertex 0.000880241 -0.102417 0.00442696
      vertex -0.000880241 -0.102417 0.00442696
    endloop
  endfacet
  facet normal 0 -1 0
    outer loop
      vertex -0.00131035 -0.102417 0.00431919
      vertex 0.00131035 -0.102417 0.00431919
      vertex 0.000880241 -0.102417 0.00442696
    endloop
  endfacet
  facet normal 0 -1 0
    outer loop
      vertex -0.0017271 -0.102417 0.00417042
      vertex 0.00131035 -0.102417 0.00431919
      vertex -0.00131035 -0.102417 0.00431919
    endloop
  endfacet
  facet normal 0 -1 0
    outer loop
      vertex -0.0017271 -0.102417 0.00417042
      vertex 0.0017271 -0.102417 0.00417042
      vertex 0.00131035 -0.102417 0.00431919
    endloop
  endfacet
  facet normal 0 -1 0
    outer loop
      vertex -0.00212765 -0.102417 0.00398064
      vertex 0.0017271 -0.102417 0.00417042
      vertex -0.0017271 -0.102417 0.00417042
    endloop
  endfacet
  facet normal 0 -1 0
    outer loop
      vertex -0.00212765 -0.102417 0.00398064
      vertex 0.00212765 -0.102417 0.00398064
      vertex 0.0017271 -0.102417 0.00417042
    endloop
  endfacet
  facet normal 0 -1 0
    outer loop
      vertex -0.00250721 -0.102417 0.00375271
      vertex 0.00212765 -0.102417 0.00398064
      vertex -0.00212765 -0.102417 0.00398064
    endloop
  endfacet
  facet normal 0 -1 0
    outer loop
      vertex -0.00250721 -0.102417 0.00375271
      vertex 0.00250721 -0.102417 0.00375271
      vertex 0.00212765 -0.102417 0.00398064
    endloop
  endfacet
  facet normal 0 -1 0
    outer loop
      vertex -0.00286293 -0.102417 0.00348949
      vertex 0.00250721 -0.102417 0.00375271
      vertex -0.00250721 -0.102417 0.00375271
    endloop
  endfacet
  facet normal 0 -1 0
    outer loop
      vertex -0.00286293 -0.102417 0.00348949
      vertex 0.00286293 -0.102417 0.00348949
      vertex 0.00250721 -0.102417 0.00375271
    endloop
  endfacet
  facet normal 0 -1 0
    outer loop
      vertex -0.00319195 -0.102417 0.00319195
      vertex 0.00286293 -0.102417 0.00348949
      vertex -0.00286293 -0.102417 0.00348949
    endloop
  endfacet
  facet normal 0 -1 0
    outer loop
      vertex -0.00319195 -0.102417 0.00319195
      vertex 0.00319195 -0.102417 0.00319195
      vertex 0.00286293 -0.102417 0.00348949
    endloop
  endfacet
  facet normal 0 -1 0
    outer loop
      vertex -0.00348949 -0.102417 0.00286293
      vertex 0.00319195 -0.102417 0.00319195
      vertex -0.00319195 -0.102417 0.00319195
    endloop
  endfacet
  facet normal 0 -1 0
    outer loop
      vertex -0.00348949 -0.102417 0.00286293
      vertex 0.00348949 -0.102417 0.00286293
      vertex 0.00319195 -0.102417 0.00319195
    endloop
  endfacet
  facet normal 0 -1 0
    outer loop
      vertex -0.00375271 -0.102417 0.00250721
      vertex 0.00348949 -0.102417 0.00286293
      vertex -0.00348949 -0.102417 0.00286293
    endloop
  endfacet
  facet normal 0 -1 0
    outer loop
      vertex -0.00375271 -0.102417 0.00250721
      vertex 0.00375271 -0.102417 0.00250721
      vertex 0.00348949 -0.102417 0.00286293
    endloop
  endfacet
  facet normal 0 -1 0
    outer loop
      vertex -0.00398064 -0.102417 0.00212765
      vertex 0.00375271 -0.102417 0.00250721
      vertex -0.00375271 -0.102417 0.00250721
    endloop
  endfacet
  facet normal 0 -1 0
    outer loop
      vertex -0.00398064 -0.102417 0.00212765
      vertex 0.00398064 -0.102417 0.00212765
      vertex 0.00375271 -0.102417 0.00250721
    endloop
  endfacet
  facet normal 0 -1 0
    outer loop
      vertex -0.00417042 -0.102417 0.0017271
      vertex 0.00398064 -0.102417 0.00212765
      vertex -0.00398064 -0.102417 0.00212765
    endloop
  endfacet
  facet normal 0 -1 0
    outer loop
      vertex -0.00417042 -0.102417 0.0017271
      vertex 0.00417042 -0.102417 0.0017271
      vertex 0.00398064 -0.102417 0.00212765
    endloop
  endfacet
  facet normal 0 -1 0
    outer loop
      vertex -0.00431919 -0.102417 0.00131035
      vertex 0.00417042 -0.102417 0.0017271
      vertex -0.00417042 -0.102417 0.0017271
    endloop
  endfacet
  facet normal 0 -1 0
    outer loop
      vertex -0.00431919 -0.102417 0.00131035
      vertex 0.00431919 -0.102417 0.00131035
      vertex 0.00417042 -0.102417 0.0017271
    endloop
  endfacet
  facet normal 0 -1 0
    outer loop
      vertex -0.00442696 -0.102417 0.000880241
      vertex 0.00431919 -0.102417 0.00131035
      vertex -0.00431919 -0.102417 0.00131035
    endloop
  endfacet
  facet normal 0 -1 0
    outer loop
      vertex -0.00442696 -0.102417 0.000880241
      vertex 0.00442696 -0.102417 0.000880241
      vertex 0.00431919 -0.102417 0.00131035
    endloop
  endfacet
  facet normal 0 -1 0
    outer loop
      vertex -0.00449181 -0.102417 0.000441551
      vertex 0.00442696 -0.102417 0.000880241
      vertex -0.00442696 -0.102417 0.000880241
    endloop
  endfacet
  facet normal 0 -1 0
    outer loop
      vertex -0.00449181 -0.102417 0.000441551
      vertex 0.00449181 -0.102417 0.000441551
      vertex 0.00442696 -0.102417 0.000880241
    endloop
  endfacet
  facet normal 0 -1 0
    outer loop
      vertex -0.00451374 -0.102417 0
      vertex 0.00449181 -0.102417 0.000441551
      vertex -0.00449181 -0.102417 0.000441551
    endloop
  endfacet
  facet normal 0 -1 0
    outer loop
      vertex -0.00451374 -0.102417 0
      vertex 0.00451374 -0.102417 0
      vertex 0.00449181 -0.102417 0.000441551
    endloop
  endfacet
  facet normal 0 -1 0
    outer loop
      vertex -0.00449181 -0.102417 -0.000441551
      vertex 0.00451374 -0.102417 0
      vertex -0.00451374 -0.102417 0
    endloop
  endfacet
  facet normal 0 -1 0
    outer loop
      vertex -0.00449181 -0.102417 -0.000441551
      vertex 0.00449181 -0.102417 -0.000441551
      vertex 0.00451374 -0.102417 0
    endloop
  endfacet
  facet normal 0 -1 0
    outer loop
      vertex -0.00442696 -0.102417 -0.000880241
      vertex 0.00449181 -0.102417 -0.000441551
      vertex -0.00449181 -0.102417 -0.000441551
    endloop
  endfacet
  facet normal 0 -1 0
    outer loop
      vertex -0.00442696 -0.102417 -0.000880241
      vertex 0.00442696 -0.102417 -0.000880241
      vertex 0.00449181 -0.102417 -0.000441551
    endloop
  endfacet
  facet normal 0 -1 0
    outer loop
      vertex -0.00431919 -0.102417 -0.00131035
      vertex 0.00442696 -0.102417 -0.000880241
      vertex -0.00442696 -0.102417 -0.000880241
    endloop
  endfacet
  facet normal 0 -1 0
    outer loop
      vertex -0.00431919 -0.102417 -0.00131035
      vertex 0.00431919 -0.102417 -0.00131035
      vertex 0.00442696 -0.102417 -0.000880241
    endloop
  endfacet
  facet normal 0 -1 0
    outer loop
      vertex -0.00417042 -0.102417 -0.0017271
      vertex 0.00431919 -0.102417 -0.00131035
      vertex -0.00431919 -0.102417 -0.00131035
    endloop
  endfacet
  facet normal 0 -1 0
    outer loop
      vertex -0.00417042 -0.102417 -0.0017271
      vertex 0.00417042 -0.102417 -0.0017271
      vertex 0.00431919 -0.102417 -0.00131035
    endloop
  endfacet
  facet normal 0 -1 0
    outer loop
      vertex -0.00398064 -0.102417 -0.00212765
      vertex 0.00417042 -0.102417 -0.0017271
      vertex -0.00417042 -0.102417 -0.0017271
    endloop
  endfacet
  facet normal 0 -1 0
    outer loop
      vertex -0.00398064 -0.102417 -0.00212765
      vertex 0.00398064 -0.102417 -0.00212765
      vertex 0.00417042 -0.102417 -0.0017271
    endloop
  endfacet
  facet normal 0 -1 0
    outer loop
      vertex -0.00375271 -0.102417 -0.00250721
      vertex 0.00398064 -0.102417 -0.00212765
      vertex -0.00398064 -0.102417 -0.00212765
    endloop
  endfacet
  facet normal 0 -1 0
    outer loop
      vertex -0.00375271 -0.102417 -0.00250721
      vertex 0.00375271 -0.102417 -0.00250721
      vertex 0.00398064 -0.102417 -0.00212765
    endloop
  endfacet
  facet normal 0 -1 0
    outer loop
      vertex -0.00348949 -0.102417 -0.00286293
      vertex 0.00375271 -0.102417 -0.00250721
      vertex -0.00375271 -0.102417 -0.00250721
    endloop
  endfacet
  facet normal 0 -1 0
    outer loop
      vertex -0.00348949 -0.102417 -0.00286293
      vertex 0.00348949 -0.102417 -0.00286293
      vertex 0.00375271 -0.102417 -0.00250721
    endloop
  endfacet
  facet normal 0 -1 0
    outer loop
      vertex -0.00319195 -0.102417 -0.00319195
      vertex 0.00348949 -0.102417 -0.00286293
      vertex -0.00348949 -0.102417 -0.00286293
    endloop
  endfacet
  facet normal 0 -1 0
    outer loop
      vertex -0.00319195 -0.102417 -0.00319195
      vertex 0.00319195 -0.102417 -0.00319195
      vertex 0.00348949 -0.102417 -0.00286293
    endloop
  endfacet
  facet normal 0 -1 0
    outer loop
      vertex -0.00286293 -0.102417 -0.00348949
      vertex 0.00319195 -0.102417 -0.00319195
      vertex -0.00319195 -0.102417 -0.00319195
    endloop
  endfacet
  facet normal 0 -1 0
    outer loop
      vertex -0.00286293 -0.102417 -0.00348949
      vertex 0.00286293 -0.102417 -0.00348949
      vertex 0.00319195 -0.102417 -0.00319195
    endloop
  endfacet
  facet normal 0 -1 0
    outer loop
      vertex -0.00250721 -0.102417 -0.00375271
      vertex 0.00286293 -0.102417 -0.00348949
      vertex -0.00286293 -0.102417 -0.00348949
    endloop
  endfacet
  facet normal 0 -1 0
    outer loop
      vertex -0.00250721 -0.102417 -0.00375271
      vertex 0.00250721 -0.102417 -0.00375271
      vertex 0.00286293 -0.102417 -0.00348949
    endloop
  endfacet
  facet normal 0 -1 0
    outer loop
      vertex -0.00212765 -0.102417 -0.00398064
      vertex 0.00250721 -0.102417 -0.00375271
      vertex -0.00250721 -0.102417 -0.00375271
    endloop
  endfacet
  facet normal 0 -1 0
    outer loop
      vertex -0.00212765 -0.102417 -0.00398064
      vertex 0.00212765 -0.102417 -0.00398064
      vertex 0.00250721 -0.102417 -0.00375271
    endloop
  endfacet
  facet normal 0 -1 0
    outer loop
      vertex -0.0017271 -0.102417 -0.00417042
      vertex 0.00212765 -0.102417 -0.00398064
      vertex -0.00212765 -0.102417 -0.00398064
    endloop
  endfacet
  facet normal 0 -1 0
    outer loop
      vertex -0.0017271 -0.102417 -0.00417042
      vertex 0.0017271 -0.102417 -0.00417042
      vertex 0.00212765 -0.102417 -0.00398064
    endloop
  endfacet
  facet normal 0 -1 0
    outer loop
      vertex -0.00131035 -0.102417 -0.00431919
      vertex 0.0017271 -0.102417 -0.00417042
      vertex -0.0017271 -0.102417 -0.00417042
    endloop
  endfacet
  facet normal 0 -1 0
    outer loop
      vertex -0.00131035 -0.102417 -0.00431919
      vertex 0.00131035 -0.102417 -0.00431919
      vertex 0.0017271 -0.102417 -0.00417042
    endloop
  endfacet
  facet normal 0 -1 0
    outer loop
      vertex -0.000880241 -0.102417 -0.00442696
      vertex 0.00131035 -0.102417 -0.00431919
      vertex -0.00131035 -0.102417 -0.00431919
    endloop
  endfacet
  facet normal 0 -1 0
    outer loop
      vertex -0.000880241 -0.102417 -0.00442696
      vertex 0.000880241 -0.102417 -0.00442696
      vertex 0.00131035 -0.102417 -0.00431919
    endloop
  endfacet
  facet normal 0 -1 0
    outer loop
      vertex -0.000441551 -0.102417 -0.00449181
      vertex 0.000880241 -0.102417 -0.00442696
      vertex -0.000880241 -0.102417 -0.00442696
    endloop
  endfacet
  facet normal 0 -1 0
    outer loop
      vertex -0.000441551 -0.102417 -0.00449181
      vertex 0.000441551 -0.102417 -0.00449181
      vertex 0.000880241 -0.102417 -0.00442696
    endloop
  endfacet
  facet normal -0 -1 0
    outer loop
      vertex 0.000441551 -0.102417 -0.00449181
      vertex -0.000441551 -0.102417 -0.00449181
      vertex 0 -0.102417 -0.00451374
    endloop
  endfacet
  facet normal -0.0370113 -0.9993 0.00547125
    outer loop
      vertex -0.00442696 -0.102417 0.000880241
      vertex -0.0134335 -0.102081 0.00132275
      vertex -0.00449181 -0.102417 0.000441551
    endloop
  endfacet
  facet normal -0.0320719 -0.9993 0.0192595
    outer loop
      vertex -0.00375271 -0.102417 0.00250721
      vertex -0.0112238 -0.102081 0.00749969
      vertex -0.00398064 -0.102417 0.00212765
    endloop
  endfacet
  facet normal -0.064704 -0.997152 -0.0387563
    outer loop
      vertex -0.0119047 -0.102081 -0.00636292
      vertex -0.0197144 -0.101412 -0.0105371
      vertex -0.0112238 -0.102081 -0.00749969
    endloop
  endfacet
  facet normal -0.0320971 -0.9993 -0.0192255
    outer loop
      vertex -0.00398064 -0.102417 -0.00212765
      vertex -0.0119047 -0.102081 -0.00636292
      vertex -0.0112238 -0.102081 -0.00749969
    endloop
  endfacet
  facet normal 0.850013 0.525462 -0.0369915
    outer loop
      vertex 0.0788746 -0.0495084 -4.87982e-05
      vertex 0.0219994 0.0424991 0
      vertex 0.0788766 -0.0495082 0
    endloop
  endfacet
  facet normal 0.850009 0.52546 -0.0370912
    outer loop
      vertex 0.0787142 -0.0495276 -0.00399664
      vertex 0.0219994 0.0424991 0
      vertex 0.0788746 -0.0495084 -4.87982e-05
    endloop
  endfacet
  facet normal 0.850008 0.52546 -0.0371161
    outer loop
      vertex 0.0219994 0.0424991 0
      vertex 0.0787142 -0.0495276 -0.00399664
      vertex 0.0786133 -0.0495457 -0.00656363
    endloop
  endfacet
  facet normal 0.843542 0.525459 -0.11104
    outer loop
      vertex 0.0216656 0.0424991 -0.00381947
      vertex 0.0785425 -0.0495192 -0.0071861
      vertex 0.078447 -0.04948 -0.00772609
    endloop
  endfacet
  facet normal 0.843546 0.52546 -0.111007
    outer loop
      vertex 0.0780442 -0.0495276 -0.0110123
      vertex 0.0216656 0.0424991 -0.00381947
      vertex 0.078447 -0.04948 -0.00772609
    endloop
  endfacet
  facet normal 0.843547 0.52546 -0.110992
    outer loop
      vertex 0.0216656 0.0424991 -0.00381947
      vertex 0.0780442 -0.0495276 -0.0110123
      vertex 0.0777251 -0.049584 -0.0137045
    endloop
  endfacet
  facet normal -0.627197 0.525457 0.574907
    outer loop
      vertex -0.0155563 0.0424991 0.0155563
      vertex -0.0584118 -0.0495276 0.052914
      vertex -0.0557743 -0.0495089 0.0557743
    endloop
  endfacet
  facet normal -0.6272 0.525457 0.574904
    outer loop
      vertex -0.0584118 -0.0495276 0.052914
      vertex -0.0155563 0.0424991 0.0155563
      vertex -0.06023 -0.0495463 0.0509475
    endloop
  endfacet
  facet normal -0.754752 0.525458 -0.392739
    outer loop
      vertex -0.0190525 0.0424991 -0.0109997
      vertex -0.0693896 -0.0494566 -0.0372941
      vertex -0.0694677 -0.0494471 -0.0371313
    endloop
  endfacet
  facet normal -0.754694 0.525458 -0.392851
    outer loop
      vertex -0.0190525 0.0424991 -0.0109997
      vertex -0.0688047 -0.0495276 -0.0385127
      vertex -0.0693896 -0.0494566 -0.0372941
    endloop
  endfacet
  facet normal -0.754679 0.525458 -0.392878
    outer loop
      vertex -0.0688047 -0.0495276 -0.0385127
      vertex -0.0190525 0.0424991 -0.0109997
      vertex -0.0683627 -0.0496075 -0.0394686
    endloop
  endfacet
  facet normal -0.754657 0.525458 -0.392921
    outer loop
      vertex -0.0695581 -0.0494534 -0.0369661
      vertex -0.0190525 0.0424991 -0.0109997
      vertex -0.0694677 -0.0494471 -0.0371313
    endloop
  endfacet
  facet normal -0.754691 0.525458 -0.392855
    outer loop
      vertex -0.0706214 -0.0495276 -0.0350227
      vertex -0.0190525 0.0424991 -0.0109997
      vertex -0.0695581 -0.0494534 -0.0369661
    endloop
  endfacet
  facet normal -0.754717 0.525459 -0.392804
    outer loop
      vertex -0.0190525 0.0424991 -0.0109997
      vertex -0.0706214 -0.0495276 -0.0350227
      vertex -0.0713962 -0.0496045 -0.0336369
    endloop
  endfacet
  facet normal -0.184298 0.525467 -0.830614
    outer loop
      vertex -0.0201239 -0.0495968 -0.0763101
      vertex -0.00569344 0.0424991 -0.0212498
      vertex -0.00381947 0.0424991 -0.0216656
    endloop
  endfacet
  facet normal -0.184508 0.52547 -0.830565
    outer loop
      vertex -0.00569344 0.0424991 -0.0212498
      vertex -0.0201239 -0.0495968 -0.0763101
      vertex -0.0204306 -0.0496076 -0.0762488
    endloop
  endfacet
  facet normal 0.574904 0.525457 0.6272
    outer loop
      vertex 0.052914 -0.0495276 0.0584118
      vertex 0.0155563 0.0424991 0.0155563
      vertex 0.0509475 -0.0495463 0.06023
    endloop
  endfacet
  facet normal 0.574907 0.525457 0.627197
    outer loop
      vertex 0.0155563 0.0424991 0.0155563
      vertex 0.052914 -0.0495276 0.0584118
      vertex 0.0557743 -0.0495089 0.0557743
    endloop
  endfacet
  facet normal -0.110671 0.52547 -0.843584
    outer loop
      vertex -0.00706961 -0.0495276 -0.078563
      vertex -0.00191689 0.0424991 -0.0219154
      vertex -0.00687663 -0.0495478 -0.0786009
    endloop
  endfacet
  facet normal -0.110757 0.525468 -0.843573
    outer loop
      vertex -0.00191689 0.0424991 -0.0219154
      vertex -0.00706961 -0.0495276 -0.078563
      vertex -0.00381947 0.0424991 -0.0216656
    endloop
  endfacet
  facet normal -0.110565 0.525475 -0.843595
    outer loop
      vertex -0.00381947 0.0424991 -0.0216656
      vertex -0.00706961 -0.0495276 -0.078563
      vertex -0.0071861 -0.0495192 -0.0785425
    endloop
  endfacet
  facet normal 0.255834 0.525464 -0.811441
    outer loop
      vertex 0.0204306 -0.0496076 -0.0762488
      vertex 0.00752354 0.0424991 -0.0206728
      vertex 0.0207249 -0.0495838 -0.0761406
    endloop
  endfacet
  facet normal 0.255834 0.525464 -0.811441
    outer loop
      vertex 0.00752354 0.0424991 -0.0206728
      vertex 0.0204306 -0.0496076 -0.0762488
      vertex 0.00569344 0.0424991 -0.0212498
    endloop
  endfacet
  facet normal 0.754657 0.525458 -0.392921
    outer loop
      vertex 0.0190525 0.0424991 -0.0109997
      vertex 0.0695581 -0.0494534 -0.0369661
      vertex 0.0694677 -0.0494471 -0.0371313
    endloop
  endfacet
  facet normal 0.754691 0.525458 -0.392855
    outer loop
      vertex 0.0190525 0.0424991 -0.0109997
      vertex 0.0706214 -0.0495276 -0.0350227
      vertex 0.0695581 -0.0494534 -0.0369661
    endloop
  endfacet
  facet normal 0.754717 0.525459 -0.392804
    outer loop
      vertex 0.0706214 -0.0495276 -0.0350227
      vertex 0.0190525 0.0424991 -0.0109997
      vertex 0.0713962 -0.0496045 -0.0336369
    endloop
  endfacet
  facet normal 0.754752 0.525458 -0.392739
    outer loop
      vertex 0.0693896 -0.0494566 -0.0372941
      vertex 0.0190525 0.0424991 -0.0109997
      vertex 0.0694677 -0.0494471 -0.0371313
    endloop
  endfacet
  facet normal 0.754694 0.525458 -0.392851
    outer loop
      vertex 0.0688047 -0.0495276 -0.0385127
      vertex 0.0190525 0.0424991 -0.0109997
      vertex 0.0693896 -0.0494566 -0.0372941
    endloop
  endfacet
  facet normal 0.754679 0.525458 -0.392878
    outer loop
      vertex 0.0190525 0.0424991 -0.0109997
      vertex 0.0688047 -0.0495276 -0.0385127
      vertex 0.0683627 -0.0496075 -0.0394686
    endloop
  endfacet
  facet normal -0.62744 0.525469 -0.574631
    outer loop
      vertex -0.0604425 -0.0495483 -0.0507173
      vertex -0.0155563 0.0424991 -0.0155563
      vertex -0.06023 -0.0495463 -0.0509475
    endloop
  endfacet
  facet normal -0.627438 0.525469 -0.574634
    outer loop
      vertex -0.0155563 0.0424991 -0.0155563
      vertex -0.0604425 -0.0495483 -0.0507173
      vertex -0.0168524 0.0424991 -0.0141411
    endloop
  endfacet
  facet normal -0.574904 0.525457 -0.6272
    outer loop
      vertex -0.052914 -0.0495276 -0.0584118
      vertex -0.0155563 0.0424991 -0.0155563
      vertex -0.0509475 -0.0495463 -0.06023
    endloop
  endfacet
  facet normal -0.574907 0.525457 -0.627197
    outer loop
      vertex -0.0155563 0.0424991 -0.0155563
      vertex -0.052914 -0.0495276 -0.0584118
      vertex -0.0557743 -0.0495089 -0.0557743
    endloop
  endfacet
  facet normal -0.675198 0.525459 -0.517687
    outer loop
      vertex -0.0168524 0.0424991 -0.0141411
      vertex -0.0608753 -0.0494873 -0.0500912
      vertex -0.0609341 -0.04948 -0.0500071
    endloop
  endfacet
  facet normal -0.675058 0.525462 -0.517866
    outer loop
      vertex -0.0168524 0.0424991 -0.0141411
      vertex -0.0605534 -0.0495276 -0.0505517
      vertex -0.0608753 -0.0494873 -0.0500912
    endloop
  endfacet
  facet normal -0.675113 0.525461 -0.517796
    outer loop
      vertex -0.0605534 -0.0495276 -0.0505517
      vertex -0.0168524 0.0424991 -0.0141411
      vertex -0.0604425 -0.0495483 -0.0507173
    endloop
  endfacet
  facet normal -0.674973 0.525464 -0.517976
    outer loop
      vertex -0.0610061 -0.0494816 -0.0499149
      vertex -0.0168524 0.0424991 -0.0141411
      vertex -0.0609341 -0.04948 -0.0500071
    endloop
  endfacet
  facet normal -0.675052 0.525462 -0.517875
    outer loop
      vertex -0.0629915 -0.0495276 -0.0473736
      vertex -0.0168524 0.0424991 -0.0141411
      vertex -0.0610061 -0.0494816 -0.0499149
    endloop
  endfacet
  facet normal -0.67507 0.525463 -0.517851
    outer loop
      vertex -0.0168524 0.0424991 -0.0141411
      vertex -0.0629915 -0.0495276 -0.0473736
      vertex -0.064456 -0.0495765 -0.0455141
    endloop
  endfacet
  facet normal -0.850013 0.525462 0.0369915
    outer loop
      vertex -0.0788746 -0.0495084 4.87982e-05
      vertex -0.0219994 0.0424991 0
      vertex -0.0788766 -0.0495082 0
    endloop
  endfacet
  facet normal -0.850009 0.52546 0.0370912
    outer loop
      vertex -0.0787142 -0.0495276 0.00399664
      vertex -0.0219994 0.0424991 0
      vertex -0.0788746 -0.0495084 4.87982e-05
    endloop
  endfacet
  facet normal -0.850008 0.52546 0.0371161
    outer loop
      vertex -0.0219994 0.0424991 0
      vertex -0.0787142 -0.0495276 0.00399664
      vertex -0.0786133 -0.0495457 0.00656363
    endloop
  endfacet
  facet normal -0.574634 0.525469 0.627438
    outer loop
      vertex -0.0155563 0.0424991 0.0155563
      vertex -0.0507173 -0.0495483 0.0604425
      vertex -0.0141411 0.0424991 0.0168524
    endloop
  endfacet
  facet normal -0.574631 0.525469 0.62744
    outer loop
      vertex -0.0507173 -0.0495483 0.0604425
      vertex -0.0155563 0.0424991 0.0155563
      vertex -0.0509475 -0.0495463 0.06023
    endloop
  endfacet
  facet normal -0.0369915 0.525462 0.850013
    outer loop
      vertex 0 0.0424991 0.0219994
      vertex -4.87982e-05 -0.0495084 0.0788746
      vertex 0 -0.0495082 0.0788766
    endloop
  endfacet
  facet normal -0.0370912 0.52546 0.850009
    outer loop
      vertex 0 0.0424991 0.0219994
      vertex -0.00399664 -0.0495276 0.0787142
      vertex -4.87982e-05 -0.0495084 0.0788746
    endloop
  endfacet
  facet normal -0.0371161 0.52546 0.850008
    outer loop
      vertex -0.00399664 -0.0495276 0.0787142
      vertex 0 0.0424991 0.0219994
      vertex -0.00656363 -0.0495457 0.0786133
    endloop
  endfacet
  facet normal 0.786039 0.525459 0.32563
    outer loop
      vertex 0.0199385 0.0424991 0.00929737
      vertex 0.0720624 -0.0495276 0.0319758
      vertex 0.0727663 -0.0494431 0.0301403
    endloop
  endfacet
  facet normal 0.786028 0.525459 0.325658
    outer loop
      vertex 0.0720624 -0.0495276 0.0319758
      vertex 0.0199385 0.0424991 0.00929737
      vertex 0.0715488 -0.0496196 0.0333639
    endloop
  endfacet
  facet normal 0.786031 0.525458 0.325652
    outer loop
      vertex 0.073566 -0.0495276 0.0283464
      vertex 0.0199385 0.0424991 0.00929737
      vertex 0.0727663 -0.0494431 0.0301403
    endloop
  endfacet
  facet normal 0.786036 0.525459 0.325638
    outer loop
      vertex 0.0199385 0.0424991 0.00929737
      vertex 0.073566 -0.0495276 0.0283464
      vertex 0.074054 -0.0496002 0.0272856
    endloop
  endfacet
  facet normal 0.83063 0.525461 0.184241
    outer loop
      vertex 0.0216656 0.0424991 0.00381947
      vertex 0.0772439 -0.0494634 0.0155307
      vertex 0.0772769 -0.0494595 0.0153708
    endloop
  endfacet
  facet normal 0.830653 0.525461 0.184137
    outer loop
      vertex 0.0216656 0.0424991 0.00381947
      vertex 0.0767013 -0.0495276 0.0181616
      vertex 0.0772439 -0.0494634 0.0155307
    endloop
  endfacet
  facet normal 0.830655 0.525461 0.184128
    outer loop
      vertex 0.0767013 -0.0495276 0.0181616
      vertex 0.0216656 0.0424991 0.00381947
      vertex 0.0763101 -0.0495968 0.0201239
    endloop
  endfacet
  facet normal 0.830658 0.525462 0.184115
    outer loop
      vertex 0.0773149 -0.0494688 0.0152259
      vertex 0.0216656 0.0424991 0.00381947
      vertex 0.0772769 -0.0494595 0.0153708
    endloop
  endfacet
  facet normal 0.830646 0.525461 0.184168
    outer loop
      vertex 0.0775553 -0.0495276 0.0143094
      vertex 0.0216656 0.0424991 0.00381947
      vertex 0.0773149 -0.0494688 0.0152259
    endloop
  endfacet
  facet normal 0.830644 0.525461 0.184175
    outer loop
      vertex 0.0216656 0.0424991 0.00381947
      vertex 0.0775553 -0.0495276 0.0143094
      vertex 0.0777251 -0.049584 0.0137045
    endloop
  endfacet
  facet normal 0.457153 0.525457 -0.71757
    outer loop
      vertex 0.0447292 -0.0495276 -0.0649526
      vertex 0.0109997 0.0424991 -0.0190525
      vertex 0.0449943 -0.0495549 -0.0648037
    endloop
  endfacet
  facet normal 0.457217 0.525459 -0.717527
    outer loop
      vertex 0.0437733 -0.0494589 -0.0655114
      vertex 0.0109997 0.0424991 -0.0190525
      vertex 0.0447292 -0.0495276 -0.0649526
    endloop
  endfacet
  facet normal 0.457159 0.525458 -0.717565
    outer loop
      vertex 0.0413831 -0.0495276 -0.0670845
      vertex 0.0109997 0.0424991 -0.0190525
      vertex 0.0437733 -0.0494589 -0.0655114
    endloop
  endfacet
  facet normal 0.457151 0.525458 -0.717571
    outer loop
      vertex 0.0109997 0.0424991 -0.0190525
      vertex 0.0413831 -0.0495276 -0.0670845
      vertex 0.0394686 -0.0496075 -0.0683627
    endloop
  endfacet
  facet normal -0.392804 0.525459 -0.754717
    outer loop
      vertex -0.0350227 -0.0495276 -0.0706214
      vertex -0.0109997 0.0424991 -0.0190525
      vertex -0.0336369 -0.0496045 -0.0713962
    endloop
  endfacet
  facet normal -0.392855 0.525458 -0.754691
    outer loop
      vertex -0.0369661 -0.0494534 -0.0695581
      vertex -0.0109997 0.0424991 -0.0190525
      vertex -0.0350227 -0.0495276 -0.0706214
    endloop
  endfacet
  facet normal -0.392921 0.525458 -0.754657
    outer loop
      vertex -0.0371313 -0.0494471 -0.0694677
      vertex -0.0109997 0.0424991 -0.0190525
      vertex -0.0369661 -0.0494534 -0.0695581
    endloop
  endfacet
  facet normal -0.392739 0.525458 -0.754752
    outer loop
      vertex -0.0372941 -0.0494566 -0.0693896
      vertex -0.0109997 0.0424991 -0.0190525
      vertex -0.0371313 -0.0494471 -0.0694677
    endloop
  endfacet
  facet normal -0.392851 0.525458 -0.754694
    outer loop
      vertex -0.0385127 -0.0495276 -0.0688047
      vertex -0.0109997 0.0424991 -0.0190525
      vertex -0.0372941 -0.0494566 -0.0693896
    endloop
  endfacet
  facet normal -0.392878 0.525458 -0.754679
    outer loop
      vertex -0.0109997 0.0424991 -0.0190525
      vertex -0.0385127 -0.0495276 -0.0688047
      vertex -0.0394686 -0.0496075 -0.0683627
    endloop
  endfacet
  facet normal 0.517796 0.525461 -0.675113
    outer loop
      vertex 0.0505517 -0.0495276 -0.0605534
      vertex 0.0141411 0.0424991 -0.0168524
      vertex 0.0507173 -0.0495483 -0.0604425
    endloop
  endfacet
  facet normal 0.517866 0.525462 -0.675058
    outer loop
      vertex 0.0500912 -0.0494873 -0.0608753
      vertex 0.0141411 0.0424991 -0.0168524
      vertex 0.0505517 -0.0495276 -0.0605534
    endloop
  endfacet
  facet normal 0.517687 0.525459 -0.675198
    outer loop
      vertex 0.0500071 -0.04948 -0.0609341
      vertex 0.0141411 0.0424991 -0.0168524
      vertex 0.0500912 -0.0494873 -0.0608753
    endloop
  endfacet
  facet normal 0.517976 0.525464 -0.674973
    outer loop
      vertex 0.0499149 -0.0494816 -0.0610061
      vertex 0.0141411 0.0424991 -0.0168524
      vertex 0.0500071 -0.04948 -0.0609341
    endloop
  endfacet
  facet normal 0.517875 0.525462 -0.675052
    outer loop
      vertex 0.0473736 -0.0495276 -0.0629915
      vertex 0.0141411 0.0424991 -0.0168524
      vertex 0.0499149 -0.0494816 -0.0610061
    endloop
  endfacet
  facet normal 0.517851 0.525463 -0.67507
    outer loop
      vertex 0.0141411 0.0424991 -0.0168524
      vertex 0.0473736 -0.0495276 -0.0629915
      vertex 0.0455141 -0.0495765 -0.064456
    endloop
  endfacet
  facet normal 0.674973 0.525464 -0.517976
    outer loop
      vertex 0.0168524 0.0424991 -0.0141411
      vertex 0.0610061 -0.0494816 -0.0499149
      vertex 0.0609341 -0.04948 -0.0500071
    endloop
  endfacet
  facet normal 0.675052 0.525462 -0.517875
    outer loop
      vertex 0.0168524 0.0424991 -0.0141411
      vertex 0.0629915 -0.0495276 -0.0473736
      vertex 0.0610061 -0.0494816 -0.0499149
    endloop
  endfacet
  facet normal 0.67507 0.525463 -0.517851
    outer loop
      vertex 0.0629915 -0.0495276 -0.0473736
      vertex 0.0168524 0.0424991 -0.0141411
      vertex 0.064456 -0.0495765 -0.0455141
    endloop
  endfacet
  facet normal 0.675198 0.525459 -0.517687
    outer loop
      vertex 0.0608753 -0.0494873 -0.0500912
      vertex 0.0168524 0.0424991 -0.0141411
      vertex 0.0609341 -0.04948 -0.0500071
    endloop
  endfacet
  facet normal 0.675058 0.525462 -0.517866
    outer loop
      vertex 0.0605534 -0.0495276 -0.0505517
      vertex 0.0168524 0.0424991 -0.0141411
      vertex 0.0608753 -0.0494873 -0.0500912
    endloop
  endfacet
  facet normal 0.675113 0.525461 -0.517796
    outer loop
      vertex 0.0168524 0.0424991 -0.0141411
      vertex 0.0605534 -0.0495276 -0.0505517
      vertex 0.0604425 -0.0495483 -0.0507173
    endloop
  endfacet
  facet normal 0.830658 0.525462 -0.184115
    outer loop
      vertex 0.0216656 0.0424991 -0.00381947
      vertex 0.0773149 -0.0494688 -0.0152259
      vertex 0.0772769 -0.0494595 -0.0153708
    endloop
  endfacet
  facet normal 0.830646 0.525461 -0.184168
    outer loop
      vertex 0.0216656 0.0424991 -0.00381947
      vertex 0.0775553 -0.0495276 -0.0143094
      vertex 0.0773149 -0.0494688 -0.0152259
    endloop
  endfacet
  facet normal 0.830644 0.525461 -0.184175
    outer loop
      vertex 0.0775553 -0.0495276 -0.0143094
      vertex 0.0216656 0.0424991 -0.00381947
      vertex 0.0777251 -0.049584 -0.0137045
    endloop
  endfacet
  facet normal 0.83063 0.525461 -0.184241
    outer loop
      vertex 0.0772439 -0.0494634 -0.0155307
      vertex 0.0216656 0.0424991 -0.00381947
      vertex 0.0772769 -0.0494595 -0.0153708
    endloop
  endfacet
  facet normal 0.830653 0.525461 -0.184137
    outer loop
      vertex 0.0767013 -0.0495276 -0.0181616
      vertex 0.0216656 0.0424991 -0.00381947
      vertex 0.0772439 -0.0494634 -0.0155307
    endloop
  endfacet
  facet normal 0.830655 0.525461 -0.184128
    outer loop
      vertex 0.0216656 0.0424991 -0.00381947
      vertex 0.0767013 -0.0495276 -0.0181616
      vertex 0.0763101 -0.0495968 -0.0201239
    endloop
  endfacet
  facet normal 0.811413 0.525461 -0.255928
    outer loop
      vertex 0.0206728 0.0424991 -0.00752354
      vertex 0.0758856 -0.0495276 -0.0214184
      vertex 0.0753771 -0.049447 -0.0228651
    endloop
  endfacet
  facet normal 0.811454 0.525465 -0.255789
    outer loop
      vertex 0.0758856 -0.0495276 -0.0214184
      vertex 0.0206728 0.0424991 -0.00752354
      vertex 0.0761406 -0.0495838 -0.0207249
    endloop
  endfacet
  facet normal 0.811504 0.525466 -0.25563
    outer loop
      vertex 0.0753241 -0.0494533 -0.0230463
      vertex 0.0206728 0.0424991 -0.00752354
      vertex 0.0753771 -0.049447 -0.0228651
    endloop
  endfacet
  facet normal 0.811439 0.525463 -0.255844
    outer loop
      vertex 0.0747012 -0.0495276 -0.0251745
      vertex 0.0206728 0.0424991 -0.00752354
      vertex 0.0753241 -0.0494533 -0.0230463
    endloop
  endfacet
  facet normal 0.811414 0.525463 -0.25592
    outer loop
      vertex 0.0206728 0.0424991 -0.00752354
      vertex 0.0747012 -0.0495276 -0.0251745
      vertex 0.0741847 -0.0496196 -0.027001
    endloop
  endfacet
  facet normal -0.717527 0.525459 -0.457217
    outer loop
      vertex -0.0190525 0.0424991 -0.0109997
      vertex -0.0649526 -0.0495276 -0.0447292
      vertex -0.0655114 -0.0494589 -0.0437733
    endloop
  endfacet
  facet normal -0.71757 0.525457 -0.457153
    outer loop
      vertex -0.0649526 -0.0495276 -0.0447292
      vertex -0.0190525 0.0424991 -0.0109997
      vertex -0.0648037 -0.0495549 -0.0449943
    endloop
  endfacet
  facet normal -0.717565 0.525458 -0.457159
    outer loop
      vertex -0.0670845 -0.0495276 -0.0413831
      vertex -0.0190525 0.0424991 -0.0109997
      vertex -0.0655114 -0.0494589 -0.0437733
    endloop
  endfacet
  facet normal -0.717571 0.525458 -0.457151
    outer loop
      vertex -0.0190525 0.0424991 -0.0109997
      vertex -0.0670845 -0.0495276 -0.0413831
      vertex -0.0683627 -0.0496075 -0.0394686
    endloop
  endfacet
  facet normal -0.627197 0.525457 -0.574907
    outer loop
      vertex -0.0584118 -0.0495276 -0.052914
      vertex -0.0155563 0.0424991 -0.0155563
      vertex -0.0557743 -0.0495089 -0.0557743
    endloop
  endfacet
  facet normal -0.6272 0.525457 -0.574904
    outer loop
      vertex -0.0155563 0.0424991 -0.0155563
      vertex -0.0584118 -0.0495276 -0.052914
      vertex -0.06023 -0.0495463 -0.0509475
    endloop
  endfacet
  facet normal -0.754657 0.525458 0.392921
    outer loop
      vertex -0.0190525 0.0424991 0.0109997
      vertex -0.0695581 -0.0494534 0.0369661
      vertex -0.0694677 -0.0494471 0.0371313
    endloop
  endfacet
  facet normal -0.754691 0.525458 0.392855
    outer loop
      vertex -0.0190525 0.0424991 0.0109997
      vertex -0.0706214 -0.0495276 0.0350227
      vertex -0.0695581 -0.0494534 0.0369661
    endloop
  endfacet
  facet normal -0.754717 0.525459 0.392804
    outer loop
      vertex -0.0706214 -0.0495276 0.0350227
      vertex -0.0190525 0.0424991 0.0109997
      vertex -0.0713962 -0.0496045 0.0336369
    endloop
  endfacet
  facet normal -0.754752 0.525458 0.392739
    outer loop
      vertex -0.0693896 -0.0494566 0.0372941
      vertex -0.0190525 0.0424991 0.0109997
      vertex -0.0694677 -0.0494471 0.0371313
    endloop
  endfacet
  facet normal -0.754694 0.525458 0.392851
    outer loop
      vertex -0.0688047 -0.0495276 0.0385127
      vertex -0.0190525 0.0424991 0.0109997
      vertex -0.0693896 -0.0494566 0.0372941
    endloop
  endfacet
  facet normal -0.754679 0.525458 0.392878
    outer loop
      vertex -0.0190525 0.0424991 0.0109997
      vertex -0.0688047 -0.0495276 0.0385127
      vertex -0.0683627 -0.0496075 0.0394686
    endloop
  endfacet
  facet normal -0.843595 0.525475 -0.110565
    outer loop
      vertex -0.078563 -0.0495276 -0.00706961
      vertex -0.0216656 0.0424991 -0.00381947
      vertex -0.0785425 -0.0495192 -0.0071861
    endloop
  endfacet
  facet normal -0.843573 0.525468 -0.110757
    outer loop
      vertex -0.0216656 0.0424991 -0.00381947
      vertex -0.078563 -0.0495276 -0.00706961
      vertex -0.0219154 0.0424991 -0.00191689
    endloop
  endfacet
  facet normal -0.843584 0.52547 -0.110671
    outer loop
      vertex -0.0219154 0.0424991 -0.00191689
      vertex -0.078563 -0.0495276 -0.00706961
      vertex -0.0786009 -0.0495478 -0.00687663
    endloop
  endfacet
  facet normal -0.675092 0.525464 0.517821
    outer loop
      vertex -0.0646496 -0.0495829 0.0452682
      vertex -0.0168524 0.0424991 0.0141411
      vertex -0.0180206 0.0424991 0.0126181
    endloop
  endfacet
  facet normal -0.675087 0.525464 0.517828
    outer loop
      vertex -0.0168524 0.0424991 0.0141411
      vertex -0.0646496 -0.0495829 0.0452682
      vertex -0.064456 -0.0495765 0.0455141
    endloop
  endfacet
  facet normal -0.325638 0.525459 0.786036
    outer loop
      vertex -0.00929737 0.0424991 0.0199385
      vertex -0.0283464 -0.0495276 0.073566
      vertex -0.0272856 -0.0496002 0.074054
    endloop
  endfacet
  facet normal -0.325652 0.525458 0.786031
    outer loop
      vertex -0.00929737 0.0424991 0.0199385
      vertex -0.0301403 -0.0494431 0.0727663
      vertex -0.0283464 -0.0495276 0.073566
    endloop
  endfacet
  facet normal -0.32563 0.525459 0.786039
    outer loop
      vertex -0.00929737 0.0424991 0.0199385
      vertex -0.0319758 -0.0495276 0.0720624
      vertex -0.0301403 -0.0494431 0.0727663
    endloop
  endfacet
  facet normal -0.325658 0.525459 0.786028
    outer loop
      vertex -0.0319758 -0.0495276 0.0720624
      vertex -0.00929737 0.0424991 0.0199385
      vertex -0.0333639 -0.0496196 0.0715488
    endloop
  endfacet
  facet normal 0.325233 0.525473 0.786194
    outer loop
      vertex 0.00929737 0.0424991 0.0199385
      vertex 0.027001 -0.0496196 0.0741847
      vertex 0.0272856 -0.0496002 0.074054
    endloop
  endfacet
  facet normal 0.325425 0.525466 0.78612
    outer loop
      vertex 0.027001 -0.0496196 0.0741847
      vertex 0.00929737 0.0424991 0.0199385
      vertex 0.00752354 0.0424991 0.0206728
    endloop
  endfacet
  facet normal -0.184175 0.525461 0.830644
    outer loop
      vertex -0.00381947 0.0424991 0.0216656
      vertex -0.0143094 -0.0495276 0.0775553
      vertex -0.0137045 -0.049584 0.0777251
    endloop
  endfacet
  facet normal -0.184168 0.525461 0.830646
    outer loop
      vertex -0.00381947 0.0424991 0.0216656
      vertex -0.0152259 -0.0494688 0.0773149
      vertex -0.0143094 -0.0495276 0.0775553
    endloop
  endfacet
  facet normal -0.184115 0.525462 0.830658
    outer loop
      vertex -0.00381947 0.0424991 0.0216656
      vertex -0.0153708 -0.0494595 0.0772769
      vertex -0.0152259 -0.0494688 0.0773149
    endloop
  endfacet
  facet normal -0.184241 0.525461 0.83063
    outer loop
      vertex -0.00381947 0.0424991 0.0216656
      vertex -0.0155307 -0.0494634 0.0772439
      vertex -0.0153708 -0.0494595 0.0772769
    endloop
  endfacet
  facet normal -0.184137 0.525461 0.830653
    outer loop
      vertex -0.00381947 0.0424991 0.0216656
      vertex -0.0181616 -0.0495276 0.0767013
      vertex -0.0155307 -0.0494634 0.0772439
    endloop
  endfacet
  facet normal -0.184128 0.525461 0.830655
    outer loop
      vertex -0.0181616 -0.0495276 0.0767013
      vertex -0.00381947 0.0424991 0.0216656
      vertex -0.0201239 -0.0495968 0.0763101
    endloop
  endfacet
  facet normal 0.62744 0.525469 0.574631
    outer loop
      vertex 0.0604425 -0.0495483 0.0507173
      vertex 0.0155563 0.0424991 0.0155563
      vertex 0.06023 -0.0495463 0.0509475
    endloop
  endfacet
  facet normal 0.627438 0.525469 0.574634
    outer loop
      vertex 0.0155563 0.0424991 0.0155563
      vertex 0.0604425 -0.0495483 0.0507173
      vertex 0.0168524 0.0424991 0.0141411
    endloop
  endfacet
  facet normal 0.843546 0.52546 0.111007
    outer loop
      vertex 0.0216656 0.0424991 0.00381947
      vertex 0.0780442 -0.0495276 0.0110123
      vertex 0.078447 -0.04948 0.00772609
    endloop
  endfacet
  facet normal 0.843547 0.52546 0.110992
    outer loop
      vertex 0.0780442 -0.0495276 0.0110123
      vertex 0.0216656 0.0424991 0.00381947
      vertex 0.0777251 -0.049584 0.0137045
    endloop
  endfacet
  facet normal 0.843542 0.525459 0.11104
    outer loop
      vertex 0.0216656 0.0424991 0.00381947
      vertex 0.078447 -0.04948 0.00772609
      vertex 0.0785425 -0.0495192 0.0071861
    endloop
  endfacet
  facet normal 0.25592 0.525463 -0.811414
    outer loop
      vertex 0.0251745 -0.0495276 -0.0747012
      vertex 0.00752354 0.0424991 -0.0206728
      vertex 0.027001 -0.0496196 -0.0741847
    endloop
  endfacet
  facet normal 0.255844 0.525463 -0.811439
    outer loop
      vertex 0.0230463 -0.0494533 -0.0753241
      vertex 0.00752354 0.0424991 -0.0206728
      vertex 0.0251745 -0.0495276 -0.0747012
    endloop
  endfacet
  facet normal 0.25563 0.525466 -0.811504
    outer loop
      vertex 0.0228651 -0.049447 -0.0753771
      vertex 0.00752354 0.0424991 -0.0206728
      vertex 0.0230463 -0.0494533 -0.0753241
    endloop
  endfacet
  facet normal 0.255928 0.525461 -0.811413
    outer loop
      vertex 0.0214184 -0.0495276 -0.0758856
      vertex 0.00752354 0.0424991 -0.0206728
      vertex 0.0228651 -0.049447 -0.0753771
    endloop
  endfacet
  facet normal 0.255789 0.525465 -0.811454
    outer loop
      vertex 0.00752354 0.0424991 -0.0206728
      vertex 0.0214184 -0.0495276 -0.0758856
      vertex 0.0207249 -0.0495838 -0.0761406
    endloop
  endfacet
  facet normal -0.184175 0.525461 -0.830644
    outer loop
      vertex -0.0143094 -0.0495276 -0.0775553
      vertex -0.00381947 0.0424991 -0.0216656
      vertex -0.0137045 -0.049584 -0.0777251
    endloop
  endfacet
  facet normal -0.184168 0.525461 -0.830646
    outer loop
      vertex -0.0152259 -0.0494688 -0.0773149
      vertex -0.00381947 0.0424991 -0.0216656
      vertex -0.0143094 -0.0495276 -0.0775553
    endloop
  endfacet
  facet normal -0.184115 0.525462 -0.830658
    outer loop
      vertex -0.0153708 -0.0494595 -0.0772769
      vertex -0.00381947 0.0424991 -0.0216656
      vertex -0.0152259 -0.0494688 -0.0773149
    endloop
  endfacet
  facet normal -0.184241 0.525461 -0.83063
    outer loop
      vertex -0.0155307 -0.0494634 -0.0772439
      vertex -0.00381947 0.0424991 -0.0216656
      vertex -0.0153708 -0.0494595 -0.0772769
    endloop
  endfacet
  facet normal -0.184137 0.525461 -0.830653
    outer loop
      vertex -0.0181616 -0.0495276 -0.0767013
      vertex -0.00381947 0.0424991 -0.0216656
      vertex -0.0155307 -0.0494634 -0.0772439
    endloop
  endfacet
  facet normal -0.184128 0.525461 -0.830655
    outer loop
      vertex -0.00381947 0.0424991 -0.0216656
      vertex -0.0181616 -0.0495276 -0.0767013
      vertex -0.0201239 -0.0495968 -0.0763101
    endloop
  endfacet
  facet normal -0.11104 0.525459 -0.843542
    outer loop
      vertex -0.00772609 -0.04948 -0.078447
      vertex -0.00381947 0.0424991 -0.0216656
      vertex -0.0071861 -0.0495192 -0.0785425
    endloop
  endfacet
  facet normal -0.111007 0.52546 -0.843546
    outer loop
      vertex -0.0110123 -0.0495276 -0.0780442
      vertex -0.00381947 0.0424991 -0.0216656
      vertex -0.00772609 -0.04948 -0.078447
    endloop
  endfacet
  facet normal -0.110992 0.52546 -0.843547
    outer loop
      vertex -0.00381947 0.0424991 -0.0216656
      vertex -0.0110123 -0.0495276 -0.0780442
      vertex -0.0137045 -0.049584 -0.0777251
    endloop
  endfacet
  facet normal -0.255789 0.525465 -0.811454
    outer loop
      vertex -0.0214184 -0.0495276 -0.0758856
      vertex -0.00752354 0.0424991 -0.0206728
      vertex -0.0207249 -0.0495838 -0.0761406
    endloop
  endfacet
  facet normal -0.255928 0.525461 -0.811413
    outer loop
      vertex -0.0228651 -0.049447 -0.0753771
      vertex -0.00752354 0.0424991 -0.0206728
      vertex -0.0214184 -0.0495276 -0.0758856
    endloop
  endfacet
  facet normal -0.25563 0.525466 -0.811504
    outer loop
      vertex -0.0230463 -0.0494533 -0.0753241
      vertex -0.00752354 0.0424991 -0.0206728
      vertex -0.0228651 -0.049447 -0.0753771
    endloop
  endfacet
  facet normal -0.255844 0.525463 -0.811439
    outer loop
      vertex -0.0251745 -0.0495276 -0.0747012
      vertex -0.00752354 0.0424991 -0.0206728
      vertex -0.0230463 -0.0494533 -0.0753241
    endloop
  endfacet
  facet normal -0.25592 0.525463 -0.811414
    outer loop
      vertex -0.00752354 0.0424991 -0.0206728
      vertex -0.0251745 -0.0495276 -0.0747012
      vertex -0.027001 -0.0496196 -0.0741847
    endloop
  endfacet
  facet normal -0.457415 0.525467 -0.717395
    outer loop
      vertex -0.0449943 -0.0495549 -0.0648037
      vertex -0.0126181 0.0424991 -0.0180206
      vertex -0.0109997 0.0424991 -0.0190525
    endloop
  endfacet
  facet normal -0.457355 0.525466 -0.717434
    outer loop
      vertex -0.0126181 0.0424991 -0.0180206
      vertex -0.0449943 -0.0495549 -0.0648037
      vertex -0.0452682 -0.0495829 -0.0646496
    endloop
  endfacet
  facet normal -0.457151 0.525458 -0.717571
    outer loop
      vertex -0.0413831 -0.0495276 -0.0670845
      vertex -0.0109997 0.0424991 -0.0190525
      vertex -0.0394686 -0.0496075 -0.0683627
    endloop
  endfacet
  facet normal -0.457159 0.525458 -0.717565
    outer loop
      vertex -0.0437733 -0.0494589 -0.0655114
      vertex -0.0109997 0.0424991 -0.0190525
      vertex -0.0413831 -0.0495276 -0.0670845
    endloop
  endfacet
  facet normal -0.457217 0.525459 -0.717527
    outer loop
      vertex -0.0447292 -0.0495276 -0.0649526
      vertex -0.0109997 0.0424991 -0.0190525
      vertex -0.0437733 -0.0494589 -0.0655114
    endloop
  endfacet
  facet normal -0.457153 0.525457 -0.71757
    outer loop
      vertex -0.0109997 0.0424991 -0.0190525
      vertex -0.0447292 -0.0495276 -0.0649526
      vertex -0.0449943 -0.0495549 -0.0648037
    endloop
  endfacet
  facet normal -0.517851 0.525463 -0.67507
    outer loop
      vertex -0.0473736 -0.0495276 -0.0629915
      vertex -0.0141411 0.0424991 -0.0168524
      vertex -0.0455141 -0.0495765 -0.064456
    endloop
  endfacet
  facet normal -0.517875 0.525462 -0.675052
    outer loop
      vertex -0.0499149 -0.0494816 -0.0610061
      vertex -0.0141411 0.0424991 -0.0168524
      vertex -0.0473736 -0.0495276 -0.0629915
    endloop
  endfacet
  facet normal -0.517976 0.525464 -0.674973
    outer loop
      vertex -0.0500071 -0.04948 -0.0609341
      vertex -0.0141411 0.0424991 -0.0168524
      vertex -0.0499149 -0.0494816 -0.0610061
    endloop
  endfacet
  facet normal -0.517687 0.525459 -0.675198
    outer loop
      vertex -0.0500912 -0.0494873 -0.0608753
      vertex -0.0141411 0.0424991 -0.0168524
      vertex -0.0500071 -0.04948 -0.0609341
    endloop
  endfacet
  facet normal -0.517866 0.525462 -0.675058
    outer loop
      vertex -0.0505517 -0.0495276 -0.0605534
      vertex -0.0141411 0.0424991 -0.0168524
      vertex -0.0500912 -0.0494873 -0.0608753
    endloop
  endfacet
  facet normal -0.517796 0.525461 -0.675113
    outer loop
      vertex -0.0141411 0.0424991 -0.0168524
      vertex -0.0505517 -0.0495276 -0.0605534
      vertex -0.0507173 -0.0495483 -0.0604425
    endloop
  endfacet
  facet normal -0.574634 0.525469 -0.627438
    outer loop
      vertex -0.0507173 -0.0495483 -0.0604425
      vertex -0.0155563 0.0424991 -0.0155563
      vertex -0.0141411 0.0424991 -0.0168524
    endloop
  endfacet
  facet normal -0.574631 0.525469 -0.62744
    outer loop
      vertex -0.0155563 0.0424991 -0.0155563
      vertex -0.0507173 -0.0495483 -0.0604425
      vertex -0.0509475 -0.0495463 -0.06023
    endloop
  endfacet
  facet normal 0.0371997 0.525464 -0.850002
    outer loop
      vertex 0.00656363 -0.0495457 -0.0786133
      vertex 0.00191689 0.0424991 -0.0219154
      vertex 0.00687663 -0.0495478 -0.0786009
    endloop
  endfacet
  facet normal 0.0372478 0.525465 -0.85
    outer loop
      vertex 0.00191689 0.0424991 -0.0219154
      vertex 0.00656363 -0.0495457 -0.0786133
      vertex 0 0.0424991 -0.0219994
    endloop
  endfacet
  facet normal 0.627438 0.525469 -0.574634
    outer loop
      vertex 0.0604425 -0.0495483 -0.0507173
      vertex 0.0155563 0.0424991 -0.0155563
      vertex 0.0168524 0.0424991 -0.0141411
    endloop
  endfacet
  facet normal 0.62744 0.525469 -0.574631
    outer loop
      vertex 0.0155563 0.0424991 -0.0155563
      vertex 0.0604425 -0.0495483 -0.0507173
      vertex 0.06023 -0.0495463 -0.0509475
    endloop
  endfacet
  facet normal 0.717565 0.525458 -0.457159
    outer loop
      vertex 0.0190525 0.0424991 -0.0109997
      vertex 0.0670845 -0.0495276 -0.0413831
      vertex 0.0655114 -0.0494589 -0.0437733
    endloop
  endfacet
  facet normal 0.717571 0.525458 -0.457151
    outer loop
      vertex 0.0670845 -0.0495276 -0.0413831
      vertex 0.0190525 0.0424991 -0.0109997
      vertex 0.0683627 -0.0496075 -0.0394686
    endloop
  endfacet
  facet normal 0.717527 0.525459 -0.457217
    outer loop
      vertex 0.0649526 -0.0495276 -0.0447292
      vertex 0.0190525 0.0424991 -0.0109997
      vertex 0.0655114 -0.0494589 -0.0437733
    endloop
  endfacet
  facet normal 0.71757 0.525457 -0.457153
    outer loop
      vertex 0.0190525 0.0424991 -0.0109997
      vertex 0.0649526 -0.0495276 -0.0447292
      vertex 0.0648037 -0.0495549 -0.0449943
    endloop
  endfacet
  facet normal 0.457355 0.525466 -0.717434
    outer loop
      vertex 0.0449943 -0.0495549 -0.0648037
      vertex 0.0126181 0.0424991 -0.0180206
      vertex 0.0452682 -0.0495829 -0.0646496
    endloop
  endfacet
  facet normal 0.457415 0.525467 -0.717395
    outer loop
      vertex 0.0126181 0.0424991 -0.0180206
      vertex 0.0449943 -0.0495549 -0.0648037
      vertex 0.0109997 0.0424991 -0.0190525
    endloop
  endfacet
  facet normal 0.517828 0.525464 -0.675087
    outer loop
      vertex 0.0452682 -0.0495829 -0.0646496
      vertex 0.0141411 0.0424991 -0.0168524
      vertex 0.0455141 -0.0495765 -0.064456
    endloop
  endfacet
  facet normal 0.517821 0.525464 -0.675092
    outer loop
      vertex 0.0141411 0.0424991 -0.0168524
      vertex 0.0452682 -0.0495829 -0.0646496
      vertex 0.0126181 0.0424991 -0.0180206
    endloop
  endfacet
  facet normal 0.392878 0.525458 -0.754679
    outer loop
      vertex 0.0385127 -0.0495276 -0.0688047
      vertex 0.0109997 0.0424991 -0.0190525
      vertex 0.0394686 -0.0496075 -0.0683627
    endloop
  endfacet
  facet normal 0.392851 0.525458 -0.754694
    outer loop
      vertex 0.0372941 -0.0494566 -0.0693896
      vertex 0.0109997 0.0424991 -0.0190525
      vertex 0.0385127 -0.0495276 -0.0688047
    endloop
  endfacet
  facet normal 0.392739 0.525458 -0.754752
    outer loop
      vertex 0.0371313 -0.0494471 -0.0694677
      vertex 0.0109997 0.0424991 -0.0190525
      vertex 0.0372941 -0.0494566 -0.0693896
    endloop
  endfacet
  facet normal 0.392921 0.525458 -0.754657
    outer loop
      vertex 0.0369661 -0.0494534 -0.0695581
      vertex 0.0109997 0.0424991 -0.0190525
      vertex 0.0371313 -0.0494471 -0.0694677
    endloop
  endfacet
  facet normal 0.392855 0.525458 -0.754691
    outer loop
      vertex 0.0350227 -0.0495276 -0.0706214
      vertex 0.0109997 0.0424991 -0.0190525
      vertex 0.0369661 -0.0494534 -0.0695581
    endloop
  endfacet
  facet normal 0.392804 0.525459 -0.754717
    outer loop
      vertex 0.0109997 0.0424991 -0.0190525
      vertex 0.0350227 -0.0495276 -0.0706214
      vertex 0.0336369 -0.0496045 -0.0713962
    endloop
  endfacet
  facet normal 0.627197 0.525457 -0.574907
    outer loop
      vertex 0.0155563 0.0424991 -0.0155563
      vertex 0.0584118 -0.0495276 -0.052914
      vertex 0.0557743 -0.0495089 -0.0557743
    endloop
  endfacet
  facet normal 0.6272 0.525457 -0.574904
    outer loop
      vertex 0.0584118 -0.0495276 -0.052914
      vertex 0.0155563 0.0424991 -0.0155563
      vertex 0.06023 -0.0495463 -0.0509475
    endloop
  endfacet
  facet normal 0.574907 0.525457 -0.627197
    outer loop
      vertex 0.052914 -0.0495276 -0.0584118
      vertex 0.0155563 0.0424991 -0.0155563
      vertex 0.0557743 -0.0495089 -0.0557743
    endloop
  endfacet
  facet normal 0.574904 0.525457 -0.6272
    outer loop
      vertex 0.0155563 0.0424991 -0.0155563
      vertex 0.052914 -0.0495276 -0.0584118
      vertex 0.0509475 -0.0495463 -0.06023
    endloop
  endfacet
  facet normal 0.78612 0.525466 -0.325425
    outer loop
      vertex 0.0741847 -0.0496196 -0.027001
      vertex 0.0199385 0.0424991 -0.00929737
      vertex 0.0206728 0.0424991 -0.00752354
    endloop
  endfacet
  facet normal 0.786194 0.525473 -0.325233
    outer loop
      vertex 0.0199385 0.0424991 -0.00929737
      vertex 0.0741847 -0.0496196 -0.027001
      vertex 0.074054 -0.0496002 -0.0272856
    endloop
  endfacet
  facet normal 0.843573 0.525468 -0.110757
    outer loop
      vertex 0.078563 -0.0495276 -0.00706961
      vertex 0.0216656 0.0424991 -0.00381947
      vertex 0.0219154 0.0424991 -0.00191689
    endloop
  endfacet
  facet normal 0.843595 0.525475 -0.110565
    outer loop
      vertex 0.0216656 0.0424991 -0.00381947
      vertex 0.078563 -0.0495276 -0.00706961
      vertex 0.0785425 -0.0495192 -0.0071861
    endloop
  endfacet
  facet normal 0.843584 0.52547 -0.110671
    outer loop
      vertex 0.078563 -0.0495276 -0.00706961
      vertex 0.0219154 0.0424991 -0.00191689
      vertex 0.0786009 -0.0495478 -0.00687663
    endloop
  endfacet
  facet normal -0.830658 0.525462 0.184115
    outer loop
      vertex -0.0216656 0.0424991 0.00381947
      vertex -0.0773149 -0.0494688 0.0152259
      vertex -0.0772769 -0.0494595 0.0153708
    endloop
  endfacet
  facet normal -0.830646 0.525461 0.184168
    outer loop
      vertex -0.0216656 0.0424991 0.00381947
      vertex -0.0775553 -0.0495276 0.0143094
      vertex -0.0773149 -0.0494688 0.0152259
    endloop
  endfacet
  facet normal -0.830644 0.525461 0.184175
    outer loop
      vertex -0.0775553 -0.0495276 0.0143094
      vertex -0.0216656 0.0424991 0.00381947
      vertex -0.0777251 -0.049584 0.0137045
    endloop
  endfacet
  facet normal -0.83063 0.525461 0.184241
    outer loop
      vertex -0.0772439 -0.0494634 0.0155307
      vertex -0.0216656 0.0424991 0.00381947
      vertex -0.0772769 -0.0494595 0.0153708
    endloop
  endfacet
  facet normal -0.830653 0.525461 0.184137
    outer loop
      vertex -0.0767013 -0.0495276 0.0181616
      vertex -0.0216656 0.0424991 0.00381947
      vertex -0.0772439 -0.0494634 0.0155307
    endloop
  endfacet
  facet normal -0.830655 0.525461 0.184128
    outer loop
      vertex -0.0216656 0.0424991 0.00381947
      vertex -0.0767013 -0.0495276 0.0181616
      vertex -0.0763101 -0.0495968 0.0201239
    endloop
  endfacet
  facet normal -0.843542 0.525459 0.11104
    outer loop
      vertex -0.0216656 0.0424991 0.00381947
      vertex -0.0785425 -0.0495192 0.0071861
      vertex -0.078447 -0.04948 0.00772609
    endloop
  endfacet
  facet normal -0.843546 0.52546 0.111007
    outer loop
      vertex -0.0780442 -0.0495276 0.0110123
      vertex -0.0216656 0.0424991 0.00381947
      vertex -0.078447 -0.04948 0.00772609
    endloop
  endfacet
  facet normal -0.843547 0.52546 0.110992
    outer loop
      vertex -0.0216656 0.0424991 0.00381947
      vertex -0.0780442 -0.0495276 0.0110123
      vertex -0.0777251 -0.049584 0.0137045
    endloop
  endfacet
  facet normal -0.717565 0.525458 0.457159
    outer loop
      vertex -0.0190525 0.0424991 0.0109997
      vertex -0.0670845 -0.0495276 0.0413831
      vertex -0.0655114 -0.0494589 0.0437733
    endloop
  endfacet
  facet normal -0.717571 0.525458 0.457151
    outer loop
      vertex -0.0670845 -0.0495276 0.0413831
      vertex -0.0190525 0.0424991 0.0109997
      vertex -0.0683627 -0.0496075 0.0394686
    endloop
  endfacet
  facet normal -0.717527 0.525459 0.457217
    outer loop
      vertex -0.0649526 -0.0495276 0.0447292
      vertex -0.0190525 0.0424991 0.0109997
      vertex -0.0655114 -0.0494589 0.0437733
    endloop
  endfacet
  facet normal -0.71757 0.525457 0.457153
    outer loop
      vertex -0.0190525 0.0424991 0.0109997
      vertex -0.0649526 -0.0495276 0.0447292
      vertex -0.0648037 -0.0495549 0.0449943
    endloop
  endfacet
  facet normal -0.830614 0.525467 0.184298
    outer loop
      vertex -0.0763101 -0.0495968 0.0201239
      vertex -0.0212498 0.0424991 0.00569344
      vertex -0.0216656 0.0424991 0.00381947
    endloop
  endfacet
  facet normal -0.830565 0.52547 0.184508
    outer loop
      vertex -0.0212498 0.0424991 0.00569344
      vertex -0.0763101 -0.0495968 0.0201239
      vertex -0.0762488 -0.0496076 0.0204306
    endloop
  endfacet
  facet normal -0.811413 0.525461 0.255928
    outer loop
      vertex -0.0206728 0.0424991 0.00752354
      vertex -0.0758856 -0.0495276 0.0214184
      vertex -0.0753771 -0.049447 0.0228651
    endloop
  endfacet
  facet normal -0.811454 0.525465 0.255789
    outer loop
      vertex -0.0758856 -0.0495276 0.0214184
      vertex -0.0206728 0.0424991 0.00752354
      vertex -0.0761406 -0.0495838 0.0207249
    endloop
  endfacet
  facet normal -0.811504 0.525466 0.25563
    outer loop
      vertex -0.0753241 -0.0494533 0.0230463
      vertex -0.0206728 0.0424991 0.00752354
      vertex -0.0753771 -0.049447 0.0228651
    endloop
  endfacet
  facet normal -0.811439 0.525463 0.255844
    outer loop
      vertex -0.0747012 -0.0495276 0.0251745
      vertex -0.0206728 0.0424991 0.00752354
      vertex -0.0753241 -0.0494533 0.0230463
    endloop
  endfacet
  facet normal -0.811414 0.525463 0.25592
    outer loop
      vertex -0.0206728 0.0424991 0.00752354
      vertex -0.0747012 -0.0495276 0.0251745
      vertex -0.0741847 -0.0496196 0.027001
    endloop
  endfacet
  facet normal -0.786194 0.525473 -0.325233
    outer loop
      vertex -0.0741847 -0.0496196 -0.027001
      vertex -0.0199385 0.0424991 -0.00929737
      vertex -0.074054 -0.0496002 -0.0272856
    endloop
  endfacet
  facet normal -0.78612 0.525466 -0.325425
    outer loop
      vertex -0.0199385 0.0424991 -0.00929737
      vertex -0.0741847 -0.0496196 -0.027001
      vertex -0.0206728 0.0424991 -0.00752354
    endloop
  endfacet
  facet normal -0.843546 0.52546 -0.111007
    outer loop
      vertex -0.0216656 0.0424991 -0.00381947
      vertex -0.0780442 -0.0495276 -0.0110123
      vertex -0.078447 -0.04948 -0.00772609
    endloop
  endfacet
  facet normal -0.843547 0.52546 -0.110992
    outer loop
      vertex -0.0780442 -0.0495276 -0.0110123
      vertex -0.0216656 0.0424991 -0.00381947
      vertex -0.0777251 -0.049584 -0.0137045
    endloop
  endfacet
  facet normal -0.843542 0.525459 -0.11104
    outer loop
      vertex -0.0216656 0.0424991 -0.00381947
      vertex -0.078447 -0.04948 -0.00772609
      vertex -0.0785425 -0.0495192 -0.0071861
    endloop
  endfacet
  facet normal -0.811504 0.525466 -0.25563
    outer loop
      vertex -0.0206728 0.0424991 -0.00752354
      vertex -0.0753241 -0.0494533 -0.0230463
      vertex -0.0753771 -0.049447 -0.0228651
    endloop
  endfacet
  facet normal -0.811439 0.525463 -0.255844
    outer loop
      vertex -0.0206728 0.0424991 -0.00752354
      vertex -0.0747012 -0.0495276 -0.0251745
      vertex -0.0753241 -0.0494533 -0.0230463
    endloop
  endfacet
  facet normal -0.811414 0.525463 -0.25592
    outer loop
      vertex -0.0747012 -0.0495276 -0.0251745
      vertex -0.0206728 0.0424991 -0.00752354
      vertex -0.0741847 -0.0496196 -0.027001
    endloop
  endfacet
  facet normal -0.811413 0.525461 -0.255928
    outer loop
      vertex -0.0758856 -0.0495276 -0.0214184
      vertex -0.0206728 0.0424991 -0.00752354
      vertex -0.0753771 -0.049447 -0.0228651
    endloop
  endfacet
  facet normal -0.811454 0.525465 -0.255789
    outer loop
      vertex -0.0206728 0.0424991 -0.00752354
      vertex -0.0758856 -0.0495276 -0.0214184
      vertex -0.0761406 -0.0495838 -0.0207249
    endloop
  endfacet
  facet normal -0.850013 0.525462 -0.0369915
    outer loop
      vertex -0.0219994 0.0424991 0
      vertex -0.0788746 -0.0495084 -4.87982e-05
      vertex -0.0788766 -0.0495082 0
    endloop
  endfacet
  facet normal -0.850009 0.52546 -0.0370912
    outer loop
      vertex -0.0219994 0.0424991 0
      vertex -0.0787142 -0.0495276 -0.00399664
      vertex -0.0788746 -0.0495084 -4.87982e-05
    endloop
  endfacet
  facet normal -0.850008 0.52546 -0.0371161
    outer loop
      vertex -0.0787142 -0.0495276 -0.00399664
      vertex -0.0219994 0.0424991 0
      vertex -0.0786133 -0.0495457 -0.00656363
    endloop
  endfacet
  facet normal -0.674973 0.525464 0.517976
    outer loop
      vertex -0.0168524 0.0424991 0.0141411
      vertex -0.0610061 -0.0494816 0.0499149
      vertex -0.0609341 -0.04948 0.0500071
    endloop
  endfacet
  facet normal -0.675052 0.525462 0.517875
    outer loop
      vertex -0.0168524 0.0424991 0.0141411
      vertex -0.0629915 -0.0495276 0.0473736
      vertex -0.0610061 -0.0494816 0.0499149
    endloop
  endfacet
  facet normal -0.67507 0.525463 0.517851
    outer loop
      vertex -0.0629915 -0.0495276 0.0473736
      vertex -0.0168524 0.0424991 0.0141411
      vertex -0.064456 -0.0495765 0.0455141
    endloop
  endfacet
  facet normal -0.675198 0.525459 0.517687
    outer loop
      vertex -0.0608753 -0.0494873 0.0500912
      vertex -0.0168524 0.0424991 0.0141411
      vertex -0.0609341 -0.04948 0.0500071
    endloop
  endfacet
  facet normal -0.675058 0.525462 0.517866
    outer loop
      vertex -0.0605534 -0.0495276 0.0505517
      vertex -0.0168524 0.0424991 0.0141411
      vertex -0.0608753 -0.0494873 0.0500912
    endloop
  endfacet
  facet normal -0.675113 0.525461 0.517796
    outer loop
      vertex -0.0168524 0.0424991 0.0141411
      vertex -0.0605534 -0.0495276 0.0505517
      vertex -0.0604425 -0.0495483 0.0507173
    endloop
  endfacet
  facet normal -0.627438 0.525469 0.574634
    outer loop
      vertex -0.0604425 -0.0495483 0.0507173
      vertex -0.0155563 0.0424991 0.0155563
      vertex -0.0168524 0.0424991 0.0141411
    endloop
  endfacet
  facet normal -0.62744 0.525469 0.574631
    outer loop
      vertex -0.0155563 0.0424991 0.0155563
      vertex -0.0604425 -0.0495483 0.0507173
      vertex -0.06023 -0.0495463 0.0509475
    endloop
  endfacet
  facet normal -0.517851 0.525463 0.67507
    outer loop
      vertex -0.0141411 0.0424991 0.0168524
      vertex -0.0473736 -0.0495276 0.0629915
      vertex -0.0455141 -0.0495765 0.064456
    endloop
  endfacet
  facet normal -0.517875 0.525462 0.675052
    outer loop
      vertex -0.0141411 0.0424991 0.0168524
      vertex -0.0499149 -0.0494816 0.0610061
      vertex -0.0473736 -0.0495276 0.0629915
    endloop
  endfacet
  facet normal -0.517976 0.525464 0.674973
    outer loop
      vertex -0.0141411 0.0424991 0.0168524
      vertex -0.0500071 -0.04948 0.0609341
      vertex -0.0499149 -0.0494816 0.0610061
    endloop
  endfacet
  facet normal -0.517687 0.525459 0.675198
    outer loop
      vertex -0.0141411 0.0424991 0.0168524
      vertex -0.0500912 -0.0494873 0.0608753
      vertex -0.0500071 -0.04948 0.0609341
    endloop
  endfacet
  facet normal -0.517866 0.525462 0.675058
    outer loop
      vertex -0.0141411 0.0424991 0.0168524
      vertex -0.0505517 -0.0495276 0.0605534
      vertex -0.0500912 -0.0494873 0.0608753
    endloop
  endfacet
  facet normal -0.517796 0.525461 0.675113
    outer loop
      vertex -0.0505517 -0.0495276 0.0605534
      vertex -0.0141411 0.0424991 0.0168524
      vertex -0.0507173 -0.0495483 0.0604425
    endloop
  endfacet
  facet normal -0.574904 0.525457 0.6272
    outer loop
      vertex -0.0155563 0.0424991 0.0155563
      vertex -0.052914 -0.0495276 0.0584118
      vertex -0.0509475 -0.0495463 0.06023
    endloop
  endfacet
  facet normal -0.574907 0.525457 0.627197
    outer loop
      vertex -0.052914 -0.0495276 0.0584118
      vertex -0.0155563 0.0424991 0.0155563
      vertex -0.0557743 -0.0495089 0.0557743
    endloop
  endfacet
  facet normal 0.0371997 0.525464 0.850002
    outer loop
      vertex 0.00191689 0.0424991 0.0219154
      vertex 0.00656363 -0.0495457 0.0786133
      vertex 0.00687663 -0.0495478 0.0786009
    endloop
  endfacet
  facet normal 0.0372478 0.525465 0.85
    outer loop
      vertex 0.00656363 -0.0495457 0.0786133
      vertex 0.00191689 0.0424991 0.0219154
      vertex 0 0.0424991 0.0219994
    endloop
  endfacet
  facet normal 0.0371161 0.52546 0.850008
    outer loop
      vertex 0 0.0424991 0.0219994
      vertex 0.00399664 -0.0495276 0.0787142
      vertex 0.00656363 -0.0495457 0.0786133
    endloop
  endfacet
  facet normal 0.0370912 0.52546 0.850009
    outer loop
      vertex 0 0.0424991 0.0219994
      vertex 4.87982e-05 -0.0495084 0.0788746
      vertex 0.00399664 -0.0495276 0.0787142
    endloop
  endfacet
  facet normal 0.0369915 0.525462 0.850013
    outer loop
      vertex 4.87982e-05 -0.0495084 0.0788746
      vertex 0 0.0424991 0.0219994
      vertex 0 -0.0495082 0.0788766
    endloop
  endfacet
  facet normal 0.11104 0.525459 0.843542
    outer loop
      vertex 0.00772609 -0.04948 0.078447
      vertex 0.00381947 0.0424991 0.0216656
      vertex 0.0071861 -0.0495192 0.0785425
    endloop
  endfacet
  facet normal 0.111007 0.52546 0.843546
    outer loop
      vertex 0.0110123 -0.0495276 0.0780442
      vertex 0.00381947 0.0424991 0.0216656
      vertex 0.00772609 -0.04948 0.078447
    endloop
  endfacet
  facet normal 0.110992 0.52546 0.843547
    outer loop
      vertex 0.00381947 0.0424991 0.0216656
      vertex 0.0110123 -0.0495276 0.0780442
      vertex 0.0137045 -0.049584 0.0777251
    endloop
  endfacet
  facet normal 0.457355 0.525466 0.717434
    outer loop
      vertex 0.0126181 0.0424991 0.0180206
      vertex 0.0449943 -0.0495549 0.0648037
      vertex 0.0452682 -0.0495829 0.0646496
    endloop
  endfacet
  facet normal 0.457415 0.525467 0.717395
    outer loop
      vertex 0.0449943 -0.0495549 0.0648037
      vertex 0.0126181 0.0424991 0.0180206
      vertex 0.0109997 0.0424991 0.0190525
    endloop
  endfacet
  facet normal 0.517828 0.525464 0.675087
    outer loop
      vertex 0.0141411 0.0424991 0.0168524
      vertex 0.0452682 -0.0495829 0.0646496
      vertex 0.0455141 -0.0495765 0.064456
    endloop
  endfacet
  facet normal 0.517821 0.525464 0.675092
    outer loop
      vertex 0.0452682 -0.0495829 0.0646496
      vertex 0.0141411 0.0424991 0.0168524
      vertex 0.0126181 0.0424991 0.0180206
    endloop
  endfacet
  facet normal -0.392803 0.525459 0.754718
    outer loop
      vertex -0.0109997 0.0424991 0.0190525
      vertex -0.0333639 -0.0496196 0.0715488
      vertex -0.00929737 0.0424991 0.0199385
    endloop
  endfacet
  facet normal -0.392804 0.525459 0.754717
    outer loop
      vertex -0.0333639 -0.0496196 0.0715488
      vertex -0.0109997 0.0424991 0.0190525
      vertex -0.0336369 -0.0496045 0.0713962
    endloop
  endfacet
  facet normal -0.255789 0.525465 0.811454
    outer loop
      vertex -0.00752354 0.0424991 0.0206728
      vertex -0.0214184 -0.0495276 0.0758856
      vertex -0.0207249 -0.0495838 0.0761406
    endloop
  endfacet
  facet normal -0.255928 0.525461 0.811413
    outer loop
      vertex -0.00752354 0.0424991 0.0206728
      vertex -0.0228651 -0.049447 0.0753771
      vertex -0.0214184 -0.0495276 0.0758856
    endloop
  endfacet
  facet normal -0.25563 0.525466 0.811504
    outer loop
      vertex -0.00752354 0.0424991 0.0206728
      vertex -0.0230463 -0.0494533 0.0753241
      vertex -0.0228651 -0.049447 0.0753771
    endloop
  endfacet
  facet normal -0.255844 0.525463 0.811439
    outer loop
      vertex -0.00752354 0.0424991 0.0206728
      vertex -0.0251745 -0.0495276 0.0747012
      vertex -0.0230463 -0.0494533 0.0753241
    endloop
  endfacet
  facet normal -0.25592 0.525463 0.811414
    outer loop
      vertex -0.0251745 -0.0495276 0.0747012
      vertex -0.00752354 0.0424991 0.0206728
      vertex -0.027001 -0.0496196 0.0741847
    endloop
  endfacet
  facet normal 0.717395 0.525467 0.457415
    outer loop
      vertex 0.0180206 0.0424991 0.0126181
      vertex 0.0648037 -0.0495549 0.0449943
      vertex 0.0190525 0.0424991 0.0109997
    endloop
  endfacet
  facet normal 0.717434 0.525466 0.457355
    outer loop
      vertex 0.0648037 -0.0495549 0.0449943
      vertex 0.0180206 0.0424991 0.0126181
      vertex 0.0646496 -0.0495829 0.0452682
    endloop
  endfacet
  facet normal 0.675198 0.525459 0.517687
    outer loop
      vertex 0.0168524 0.0424991 0.0141411
      vertex 0.0608753 -0.0494873 0.0500912
      vertex 0.0609341 -0.04948 0.0500071
    endloop
  endfacet
  facet normal 0.675058 0.525462 0.517866
    outer loop
      vertex 0.0168524 0.0424991 0.0141411
      vertex 0.0605534 -0.0495276 0.0505517
      vertex 0.0608753 -0.0494873 0.0500912
    endloop
  endfacet
  facet normal 0.675113 0.525461 0.517796
    outer loop
      vertex 0.0605534 -0.0495276 0.0505517
      vertex 0.0168524 0.0424991 0.0141411
      vertex 0.0604425 -0.0495483 0.0507173
    endloop
  endfacet
  facet normal 0.674973 0.525464 0.517976
    outer loop
      vertex 0.0610061 -0.0494816 0.0499149
      vertex 0.0168524 0.0424991 0.0141411
      vertex 0.0609341 -0.04948 0.0500071
    endloop
  endfacet
  facet normal 0.675052 0.525462 0.517875
    outer loop
      vertex 0.0629915 -0.0495276 0.0473736
      vertex 0.0168524 0.0424991 0.0141411
      vertex 0.0610061 -0.0494816 0.0499149
    endloop
  endfacet
  facet normal 0.67507 0.525463 0.517851
    outer loop
      vertex 0.0168524 0.0424991 0.0141411
      vertex 0.0629915 -0.0495276 0.0473736
      vertex 0.064456 -0.0495765 0.0455141
    endloop
  endfacet
  facet normal 0.627197 0.525457 0.574907
    outer loop
      vertex 0.0584118 -0.0495276 0.052914
      vertex 0.0155563 0.0424991 0.0155563
      vertex 0.0557743 -0.0495089 0.0557743
    endloop
  endfacet
  facet normal 0.6272 0.525457 0.574904
    outer loop
      vertex 0.0155563 0.0424991 0.0155563
      vertex 0.0584118 -0.0495276 0.052914
      vertex 0.06023 -0.0495463 0.0509475
    endloop
  endfacet
  facet normal 0.786194 0.525473 0.325233
    outer loop
      vertex 0.0741847 -0.0496196 0.027001
      vertex 0.0199385 0.0424991 0.00929737
      vertex 0.074054 -0.0496002 0.0272856
    endloop
  endfacet
  facet normal 0.78612 0.525466 0.325425
    outer loop
      vertex 0.0199385 0.0424991 0.00929737
      vertex 0.0741847 -0.0496196 0.027001
      vertex 0.0206728 0.0424991 0.00752354
    endloop
  endfacet
  facet normal 0.850013 0.525462 0.0369915
    outer loop
      vertex 0.0219994 0.0424991 0
      vertex 0.0788746 -0.0495084 4.87982e-05
      vertex 0.0788766 -0.0495082 0
    endloop
  endfacet
  facet normal 0.850009 0.52546 0.0370912
    outer loop
      vertex 0.0219994 0.0424991 0
      vertex 0.0787142 -0.0495276 0.00399664
      vertex 0.0788746 -0.0495084 4.87982e-05
    endloop
  endfacet
  facet normal 0.850008 0.52546 0.0371161
    outer loop
      vertex 0.0787142 -0.0495276 0.00399664
      vertex 0.0219994 0.0424991 0
      vertex 0.0786133 -0.0495457 0.00656363
    endloop
  endfacet
  facet normal -0.325425 0.525466 -0.78612
    outer loop
      vertex -0.027001 -0.0496196 -0.0741847
      vertex -0.00929737 0.0424991 -0.0199385
      vertex -0.00752354 0.0424991 -0.0206728
    endloop
  endfacet
  facet normal -0.325233 0.525473 -0.786194
    outer loop
      vertex -0.00929737 0.0424991 -0.0199385
      vertex -0.027001 -0.0496196 -0.0741847
      vertex -0.0272856 -0.0496002 -0.074054
    endloop
  endfacet
  facet normal -0.517821 0.525464 -0.675092
    outer loop
      vertex -0.0452682 -0.0495829 -0.0646496
      vertex -0.0141411 0.0424991 -0.0168524
      vertex -0.0126181 0.0424991 -0.0180206
    endloop
  endfacet
  facet normal -0.517828 0.525464 -0.675087
    outer loop
      vertex -0.0141411 0.0424991 -0.0168524
      vertex -0.0452682 -0.0495829 -0.0646496
      vertex -0.0455141 -0.0495765 -0.064456
    endloop
  endfacet
  facet normal 0.0371161 0.52546 -0.850008
    outer loop
      vertex 0.00399664 -0.0495276 -0.0787142
      vertex 0 0.0424991 -0.0219994
      vertex 0.00656363 -0.0495457 -0.0786133
    endloop
  endfacet
  facet normal 0.0370912 0.52546 -0.850009
    outer loop
      vertex 4.87982e-05 -0.0495084 -0.0788746
      vertex 0 0.0424991 -0.0219994
      vertex 0.00399664 -0.0495276 -0.0787142
    endloop
  endfacet
  facet normal 0.0369915 0.525462 -0.850013
    outer loop
      vertex 0 0.0424991 -0.0219994
      vertex 4.87982e-05 -0.0495084 -0.0788746
      vertex 0 -0.0495082 -0.0788766
    endloop
  endfacet
  facet normal -0.0369915 0.525462 -0.850013
    outer loop
      vertex -4.87982e-05 -0.0495084 -0.0788746
      vertex 0 0.0424991 -0.0219994
      vertex 0 -0.0495082 -0.0788766
    endloop
  endfacet
  facet normal -0.0370912 0.52546 -0.850009
    outer loop
      vertex -0.00399664 -0.0495276 -0.0787142
      vertex 0 0.0424991 -0.0219994
      vertex -4.87982e-05 -0.0495084 -0.0788746
    endloop
  endfacet
  facet normal -0.0371161 0.52546 -0.850008
    outer loop
      vertex 0 0.0424991 -0.0219994
      vertex -0.00399664 -0.0495276 -0.0787142
      vertex -0.00656363 -0.0495457 -0.0786133
    endloop
  endfacet
  facet normal 0.184508 0.52547 -0.830565
    outer loop
      vertex 0.0201239 -0.0495968 -0.0763101
      vertex 0.00569344 0.0424991 -0.0212498
      vertex 0.0204306 -0.0496076 -0.0762488
    endloop
  endfacet
  facet normal 0.184298 0.525467 -0.830614
    outer loop
      vertex 0.00569344 0.0424991 -0.0212498
      vertex 0.0201239 -0.0495968 -0.0763101
      vertex 0.00381947 0.0424991 -0.0216656
    endloop
  endfacet
  facet normal 0.110992 0.52546 -0.843547
    outer loop
      vertex 0.0110123 -0.0495276 -0.0780442
      vertex 0.00381947 0.0424991 -0.0216656
      vertex 0.0137045 -0.049584 -0.0777251
    endloop
  endfacet
  facet normal 0.111007 0.52546 -0.843546
    outer loop
      vertex 0.00772609 -0.04948 -0.078447
      vertex 0.00381947 0.0424991 -0.0216656
      vertex 0.0110123 -0.0495276 -0.0780442
    endloop
  endfacet
  facet normal 0.11104 0.525459 -0.843542
    outer loop
      vertex 0.00381947 0.0424991 -0.0216656
      vertex 0.00772609 -0.04948 -0.078447
      vertex 0.0071861 -0.0495192 -0.0785425
    endloop
  endfacet
  facet normal 0.184128 0.525461 -0.830655
    outer loop
      vertex 0.0181616 -0.0495276 -0.0767013
      vertex 0.00381947 0.0424991 -0.0216656
      vertex 0.0201239 -0.0495968 -0.0763101
    endloop
  endfacet
  facet normal 0.184137 0.525461 -0.830653
    outer loop
      vertex 0.0155307 -0.0494634 -0.0772439
      vertex 0.00381947 0.0424991 -0.0216656
      vertex 0.0181616 -0.0495276 -0.0767013
    endloop
  endfacet
  facet normal 0.184241 0.525461 -0.83063
    outer loop
      vertex 0.0153708 -0.0494595 -0.0772769
      vertex 0.00381947 0.0424991 -0.0216656
      vertex 0.0155307 -0.0494634 -0.0772439
    endloop
  endfacet
  facet normal 0.184115 0.525462 -0.830658
    outer loop
      vertex 0.0152259 -0.0494688 -0.0773149
      vertex 0.00381947 0.0424991 -0.0216656
      vertex 0.0153708 -0.0494595 -0.0772769
    endloop
  endfacet
  facet normal 0.184168 0.525461 -0.830646
    outer loop
      vertex 0.0143094 -0.0495276 -0.0775553
      vertex 0.00381947 0.0424991 -0.0216656
      vertex 0.0152259 -0.0494688 -0.0773149
    endloop
  endfacet
  facet normal 0.184175 0.525461 -0.830644
    outer loop
      vertex 0.00381947 0.0424991 -0.0216656
      vertex 0.0143094 -0.0495276 -0.0775553
      vertex 0.0137045 -0.049584 -0.0777251
    endloop
  endfacet
  facet normal 0.754718 0.525459 -0.392803
    outer loop
      vertex 0.0715488 -0.0496196 -0.0333639
      vertex 0.0190525 0.0424991 -0.0109997
      vertex 0.0199385 0.0424991 -0.00929737
    endloop
  endfacet
  facet normal 0.754717 0.525459 -0.392804
    outer loop
      vertex 0.0190525 0.0424991 -0.0109997
      vertex 0.0715488 -0.0496196 -0.0333639
      vertex 0.0713962 -0.0496045 -0.0336369
    endloop
  endfacet
  facet normal 0.392804 0.525459 -0.754717
    outer loop
      vertex 0.0333639 -0.0496196 -0.0715488
      vertex 0.0109997 0.0424991 -0.0190525
      vertex 0.0336369 -0.0496045 -0.0713962
    endloop
  endfacet
  facet normal 0.392803 0.525459 -0.754718
    outer loop
      vertex 0.0109997 0.0424991 -0.0190525
      vertex 0.0333639 -0.0496196 -0.0715488
      vertex 0.00929737 0.0424991 -0.0199385
    endloop
  endfacet
  facet normal 0.574631 0.525469 -0.62744
    outer loop
      vertex 0.0507173 -0.0495483 -0.0604425
      vertex 0.0155563 0.0424991 -0.0155563
      vertex 0.0509475 -0.0495463 -0.06023
    endloop
  endfacet
  facet normal 0.574634 0.525469 -0.627438
    outer loop
      vertex 0.0155563 0.0424991 -0.0155563
      vertex 0.0507173 -0.0495483 -0.0604425
      vertex 0.0141411 0.0424991 -0.0168524
    endloop
  endfacet
  facet normal 0.786031 0.525458 -0.325652
    outer loop
      vertex 0.0199385 0.0424991 -0.00929737
      vertex 0.073566 -0.0495276 -0.0283464
      vertex 0.0727663 -0.0494431 -0.0301403
    endloop
  endfacet
  facet normal 0.786036 0.525459 -0.325638
    outer loop
      vertex 0.073566 -0.0495276 -0.0283464
      vertex 0.0199385 0.0424991 -0.00929737
      vertex 0.074054 -0.0496002 -0.0272856
    endloop
  endfacet
  facet normal 0.786039 0.525459 -0.32563
    outer loop
      vertex 0.0720624 -0.0495276 -0.0319758
      vertex 0.0199385 0.0424991 -0.00929737
      vertex 0.0727663 -0.0494431 -0.0301403
    endloop
  endfacet
  facet normal 0.786028 0.525459 -0.325658
    outer loop
      vertex 0.0199385 0.0424991 -0.00929737
      vertex 0.0720624 -0.0495276 -0.0319758
      vertex 0.0715488 -0.0496196 -0.0333639
    endloop
  endfacet
  facet normal 0.811441 0.525464 -0.255834
    outer loop
      vertex 0.0762488 -0.0496076 -0.0204306
      vertex 0.0206728 0.0424991 -0.00752354
      vertex 0.0212498 0.0424991 -0.00569344
    endloop
  endfacet
  facet normal 0.811441 0.525464 -0.255834
    outer loop
      vertex 0.0206728 0.0424991 -0.00752354
      vertex 0.0762488 -0.0496076 -0.0204306
      vertex 0.0761406 -0.0495838 -0.0207249
    endloop
  endfacet
  facet normal 0.85 0.525465 -0.0372478
    outer loop
      vertex 0.0786133 -0.0495457 -0.00656363
      vertex 0.0219154 0.0424991 -0.00191689
      vertex 0.0219994 0.0424991 0
    endloop
  endfacet
  facet normal 0.850002 0.525464 -0.0371997
    outer loop
      vertex 0.0219154 0.0424991 -0.00191689
      vertex 0.0786133 -0.0495457 -0.00656363
      vertex 0.0786009 -0.0495478 -0.00687663
    endloop
  endfacet
  facet normal -0.786031 0.525458 0.325652
    outer loop
      vertex -0.0199385 0.0424991 0.00929737
      vertex -0.073566 -0.0495276 0.0283464
      vertex -0.0727663 -0.0494431 0.0301403
    endloop
  endfacet
  facet normal -0.786036 0.525459 0.325638
    outer loop
      vertex -0.073566 -0.0495276 0.0283464
      vertex -0.0199385 0.0424991 0.00929737
      vertex -0.074054 -0.0496002 0.0272856
    endloop
  endfacet
  facet normal -0.786039 0.525459 0.32563
    outer loop
      vertex -0.0720624 -0.0495276 0.0319758
      vertex -0.0199385 0.0424991 0.00929737
      vertex -0.0727663 -0.0494431 0.0301403
    endloop
  endfacet
  facet normal -0.786028 0.525459 0.325658
    outer loop
      vertex -0.0199385 0.0424991 0.00929737
      vertex -0.0720624 -0.0495276 0.0319758
      vertex -0.0715488 -0.0496196 0.0333639
    endloop
  endfacet
  facet normal -0.754718 0.525459 0.392803
    outer loop
      vertex -0.0715488 -0.0496196 0.0333639
      vertex -0.0190525 0.0424991 0.0109997
      vertex -0.0199385 0.0424991 0.00929737
    endloop
  endfacet
  facet normal -0.754717 0.525459 0.392804
    outer loop
      vertex -0.0190525 0.0424991 0.0109997
      vertex -0.0715488 -0.0496196 0.0333639
      vertex -0.0713962 -0.0496045 0.0336369
    endloop
  endfacet
  facet normal -0.811441 0.525464 0.255834
    outer loop
      vertex -0.0762488 -0.0496076 0.0204306
      vertex -0.0206728 0.0424991 0.00752354
      vertex -0.0212498 0.0424991 0.00569344
    endloop
  endfacet
  facet normal -0.811441 0.525464 0.255834
    outer loop
      vertex -0.0206728 0.0424991 0.00752354
      vertex -0.0762488 -0.0496076 0.0204306
      vertex -0.0761406 -0.0495838 0.0207249
    endloop
  endfacet
  facet normal -0.717395 0.525467 -0.457415
    outer loop
      vertex -0.0180206 0.0424991 -0.0126181
      vertex -0.0648037 -0.0495549 -0.0449943
      vertex -0.0190525 0.0424991 -0.0109997
    endloop
  endfacet
  facet normal -0.717434 0.525466 -0.457355
    outer loop
      vertex -0.0648037 -0.0495549 -0.0449943
      vertex -0.0180206 0.0424991 -0.0126181
      vertex -0.0646496 -0.0495829 -0.0452682
    endloop
  endfacet
  facet normal -0.754717 0.525459 -0.392804
    outer loop
      vertex -0.0715488 -0.0496196 -0.0333639
      vertex -0.0190525 0.0424991 -0.0109997
      vertex -0.0713962 -0.0496045 -0.0336369
    endloop
  endfacet
  facet normal -0.754718 0.525459 -0.392803
    outer loop
      vertex -0.0190525 0.0424991 -0.0109997
      vertex -0.0715488 -0.0496196 -0.0333639
      vertex -0.0199385 0.0424991 -0.00929737
    endloop
  endfacet
  facet normal -0.786039 0.525459 -0.32563
    outer loop
      vertex -0.0199385 0.0424991 -0.00929737
      vertex -0.0720624 -0.0495276 -0.0319758
      vertex -0.0727663 -0.0494431 -0.0301403
    endloop
  endfacet
  facet normal -0.786028 0.525459 -0.325658
    outer loop
      vertex -0.0720624 -0.0495276 -0.0319758
      vertex -0.0199385 0.0424991 -0.00929737
      vertex -0.0715488 -0.0496196 -0.0333639
    endloop
  endfacet
  facet normal -0.786031 0.525458 -0.325652
    outer loop
      vertex -0.073566 -0.0495276 -0.0283464
      vertex -0.0199385 0.0424991 -0.00929737
      vertex -0.0727663 -0.0494431 -0.0301403
    endloop
  endfacet
  facet normal -0.786036 0.525459 -0.325638
    outer loop
      vertex -0.0199385 0.0424991 -0.00929737
      vertex -0.073566 -0.0495276 -0.0283464
      vertex -0.074054 -0.0496002 -0.0272856
    endloop
  endfacet
  facet normal -0.83063 0.525461 -0.184241
    outer loop
      vertex -0.0216656 0.0424991 -0.00381947
      vertex -0.0772439 -0.0494634 -0.0155307
      vertex -0.0772769 -0.0494595 -0.0153708
    endloop
  endfacet
  facet normal -0.830653 0.525461 -0.184137
    outer loop
      vertex -0.0216656 0.0424991 -0.00381947
      vertex -0.0767013 -0.0495276 -0.0181616
      vertex -0.0772439 -0.0494634 -0.0155307
    endloop
  endfacet
  facet normal -0.830655 0.525461 -0.184128
    outer loop
      vertex -0.0767013 -0.0495276 -0.0181616
      vertex -0.0216656 0.0424991 -0.00381947
      vertex -0.0763101 -0.0495968 -0.0201239
    endloop
  endfacet
  facet normal -0.830658 0.525462 -0.184115
    outer loop
      vertex -0.0773149 -0.0494688 -0.0152259
      vertex -0.0216656 0.0424991 -0.00381947
      vertex -0.0772769 -0.0494595 -0.0153708
    endloop
  endfacet
  facet normal -0.830646 0.525461 -0.184168
    outer loop
      vertex -0.0775553 -0.0495276 -0.0143094
      vertex -0.0216656 0.0424991 -0.00381947
      vertex -0.0773149 -0.0494688 -0.0152259
    endloop
  endfacet
  facet normal -0.830644 0.525461 -0.184175
    outer loop
      vertex -0.0216656 0.0424991 -0.00381947
      vertex -0.0775553 -0.0495276 -0.0143094
      vertex -0.0777251 -0.049584 -0.0137045
    endloop
  endfacet
  facet normal -0.85 0.525465 0.0372478
    outer loop
      vertex -0.0786133 -0.0495457 0.00656363
      vertex -0.0219154 0.0424991 0.00191689
      vertex -0.0219994 0.0424991 0
    endloop
  endfacet
  facet normal -0.850002 0.525464 0.0371997
    outer loop
      vertex -0.0219154 0.0424991 0.00191689
      vertex -0.0786133 -0.0495457 0.00656363
      vertex -0.0786009 -0.0495478 0.00687663
    endloop
  endfacet
  facet normal -0.843573 0.525468 0.110757
    outer loop
      vertex -0.078563 -0.0495276 0.00706961
      vertex -0.0216656 0.0424991 0.00381947
      vertex -0.0219154 0.0424991 0.00191689
    endloop
  endfacet
  facet normal -0.843595 0.525475 0.110565
    outer loop
      vertex -0.0216656 0.0424991 0.00381947
      vertex -0.078563 -0.0495276 0.00706961
      vertex -0.0785425 -0.0495192 0.0071861
    endloop
  endfacet
  facet normal -0.843584 0.52547 0.110671
    outer loop
      vertex -0.078563 -0.0495276 0.00706961
      vertex -0.0219154 0.0424991 0.00191689
      vertex -0.0786009 -0.0495478 0.00687663
    endloop
  endfacet
  facet normal -0.717395 0.525467 0.457415
    outer loop
      vertex -0.0648037 -0.0495549 0.0449943
      vertex -0.0180206 0.0424991 0.0126181
      vertex -0.0190525 0.0424991 0.0109997
    endloop
  endfacet
  facet normal -0.717434 0.525466 0.457355
    outer loop
      vertex -0.0180206 0.0424991 0.0126181
      vertex -0.0648037 -0.0495549 0.0449943
      vertex -0.0646496 -0.0495829 0.0452682
    endloop
  endfacet
  facet normal 0.255789 0.525465 0.811454
    outer loop
      vertex 0.0214184 -0.0495276 0.0758856
      vertex 0.00752354 0.0424991 0.0206728
      vertex 0.0207249 -0.0495838 0.0761406
    endloop
  endfacet
  facet normal 0.255928 0.525461 0.811413
    outer loop
      vertex 0.0228651 -0.049447 0.0753771
      vertex 0.00752354 0.0424991 0.0206728
      vertex 0.0214184 -0.0495276 0.0758856
    endloop
  endfacet
  facet normal 0.25563 0.525466 0.811504
    outer loop
      vertex 0.0230463 -0.0494533 0.0753241
      vertex 0.00752354 0.0424991 0.0206728
      vertex 0.0228651 -0.049447 0.0753771
    endloop
  endfacet
  facet normal 0.255844 0.525463 0.811439
    outer loop
      vertex 0.0251745 -0.0495276 0.0747012
      vertex 0.00752354 0.0424991 0.0206728
      vertex 0.0230463 -0.0494533 0.0753241
    endloop
  endfacet
  facet normal 0.25592 0.525463 0.811414
    outer loop
      vertex 0.00752354 0.0424991 0.0206728
      vertex 0.0251745 -0.0495276 0.0747012
      vertex 0.027001 -0.0496196 0.0741847
    endloop
  endfacet
  facet normal 0.110565 0.525475 0.843595
    outer loop
      vertex 0.00381947 0.0424991 0.0216656
      vertex 0.00706961 -0.0495276 0.078563
      vertex 0.0071861 -0.0495192 0.0785425
    endloop
  endfacet
  facet normal 0.110757 0.525468 0.843573
    outer loop
      vertex 0.00191689 0.0424991 0.0219154
      vertex 0.00706961 -0.0495276 0.078563
      vertex 0.00381947 0.0424991 0.0216656
    endloop
  endfacet
  facet normal 0.110671 0.52547 0.843584
    outer loop
      vertex 0.00706961 -0.0495276 0.078563
      vertex 0.00191689 0.0424991 0.0219154
      vertex 0.00687663 -0.0495478 0.0786009
    endloop
  endfacet
  facet normal 0.392804 0.525459 0.754717
    outer loop
      vertex 0.0109997 0.0424991 0.0190525
      vertex 0.0333639 -0.0496196 0.0715488
      vertex 0.0336369 -0.0496045 0.0713962
    endloop
  endfacet
  facet normal 0.392803 0.525459 0.754718
    outer loop
      vertex 0.0333639 -0.0496196 0.0715488
      vertex 0.0109997 0.0424991 0.0190525
      vertex 0.00929737 0.0424991 0.0199385
    endloop
  endfacet
  facet normal 0.325638 0.525459 0.786036
    outer loop
      vertex 0.0283464 -0.0495276 0.073566
      vertex 0.00929737 0.0424991 0.0199385
      vertex 0.0272856 -0.0496002 0.074054
    endloop
  endfacet
  facet normal 0.325652 0.525458 0.786031
    outer loop
      vertex 0.0301403 -0.0494431 0.0727663
      vertex 0.00929737 0.0424991 0.0199385
      vertex 0.0283464 -0.0495276 0.073566
    endloop
  endfacet
  facet normal 0.32563 0.525459 0.786039
    outer loop
      vertex 0.0319758 -0.0495276 0.0720624
      vertex 0.00929737 0.0424991 0.0199385
      vertex 0.0301403 -0.0494431 0.0727663
    endloop
  endfacet
  facet normal 0.325658 0.525459 0.786028
    outer loop
      vertex 0.00929737 0.0424991 0.0199385
      vertex 0.0319758 -0.0495276 0.0720624
      vertex 0.0333639 -0.0496196 0.0715488
    endloop
  endfacet
  facet normal 0.392804 0.525459 0.754717
    outer loop
      vertex 0.0350227 -0.0495276 0.0706214
      vertex 0.0109997 0.0424991 0.0190525
      vertex 0.0336369 -0.0496045 0.0713962
    endloop
  endfacet
  facet normal 0.392855 0.525458 0.754691
    outer loop
      vertex 0.0369661 -0.0494534 0.0695581
      vertex 0.0109997 0.0424991 0.0190525
      vertex 0.0350227 -0.0495276 0.0706214
    endloop
  endfacet
  facet normal 0.392921 0.525458 0.754657
    outer loop
      vertex 0.0371313 -0.0494471 0.0694677
      vertex 0.0109997 0.0424991 0.0190525
      vertex 0.0369661 -0.0494534 0.0695581
    endloop
  endfacet
  facet normal 0.392739 0.525458 0.754752
    outer loop
      vertex 0.0372941 -0.0494566 0.0693896
      vertex 0.0109997 0.0424991 0.0190525
      vertex 0.0371313 -0.0494471 0.0694677
    endloop
  endfacet
  facet normal 0.392851 0.525458 0.754694
    outer loop
      vertex 0.0385127 -0.0495276 0.0688047
      vertex 0.0109997 0.0424991 0.0190525
      vertex 0.0372941 -0.0494566 0.0693896
    endloop
  endfacet
  facet normal 0.392878 0.525458 0.754679
    outer loop
      vertex 0.0109997 0.0424991 0.0190525
      vertex 0.0385127 -0.0495276 0.0688047
      vertex 0.0394686 -0.0496075 0.0683627
    endloop
  endfacet
  facet normal 0.457151 0.525458 0.717571
    outer loop
      vertex 0.0413831 -0.0495276 0.0670845
      vertex 0.0109997 0.0424991 0.0190525
      vertex 0.0394686 -0.0496075 0.0683627
    endloop
  endfacet
  facet normal 0.457159 0.525458 0.717565
    outer loop
      vertex 0.0437733 -0.0494589 0.0655114
      vertex 0.0109997 0.0424991 0.0190525
      vertex 0.0413831 -0.0495276 0.0670845
    endloop
  endfacet
  facet normal 0.457217 0.525459 0.717527
    outer loop
      vertex 0.0447292 -0.0495276 0.0649526
      vertex 0.0109997 0.0424991 0.0190525
      vertex 0.0437733 -0.0494589 0.0655114
    endloop
  endfacet
  facet normal 0.457153 0.525457 0.71757
    outer loop
      vertex 0.0109997 0.0424991 0.0190525
      vertex 0.0447292 -0.0495276 0.0649526
      vertex 0.0449943 -0.0495549 0.0648037
    endloop
  endfacet
  facet normal 0.517851 0.525463 0.67507
    outer loop
      vertex 0.0473736 -0.0495276 0.0629915
      vertex 0.0141411 0.0424991 0.0168524
      vertex 0.0455141 -0.0495765 0.064456
    endloop
  endfacet
  facet normal 0.517875 0.525462 0.675052
    outer loop
      vertex 0.0499149 -0.0494816 0.0610061
      vertex 0.0141411 0.0424991 0.0168524
      vertex 0.0473736 -0.0495276 0.0629915
    endloop
  endfacet
  facet normal 0.517976 0.525464 0.674973
    outer loop
      vertex 0.0500071 -0.04948 0.0609341
      vertex 0.0141411 0.0424991 0.0168524
      vertex 0.0499149 -0.0494816 0.0610061
    endloop
  endfacet
  facet normal 0.517687 0.525459 0.675198
    outer loop
      vertex 0.0500912 -0.0494873 0.0608753
      vertex 0.0141411 0.0424991 0.0168524
      vertex 0.0500071 -0.04948 0.0609341
    endloop
  endfacet
  facet normal 0.517866 0.525462 0.675058
    outer loop
      vertex 0.0505517 -0.0495276 0.0605534
      vertex 0.0141411 0.0424991 0.0168524
      vertex 0.0500912 -0.0494873 0.0608753
    endloop
  endfacet
  facet normal 0.517796 0.525461 0.675113
    outer loop
      vertex 0.0141411 0.0424991 0.0168524
      vertex 0.0505517 -0.0495276 0.0605534
      vertex 0.0507173 -0.0495483 0.0604425
    endloop
  endfacet
  facet normal 0.574631 0.525469 0.62744
    outer loop
      vertex 0.0155563 0.0424991 0.0155563
      vertex 0.0507173 -0.0495483 0.0604425
      vertex 0.0509475 -0.0495463 0.06023
    endloop
  endfacet
  facet normal 0.574634 0.525469 0.627438
    outer loop
      vertex 0.0507173 -0.0495483 0.0604425
      vertex 0.0155563 0.0424991 0.0155563
      vertex 0.0141411 0.0424991 0.0168524
    endloop
  endfacet
  facet normal -0.517821 0.525464 0.675092
    outer loop
      vertex -0.0141411 0.0424991 0.0168524
      vertex -0.0452682 -0.0495829 0.0646496
      vertex -0.0126181 0.0424991 0.0180206
    endloop
  endfacet
  facet normal -0.517828 0.525464 0.675087
    outer loop
      vertex -0.0452682 -0.0495829 0.0646496
      vertex -0.0141411 0.0424991 0.0168524
      vertex -0.0455141 -0.0495765 0.064456
    endloop
  endfacet
  facet normal -0.457415 0.525467 0.717395
    outer loop
      vertex -0.0126181 0.0424991 0.0180206
      vertex -0.0449943 -0.0495549 0.0648037
      vertex -0.0109997 0.0424991 0.0190525
    endloop
  endfacet
  facet normal -0.457355 0.525466 0.717434
    outer loop
      vertex -0.0449943 -0.0495549 0.0648037
      vertex -0.0126181 0.0424991 0.0180206
      vertex -0.0452682 -0.0495829 0.0646496
    endloop
  endfacet
  facet normal -0.457151 0.525458 0.717571
    outer loop
      vertex -0.0109997 0.0424991 0.0190525
      vertex -0.0413831 -0.0495276 0.0670845
      vertex -0.0394686 -0.0496075 0.0683627
    endloop
  endfacet
  facet normal -0.457159 0.525458 0.717565
    outer loop
      vertex -0.0109997 0.0424991 0.0190525
      vertex -0.0437733 -0.0494589 0.0655114
      vertex -0.0413831 -0.0495276 0.0670845
    endloop
  endfacet
  facet normal -0.457217 0.525459 0.717527
    outer loop
      vertex -0.0109997 0.0424991 0.0190525
      vertex -0.0447292 -0.0495276 0.0649526
      vertex -0.0437733 -0.0494589 0.0655114
    endloop
  endfacet
  facet normal -0.457153 0.525457 0.71757
    outer loop
      vertex -0.0447292 -0.0495276 0.0649526
      vertex -0.0109997 0.0424991 0.0190525
      vertex -0.0449943 -0.0495549 0.0648037
    endloop
  endfacet
  facet normal -0.392804 0.525459 0.754717
    outer loop
      vertex -0.0109997 0.0424991 0.0190525
      vertex -0.0350227 -0.0495276 0.0706214
      vertex -0.0336369 -0.0496045 0.0713962
    endloop
  endfacet
  facet normal -0.392855 0.525458 0.754691
    outer loop
      vertex -0.0109997 0.0424991 0.0190525
      vertex -0.0369661 -0.0494534 0.0695581
      vertex -0.0350227 -0.0495276 0.0706214
    endloop
  endfacet
  facet normal -0.392921 0.525458 0.754657
    outer loop
      vertex -0.0109997 0.0424991 0.0190525
      vertex -0.0371313 -0.0494471 0.0694677
      vertex -0.0369661 -0.0494534 0.0695581
    endloop
  endfacet
  facet normal -0.392739 0.525458 0.754752
    outer loop
      vertex -0.0109997 0.0424991 0.0190525
      vertex -0.0372941 -0.0494566 0.0693896
      vertex -0.0371313 -0.0494471 0.0694677
    endloop
  endfacet
  facet normal -0.392851 0.525458 0.754694
    outer loop
      vertex -0.0109997 0.0424991 0.0190525
      vertex -0.0385127 -0.0495276 0.0688047
      vertex -0.0372941 -0.0494566 0.0693896
    endloop
  endfacet
  facet normal -0.392878 0.525458 0.754679
    outer loop
      vertex -0.0385127 -0.0495276 0.0688047
      vertex -0.0109997 0.0424991 0.0190525
      vertex -0.0394686 -0.0496075 0.0683627
    endloop
  endfacet
  facet normal -0.11104 0.525459 0.843542
    outer loop
      vertex -0.00381947 0.0424991 0.0216656
      vertex -0.00772609 -0.04948 0.078447
      vertex -0.0071861 -0.0495192 0.0785425
    endloop
  endfacet
  facet normal -0.111007 0.52546 0.843546
    outer loop
      vertex -0.00381947 0.0424991 0.0216656
      vertex -0.0110123 -0.0495276 0.0780442
      vertex -0.00772609 -0.04948 0.078447
    endloop
  endfacet
  facet normal -0.110992 0.52546 0.843547
    outer loop
      vertex -0.0110123 -0.0495276 0.0780442
      vertex -0.00381947 0.0424991 0.0216656
      vertex -0.0137045 -0.049584 0.0777251
    endloop
  endfacet
  facet normal -0.184298 0.525467 0.830614
    outer loop
      vertex -0.00569344 0.0424991 0.0212498
      vertex -0.0201239 -0.0495968 0.0763101
      vertex -0.00381947 0.0424991 0.0216656
    endloop
  endfacet
  facet normal -0.184508 0.52547 0.830565
    outer loop
      vertex -0.0201239 -0.0495968 0.0763101
      vertex -0.00569344 0.0424991 0.0212498
      vertex -0.0204306 -0.0496076 0.0762488
    endloop
  endfacet
  facet normal -0.255834 0.525464 0.811441
    outer loop
      vertex -0.00752354 0.0424991 0.0206728
      vertex -0.0204306 -0.0496076 0.0762488
      vertex -0.00569344 0.0424991 0.0212498
    endloop
  endfacet
  facet normal -0.255834 0.525464 0.811441
    outer loop
      vertex -0.0204306 -0.0496076 0.0762488
      vertex -0.00752354 0.0424991 0.0206728
      vertex -0.0207249 -0.0495838 0.0761406
    endloop
  endfacet
  facet normal -0.325425 0.525466 0.78612
    outer loop
      vertex -0.00929737 0.0424991 0.0199385
      vertex -0.027001 -0.0496196 0.0741847
      vertex -0.00752354 0.0424991 0.0206728
    endloop
  endfacet
  facet normal -0.325233 0.525473 0.786194
    outer loop
      vertex -0.027001 -0.0496196 0.0741847
      vertex -0.00929737 0.0424991 0.0199385
      vertex -0.0272856 -0.0496002 0.074054
    endloop
  endfacet
  facet normal 0.717527 0.525459 0.457217
    outer loop
      vertex 0.0190525 0.0424991 0.0109997
      vertex 0.0649526 -0.0495276 0.0447292
      vertex 0.0655114 -0.0494589 0.0437733
    endloop
  endfacet
  facet normal 0.71757 0.525457 0.457153
    outer loop
      vertex 0.0649526 -0.0495276 0.0447292
      vertex 0.0190525 0.0424991 0.0109997
      vertex 0.0648037 -0.0495549 0.0449943
    endloop
  endfacet
  facet normal 0.717565 0.525458 0.457159
    outer loop
      vertex 0.0670845 -0.0495276 0.0413831
      vertex 0.0190525 0.0424991 0.0109997
      vertex 0.0655114 -0.0494589 0.0437733
    endloop
  endfacet
  facet normal 0.717571 0.525458 0.457151
    outer loop
      vertex 0.0190525 0.0424991 0.0109997
      vertex 0.0670845 -0.0495276 0.0413831
      vertex 0.0683627 -0.0496075 0.0394686
    endloop
  endfacet
  facet normal 0.754752 0.525458 0.392739
    outer loop
      vertex 0.0190525 0.0424991 0.0109997
      vertex 0.0693896 -0.0494566 0.0372941
      vertex 0.0694677 -0.0494471 0.0371313
    endloop
  endfacet
  facet normal 0.754694 0.525458 0.392851
    outer loop
      vertex 0.0190525 0.0424991 0.0109997
      vertex 0.0688047 -0.0495276 0.0385127
      vertex 0.0693896 -0.0494566 0.0372941
    endloop
  endfacet
  facet normal 0.754679 0.525458 0.392878
    outer loop
      vertex 0.0688047 -0.0495276 0.0385127
      vertex 0.0190525 0.0424991 0.0109997
      vertex 0.0683627 -0.0496075 0.0394686
    endloop
  endfacet
  facet normal 0.754657 0.525458 0.392921
    outer loop
      vertex 0.0695581 -0.0494534 0.0369661
      vertex 0.0190525 0.0424991 0.0109997
      vertex 0.0694677 -0.0494471 0.0371313
    endloop
  endfacet
  facet normal 0.754691 0.525458 0.392855
    outer loop
      vertex 0.0706214 -0.0495276 0.0350227
      vertex 0.0190525 0.0424991 0.0109997
      vertex 0.0695581 -0.0494534 0.0369661
    endloop
  endfacet
  facet normal 0.754717 0.525459 0.392804
    outer loop
      vertex 0.0190525 0.0424991 0.0109997
      vertex 0.0706214 -0.0495276 0.0350227
      vertex 0.0713962 -0.0496045 0.0336369
    endloop
  endfacet
  facet normal 0.754717 0.525459 0.392804
    outer loop
      vertex 0.0715488 -0.0496196 0.0333639
      vertex 0.0190525 0.0424991 0.0109997
      vertex 0.0713962 -0.0496045 0.0336369
    endloop
  endfacet
  facet normal 0.754718 0.525459 0.392803
    outer loop
      vertex 0.0190525 0.0424991 0.0109997
      vertex 0.0715488 -0.0496196 0.0333639
      vertex 0.0199385 0.0424991 0.00929737
    endloop
  endfacet
  facet normal 0.675087 0.525464 0.517828
    outer loop
      vertex 0.0646496 -0.0495829 0.0452682
      vertex 0.0168524 0.0424991 0.0141411
      vertex 0.064456 -0.0495765 0.0455141
    endloop
  endfacet
  facet normal 0.675092 0.525464 0.517821
    outer loop
      vertex 0.0168524 0.0424991 0.0141411
      vertex 0.0646496 -0.0495829 0.0452682
      vertex 0.0180206 0.0424991 0.0126181
    endloop
  endfacet
  facet normal 0.811441 0.525464 0.255834
    outer loop
      vertex 0.0762488 -0.0496076 0.0204306
      vertex 0.0206728 0.0424991 0.00752354
      vertex 0.0761406 -0.0495838 0.0207249
    endloop
  endfacet
  facet normal 0.811441 0.525464 0.255834
    outer loop
      vertex 0.0206728 0.0424991 0.00752354
      vertex 0.0762488 -0.0496076 0.0204306
      vertex 0.0212498 0.0424991 0.00569344
    endloop
  endfacet
  facet normal 0.811504 0.525466 0.25563
    outer loop
      vertex 0.0206728 0.0424991 0.00752354
      vertex 0.0753241 -0.0494533 0.0230463
      vertex 0.0753771 -0.049447 0.0228651
    endloop
  endfacet
  facet normal 0.811439 0.525463 0.255844
    outer loop
      vertex 0.0206728 0.0424991 0.00752354
      vertex 0.0747012 -0.0495276 0.0251745
      vertex 0.0753241 -0.0494533 0.0230463
    endloop
  endfacet
  facet normal 0.811414 0.525463 0.25592
    outer loop
      vertex 0.0747012 -0.0495276 0.0251745
      vertex 0.0206728 0.0424991 0.00752354
      vertex 0.0741847 -0.0496196 0.027001
    endloop
  endfacet
  facet normal 0.811413 0.525461 0.255928
    outer loop
      vertex 0.0758856 -0.0495276 0.0214184
      vertex 0.0206728 0.0424991 0.00752354
      vertex 0.0753771 -0.049447 0.0228651
    endloop
  endfacet
  facet normal 0.811454 0.525465 0.255789
    outer loop
      vertex 0.0206728 0.0424991 0.00752354
      vertex 0.0758856 -0.0495276 0.0214184
      vertex 0.0761406 -0.0495838 0.0207249
    endloop
  endfacet
  facet normal 0.843595 0.525475 0.110565
    outer loop
      vertex 0.078563 -0.0495276 0.00706961
      vertex 0.0216656 0.0424991 0.00381947
      vertex 0.0785425 -0.0495192 0.0071861
    endloop
  endfacet
  facet normal 0.843573 0.525468 0.110757
    outer loop
      vertex 0.0216656 0.0424991 0.00381947
      vertex 0.078563 -0.0495276 0.00706961
      vertex 0.0219154 0.0424991 0.00191689
    endloop
  endfacet
  facet normal 0.843584 0.52547 0.110671
    outer loop
      vertex 0.0219154 0.0424991 0.00191689
      vertex 0.078563 -0.0495276 0.00706961
      vertex 0.0786009 -0.0495478 0.00687663
    endloop
  endfacet
  facet normal 0.85 0.525465 0.0372478
    outer loop
      vertex 0.0219154 0.0424991 0.00191689
      vertex 0.0786133 -0.0495457 0.00656363
      vertex 0.0219994 0.0424991 0
    endloop
  endfacet
  facet normal 0.850002 0.525464 0.0371997
    outer loop
      vertex 0.0786133 -0.0495457 0.00656363
      vertex 0.0219154 0.0424991 0.00191689
      vertex 0.0786009 -0.0495478 0.00687663
    endloop
  endfacet
  facet normal -0.255834 0.525464 -0.811441
    outer loop
      vertex -0.0204306 -0.0496076 -0.0762488
      vertex -0.00752354 0.0424991 -0.0206728
      vertex -0.00569344 0.0424991 -0.0212498
    endloop
  endfacet
  facet normal -0.255834 0.525464 -0.811441
    outer loop
      vertex -0.00752354 0.0424991 -0.0206728
      vertex -0.0204306 -0.0496076 -0.0762488
      vertex -0.0207249 -0.0495838 -0.0761406
    endloop
  endfacet
  facet normal -0.325638 0.525459 -0.786036
    outer loop
      vertex -0.0283464 -0.0495276 -0.073566
      vertex -0.00929737 0.0424991 -0.0199385
      vertex -0.0272856 -0.0496002 -0.074054
    endloop
  endfacet
  facet normal -0.325652 0.525458 -0.786031
    outer loop
      vertex -0.0301403 -0.0494431 -0.0727663
      vertex -0.00929737 0.0424991 -0.0199385
      vertex -0.0283464 -0.0495276 -0.073566
    endloop
  endfacet
  facet normal -0.32563 0.525459 -0.786039
    outer loop
      vertex -0.0319758 -0.0495276 -0.0720624
      vertex -0.00929737 0.0424991 -0.0199385
      vertex -0.0301403 -0.0494431 -0.0727663
    endloop
  endfacet
  facet normal -0.325658 0.525459 -0.786028
    outer loop
      vertex -0.00929737 0.0424991 -0.0199385
      vertex -0.0319758 -0.0495276 -0.0720624
      vertex -0.0333639 -0.0496196 -0.0715488
    endloop
  endfacet
  facet normal -0.392803 0.525459 -0.754718
    outer loop
      vertex -0.0333639 -0.0496196 -0.0715488
      vertex -0.0109997 0.0424991 -0.0190525
      vertex -0.00929737 0.0424991 -0.0199385
    endloop
  endfacet
  facet normal -0.392804 0.525459 -0.754717
    outer loop
      vertex -0.0109997 0.0424991 -0.0190525
      vertex -0.0333639 -0.0496196 -0.0715488
      vertex -0.0336369 -0.0496045 -0.0713962
    endloop
  endfacet
  facet normal -0.0372478 0.525465 -0.85
    outer loop
      vertex -0.00656363 -0.0495457 -0.0786133
      vertex -0.00191689 0.0424991 -0.0219154
      vertex 0 0.0424991 -0.0219994
    endloop
  endfacet
  facet normal -0.0371997 0.525464 -0.850002
    outer loop
      vertex -0.00191689 0.0424991 -0.0219154
      vertex -0.00656363 -0.0495457 -0.0786133
      vertex -0.00687663 -0.0495478 -0.0786009
    endloop
  endfacet
  facet normal 0.110565 0.525475 -0.843595
    outer loop
      vertex 0.00706961 -0.0495276 -0.078563
      vertex 0.00381947 0.0424991 -0.0216656
      vertex 0.0071861 -0.0495192 -0.0785425
    endloop
  endfacet
  facet normal 0.110671 0.52547 -0.843584
    outer loop
      vertex 0.00191689 0.0424991 -0.0219154
      vertex 0.00706961 -0.0495276 -0.078563
      vertex 0.00687663 -0.0495478 -0.0786009
    endloop
  endfacet
  facet normal 0.110757 0.525468 -0.843573
    outer loop
      vertex 0.00706961 -0.0495276 -0.078563
      vertex 0.00191689 0.0424991 -0.0219154
      vertex 0.00381947 0.0424991 -0.0216656
    endloop
  endfacet
  facet normal 0.717395 0.525467 -0.457415
    outer loop
      vertex 0.0648037 -0.0495549 -0.0449943
      vertex 0.0180206 0.0424991 -0.0126181
      vertex 0.0190525 0.0424991 -0.0109997
    endloop
  endfacet
  facet normal 0.717434 0.525466 -0.457355
    outer loop
      vertex 0.0180206 0.0424991 -0.0126181
      vertex 0.0648037 -0.0495549 -0.0449943
      vertex 0.0646496 -0.0495829 -0.0452682
    endloop
  endfacet
  facet normal 0.675092 0.525464 -0.517821
    outer loop
      vertex 0.0646496 -0.0495829 -0.0452682
      vertex 0.0168524 0.0424991 -0.0141411
      vertex 0.0180206 0.0424991 -0.0126181
    endloop
  endfacet
  facet normal 0.675087 0.525464 -0.517828
    outer loop
      vertex 0.0168524 0.0424991 -0.0141411
      vertex 0.0646496 -0.0495829 -0.0452682
      vertex 0.064456 -0.0495765 -0.0455141
    endloop
  endfacet
  facet normal 0.325658 0.525459 -0.786028
    outer loop
      vertex 0.0319758 -0.0495276 -0.0720624
      vertex 0.00929737 0.0424991 -0.0199385
      vertex 0.0333639 -0.0496196 -0.0715488
    endloop
  endfacet
  facet normal 0.32563 0.525459 -0.786039
    outer loop
      vertex 0.0301403 -0.0494431 -0.0727663
      vertex 0.00929737 0.0424991 -0.0199385
      vertex 0.0319758 -0.0495276 -0.0720624
    endloop
  endfacet
  facet normal 0.325652 0.525458 -0.786031
    outer loop
      vertex 0.0283464 -0.0495276 -0.073566
      vertex 0.00929737 0.0424991 -0.0199385
      vertex 0.0301403 -0.0494431 -0.0727663
    endloop
  endfacet
  facet normal 0.325638 0.525459 -0.786036
    outer loop
      vertex 0.00929737 0.0424991 -0.0199385
      vertex 0.0283464 -0.0495276 -0.073566
      vertex 0.0272856 -0.0496002 -0.074054
    endloop
  endfacet
  facet normal 0.325233 0.525473 -0.786194
    outer loop
      vertex 0.027001 -0.0496196 -0.0741847
      vertex 0.00929737 0.0424991 -0.0199385
      vertex 0.0272856 -0.0496002 -0.074054
    endloop
  endfacet
  facet normal 0.325425 0.525466 -0.78612
    outer loop
      vertex 0.00929737 0.0424991 -0.0199385
      vertex 0.027001 -0.0496196 -0.0741847
      vertex 0.00752354 0.0424991 -0.0206728
    endloop
  endfacet
  facet normal 0.830614 0.525467 -0.184298
    outer loop
      vertex 0.0763101 -0.0495968 -0.0201239
      vertex 0.0212498 0.0424991 -0.00569344
      vertex 0.0216656 0.0424991 -0.00381947
    endloop
  endfacet
  facet normal 0.830565 0.52547 -0.184508
    outer loop
      vertex 0.0212498 0.0424991 -0.00569344
      vertex 0.0763101 -0.0495968 -0.0201239
      vertex 0.0762488 -0.0496076 -0.0204306
    endloop
  endfacet
  facet normal -0.78612 0.525466 0.325425
    outer loop
      vertex -0.0741847 -0.0496196 0.027001
      vertex -0.0199385 0.0424991 0.00929737
      vertex -0.0206728 0.0424991 0.00752354
    endloop
  endfacet
  facet normal -0.786194 0.525473 0.325233
    outer loop
      vertex -0.0199385 0.0424991 0.00929737
      vertex -0.0741847 -0.0496196 0.027001
      vertex -0.074054 -0.0496002 0.0272856
    endloop
  endfacet
  facet normal -0.675087 0.525464 -0.517828
    outer loop
      vertex -0.0646496 -0.0495829 -0.0452682
      vertex -0.0168524 0.0424991 -0.0141411
      vertex -0.064456 -0.0495765 -0.0455141
    endloop
  endfacet
  facet normal -0.675092 0.525464 -0.517821
    outer loop
      vertex -0.0168524 0.0424991 -0.0141411
      vertex -0.0646496 -0.0495829 -0.0452682
      vertex -0.0180206 0.0424991 -0.0126181
    endloop
  endfacet
  facet normal -0.85 0.525465 -0.0372478
    outer loop
      vertex -0.0219154 0.0424991 -0.00191689
      vertex -0.0786133 -0.0495457 -0.00656363
      vertex -0.0219994 0.0424991 0
    endloop
  endfacet
  facet normal -0.850002 0.525464 -0.0371997
    outer loop
      vertex -0.0786133 -0.0495457 -0.00656363
      vertex -0.0219154 0.0424991 -0.00191689
      vertex -0.0786009 -0.0495478 -0.00687663
    endloop
  endfacet
  facet normal -0.811441 0.525464 -0.255834
    outer loop
      vertex -0.0762488 -0.0496076 -0.0204306
      vertex -0.0206728 0.0424991 -0.00752354
      vertex -0.0761406 -0.0495838 -0.0207249
    endloop
  endfacet
  facet normal -0.811441 0.525464 -0.255834
    outer loop
      vertex -0.0206728 0.0424991 -0.00752354
      vertex -0.0762488 -0.0496076 -0.0204306
      vertex -0.0212498 0.0424991 -0.00569344
    endloop
  endfacet
  facet normal -0.830614 0.525467 -0.184298
    outer loop
      vertex -0.0212498 0.0424991 -0.00569344
      vertex -0.0763101 -0.0495968 -0.0201239
      vertex -0.0216656 0.0424991 -0.00381947
    endloop
  endfacet
  facet normal -0.830565 0.52547 -0.184508
    outer loop
      vertex -0.0763101 -0.0495968 -0.0201239
      vertex -0.0212498 0.0424991 -0.00569344
      vertex -0.0762488 -0.0496076 -0.0204306
    endloop
  endfacet
  facet normal 0.184175 0.525461 0.830644
    outer loop
      vertex 0.0143094 -0.0495276 0.0775553
      vertex 0.00381947 0.0424991 0.0216656
      vertex 0.0137045 -0.049584 0.0777251
    endloop
  endfacet
  facet normal 0.184168 0.525461 0.830646
    outer loop
      vertex 0.0152259 -0.0494688 0.0773149
      vertex 0.00381947 0.0424991 0.0216656
      vertex 0.0143094 -0.0495276 0.0775553
    endloop
  endfacet
  facet normal 0.184115 0.525462 0.830658
    outer loop
      vertex 0.0153708 -0.0494595 0.0772769
      vertex 0.00381947 0.0424991 0.0216656
      vertex 0.0152259 -0.0494688 0.0773149
    endloop
  endfacet
  facet normal 0.184241 0.525461 0.83063
    outer loop
      vertex 0.0155307 -0.0494634 0.0772439
      vertex 0.00381947 0.0424991 0.0216656
      vertex 0.0153708 -0.0494595 0.0772769
    endloop
  endfacet
  facet normal 0.184137 0.525461 0.830653
    outer loop
      vertex 0.0181616 -0.0495276 0.0767013
      vertex 0.00381947 0.0424991 0.0216656
      vertex 0.0155307 -0.0494634 0.0772439
    endloop
  endfacet
  facet normal 0.184128 0.525461 0.830655
    outer loop
      vertex 0.00381947 0.0424991 0.0216656
      vertex 0.0181616 -0.0495276 0.0767013
      vertex 0.0201239 -0.0495968 0.0763101
    endloop
  endfacet
  facet normal -0.110757 0.525468 0.843573
    outer loop
      vertex -0.00706961 -0.0495276 0.078563
      vertex -0.00191689 0.0424991 0.0219154
      vertex -0.00381947 0.0424991 0.0216656
    endloop
  endfacet
  facet normal -0.110671 0.52547 0.843584
    outer loop
      vertex -0.00191689 0.0424991 0.0219154
      vertex -0.00706961 -0.0495276 0.078563
      vertex -0.00687663 -0.0495478 0.0786009
    endloop
  endfacet
  facet normal -0.110565 0.525475 0.843595
    outer loop
      vertex -0.00706961 -0.0495276 0.078563
      vertex -0.00381947 0.0424991 0.0216656
      vertex -0.0071861 -0.0495192 0.0785425
    endloop
  endfacet
  facet normal -0.0372478 0.525465 0.85
    outer loop
      vertex -0.00191689 0.0424991 0.0219154
      vertex -0.00656363 -0.0495457 0.0786133
      vertex 0 0.0424991 0.0219994
    endloop
  endfacet
  facet normal -0.0371997 0.525464 0.850002
    outer loop
      vertex -0.00656363 -0.0495457 0.0786133
      vertex -0.00191689 0.0424991 0.0219154
      vertex -0.00687663 -0.0495478 0.0786009
    endloop
  endfacet
  facet normal 0.830614 0.525467 0.184298
    outer loop
      vertex 0.0212498 0.0424991 0.00569344
      vertex 0.0763101 -0.0495968 0.0201239
      vertex 0.0216656 0.0424991 0.00381947
    endloop
  endfacet
  facet normal 0.830565 0.52547 0.184508
    outer loop
      vertex 0.0763101 -0.0495968 0.0201239
      vertex 0.0212498 0.0424991 0.00569344
      vertex 0.0762488 -0.0496076 0.0204306
    endloop
  endfacet
  facet normal 0.184508 0.52547 0.830565
    outer loop
      vertex 0.00569344 0.0424991 0.0212498
      vertex 0.0201239 -0.0495968 0.0763101
      vertex 0.0204306 -0.0496076 0.0762488
    endloop
  endfacet
  facet normal 0.184298 0.525467 0.830614
    outer loop
      vertex 0.0201239 -0.0495968 0.0763101
      vertex 0.00569344 0.0424991 0.0212498
      vertex 0.00381947 0.0424991 0.0216656
    endloop
  endfacet
  facet normal 0.255834 0.525464 0.811441
    outer loop
      vertex 0.00752354 0.0424991 0.0206728
      vertex 0.0204306 -0.0496076 0.0762488
      vertex 0.0207249 -0.0495838 0.0761406
    endloop
  endfacet
  facet normal 0.255834 0.525464 0.811441
    outer loop
      vertex 0.0204306 -0.0496076 0.0762488
      vertex 0.00752354 0.0424991 0.0206728
      vertex 0.00569344 0.0424991 0.0212498
    endloop
  endfacet
endsolid OpenSCAD_Model
